{"histogram": {"y": [1, 0, 0, 3, 2, 3, 2, 2, 2, 2, 2, 2, 5, 7, 7, 15, 49, 57, 68, 66, 24, 15, 4, 1, 1, 0, 5, 2], "x": [900.0, 920.0, 940.0, 960.0, 980.0, 1000.0, 1020.0, 1040.0, 1060.0, 1080.0, 1100.0, 1120.0, 1140.0, 1160.0, 1180.0, 1200.0, 1220.0, 1240.0, 1260.0, 1280.0, 1300.0, 1320.0, 1340.0, 1360.0, 1380.0, 1400.0, 1420.0]}, "percentile": {"y": [99.8, 99.5, 99.2, 98.9, 98.6, 98.3, 98.0, 97.7, 97.4, 97.2, 96.9, 96.6, 96.3, 96.0, 95.7, 95.4, 95.1, 94.8, 94.6, 94.3, 94.0, 93.7, 93.4, 93.1, 92.5, 92.2, 92.0, 91.7, 91.4, 90.8, 90.5, 89.9, 89.6, 89.4, 89.1, 88.8, 88.5, 87.3, 86.5, 86.2, 85.9, 85.6, 85.3, 84.7, 84.4, 84.2, 83.9, 83.0, 81.8, 81.0, 80.7, 80.1, 79.5, 79.0, 77.8, 76.9, 76.6, 76.1, 74.6, 73.5, 71.7, 71.4, 70.6, 70.0, 68.5, 68.3, 66.8, 65.7, 64.5, 62.8, 62.5, 62.2, 61.9, 61.3, 60.2, 58.4, 57.0, 56.7, 55.8, 55.3, 54.1, 53.5, 53.2, 52.7, 51.2, 49.5, 48.3, 47.2, 46.3, 46.0, 44.8, 43.1, 42.8, 42.0, 40.8, 38.8, 37.6, 36.2, 35.3, 34.400000000000006, 33.900000000000006, 32.7, 31.599999999999994, 31.0, 29.0, 27.799999999999997, 26.599999999999994, 25.5, 24.599999999999994, 23.5, 22.599999999999994, 21.700000000000003, 21.099999999999994, 20.299999999999997, 19.400000000000006, 18.0, 16.799999999999997, 15.900000000000006, 14.799999999999997, 12.5, 12.200000000000003, 11.900000000000006, 11.299999999999997, 11.0, 10.200000000000003, 9.299999999999997, 9.0, 8.400000000000006, 8.099999999999994, 7.900000000000006, 7.299999999999997, 7.0, 6.400000000000006, 5.799999999999997, 5.5, 5.0, 4.400000000000006, 3.799999999999997, 3.5, 3.200000000000003, 2.700000000000003, 2.4000000000000057, 2.0999999999999943, 1.7999999999999972, 1.2000000000000028, 0.29999999999999716, -0.20000000000000284], "x": [890, 956, 957, 958, 963, 965, 983, 984, 993, 1003, 1007, 1020, 1032, 1045, 1047, 1066, 1069, 1083, 1094, 1108, 1119, 1124, 1129, 1132, 1138, 1143, 1148, 1149, 1150, 1153, 1154, 1161, 1162, 1163, 1169, 1170, 1174, 1183, 1187, 1189, 1190, 1192, 1193, 1195, 1198, 1199, 1201, 1202, 1203, 1204, 1205, 1206, 1207, 1208, 1209, 1210, 1211, 1212, 1213, 1214, 1215, 1216, 1218, 1219, 1220, 1221, 1223, 1224, 1225, 1226, 1227, 1228, 1229, 1230, 1231, 1233, 1234, 1235, 1236, 1237, 1238, 1239, 1240, 1241, 1242, 1244, 1245, 1246, 1247, 1248, 1249, 1250, 1251, 1252, 1253, 1254, 1255, 1256, 1257, 1258, 1259, 1260, 1262, 1264, 1265, 1266, 1267, 1268, 1269, 1270, 1271, 1272, 1273, 1274, 1275, 1276, 1277, 1278, 1279, 1280, 1281, 1283, 1288, 1289, 1290, 1292, 1295, 1296, 1297, 1299, 1303, 1305, 1306, 1308, 1310, 1313, 1317, 1318, 1319, 1320, 1322, 1329, 1346, 1379, 1414, 1415, 1424]}}