{"histogram": {"y": [1, 1, 2, 1, 3, 4, 2, 1, 6, 2, 4, 5, 4, 6, 3, 9, 8, 17, 10, 8, 8, 10, 7, 8, 12, 13, 8, 83, 42, 42, 25, 32, 11, 7, 1, 1, 0, 0, 0, 0, 1, 2, 0], "x": [795.0, 810.0, 825.0, 840.0, 855.0, 870.0, 885.0, 900.0, 915.0, 930.0, 945.0, 960.0, 975.0, 990.0, 1005.0, 1020.0, 1035.0, 1050.0, 1065.0, 1080.0, 1095.0, 1110.0, 1125.0, 1140.0, 1155.0, 1170.0, 1185.0, 1200.0, 1215.0, 1230.0, 1245.0, 1260.0, 1275.0, 1290.0, 1305.0, 1320.0, 1335.0, 1350.0, 1365.0, 1380.0, 1395.0, 1410.0, 1425.0]}, "percentile": {"y": [99.8, 99.6, 99.3, 99.1, 98.8, 98.6, 98.3, 98.1, 97.8, 97.6, 97.4, 97.1, 96.9, 96.6, 96.4, 96.1, 95.9, 95.6, 95.4, 94.9, 94.4, 94.2, 93.9, 93.7, 93.4, 93.2, 93.0, 92.7, 92.2, 92.0, 91.7, 91.5, 91.2, 90.8, 90.3, 89.8, 89.5, 89.3, 89.0, 88.6, 88.3, 88.1, 87.8, 87.3, 87.1, 86.8, 86.6, 86.1, 85.9, 85.6, 85.4, 85.1, 84.9, 84.6, 84.4, 83.9, 83.2, 82.9, 82.7, 82.4, 82.2, 81.7, 81.5, 81.0, 80.7, 80.5, 80.0, 79.8, 79.5, 78.8, 78.3, 78.0, 77.8, 77.6, 77.1, 76.8, 76.3, 76.1, 75.6, 75.4, 75.1, 74.9, 74.4, 74.1, 73.9, 73.4, 73.2, 72.9, 72.4, 72.2, 71.9, 71.7, 71.4, 71.2, 71.0, 70.7, 70.5, 70.2, 70.0, 69.7, 69.0, 68.5, 68.3, 68.0, 67.8, 67.3, 67.0, 66.8, 66.1, 65.8, 65.6, 65.3, 64.8, 64.6, 64.1, 63.6, 63.4, 63.1, 62.4, 62.2, 61.9, 61.7, 61.4, 60.9, 60.4, 60.2, 60.0, 59.7, 58.7, 57.3, 56.8, 56.0, 55.1, 53.8, 52.4, 48.9, 47.0, 44.8, 43.6, 41.1, 39.9, 37.7, 37.5, 37.2, 36.7, 36.0, 35.0, 34.3, 34.0, 32.8, 32.3, 31.599999999999994, 30.599999999999994, 29.599999999999994, 29.099999999999994, 28.900000000000006, 27.700000000000003, 26.5, 26.0, 25.0, 24.299999999999997, 23.5, 22.099999999999994, 21.299999999999997, 20.799999999999997, 20.299999999999997, 19.599999999999994, 19.400000000000006, 18.599999999999994, 17.900000000000006, 17.200000000000003, 16.200000000000003, 15.5, 14.700000000000003, 14.5, 13.700000000000003, 13.5, 13.299999999999997, 12.799999999999997, 12.0, 11.799999999999997, 11.099999999999994, 9.299999999999997, 8.900000000000006, 8.400000000000006, 8.099999999999994, 7.599999999999994, 7.099999999999994, 6.200000000000003, 5.700000000000003, 5.400000000000006, 5.200000000000003, 4.700000000000003, 4.5, 3.700000000000003, 3.5, 3.200000000000003, 3.0, 2.700000000000003, 2.5, 2.0, 1.7999999999999972, 1.2999999999999972, 1.0, 0.7999999999999972, 0.5, 0.29999999999999716, -0.20000000000000284], "x": [804, 814, 831, 834, 852, 859, 860, 867, 879, 881, 882, 883, 886, 894, 906, 918, 921, 926, 927, 929, 940, 948, 951, 958, 959, 963, 966, 973, 974, 977, 982, 985, 989, 995, 997, 1002, 1006, 1007, 1019, 1020, 1023, 1024, 1026, 1027, 1028, 1033, 1037, 1038, 1040, 1042, 1045, 1046, 1047, 1050, 1051, 1054, 1055, 1056, 1057, 1058, 1060, 1061, 1062, 1063, 1064, 1066, 1072, 1075, 1076, 1078, 1079, 1081, 1082, 1083, 1088, 1091, 1094, 1096, 1098, 1104, 1107, 1108, 1109, 1110, 1113, 1116, 1117, 1118, 1121, 1122, 1124, 1125, 1126, 1127, 1132, 1134, 1135, 1137, 1145, 1148, 1152, 1153, 1154, 1155, 1156, 1161, 1162, 1164, 1165, 1166, 1167, 1168, 1170, 1173, 1175, 1177, 1179, 1180, 1181, 1182, 1185, 1187, 1188, 1189, 1193, 1195, 1200, 1201, 1202, 1203, 1204, 1205, 1206, 1207, 1208, 1209, 1210, 1211, 1212, 1213, 1214, 1215, 1218, 1219, 1220, 1221, 1222, 1223, 1224, 1225, 1226, 1227, 1228, 1229, 1230, 1231, 1232, 1233, 1234, 1235, 1237, 1238, 1239, 1240, 1241, 1242, 1243, 1244, 1246, 1248, 1252, 1253, 1254, 1255, 1256, 1257, 1258, 1259, 1260, 1261, 1262, 1264, 1265, 1266, 1267, 1268, 1269, 1270, 1272, 1273, 1274, 1275, 1276, 1277, 1278, 1282, 1283, 1285, 1289, 1293, 1294, 1296, 1300, 1302, 1313, 1325, 1401, 1424]}}