{"histogram": {"x": [1020.0, 1040.0, 1060.0, 1080.0, 1100.0, 1120.0, 1140.0, 1160.0, 1180.0, 1200.0, 1220.0, 1240.0, 1260.0, 1280.0], "y": [1, 0, 0, 0, 0, 0, 0, 0, 0, 1, 1, 0, 0, 0, 1]}, "percentile": {"x": [1014, 1182, 1218, 1282], "y": [66.7, 33.400000000000006, 0.0, -33.30000000000001]}}