{"histogram": {"x": [820.0, 840.0, 860.0, 880.0, 900.0, 920.0, 940.0, 960.0, 980.0, 1000.0, 1020.0, 1040.0, 1060.0, 1080.0, 1100.0, 1120.0, 1140.0, 1160.0, 1180.0, 1200.0, 1220.0, 1240.0, 1260.0, 1280.0], "y": [1, 2, 0, 1, 0, 0, 0, 0, 1, 3, 2, 0, 2, 1, 2, 4, 1, 2, 1, 15, 5, 1, 2, 0]}, "percentile": {"x": [823, 842, 848, 891, 996, 1001, 1002, 1012, 1022, 1024, 1064, 1071, 1080, 1104, 1116, 1121, 1122, 1128, 1130, 1149, 1165, 1170, 1199, 1202, 1203, 1207, 1208, 1210, 1211, 1212, 1213, 1214, 1215, 1219, 1221, 1227, 1236, 1257, 1273], "y": [97.8, 95.6, 93.4, 91.2, 88.9, 86.7, 84.5, 82.3, 80.0, 77.8, 75.6, 73.4, 71.2, 68.9, 66.7, 64.5, 62.3, 60.0, 57.8, 55.6, 53.4, 51.2, 48.9, 44.5, 40.0, 37.8, 33.400000000000006, 31.200000000000003, 28.900000000000006, 26.700000000000003, 22.299999999999997, 20.0, 17.799999999999997, 15.599999999999994, 13.400000000000006, 8.900000000000006, 4.5, 2.299999999999997, -2.200000000000003]}}