{"histogram": {"y": [2, 0, 0, 0, 2, 0, 0, 0, 0, 1, 1, 1, 2, 2, 0, 2, 1, 1, 1, 4, 5, 11, 4, 9, 3, 1, 2, 1, 0, 0, 0, 0, 1, 0], "x": [780.0, 800.0, 820.0, 840.0, 860.0, 880.0, 900.0, 920.0, 940.0, 960.0, 980.0, 1000.0, 1020.0, 1040.0, 1060.0, 1080.0, 1100.0, 1120.0, 1140.0, 1160.0, 1180.0, 1200.0, 1220.0, 1240.0, 1260.0, 1280.0, 1300.0, 1320.0, 1340.0, 1360.0, 1380.0, 1400.0, 1420.0, 1440.0]}, "percentile": {"y": [98.3, 96.5, 94.7, 92.9, 91.1, 89.3, 87.5, 85.8, 84.0, 82.2, 80.4, 76.8, 75.0, 73.3, 71.5, 69.7, 67.9, 64.3, 62.5, 60.8, 59.0, 55.4, 51.8, 50.0, 48.3, 46.5, 44.7, 42.9, 39.3, 37.5, 35.8, 34.0, 32.2, 30.400000000000006, 28.599999999999994, 26.799999999999997, 23.299999999999997, 17.900000000000006, 16.099999999999994, 14.299999999999997, 12.5, 10.799999999999997, 7.200000000000003, 5.400000000000006, 3.5999999999999943, 1.7999999999999972, 0.0, -1.7000000000000028], "x": [784, 786, 861, 877, 973, 983, 1001, 1020, 1039, 1045, 1052, 1093, 1114, 1125, 1147, 1161, 1163, 1164, 1185, 1188, 1192, 1199, 1204, 1205, 1208, 1209, 1210, 1212, 1213, 1214, 1215, 1225, 1227, 1229, 1239, 1245, 1247, 1248, 1250, 1254, 1255, 1275, 1276, 1282, 1301, 1312, 1320, 1424]}}