{"percentile": {"y": [99.5, 99.0, 98.4, 97.9, 96.8, 95.7, 95.2, 94.6, 94.1, 93.6, 93.0, 92.5, 91.9, 91.4, 90.9, 90.3, 89.8, 89.2, 88.7, 88.2, 87.6, 87.1, 86.5, 86.0, 85.5, 84.4, 83.8, 83.3, 82.8, 82.2, 81.7, 81.1, 80.0, 79.5, 79.0, 78.4, 77.3, 76.8, 76.3, 75.7, 75.2, 74.6, 74.1, 73.6, 73.0, 72.5, 71.4, 70.9, 70.3, 69.8, 69.2, 68.7, 68.2, 67.1, 66.5, 66.0, 65.5, 63.8, 63.3, 62.8, 62.2, 61.1, 60.6, 60.0, 59.5, 59.0, 58.4, 57.3, 56.8, 56.3, 55.7, 55.2, 54.6, 54.1, 53.6, 53.0, 52.5, 51.9, 51.4, 50.9, 49.8, 49.2, 48.7, 47.6, 47.1, 46.5, 46.0, 45.5, 44.9, 43.8, 43.3, 42.8, 41.7, 41.1, 40.6, 40.0, 39.0, 38.4, 37.9, 37.3, 36.8, 35.7, 35.2, 34.599999999999994, 34.099999999999994, 33.0, 30.299999999999997, 29.200000000000003, 24.400000000000006, 23.299999999999997, 22.799999999999997, 22.200000000000003, 21.700000000000003, 20.0, 19.5, 17.900000000000006, 16.799999999999997, 15.700000000000003, 15.200000000000003, 14.599999999999994, 13.599999999999994, 13.0, 11.900000000000006, 11.400000000000006, 10.900000000000006, 10.299999999999997, 9.200000000000003, 8.700000000000003, 8.200000000000003, 7.599999999999994, 7.099999999999994, 6.5, 6.0, 5.5, 4.900000000000006, 4.400000000000006, 3.799999999999997, 3.299999999999997, 2.799999999999997, 2.200000000000003, 1.7000000000000028, 1.0999999999999943, 0.5999999999999943, 0.0, -0.5], "x": [776, 783, 792, 815, 818, 832, 836, 839, 864, 873, 889, 897, 898, 904, 905, 921, 935, 937, 943, 947, 948, 950, 951, 957, 958, 960, 962, 964, 969, 973, 975, 980, 982, 985, 988, 992, 994, 996, 1007, 1012, 1013, 1017, 1018, 1019, 1020, 1021, 1025, 1029, 1032, 1036, 1040, 1041, 1043, 1047, 1048, 1051, 1059, 1062, 1067, 1073, 1079, 1084, 1086, 1088, 1089, 1091, 1094, 1099, 1100, 1102, 1106, 1111, 1118, 1120, 1121, 1123, 1129, 1136, 1137, 1139, 1140, 1141, 1143, 1144, 1151, 1153, 1154, 1160, 1162, 1165, 1166, 1168, 1170, 1172, 1179, 1182, 1183, 1184, 1185, 1189, 1192, 1193, 1195, 1199, 1201, 1202, 1203, 1204, 1205, 1206, 1207, 1208, 1209, 1210, 1211, 1214, 1215, 1216, 1222, 1223, 1224, 1225, 1230, 1231, 1232, 1235, 1237, 1238, 1244, 1245, 1249, 1252, 1256, 1262, 1265, 1267, 1273, 1275, 1276, 1277, 1279, 1280, 1326, 1335, 1376]}, "histogram": {"y": [1, 2, 3, 4, 0, 2, 3, 2, 3, 7, 7, 9, 6, 7, 8, 6, 9, 5, 7, 9, 10, 11, 35, 13, 5, 8, 1, 0, 2, 0, 1, 0], "x": [780.0, 800.0, 820.0, 840.0, 860.0, 880.0, 900.0, 920.0, 940.0, 960.0, 980.0, 1000.0, 1020.0, 1040.0, 1060.0, 1080.0, 1100.0, 1120.0, 1140.0, 1160.0, 1180.0, 1200.0, 1220.0, 1240.0, 1260.0, 1280.0, 1300.0, 1320.0, 1340.0, 1360.0, 1380.0]}}