{"percentile": {"y": [98.5, 96.9, 95.3, 93.7, 92.1, 90.5, 88.9, 87.4, 85.8, 84.2, 82.6, 81.0, 79.4, 77.8, 76.2, 74.7, 71.5, 68.3, 66.7, 65.1, 63.5, 58.8, 55.6, 54.0, 52.4, 50.8, 49.3, 47.7, 46.1, 44.5, 42.9, 41.3, 39.7, 36.6, 35.0, 31.799999999999997, 30.200000000000003, 28.599999999999994, 27.0, 25.400000000000006, 22.299999999999997, 20.700000000000003, 19.099999999999994, 17.5, 15.900000000000006, 14.299999999999997, 12.700000000000003, 11.200000000000003, 8.0, 6.400000000000006, 4.799999999999997, 3.200000000000003, 1.5999999999999943, 0.0, -1.5], "x": [848, 903, 926, 953, 1032, 1036, 1048, 1072, 1079, 1111, 1136, 1137, 1146, 1154, 1170, 1176, 1203, 1205, 1208, 1210, 1212, 1213, 1214, 1215, 1219, 1220, 1222, 1225, 1227, 1230, 1235, 1238, 1241, 1242, 1244, 1245, 1246, 1252, 1256, 1258, 1265, 1269, 1270, 1271, 1272, 1274, 1275, 1279, 1280, 1287, 1291, 1314, 1321, 1331, 1415]}, "histogram": {"y": [1, 0, 0, 0, 1, 1, 0, 1, 0, 0, 0, 0, 1, 2, 0, 2, 0, 0, 1, 2, 2, 0, 2, 0, 12, 6, 7, 6, 7, 5, 1, 1, 2, 0, 0, 0, 0, 0, 1], "x": [840.0, 855.0, 870.0, 885.0, 900.0, 915.0, 930.0, 945.0, 960.0, 975.0, 990.0, 1005.0, 1020.0, 1035.0, 1050.0, 1065.0, 1080.0, 1095.0, 1110.0, 1125.0, 1140.0, 1155.0, 1170.0, 1185.0, 1200.0, 1215.0, 1230.0, 1245.0, 1260.0, 1275.0, 1290.0, 1305.0, 1320.0, 1335.0, 1350.0, 1365.0, 1380.0, 1395.0, 1410.0]}}