{"percentile": {"x": [823, 849, 882, 893, 935, 1011, 1019, 1042, 1046, 1069, 1074, 1075, 1078, 1104, 1108, 1110, 1122, 1135, 1152, 1153, 1157, 1158, 1165, 1166, 1170, 1176, 1177, 1179, 1187, 1188, 1197, 1199, 1201, 1203, 1204, 1208, 1210, 1211, 1214, 1215, 1216, 1220, 1221, 1222, 1223, 1225, 1230, 1235, 1238, 1251, 1252, 1253, 1254, 1259, 1264, 1265, 1269, 1275, 1276, 1415], "y": [98.7, 97.3, 95.9, 94.6, 93.2, 91.8, 90.5, 89.1, 87.7, 86.4, 85.0, 83.6, 82.2, 80.9, 79.5, 78.1, 76.8, 75.4, 74.0, 72.7, 71.3, 69.9, 67.2, 65.8, 64.4, 63.1, 60.3, 59.0, 57.6, 56.2, 54.8, 50.7, 49.4, 48.0, 46.6, 43.9, 41.1, 37.0, 34.3, 31.599999999999994, 30.200000000000003, 27.400000000000006, 26.099999999999994, 24.700000000000003, 23.299999999999997, 22.0, 20.599999999999994, 19.200000000000003, 17.900000000000006, 16.5, 15.099999999999994, 13.700000000000003, 11.0, 8.299999999999997, 6.900000000000006, 5.5, 4.200000000000003, 2.799999999999997, 1.4000000000000057, -1.2999999999999972]}, "histogram": {"x": [810.0, 825.0, 840.0, 855.0, 870.0, 885.0, 900.0, 915.0, 930.0, 945.0, 960.0, 975.0, 990.0, 1005.0, 1020.0, 1035.0, 1050.0, 1065.0, 1080.0, 1095.0, 1110.0, 1125.0, 1140.0, 1155.0, 1170.0, 1185.0, 1200.0, 1215.0, 1230.0, 1245.0, 1260.0, 1275.0, 1290.0, 1305.0, 1320.0, 1335.0, 1350.0, 1365.0, 1380.0, 1395.0, 1410.0], "y": [1, 0, 1, 0, 1, 1, 0, 0, 1, 0, 0, 0, 0, 2, 0, 2, 0, 4, 0, 2, 2, 1, 2, 5, 5, 6, 12, 9, 3, 7, 3, 2, 0, 0, 0, 0, 0, 0, 0, 0, 2]}}