{"histogram": {"y": [1, 0, 0, 2, 1, 0, 0, 1, 0, 1, 1, 0, 1, 0, 3, 2, 6, 1, 1, 4, 1, 2, 2, 4, 2, 0, 3, 2, 2, 17, 7, 7, 4, 4, 1, 0, 1, 0], "x": [765.0, 780.0, 795.0, 810.0, 825.0, 840.0, 855.0, 870.0, 885.0, 900.0, 915.0, 930.0, 945.0, 960.0, 975.0, 990.0, 1005.0, 1020.0, 1035.0, 1050.0, 1065.0, 1080.0, 1095.0, 1110.0, 1125.0, 1140.0, 1155.0, 1170.0, 1185.0, 1200.0, 1215.0, 1230.0, 1245.0, 1260.0, 1275.0, 1290.0, 1305.0, 1320.0]}, "percentile": {"y": [98.8, 97.6, 96.4, 95.2, 94.0, 92.8, 91.6, 90.4, 89.2, 88.0, 86.8, 85.6, 84.4, 83.2, 82.0, 80.8, 79.6, 78.4, 77.2, 76.0, 74.7, 73.5, 72.3, 71.1, 69.9, 68.7, 67.5, 66.3, 65.1, 63.9, 62.7, 61.5, 60.3, 59.1, 56.7, 55.5, 54.3, 53.1, 51.9, 50.7, 49.4, 48.2, 45.8, 43.4, 42.2, 41.0, 39.8, 37.4, 36.2, 33.8, 30.200000000000003, 27.799999999999997, 24.099999999999994, 22.900000000000006, 21.700000000000003, 20.5, 19.299999999999997, 18.099999999999994, 16.900000000000006, 14.5, 13.299999999999997, 12.099999999999994, 10.900000000000006, 9.700000000000003, 8.5, 7.299999999999997, 6.099999999999994, 4.900000000000006, 1.2999999999999972, 0.0, -1.2000000000000028], "x": [774, 813, 824, 833, 880, 907, 915, 958, 977, 982, 983, 991, 994, 1005, 1006, 1009, 1012, 1014, 1018, 1028, 1048, 1050, 1054, 1063, 1064, 1069, 1082, 1094, 1097, 1107, 1110, 1112, 1114, 1117, 1135, 1157, 1158, 1166, 1177, 1180, 1197, 1199, 1201, 1202, 1205, 1208, 1209, 1210, 1211, 1212, 1213, 1214, 1215, 1219, 1224, 1227, 1228, 1230, 1233, 1234, 1235, 1240, 1242, 1245, 1246, 1255, 1259, 1264, 1269, 1285, 1314]}}