{"percentile": {"y": [99.4, 98.8, 98.1, 97.5, 96.8, 96.2, 95.5, 94.2, 93.6, 93.0, 92.3, 91.7, 91.0, 90.4, 89.7, 89.1, 87.8, 87.1, 86.5, 85.9, 85.2, 84.6, 83.9, 82.6, 82.0, 81.3, 80.7, 80.0, 79.4, 78.8, 78.1, 76.8, 76.2, 75.5, 74.9, 73.6, 73.0, 72.3, 71.7, 71.0, 70.4, 69.1, 68.4, 67.8, 66.5, 65.9, 65.2, 63.9, 63.3, 62.6, 62.0, 61.3, 60.7, 60.0, 59.4, 58.8, 57.5, 56.8, 55.5, 54.9, 54.2, 53.6, 52.3, 51.7, 51.0, 50.4, 49.7, 49.1, 47.8, 47.1, 46.5, 45.9, 45.2, 44.6, 43.9, 43.3, 42.6, 42.0, 41.3, 40.7, 40.0, 38.1, 37.5, 36.8, 33.599999999999994, 33.0, 31.700000000000003, 29.700000000000003, 29.099999999999994, 28.400000000000006, 27.799999999999997, 26.5, 25.900000000000006, 25.200000000000003, 24.599999999999994, 23.299999999999997, 22.599999999999994, 22.0, 20.700000000000003, 20.0, 18.799999999999997, 18.099999999999994, 17.5, 16.799999999999997, 15.5, 14.900000000000006, 14.200000000000003, 13.0, 12.299999999999997, 11.700000000000003, 11.0, 9.700000000000003, 9.099999999999994, 8.400000000000006, 6.5, 5.900000000000006, 5.200000000000003, 4.599999999999994, 3.9000000000000057, 3.299999999999997, 1.2999999999999972, 0.0, -0.5999999999999943], "x": [703, 803, 816, 837, 844, 852, 854, 859, 875, 885, 892, 908, 935, 937, 943, 948, 953, 963, 965, 969, 981, 983, 988, 994, 995, 997, 1001, 1004, 1009, 1011, 1016, 1019, 1026, 1027, 1029, 1030, 1033, 1046, 1062, 1065, 1066, 1071, 1075, 1082, 1085, 1086, 1089, 1090, 1094, 1096, 1101, 1106, 1107, 1108, 1110, 1112, 1113, 1117, 1120, 1125, 1128, 1129, 1131, 1137, 1138, 1145, 1150, 1151, 1158, 1159, 1160, 1170, 1175, 1177, 1179, 1183, 1189, 1191, 1193, 1194, 1200, 1201, 1202, 1203, 1205, 1206, 1207, 1208, 1209, 1210, 1211, 1214, 1215, 1218, 1219, 1221, 1223, 1224, 1226, 1228, 1229, 1230, 1234, 1235, 1237, 1239, 1243, 1246, 1247, 1249, 1254, 1255, 1257, 1258, 1260, 1266, 1267, 1269, 1273, 1275, 1276, 1278, 1297]}, "histogram": {"y": [1, 0, 0, 0, 0, 0, 0, 1, 1, 1, 3, 2, 1, 2, 1, 0, 3, 3, 3, 3, 6, 5, 6, 1, 1, 5, 8, 5, 7, 7, 3, 4, 5, 4, 22, 12, 7, 9, 7, 6, 1], "x": [690.0, 705.0, 720.0, 735.0, 750.0, 765.0, 780.0, 795.0, 810.0, 825.0, 840.0, 855.0, 870.0, 885.0, 900.0, 915.0, 930.0, 945.0, 960.0, 975.0, 990.0, 1005.0, 1020.0, 1035.0, 1050.0, 1065.0, 1080.0, 1095.0, 1110.0, 1125.0, 1140.0, 1155.0, 1170.0, 1185.0, 1200.0, 1215.0, 1230.0, 1245.0, 1260.0, 1275.0, 1290.0]}}