{"histogram": {"y": [2, 0, 0, 1, 1, 0, 0, 2, 2, 3, 1, 2, 8, 4, 7, 9, 6, 6, 6, 5, 6, 9, 42, 7, 11, 7, 6, 0, 1, 0, 0, 0, 0, 1, 0], "x": [780.0, 800.0, 820.0, 840.0, 860.0, 880.0, 900.0, 920.0, 940.0, 960.0, 980.0, 1000.0, 1020.0, 1040.0, 1060.0, 1080.0, 1100.0, 1120.0, 1140.0, 1160.0, 1180.0, 1200.0, 1220.0, 1240.0, 1260.0, 1280.0, 1300.0, 1320.0, 1340.0, 1360.0, 1380.0, 1400.0, 1420.0, 1440.0]}, "percentile": {"y": [99.4, 98.8, 98.1, 97.5, 96.8, 96.2, 95.5, 94.9, 93.6, 92.9, 92.3, 91.6, 91.0, 90.3, 89.0, 88.4, 87.7, 87.1, 85.8, 84.5, 83.8, 83.2, 82.5, 81.9, 80.6, 79.9, 79.3, 78.6, 78.0, 76.7, 76.0, 75.4, 74.7, 73.4, 72.8, 72.1, 71.5, 70.8, 69.5, 68.9, 68.2, 67.6, 66.9, 66.3, 65.6, 65.0, 64.3, 63.0, 62.4, 61.7, 61.1, 60.4, 59.8, 59.1, 58.5, 57.8, 57.2, 56.5, 55.9, 55.2, 54.6, 53.9, 53.3, 52.6, 52.0, 51.3, 50.7, 49.4, 48.8, 48.1, 47.5, 45.5, 44.2, 42.9, 40.3, 37.1, 34.5, 31.200000000000003, 29.900000000000006, 28.599999999999994, 26.700000000000003, 26.0, 24.700000000000003, 23.400000000000006, 22.799999999999997, 21.5, 20.799999999999997, 20.200000000000003, 19.5, 18.200000000000003, 17.599999999999994, 16.900000000000006, 16.299999999999997, 15.0, 14.299999999999997, 13.700000000000003, 13.0, 12.400000000000006, 11.700000000000003, 10.400000000000006, 9.799999999999997, 9.099999999999994, 8.5, 7.799999999999997, 6.5, 5.900000000000006, 5.200000000000003, 4.599999999999994, 3.299999999999997, 2.5999999999999943, 2.0, 1.2999999999999972, 0.7000000000000028, 0.0, -0.5999999999999943], "x": [760, 768, 826, 854, 905, 913, 923, 931, 940, 953, 977, 982, 992, 1009, 1010, 1011, 1012, 1017, 1018, 1020, 1027, 1032, 1040, 1041, 1044, 1048, 1049, 1057, 1061, 1063, 1066, 1067, 1071, 1077, 1078, 1081, 1082, 1087, 1092, 1097, 1102, 1107, 1108, 1111, 1114, 1117, 1123, 1132, 1134, 1137, 1139, 1142, 1147, 1150, 1153, 1155, 1162, 1165, 1167, 1168, 1173, 1175, 1180, 1181, 1182, 1183, 1185, 1191, 1196, 1198, 1200, 1201, 1202, 1203, 1204, 1205, 1206, 1207, 1208, 1209, 1210, 1211, 1212, 1213, 1214, 1215, 1218, 1220, 1223, 1224, 1225, 1235, 1239, 1240, 1241, 1245, 1246, 1248, 1251, 1253, 1255, 1259, 1265, 1266, 1267, 1269, 1270, 1274, 1280, 1290, 1291, 1292, 1293, 1320, 1424]}}