{"percentile": {"y": [98.2, 96.3, 94.4, 92.5, 90.6, 88.7, 86.8, 85.0, 83.1, 81.2, 79.3, 77.4, 75.5, 73.6, 71.7, 69.9, 68.0, 66.1, 64.2, 58.5, 56.7, 52.9, 51.0, 49.1, 47.2, 41.6, 39.7, 35.900000000000006, 34.0, 32.099999999999994, 30.200000000000003, 28.400000000000006, 26.5, 24.599999999999994, 22.700000000000003, 20.799999999999997, 17.0, 15.099999999999994, 13.299999999999997, 11.400000000000006, 9.5, 7.599999999999994, 5.700000000000003, 3.799999999999997, 1.9000000000000057, 0.0, -1.7999999999999972], "x": [835, 920, 963, 964, 1054, 1056, 1062, 1065, 1069, 1107, 1138, 1160, 1167, 1169, 1176, 1178, 1181, 1182, 1194, 1199, 1201, 1202, 1204, 1205, 1206, 1209, 1210, 1211, 1213, 1216, 1220, 1227, 1230, 1233, 1239, 1245, 1251, 1254, 1255, 1259, 1270, 1272, 1274, 1275, 1280, 1287, 1320]}, "histogram": {"y": [1, 0, 0, 0, 0, 1, 0, 2, 0, 0, 0, 2, 3, 0, 1, 1, 0, 5, 6, 14, 5, 6, 4, 2, 0, 1], "x": [820.0, 840.0, 860.0, 880.0, 900.0, 920.0, 940.0, 960.0, 980.0, 1000.0, 1020.0, 1040.0, 1060.0, 1080.0, 1100.0, 1120.0, 1140.0, 1160.0, 1180.0, 1200.0, 1220.0, 1240.0, 1260.0, 1280.0, 1300.0, 1320.0]}}