{"histogram": {"x": [940.0, 960.0, 980.0, 1000.0, 1020.0, 1040.0, 1060.0, 1080.0, 1100.0, 1120.0, 1140.0, 1160.0, 1180.0, 1200.0, 1220.0, 1240.0, 1260.0, 1280.0, 1300.0, 1320.0, 1340.0, 1360.0, 1380.0, 1400.0, 1420.0], "y": [1, 0, 0, 1, 0, 0, 2, 0, 1, 3, 1, 2, 5, 17, 20, 16, 20, 9, 5, 2, 1, 3, 1, 4, 1]}, "percentile": {"x": [945, 1016, 1070, 1079, 1112, 1129, 1130, 1132, 1155, 1166, 1172, 1180, 1183, 1191, 1195, 1196, 1204, 1207, 1208, 1209, 1210, 1212, 1213, 1214, 1215, 1217, 1219, 1220, 1226, 1228, 1229, 1231, 1233, 1235, 1236, 1238, 1239, 1240, 1244, 1245, 1246, 1250, 1251, 1253, 1261, 1262, 1264, 1265, 1267, 1268, 1270, 1275, 1277, 1278, 1279, 1283, 1284, 1289, 1291, 1293, 1298, 1299, 1303, 1306, 1313, 1319, 1321, 1322, 1355, 1361, 1365, 1373, 1384, 1414, 1415, 1424], "y": [99.2, 98.3, 97.4, 96.5, 95.7, 94.8, 93.9, 93.0, 92.2, 91.3, 90.4, 89.5, 88.6, 87.8, 86.9, 86.0, 85.1, 83.4, 82.5, 81.6, 80.8, 79.0, 78.1, 76.4, 73.7, 72.0, 71.1, 70.2, 69.3, 66.7, 65.0, 64.1, 62.3, 60.6, 58.8, 57.1, 53.6, 51.8, 49.2, 48.3, 47.4, 45.7, 41.3, 39.5, 38.6, 37.8, 36.9, 34.3, 32.5, 30.799999999999997, 29.0, 26.400000000000006, 24.599999999999994, 23.700000000000003, 22.0, 21.099999999999994, 19.299999999999997, 18.5, 17.599999999999994, 16.700000000000003, 15.0, 14.099999999999994, 13.200000000000003, 12.299999999999997, 11.5, 9.700000000000003, 8.799999999999997, 7.900000000000006, 7.099999999999994, 6.200000000000003, 5.299999999999997, 4.400000000000006, 3.5999999999999943, 2.700000000000003, 0.0, -0.7999999999999972]}}