{"percentile": {"x": [962, 967, 970, 1101, 1128, 1164, 1186, 1205, 1236, 1254, 1255, 1268, 1272, 1302, 1350], "y": [92.9, 85.8, 78.6, 71.5, 64.3, 57.2, 50.0, 42.9, 35.8, 28.599999999999994, 21.5, 14.299999999999997, 7.200000000000003, 0.0, -7.099999999999994]}, "histogram": {"x": [980.0, 1000.0, 1020.0, 1040.0, 1060.0, 1080.0, 1100.0, 1120.0, 1140.0, 1160.0, 1180.0, 1200.0, 1220.0, 1240.0, 1260.0, 1280.0, 1300.0, 1320.0, 1340.0, 1360.0], "y": [3, 0, 0, 0, 0, 0, 0, 1, 1, 0, 1, 1, 1, 1, 2, 2, 0, 1, 0, 1, 0]}}