{"percentile": {"x": [742, 753, 787, 820, 831, 847, 855, 865, 879, 881, 893, 926, 928, 935, 936, 937, 944, 945, 948, 949, 951, 959, 963, 968, 971, 972, 977, 978, 983, 986, 989, 990, 991, 997, 1002, 1004, 1008, 1011, 1013, 1016, 1019, 1025, 1028, 1029, 1036, 1040, 1041, 1045, 1046, 1047, 1050, 1051, 1055, 1058, 1059, 1063, 1066, 1067, 1068, 1073, 1075, 1076, 1080, 1084, 1088, 1094, 1098, 1103, 1105, 1107, 1108, 1110, 1116, 1119, 1120, 1125, 1126, 1127, 1128, 1132, 1134, 1136, 1138, 1143, 1145, 1146, 1148, 1149, 1152, 1153, 1154, 1156, 1158, 1166, 1167, 1169, 1174, 1175, 1176, 1178, 1179, 1181, 1182, 1185, 1186, 1188, 1189, 1192, 1193, 1194, 1199, 1200, 1202, 1203, 1204, 1205, 1206, 1207, 1208, 1209, 1210, 1211, 1212, 1213, 1214, 1215, 1216, 1217, 1219, 1221, 1222, 1223, 1225, 1227, 1228, 1230, 1232, 1233, 1234, 1235, 1238, 1239, 1240, 1241, 1242, 1243, 1244, 1245, 1246, 1247, 1248, 1250, 1251, 1252, 1253, 1254, 1257, 1259, 1260, 1264, 1266, 1267, 1268, 1269, 1270, 1273, 1275, 1284, 1301, 1303, 1312, 1320, 1415, 1423, 1424], "y": [99.7, 99.3, 98.9, 98.5, 98.1, 97.7, 97.3, 96.9, 96.5, 96.1, 95.7, 95.0, 94.6, 94.2, 93.8, 93.4, 93.0, 92.6, 92.2, 91.8, 91.4, 91.0, 90.6, 90.2, 89.9, 89.5, 89.1, 87.9, 87.5, 87.1, 86.7, 86.3, 85.9, 85.5, 84.8, 84.4, 84.0, 83.6, 83.2, 82.8, 81.6, 81.2, 80.4, 80.0, 79.7, 79.3, 78.9, 78.5, 78.1, 77.7, 76.9, 76.1, 75.7, 75.3, 75.0, 74.6, 73.8, 73.4, 73.0, 72.6, 71.8, 71.4, 70.6, 70.2, 69.5, 69.1, 68.7, 68.3, 67.9, 67.5, 67.1, 66.7, 66.3, 65.5, 64.8, 64.4, 64.0, 63.6, 63.2, 62.4, 62.0, 61.2, 60.8, 60.4, 60.0, 59.7, 58.9, 58.5, 57.3, 56.9, 56.5, 55.7, 55.0, 54.6, 54.2, 53.8, 53.4, 52.6, 51.8, 51.4, 51.0, 50.6, 50.2, 49.9, 49.1, 48.7, 48.3, 47.9, 46.7, 46.3, 45.1, 44.8, 43.2, 41.6, 40.8, 40.4, 39.3, 37.7, 36.5, 36.1, 34.2, 33.400000000000006, 31.400000000000006, 30.200000000000003, 29.099999999999994, 26.700000000000003, 26.299999999999997, 25.900000000000006, 25.099999999999994, 24.0, 23.599999999999994, 23.200000000000003, 22.0, 21.599999999999994, 21.200000000000003, 20.400000000000006, 19.700000000000003, 18.900000000000006, 17.700000000000003, 17.299999999999997, 16.900000000000006, 16.5, 16.099999999999994, 15.299999999999997, 15.0, 14.200000000000003, 13.799999999999997, 13.0, 12.599999999999994, 12.200000000000003, 11.400000000000006, 11.0, 10.599999999999994, 10.200000000000003, 9.900000000000006, 9.5, 7.900000000000006, 7.5, 7.099999999999994, 6.700000000000003, 6.299999999999997, 5.900000000000006, 5.5, 5.099999999999994, 4.799999999999997, 4.0, 3.5999999999999943, 3.200000000000003, 2.799999999999997, 2.4000000000000057, 2.0, 0.7999999999999972, 0.4000000000000057, 0.0, -0.29999999999999716]}, "histogram": {"x": [760.0, 780.0, 800.0, 820.0, 840.0, 860.0, 880.0, 900.0, 920.0, 940.0, 960.0, 980.0, 1000.0, 1020.0, 1040.0, 1060.0, 1080.0, 1100.0, 1120.0, 1140.0, 1160.0, 1180.0, 1200.0, 1220.0, 1240.0, 1260.0, 1280.0, 1300.0, 1320.0, 1340.0, 1360.0, 1380.0, 1400.0, 1420.0, 1440.0], "y": [2, 0, 1, 0, 2, 2, 2, 2, 0, 6, 6, 8, 6, 10, 5, 12, 9, 7, 8, 12, 15, 10, 15, 51, 22, 23, 10, 1, 3, 3, 0, 0, 0, 1, 2, 0]}}