{"histogram": {"x": [765.0, 780.0, 795.0, 810.0, 825.0, 840.0, 855.0, 870.0, 885.0, 900.0, 915.0, 930.0, 945.0, 960.0, 975.0, 990.0, 1005.0, 1020.0, 1035.0, 1050.0, 1065.0, 1080.0, 1095.0, 1110.0, 1125.0, 1140.0, 1155.0, 1170.0, 1185.0, 1200.0, 1215.0, 1230.0, 1245.0, 1260.0, 1275.0, 1290.0, 1305.0, 1320.0, 1335.0, 1350.0], "y": [1, 0, 0, 0, 0, 0, 0, 0, 0, 0, 1, 1, 0, 1, 1, 0, 0, 1, 0, 1, 1, 1, 0, 0, 1, 3, 1, 2, 0, 5, 1, 0, 0, 0, 1, 0, 0, 0, 1, 0]}, "percentile": {"x": [774, 925, 943, 968, 977, 1026, 1060, 1067, 1086, 1139, 1141, 1153, 1162, 1173, 1183, 1203, 1204, 1205, 1208, 1209, 1223, 1275, 1345], "y": [95.7, 91.4, 87.0, 82.7, 78.3, 74.0, 69.6, 65.3, 60.9, 56.6, 47.9, 43.5, 39.2, 34.8, 30.5, 26.099999999999994, 21.799999999999997, 17.400000000000006, 13.099999999999994, 8.700000000000003, 4.400000000000006, 0.0, -4.299999999999997]}}