{"percentile": {"y": [99.8, 99.5, 99.3, 99.0, 98.8, 98.5, 98.3, 98.0, 97.5, 97.3, 97.0, 96.8, 96.5, 96.3, 96.0, 95.5, 95.0, 94.7, 94.5, 94.2, 94.0, 93.7, 93.5, 93.2, 93.0, 92.7, 92.5, 92.2, 92.0, 91.7, 91.5, 90.7, 90.5, 90.2, 89.9, 89.7, 89.4, 89.2, 88.9, 88.7, 88.4, 88.2, 87.7, 87.4, 87.2, 86.9, 86.7, 86.4, 86.2, 85.9, 85.2, 84.9, 84.6, 84.4, 84.1, 83.9, 83.6, 83.4, 83.1, 82.9, 82.6, 82.4, 82.1, 81.9, 81.4, 81.1, 80.4, 80.1, 79.8, 79.6, 79.3, 79.1, 78.8, 78.6, 78.3, 78.1, 77.8, 77.6, 76.8, 76.6, 76.3, 75.8, 75.0, 74.8, 74.5, 74.3, 74.0, 73.8, 73.5, 73.3, 73.0, 72.8, 72.0, 71.5, 71.3, 71.0, 70.8, 70.0, 69.5, 69.2, 69.0, 68.7, 68.2, 67.7, 67.2, 67.0, 66.7, 66.5, 66.0, 65.7, 65.2, 64.9, 64.7, 64.2, 63.9, 63.4, 62.9, 62.7, 62.2, 61.9, 61.4, 60.9, 60.4, 60.2, 59.9, 59.1, 58.9, 58.4, 58.1, 57.9, 57.6, 57.1, 56.9, 56.6, 56.4, 56.1, 55.6, 55.4, 54.8, 54.1, 53.8, 52.6, 51.8, 51.3, 50.6, 48.8, 47.8, 46.3, 43.7, 42.7, 40.5, 39.2, 38.4, 36.9, 35.900000000000006, 34.599999999999994, 34.400000000000006, 33.400000000000006, 33.099999999999994, 32.599999999999994, 32.400000000000006, 31.900000000000006, 31.099999999999994, 30.900000000000006, 30.400000000000006, 29.299999999999997, 28.599999999999994, 27.599999999999994, 26.599999999999994, 25.799999999999997, 25.299999999999997, 24.299999999999997, 23.799999999999997, 23.299999999999997, 22.799999999999997, 21.799999999999997, 21.5, 21.299999999999997, 20.799999999999997, 20.5, 20.0, 19.700000000000003, 18.5, 18.200000000000003, 17.0, 16.5, 15.700000000000003, 15.5, 15.200000000000003, 14.700000000000003, 14.400000000000006, 13.700000000000003, 13.400000000000006, 13.200000000000003, 12.700000000000003, 12.400000000000006, 12.200000000000003, 11.700000000000003, 10.700000000000003, 10.200000000000003, 9.099999999999994, 8.400000000000006, 7.099999999999994, 6.900000000000006, 6.099999999999994, 5.900000000000006, 5.099999999999994, 3.5999999999999943, 3.0999999999999943, 2.799999999999997, 2.0999999999999943, 1.7999999999999972, 1.5999999999999943, 1.2999999999999972, 1.0999999999999943, 0.7999999999999972, 0.5999999999999943, 0.29999999999999716, 0.0, -0.20000000000000284], "x": [767, 781, 854, 865, 872, 880, 884, 892, 895, 903, 904, 914, 920, 924, 927, 932, 933, 938, 946, 951, 952, 953, 954, 958, 961, 962, 965, 976, 979, 981, 984, 987, 990, 993, 997, 999, 1005, 1006, 1007, 1011, 1012, 1014, 1016, 1019, 1020, 1021, 1023, 1024, 1025, 1028, 1032, 1033, 1034, 1035, 1037, 1040, 1042, 1043, 1052, 1061, 1063, 1064, 1067, 1068, 1070, 1072, 1074, 1076, 1077, 1078, 1080, 1081, 1084, 1086, 1088, 1089, 1093, 1094, 1095, 1097, 1098, 1099, 1100, 1102, 1103, 1105, 1106, 1108, 1110, 1111, 1112, 1113, 1114, 1115, 1119, 1120, 1122, 1123, 1125, 1127, 1129, 1132, 1133, 1134, 1135, 1136, 1138, 1139, 1140, 1146, 1147, 1150, 1151, 1152, 1153, 1155, 1159, 1160, 1161, 1162, 1163, 1165, 1166, 1168, 1169, 1170, 1172, 1173, 1175, 1176, 1180, 1181, 1186, 1188, 1189, 1190, 1191, 1192, 1194, 1196, 1199, 1200, 1202, 1203, 1204, 1205, 1206, 1207, 1208, 1209, 1210, 1211, 1212, 1213, 1214, 1215, 1217, 1218, 1219, 1220, 1221, 1222, 1224, 1225, 1226, 1227, 1228, 1229, 1230, 1231, 1232, 1233, 1234, 1235, 1236, 1237, 1238, 1239, 1240, 1241, 1242, 1244, 1245, 1246, 1247, 1248, 1249, 1250, 1252, 1253, 1254, 1255, 1256, 1257, 1259, 1261, 1262, 1263, 1265, 1266, 1267, 1269, 1270, 1271, 1272, 1273, 1274, 1275, 1276, 1277, 1278, 1285, 1294, 1297, 1300, 1301, 1303, 1365, 1372, 1424]}, "histogram": {"y": [1, 1, 0, 0, 1, 2, 5, 3, 8, 6, 5, 9, 9, 13, 4, 14, 15, 18, 19, 14, 20, 16, 82, 47, 34, 42, 3, 3, 0, 0, 2, 0, 0, 1], "x": [780.0, 800.0, 820.0, 840.0, 860.0, 880.0, 900.0, 920.0, 940.0, 960.0, 980.0, 1000.0, 1020.0, 1040.0, 1060.0, 1080.0, 1100.0, 1120.0, 1140.0, 1160.0, 1180.0, 1200.0, 1220.0, 1240.0, 1260.0, 1280.0, 1300.0, 1320.0, 1340.0, 1360.0, 1380.0, 1400.0, 1420.0]}}