{"percentile": {"x": [758, 827, 850, 885, 910, 911, 959, 970, 983, 986, 987, 989, 1002, 1005, 1008, 1015, 1019, 1026, 1030, 1037, 1046, 1048, 1061, 1069, 1073, 1080, 1081, 1094, 1100, 1101, 1104, 1105, 1118, 1120, 1133, 1137, 1139, 1146, 1147, 1148, 1150, 1152, 1160, 1173, 1174, 1177, 1178, 1181, 1184, 1185, 1187, 1191, 1193, 1195, 1198, 1201, 1202, 1203, 1205, 1206, 1207, 1208, 1209, 1210, 1211, 1212, 1213, 1214, 1215, 1216, 1217, 1220, 1221, 1222, 1223, 1225, 1227, 1228, 1230, 1231, 1233, 1234, 1238, 1239, 1240, 1242, 1244, 1246, 1250, 1251, 1253, 1254, 1255, 1256, 1259, 1260, 1261, 1264, 1265, 1268, 1270, 1273, 1277, 1278, 1280, 1290, 1317, 1345, 1424], "y": [99.4, 98.8, 98.2, 97.5, 96.9, 96.3, 95.6, 95.0, 94.4, 93.7, 93.1, 92.5, 91.8, 91.2, 90.6, 89.9, 89.3, 88.7, 88.0, 86.8, 86.1, 85.5, 84.9, 84.2, 83.0, 82.3, 81.7, 81.1, 80.4, 79.8, 79.2, 78.5, 77.3, 76.6, 75.4, 74.7, 74.1, 73.5, 72.8, 72.2, 71.6, 70.9, 70.3, 69.7, 68.4, 67.8, 67.1, 66.5, 65.2, 64.0, 63.3, 62.1, 61.4, 60.8, 60.2, 58.9, 57.6, 56.4, 55.7, 55.1, 53.2, 52.6, 50.7, 49.4, 47.5, 44.4, 41.8, 41.2, 37.4, 36.1, 35.5, 34.900000000000006, 34.2, 32.3, 31.099999999999994, 30.400000000000006, 29.799999999999997, 29.200000000000003, 27.900000000000006, 27.299999999999997, 26.599999999999994, 26.0, 25.400000000000006, 24.099999999999994, 23.5, 20.299999999999997, 19.700000000000003, 18.400000000000006, 17.799999999999997, 15.900000000000006, 14.599999999999994, 13.299999999999997, 12.700000000000003, 12.099999999999994, 11.400000000000006, 10.799999999999997, 9.5, 8.900000000000006, 8.299999999999997, 7.0, 6.400000000000006, 5.099999999999994, 4.5, 3.200000000000003, 2.5999999999999943, 1.9000000000000057, 1.2999999999999972, 0.7000000000000028, -0.5999999999999943]}, "histogram": {"x": [760.0, 780.0, 800.0, 820.0, 840.0, 860.0, 880.0, 900.0, 920.0, 940.0, 960.0, 980.0, 1000.0, 1020.0, 1040.0, 1060.0, 1080.0, 1100.0, 1120.0, 1140.0, 1160.0, 1180.0, 1200.0, 1220.0, 1240.0, 1260.0, 1280.0, 1300.0, 1320.0, 1340.0, 1360.0, 1380.0, 1400.0, 1420.0], "y": [1, 0, 0, 0, 1, 1, 0, 1, 2, 0, 1, 1, 4, 5, 4, 2, 4, 3, 6, 5, 5, 6, 11, 39, 18, 20, 13, 2, 1, 0, 1, 0, 0, 0, 2]}}