{"histogram": {"x": [760.0, 780.0, 800.0, 820.0, 840.0, 860.0, 880.0, 900.0, 920.0, 940.0, 960.0, 980.0, 1000.0, 1020.0, 1040.0, 1060.0, 1080.0, 1100.0, 1120.0, 1140.0, 1160.0, 1180.0, 1200.0, 1220.0, 1240.0, 1260.0, 1280.0, 1300.0, 1320.0, 1340.0, 1360.0, 1380.0, 1400.0, 1420.0], "y": [1, 0, 0, 1, 2, 0, 2, 1, 5, 2, 0, 6, 6, 1, 5, 4, 5, 7, 6, 7, 7, 12, 26, 16, 15, 10, 4, 2, 1, 0, 0, 0, 1, 1]}, "percentile": {"x": [770, 835, 848, 856, 889, 893, 905, 923, 935, 937, 939, 942, 957, 984, 985, 986, 990, 999, 1000, 1001, 1003, 1009, 1013, 1014, 1038, 1041, 1042, 1050, 1052, 1055, 1060, 1074, 1075, 1077, 1080, 1082, 1095, 1103, 1104, 1105, 1112, 1114, 1124, 1126, 1127, 1128, 1130, 1139, 1140, 1148, 1152, 1153, 1157, 1164, 1165, 1167, 1172, 1173, 1175, 1186, 1187, 1188, 1190, 1196, 1197, 1199, 1200, 1201, 1204, 1205, 1206, 1207, 1208, 1210, 1211, 1213, 1214, 1215, 1217, 1219, 1221, 1225, 1226, 1228, 1229, 1230, 1231, 1233, 1235, 1237, 1238, 1239, 1241, 1243, 1244, 1245, 1246, 1248, 1249, 1256, 1257, 1259, 1260, 1264, 1265, 1270, 1271, 1273, 1274, 1279, 1281, 1284, 1291, 1299, 1308, 1311, 1321, 1400, 1424], "y": [99.4, 98.8, 98.1, 97.5, 96.8, 96.2, 95.5, 94.9, 94.2, 93.0, 92.3, 91.7, 91.0, 90.4, 89.7, 89.1, 88.4, 87.1, 86.5, 85.9, 85.2, 84.6, 83.9, 83.3, 82.6, 82.0, 81.3, 80.7, 80.0, 79.4, 78.8, 78.1, 77.5, 76.8, 74.9, 74.2, 73.6, 73.0, 72.3, 71.0, 69.7, 69.1, 68.4, 67.8, 67.1, 66.5, 65.9, 65.2, 64.6, 63.9, 62.6, 62.0, 60.7, 60.0, 59.4, 58.8, 57.5, 56.8, 56.2, 55.5, 54.2, 53.6, 52.3, 51.7, 51.0, 48.4, 47.8, 46.5, 45.9, 43.9, 43.3, 42.6, 41.3, 40.7, 38.8, 38.1, 37.5, 33.599999999999994, 32.3, 31.700000000000003, 31.0, 29.700000000000003, 28.400000000000006, 27.799999999999997, 27.099999999999994, 26.5, 25.900000000000006, 25.200000000000003, 23.900000000000006, 23.299999999999997, 22.599999999999994, 21.299999999999997, 20.700000000000003, 20.0, 18.099999999999994, 17.5, 16.799999999999997, 16.200000000000003, 14.900000000000006, 14.200000000000003, 13.599999999999994, 11.700000000000003, 10.400000000000006, 9.700000000000003, 9.099999999999994, 8.400000000000006, 7.099999999999994, 6.5, 5.900000000000006, 5.200000000000003, 4.599999999999994, 3.9000000000000057, 3.299999999999997, 2.5999999999999943, 2.0, 1.2999999999999972, 0.7000000000000028, 0.0, -0.5999999999999943]}}