{"histogram": {"x": [840.0, 860.0, 880.0, 900.0, 920.0, 940.0, 960.0, 980.0, 1000.0, 1020.0, 1040.0, 1060.0, 1080.0, 1100.0, 1120.0, 1140.0, 1160.0, 1180.0, 1200.0, 1220.0, 1240.0, 1260.0, 1280.0, 1300.0, 1320.0, 1340.0], "y": [1, 0, 1, 0, 0, 0, 1, 0, 0, 1, 1, 0, 1, 0, 0, 1, 2, 1, 4, 12, 16, 7, 21, 5, 0, 0, 1]}, "percentile": {"x": [824, 865, 952, 1008, 1026, 1060, 1127, 1144, 1159, 1179, 1184, 1189, 1195, 1197, 1202, 1204, 1205, 1207, 1208, 1209, 1211, 1212, 1213, 1220, 1223, 1225, 1229, 1230, 1231, 1232, 1234, 1237, 1238, 1239, 1243, 1244, 1246, 1248, 1249, 1251, 1253, 1260, 1264, 1265, 1266, 1267, 1268, 1269, 1270, 1272, 1273, 1275, 1276, 1278, 1279, 1281, 1286, 1288, 1290, 1342], "y": [98.7, 97.4, 96.0, 94.7, 93.4, 92.0, 90.7, 89.4, 88.0, 86.7, 85.4, 84.0, 82.7, 81.4, 80.0, 78.7, 77.4, 76.0, 73.4, 72.0, 70.7, 68.0, 65.4, 64.0, 62.7, 58.7, 57.4, 54.7, 53.4, 52.0, 49.4, 48.0, 46.7, 44.0, 42.7, 41.4, 40.0, 38.7, 37.4, 36.0, 34.7, 30.700000000000003, 29.400000000000006, 26.700000000000003, 25.400000000000006, 22.700000000000003, 20.0, 18.700000000000003, 16.0, 14.700000000000003, 13.400000000000006, 12.0, 10.700000000000003, 9.400000000000006, 6.700000000000003, 5.400000000000006, 4.0, 2.700000000000003, 0.0, -1.2999999999999972]}}