{"percentile": {"y": [99.8, 99.6, 99.4, 99.2, 98.8, 98.5, 98.3, 98.1, 97.9, 97.7, 97.5, 97.0, 96.8, 96.6, 96.4, 96.2, 95.5, 95.3, 95.1, 94.9, 94.7, 94.4, 94.2, 94.0, 93.8, 93.6, 93.4, 93.2, 92.9, 92.5, 92.3, 92.1, 91.9, 91.6, 91.4, 91.2, 90.8, 90.6, 90.1, 89.9, 89.7, 89.3, 89.1, 88.8, 88.2, 88.0, 87.8, 87.5, 87.3, 87.1, 86.3, 86.0, 85.8, 85.6, 85.4, 85.2, 84.7, 84.1, 83.9, 83.7, 83.5, 83.2, 83.0, 82.6, 82.2, 81.9, 81.7, 81.5, 81.3, 81.1, 80.4, 80.2, 79.8, 79.6, 79.4, 78.7, 78.3, 77.9, 77.4, 77.2, 77.0, 76.6, 76.3, 76.1, 75.9, 75.7, 75.5, 75.3, 74.8, 74.6, 74.2, 73.8, 73.5, 73.1, 72.7, 72.5, 72.2, 71.8, 71.6, 71.4, 71.2, 70.7, 70.3, 70.1, 69.7, 69.4, 69.2, 69.0, 68.6, 68.4, 68.2, 67.7, 67.5, 67.3, 67.1, 66.9, 66.0, 65.6, 65.1, 64.9, 64.7, 64.1, 63.4, 62.5, 62.3, 62.1, 61.5, 61.0, 60.8, 60.6, 60.4, 60.2, 60.0, 59.5, 59.3, 59.1, 58.7, 58.5, 58.2, 57.8, 57.6, 57.2, 56.7, 56.1, 55.9, 55.4, 55.0, 54.8, 54.4, 53.7, 53.3, 53.1, 52.9, 52.6, 52.4, 52.2, 52.0, 51.8, 51.6, 51.1, 50.9, 50.7, 50.5, 49.4, 49.0, 48.8, 48.5, 48.3, 47.9, 47.7, 47.5, 47.0, 46.6, 46.0, 45.3, 44.7, 44.4, 44.0, 43.8, 43.4, 42.9, 42.5, 42.1, 41.0, 39.9, 38.4, 37.8, 36.9, 36.3, 35.400000000000006, 33.900000000000006, 32.8, 31.299999999999997, 30.0, 29.400000000000006, 28.299999999999997, 26.599999999999994, 24.799999999999997, 24.400000000000006, 24.0, 23.5, 22.900000000000006, 22.5, 22.200000000000003, 22.0, 21.200000000000003, 20.299999999999997, 18.799999999999997, 18.599999999999994, 17.900000000000006, 17.5, 17.099999999999994, 16.599999999999994, 16.400000000000006, 16.0, 15.799999999999997, 15.599999999999994, 15.400000000000006, 14.700000000000003, 14.099999999999994, 13.799999999999997, 13.599999999999994, 13.0, 12.5, 12.099999999999994, 11.700000000000003, 11.5, 11.0, 10.799999999999997, 10.599999999999994, 10.200000000000003, 10.0, 9.5, 9.099999999999994, 8.900000000000006, 8.700000000000003, 8.5, 8.200000000000003, 8.0, 6.900000000000006, 6.299999999999997, 6.099999999999994, 5.900000000000006, 5.700000000000003, 5.400000000000006, 5.200000000000003, 4.400000000000006, 4.099999999999994, 3.700000000000003, 3.299999999999997, 2.9000000000000057, 2.4000000000000057, 2.200000000000003, 2.0, 1.7999999999999972, 1.5999999999999943, 1.0999999999999943, 0.9000000000000057, 0.7000000000000028, 0.5, 0.29999999999999716, 0.0, -0.20000000000000284], "x": [776, 792, 795, 817, 821, 824, 828, 837, 839, 841, 848, 856, 858, 864, 868, 870, 876, 878, 880, 884, 886, 887, 891, 895, 898, 899, 900, 910, 915, 919, 920, 925, 926, 927, 928, 933, 934, 941, 953, 957, 958, 960, 961, 962, 964, 967, 970, 971, 972, 973, 975, 976, 979, 982, 985, 986, 989, 990, 991, 992, 993, 995, 996, 998, 1000, 1003, 1005, 1007, 1008, 1013, 1014, 1015, 1016, 1017, 1018, 1021, 1023, 1024, 1027, 1028, 1031, 1032, 1033, 1034, 1035, 1036, 1037, 1038, 1041, 1042, 1043, 1044, 1045, 1046, 1047, 1049, 1050, 1051, 1052, 1053, 1054, 1058, 1059, 1060, 1061, 1063, 1064, 1066, 1070, 1074, 1076, 1077, 1078, 1080, 1086, 1087, 1090, 1092, 1094, 1095, 1096, 1100, 1102, 1104, 1105, 1107, 1108, 1110, 1111, 1112, 1114, 1118, 1119, 1120, 1121, 1123, 1124, 1125, 1127, 1131, 1132, 1134, 1136, 1138, 1139, 1140, 1141, 1142, 1145, 1146, 1148, 1150, 1154, 1155, 1157, 1160, 1161, 1164, 1165, 1167, 1168, 1169, 1171, 1173, 1174, 1175, 1177, 1179, 1180, 1181, 1185, 1186, 1188, 1189, 1190, 1192, 1193, 1195, 1196, 1197, 1198, 1199, 1200, 1201, 1202, 1203, 1204, 1205, 1206, 1207, 1208, 1209, 1210, 1211, 1212, 1213, 1214, 1215, 1216, 1217, 1218, 1219, 1220, 1221, 1222, 1223, 1224, 1225, 1226, 1227, 1228, 1229, 1231, 1232, 1233, 1234, 1235, 1236, 1238, 1239, 1242, 1243, 1244, 1245, 1246, 1247, 1249, 1250, 1251, 1252, 1253, 1254, 1255, 1256, 1257, 1259, 1260, 1262, 1263, 1265, 1266, 1267, 1269, 1270, 1272, 1273, 1275, 1276, 1277, 1278, 1279, 1280, 1289, 1290, 1295, 1297, 1300, 1305, 1315, 1327, 1352, 1385, 1424]}, "histogram": {"y": [1, 1, 1, 4, 3, 2, 5, 7, 6, 2, 8, 4, 4, 12, 11, 13, 12, 15, 17, 15, 8, 11, 17, 13, 13, 14, 10, 14, 24, 74, 44, 19, 20, 16, 14, 5, 2, 1, 0, 1, 0, 1, 0, 1, 0], "x": [765.0, 780.0, 795.0, 810.0, 825.0, 840.0, 855.0, 870.0, 885.0, 900.0, 915.0, 930.0, 945.0, 960.0, 975.0, 990.0, 1005.0, 1020.0, 1035.0, 1050.0, 1065.0, 1080.0, 1095.0, 1110.0, 1125.0, 1140.0, 1155.0, 1170.0, 1185.0, 1200.0, 1215.0, 1230.0, 1245.0, 1260.0, 1275.0, 1290.0, 1305.0, 1320.0, 1335.0, 1350.0, 1365.0, 1380.0, 1395.0, 1410.0, 1425.0]}}