{"percentile": {"x": [869, 895, 905, 915, 926, 945, 947, 948, 978, 979, 983, 984, 989, 990, 1019, 1024, 1026, 1036, 1046, 1051, 1056, 1058, 1064, 1066, 1079, 1081, 1087, 1114, 1115, 1118, 1119, 1120, 1122, 1123, 1130, 1132, 1138, 1140, 1150, 1151, 1154, 1159, 1160, 1161, 1162, 1164, 1175, 1176, 1180, 1181, 1182, 1189, 1191, 1195, 1199, 1201, 1204, 1205, 1206, 1207, 1208, 1209, 1210, 1211, 1212, 1213, 1214, 1215, 1216, 1217, 1218, 1219, 1220, 1222, 1223, 1225, 1226, 1227, 1230, 1232, 1233, 1234, 1235, 1236, 1237, 1239, 1240, 1241, 1245, 1247, 1250, 1251, 1252, 1253, 1254, 1257, 1258, 1259, 1265, 1267, 1269, 1270, 1271, 1273, 1275, 1277, 1278, 1279, 1280, 1295, 1300, 1333, 1344], "y": [99.5, 98.9, 98.3, 97.8, 97.2, 96.6, 96.0, 95.5, 94.9, 94.3, 93.7, 93.2, 92.6, 92.0, 91.4, 90.9, 89.7, 89.1, 88.6, 88.0, 87.4, 86.8, 86.3, 85.7, 85.1, 84.5, 84.0, 83.4, 82.8, 82.2, 81.7, 81.1, 80.5, 79.4, 78.2, 77.6, 77.1, 75.9, 75.3, 74.8, 74.2, 73.6, 72.5, 71.9, 71.3, 70.7, 70.2, 69.6, 69.0, 68.4, 67.3, 66.7, 65.6, 65.0, 64.4, 63.8, 62.7, 61.5, 59.2, 58.1, 55.2, 53.5, 51.8, 50.0, 48.3, 46.6, 45.5, 44.3, 43.7, 43.2, 42.6, 41.4, 39.1, 38.0, 37.4, 36.8, 35.7, 34.5, 33.400000000000006, 32.8, 32.2, 31.700000000000003, 29.400000000000006, 28.799999999999997, 27.099999999999994, 26.5, 25.299999999999997, 24.799999999999997, 23.0, 21.299999999999997, 20.200000000000003, 19.599999999999994, 18.400000000000006, 16.700000000000003, 15.0, 13.299999999999997, 12.099999999999994, 11.5, 10.400000000000006, 9.200000000000003, 8.700000000000003, 7.5, 6.400000000000006, 5.200000000000003, 4.599999999999994, 3.5, 2.9000000000000057, 2.299999999999997, 1.7999999999999972, 1.2000000000000028, 0.5999999999999943, 0.0, -0.5]}, "histogram": {"x": [860.0, 880.0, 900.0, 920.0, 940.0, 960.0, 980.0, 1000.0, 1020.0, 1040.0, 1060.0, 1080.0, 1100.0, 1120.0, 1140.0, 1160.0, 1180.0, 1200.0, 1220.0, 1240.0, 1260.0, 1280.0, 1300.0, 1320.0, 1340.0], "y": [1, 1, 2, 1, 3, 2, 4, 1, 4, 4, 3, 2, 4, 8, 6, 7, 9, 40, 26, 26, 16, 2, 1, 1, 1]}}