{"histogram": {"y": [1, 0, 0, 0, 0, 2, 1, 5, 1, 2, 1, 2, 4, 3, 7, 7, 6, 1, 7, 9, 9, 9, 6, 5, 5, 25, 15, 10, 13, 1, 0], "x": [720.0, 740.0, 760.0, 780.0, 800.0, 820.0, 840.0, 860.0, 880.0, 900.0, 920.0, 940.0, 960.0, 980.0, 1000.0, 1020.0, 1040.0, 1060.0, 1080.0, 1100.0, 1120.0, 1140.0, 1160.0, 1180.0, 1200.0, 1220.0, 1240.0, 1260.0, 1280.0, 1300.0]}, "percentile": {"y": [99.4, 98.8, 98.1, 97.5, 96.8, 96.2, 95.6, 94.3, 93.6, 93.0, 92.4, 91.7, 91.1, 90.4, 89.8, 89.2, 87.9, 87.2, 86.6, 85.9, 85.3, 84.7, 84.0, 82.7, 82.1, 81.5, 80.8, 80.2, 79.5, 78.9, 78.3, 77.0, 76.3, 75.7, 75.0, 73.8, 73.1, 72.5, 71.8, 71.2, 70.6, 69.3, 68.6, 68.0, 67.4, 66.1, 65.4, 64.8, 63.5, 62.9, 62.2, 61.6, 60.9, 60.3, 59.7, 59.0, 58.4, 57.1, 56.5, 55.2, 54.5, 53.9, 53.3, 52.0, 51.3, 50.7, 50.0, 49.4, 48.8, 47.5, 46.8, 46.2, 45.6, 44.9, 44.3, 43.6, 43.0, 42.4, 41.7, 41.1, 40.4, 39.8, 37.9, 37.2, 36.6, 33.400000000000006, 32.7, 31.5, 29.5, 28.900000000000006, 28.299999999999997, 27.599999999999994, 26.299999999999997, 25.700000000000003, 25.0, 24.400000000000006, 23.099999999999994, 22.5, 21.799999999999997, 20.599999999999994, 19.900000000000006, 18.599999999999994, 18.0, 17.400000000000006, 16.700000000000003, 15.400000000000006, 14.799999999999997, 14.200000000000003, 12.900000000000006, 12.200000000000003, 11.599999999999994, 10.900000000000006, 9.700000000000003, 9.0, 8.400000000000006, 6.5, 5.799999999999997, 5.200000000000003, 4.5, 3.9000000000000057, 3.299999999999997, 1.2999999999999972, 0.0, -0.5999999999999943], "x": [703, 803, 816, 837, 844, 852, 854, 859, 875, 885, 892, 908, 935, 937, 943, 948, 953, 963, 965, 969, 981, 983, 988, 994, 995, 997, 1001, 1004, 1009, 1011, 1016, 1019, 1026, 1027, 1029, 1030, 1033, 1046, 1062, 1065, 1066, 1071, 1075, 1079, 1082, 1085, 1086, 1089, 1090, 1094, 1096, 1101, 1106, 1107, 1108, 1110, 1112, 1113, 1117, 1120, 1125, 1128, 1129, 1131, 1137, 1138, 1145, 1150, 1151, 1158, 1159, 1160, 1170, 1175, 1177, 1179, 1183, 1189, 1191, 1193, 1194, 1200, 1201, 1202, 1203, 1205, 1206, 1207, 1208, 1209, 1210, 1211, 1214, 1215, 1218, 1219, 1221, 1223, 1224, 1226, 1228, 1229, 1230, 1234, 1235, 1237, 1239, 1243, 1246, 1247, 1249, 1254, 1255, 1257, 1258, 1260, 1266, 1267, 1269, 1273, 1275, 1276, 1278, 1297]}}