{"histogram": {"y": [1, 0, 1, 0, 1, 0, 0, 0, 3, 1, 2, 5, 4, 4, 5, 4, 2, 6, 4, 3, 8, 6, 4, 5, 14, 16, 3, 33, 18, 15, 18, 11, 3, 3, 1, 0], "x": [795.0, 810.0, 825.0, 840.0, 855.0, 870.0, 885.0, 900.0, 915.0, 930.0, 945.0, 960.0, 975.0, 990.0, 1005.0, 1020.0, 1035.0, 1050.0, 1065.0, 1080.0, 1095.0, 1110.0, 1125.0, 1140.0, 1155.0, 1170.0, 1185.0, 1200.0, 1215.0, 1230.0, 1245.0, 1260.0, 1275.0, 1290.0, 1305.0, 1320.0]}, "percentile": {"y": [99.6, 99.1, 98.6, 97.6, 97.1, 96.6, 96.1, 95.6, 95.1, 94.6, 93.6, 93.2, 92.7, 92.2, 91.7, 91.2, 90.7, 90.2, 89.7, 89.2, 88.7, 88.2, 87.2, 86.7, 86.3, 85.3, 84.8, 84.3, 83.8, 82.8, 82.3, 81.8, 81.3, 80.8, 80.3, 79.4, 78.9, 78.4, 77.9, 77.4, 76.9, 75.9, 74.4, 73.4, 73.0, 72.0, 71.5, 71.0, 70.5, 70.0, 69.0, 68.5, 68.0, 67.5, 67.0, 66.6, 66.1, 65.1, 64.1, 62.6, 62.1, 61.6, 60.6, 60.1, 59.7, 59.2, 58.7, 57.2, 56.7, 56.2, 55.7, 55.2, 54.7, 54.2, 53.3, 51.3, 50.8, 50.3, 49.8, 48.3, 47.8, 46.8, 45.4, 43.9, 41.9, 39.5, 38.5, 35.5, 35.0, 34.0, 33.5, 33.099999999999994, 32.599999999999994, 31.599999999999994, 31.099999999999994, 30.599999999999994, 30.099999999999994, 28.599999999999994, 27.599999999999994, 27.099999999999994, 25.200000000000003, 24.700000000000003, 24.200000000000003, 23.700000000000003, 23.200000000000003, 22.700000000000003, 22.200000000000003, 21.700000000000003, 21.200000000000003, 20.200000000000003, 18.299999999999997, 17.799999999999997, 17.299999999999997, 15.299999999999997, 13.799999999999997, 13.400000000000006, 12.400000000000006, 11.900000000000006, 11.400000000000006, 10.400000000000006, 9.900000000000006, 9.400000000000006, 8.900000000000006, 8.400000000000006, 7.900000000000006, 7.400000000000006, 6.900000000000006, 6.5, 5.0, 4.5, 4.0, 3.5, 3.0, 2.5, 2.0, 1.5, 1.0, 0.5, 0.0, -0.4000000000000057], "x": [799, 829, 855, 920, 926, 934, 948, 958, 964, 969, 970, 974, 979, 981, 985, 989, 991, 995, 999, 1001, 1005, 1013, 1015, 1016, 1022, 1025, 1034, 1035, 1040, 1055, 1057, 1058, 1061, 1063, 1066, 1077, 1078, 1081, 1087, 1094, 1098, 1100, 1106, 1109, 1113, 1116, 1118, 1119, 1124, 1125, 1127, 1135, 1144, 1146, 1152, 1153, 1154, 1155, 1156, 1158, 1161, 1162, 1164, 1165, 1166, 1167, 1170, 1173, 1176, 1177, 1178, 1179, 1180, 1182, 1183, 1184, 1189, 1194, 1198, 1201, 1202, 1203, 1205, 1206, 1207, 1208, 1209, 1210, 1212, 1213, 1214, 1215, 1216, 1217, 1218, 1220, 1221, 1222, 1223, 1225, 1228, 1229, 1230, 1231, 1233, 1235, 1236, 1237, 1238, 1239, 1240, 1243, 1244, 1245, 1247, 1248, 1249, 1250, 1252, 1253, 1254, 1255, 1257, 1259, 1261, 1262, 1263, 1264, 1265, 1268, 1270, 1272, 1274, 1275, 1277, 1279, 1293, 1294, 1300, 1310]}}