{"histogram": {"y": [1, 0, 0, 1, 0, 1, 0, 5, 6, 8, 8, 8, 7, 2, 1], "x": [1095.0, 1110.0, 1125.0, 1140.0, 1155.0, 1170.0, 1185.0, 1200.0, 1215.0, 1230.0, 1245.0, 1260.0, 1275.0, 1290.0, 1305.0]}, "percentile": {"y": [97.9, 95.8, 93.7, 89.4, 85.2, 83.0, 80.9, 78.8, 76.6, 74.5, 72.4, 70.3, 68.1, 66.0, 61.8, 59.6, 55.4, 53.2, 49.0, 46.9, 42.6, 40.5, 38.3, 36.2, 34.099999999999994, 29.799999999999997, 27.700000000000003, 23.5, 19.200000000000003, 14.900000000000006, 10.700000000000003, 4.299999999999997, 2.200000000000003, 0.0, -2.0999999999999943], "x": [1104, 1151, 1179, 1208, 1210, 1211, 1220, 1222, 1223, 1224, 1225, 1228, 1233, 1234, 1236, 1239, 1241, 1242, 1245, 1249, 1250, 1251, 1255, 1259, 1260, 1265, 1266, 1267, 1273, 1275, 1277, 1280, 1294, 1303, 1308]}}