{"percentile": {"y": [99.1, 98.1, 97.2, 96.2, 95.2, 94.3, 93.3, 92.4, 91.4, 90.4, 89.5, 88.5, 87.5, 86.6, 85.6, 84.7, 83.7, 82.7, 81.8, 80.8, 79.9, 78.9, 77.9, 77.0, 76.0, 75.0, 74.1, 73.1, 72.2, 71.2, 70.2, 69.3, 68.3, 67.4, 66.4, 64.5, 63.5, 62.5, 61.6, 60.6, 59.7, 58.7, 57.7, 56.8, 55.8, 54.9, 53.9, 52.9, 51.0, 50.0, 49.1, 48.1, 47.2, 46.2, 45.2, 44.3, 43.3, 42.4, 41.4, 39.5, 36.6, 35.599999999999994, 34.7, 33.7, 32.7, 30.799999999999997, 29.900000000000006, 27.0, 26.0, 24.099999999999994, 22.200000000000003, 21.200000000000003, 19.299999999999997, 17.400000000000006, 16.400000000000006, 14.5, 12.5, 11.599999999999994, 10.599999999999994, 9.700000000000003, 8.700000000000003, 7.700000000000003, 6.799999999999997, 5.799999999999997, 4.900000000000006, 3.9000000000000057, 2.9000000000000057, 2.0, 1.0, 0.0, -0.9000000000000057], "x": [687, 715, 764, 812, 818, 833, 847, 858, 860, 869, 895, 897, 906, 916, 918, 920, 929, 937, 946, 957, 970, 972, 977, 978, 997, 1000, 1004, 1006, 1018, 1027, 1030, 1031, 1033, 1034, 1037, 1041, 1051, 1052, 1061, 1063, 1065, 1071, 1072, 1077, 1089, 1106, 1108, 1112, 1116, 1119, 1133, 1148, 1151, 1167, 1173, 1177, 1181, 1190, 1200, 1201, 1202, 1203, 1204, 1206, 1207, 1208, 1209, 1212, 1213, 1214, 1215, 1220, 1225, 1227, 1232, 1233, 1234, 1235, 1244, 1248, 1254, 1255, 1265, 1267, 1272, 1275, 1277, 1280, 1304, 1321, 1424]}, "histogram": {"y": [1, 1, 0, 0, 1, 0, 2, 1, 2, 2, 2, 3, 3, 2, 4, 1, 4, 6, 4, 6, 1, 6, 1, 2, 3, 2, 21, 11, 4, 5, 1, 1, 1, 0, 0, 0, 0, 1], "x": [700.0, 720.0, 740.0, 760.0, 780.0, 800.0, 820.0, 840.0, 860.0, 880.0, 900.0, 920.0, 940.0, 960.0, 980.0, 1000.0, 1020.0, 1040.0, 1060.0, 1080.0, 1100.0, 1120.0, 1140.0, 1160.0, 1180.0, 1200.0, 1220.0, 1240.0, 1260.0, 1280.0, 1300.0, 1320.0, 1340.0, 1360.0, 1380.0, 1400.0, 1420.0]}}