{"percentile": {"x": [833, 931, 961, 1011, 1031, 1056, 1066, 1073, 1086, 1098, 1118, 1126, 1134, 1141, 1144, 1146, 1163, 1191, 1201, 1205, 1206, 1207, 1208, 1209, 1212, 1213, 1214, 1215, 1219, 1223, 1224, 1225, 1228, 1230, 1231, 1233, 1234, 1235, 1236, 1237, 1240, 1242, 1245, 1248, 1250, 1251, 1253, 1257, 1258, 1260, 1261, 1262, 1265, 1267, 1268, 1271, 1272, 1273, 1274, 1277, 1278, 1279, 1284, 1289, 1290, 1298, 1301, 1311, 1312, 1320, 1328], "y": [98.9, 97.8, 96.6, 95.5, 94.3, 93.2, 92.0, 90.9, 89.7, 88.6, 87.4, 86.3, 85.1, 84.0, 82.8, 81.7, 80.5, 79.4, 78.2, 77.1, 75.9, 74.8, 71.3, 69.0, 67.9, 65.6, 62.1, 59.8, 57.5, 55.2, 54.1, 52.9, 51.8, 50.6, 47.2, 46.0, 44.9, 41.4, 40.3, 39.1, 38.0, 36.8, 35.7, 34.5, 33.400000000000006, 32.2, 31.099999999999994, 29.900000000000006, 28.799999999999997, 27.599999999999994, 26.5, 25.299999999999997, 24.200000000000003, 23.0, 21.900000000000006, 20.700000000000003, 18.400000000000006, 16.099999999999994, 15.0, 13.799999999999997, 12.700000000000003, 10.400000000000006, 9.200000000000003, 6.900000000000006, 5.799999999999997, 4.599999999999994, 3.5, 2.299999999999997, 1.2000000000000028, 0.0, -1.0999999999999943]}, "histogram": {"x": [825.0, 840.0, 855.0, 870.0, 885.0, 900.0, 915.0, 930.0, 945.0, 960.0, 975.0, 990.0, 1005.0, 1020.0, 1035.0, 1050.0, 1065.0, 1080.0, 1095.0, 1110.0, 1125.0, 1140.0, 1155.0, 1170.0, 1185.0, 1200.0, 1215.0, 1230.0, 1245.0, 1260.0, 1275.0, 1290.0, 1305.0, 1320.0, 1335.0], "y": [1, 0, 0, 0, 0, 0, 0, 1, 0, 1, 0, 0, 1, 1, 0, 1, 2, 1, 1, 1, 2, 3, 1, 0, 1, 15, 9, 13, 7, 12, 7, 3, 2, 2, 0]}}