{"percentile": {"y": [95.3, 90.5, 85.8, 81.0, 76.2, 71.5, 66.7, 62.0, 52.4, 47.7, 42.9, 33.400000000000006, 28.599999999999994, 23.900000000000006, 19.099999999999994, 14.299999999999997, 9.599999999999994, 4.799999999999997, 0.0, -4.700000000000003], "x": [1082, 1090, 1152, 1191, 1194, 1196, 1204, 1207, 1208, 1210, 1213, 1215, 1217, 1231, 1254, 1256, 1270, 1272, 1273, 1300]}, "histogram": {"y": [2, 0, 0, 0, 1, 0, 0, 3, 6, 3, 1, 2, 3, 0, 1, 0], "x": [1080.0, 1095.0, 1110.0, 1125.0, 1140.0, 1155.0, 1170.0, 1185.0, 1200.0, 1215.0, 1230.0, 1245.0, 1260.0, 1275.0, 1290.0, 1305.0]}}