{"histogram": {"x": [840.0, 860.0, 880.0, 900.0, 920.0, 940.0, 960.0, 980.0, 1000.0, 1020.0, 1040.0, 1060.0, 1080.0, 1100.0, 1120.0, 1140.0, 1160.0, 1180.0, 1200.0, 1220.0, 1240.0, 1260.0, 1280.0, 1300.0], "y": [1, 0, 1, 1, 0, 0, 1, 0, 0, 0, 5, 2, 3, 0, 2, 2, 2, 3, 11, 5, 4, 7, 2, 0]}, "percentile": {"x": [843, 881, 906, 979, 1044, 1045, 1049, 1052, 1064, 1075, 1082, 1097, 1098, 1120, 1131, 1155, 1169, 1170, 1185, 1188, 1190, 1204, 1205, 1206, 1209, 1210, 1211, 1212, 1213, 1215, 1220, 1221, 1223, 1229, 1230, 1241, 1245, 1247, 1258, 1261, 1262, 1263, 1265, 1266, 1272, 1275, 1288, 1290], "y": [98.1, 96.1, 94.2, 92.2, 90.2, 88.3, 84.4, 82.4, 80.4, 78.5, 76.5, 74.6, 72.6, 70.6, 68.7, 64.8, 62.8, 60.8, 58.9, 56.9, 55.0, 53.0, 51.0, 49.1, 45.1, 43.2, 41.2, 37.3, 35.3, 33.400000000000006, 31.400000000000006, 29.5, 27.5, 25.5, 23.599999999999994, 21.599999999999994, 19.700000000000003, 17.700000000000003, 15.700000000000003, 13.799999999999997, 11.799999999999997, 9.900000000000006, 7.900000000000006, 5.900000000000006, 4.0, 2.0, 0.0, -1.9000000000000057]}}