{"histogram": {"y": [1, 0, 0, 1, 4, 0, 3, 3, 2, 8, 5, 6, 8, 4, 3, 9, 7, 44, 25, 18, 21, 4, 1, 1, 0, 1, 0], "x": [880.0, 900.0, 920.0, 940.0, 960.0, 980.0, 1000.0, 1020.0, 1040.0, 1060.0, 1080.0, 1100.0, 1120.0, 1140.0, 1160.0, 1180.0, 1200.0, 1220.0, 1240.0, 1260.0, 1280.0, 1300.0, 1320.0, 1340.0, 1360.0, 1380.0]}, "percentile": {"y": [99.5, 98.9, 98.4, 97.8, 97.2, 96.7, 96.1, 95.6, 95.0, 94.4, 93.9, 93.3, 92.7, 92.2, 91.6, 91.1, 90.5, 89.9, 89.4, 88.3, 87.7, 87.1, 86.6, 86.0, 85.4, 84.9, 84.3, 83.8, 83.2, 82.6, 82.1, 81.5, 80.4, 79.8, 79.3, 78.7, 78.1, 77.0, 76.5, 75.3, 74.8, 74.2, 73.6, 73.1, 72.5, 72.0, 71.4, 70.8, 70.3, 69.7, 69.2, 68.6, 68.0, 67.5, 66.3, 65.8, 64.7, 64.1, 63.5, 61.8, 59.6, 57.4, 56.2, 55.1, 54.5, 52.9, 51.2, 49.5, 47.8, 44.4, 42.7, 41.1, 39.4, 38.3, 37.7, 36.6, 35.400000000000006, 34.900000000000006, 34.3, 33.2, 32.099999999999994, 31.5, 30.400000000000006, 29.799999999999997, 29.299999999999997, 28.700000000000003, 28.099999999999994, 25.299999999999997, 24.200000000000003, 23.099999999999994, 22.0, 20.799999999999997, 20.299999999999997, 19.200000000000003, 18.0, 17.5, 16.900000000000006, 16.299999999999997, 15.799999999999997, 15.200000000000003, 14.700000000000003, 14.099999999999994, 13.0, 10.700000000000003, 10.200000000000003, 8.5, 6.799999999999997, 6.200000000000003, 4.5, 3.4000000000000057, 2.299999999999997, 1.7000000000000028, 1.2000000000000028, 0.5999999999999943, 0.0, -0.5], "x": [871, 926, 941, 942, 945, 958, 992, 994, 995, 1010, 1011, 1012, 1024, 1037, 1040, 1042, 1043, 1045, 1049, 1051, 1059, 1061, 1067, 1068, 1070, 1073, 1083, 1091, 1093, 1096, 1097, 1099, 1101, 1103, 1104, 1105, 1106, 1107, 1129, 1131, 1132, 1141, 1151, 1157, 1161, 1164, 1168, 1170, 1173, 1174, 1175, 1176, 1177, 1181, 1187, 1189, 1192, 1194, 1200, 1201, 1202, 1203, 1204, 1205, 1206, 1208, 1209, 1211, 1212, 1213, 1214, 1215, 1217, 1220, 1222, 1223, 1225, 1227, 1228, 1229, 1230, 1231, 1232, 1233, 1234, 1237, 1238, 1239, 1241, 1242, 1243, 1244, 1245, 1248, 1250, 1253, 1254, 1255, 1256, 1259, 1261, 1262, 1263, 1265, 1266, 1268, 1269, 1273, 1275, 1277, 1280, 1282, 1287, 1305, 1324, 1379]}}