{"histogram": {"y": [1, 0, 0, 0, 0, 0, 0, 0, 0, 0, 0, 0, 1, 0, 0, 0, 0, 0, 0, 0, 0, 0, 0, 2, 1, 2, 2, 2, 0, 1, 0, 0, 0, 0, 0, 0, 0, 1, 0], "x": [855.0, 870.0, 885.0, 900.0, 915.0, 930.0, 945.0, 960.0, 975.0, 990.0, 1005.0, 1020.0, 1035.0, 1050.0, 1065.0, 1080.0, 1095.0, 1110.0, 1125.0, 1140.0, 1155.0, 1170.0, 1185.0, 1200.0, 1215.0, 1230.0, 1245.0, 1260.0, 1275.0, 1290.0, 1305.0, 1320.0, 1335.0, 1350.0, 1365.0, 1380.0, 1395.0, 1410.0, 1425.0]}, "percentile": {"y": [91.7, 83.4, 75.0, 66.7, 58.4, 50.0, 41.7, 33.400000000000006, 25.0, 16.700000000000003, 8.400000000000006, 0.0, -8.299999999999997], "x": [860, 1041, 1208, 1210, 1226, 1234, 1240, 1251, 1253, 1265, 1268, 1295, 1424]}}