{"histogram": {"x": [780.0, 800.0, 820.0, 840.0, 860.0, 880.0, 900.0, 920.0, 940.0, 960.0, 980.0, 1000.0, 1020.0, 1040.0, 1060.0, 1080.0, 1100.0, 1120.0, 1140.0, 1160.0, 1180.0, 1200.0, 1220.0, 1240.0, 1260.0, 1280.0, 1300.0, 1320.0, 1340.0, 1360.0, 1380.0, 1400.0, 1420.0], "y": [1, 0, 0, 0, 1, 0, 0, 3, 3, 1, 3, 4, 2, 2, 11, 3, 6, 7, 5, 4, 4, 56, 44, 47, 56, 22, 8, 6, 2, 0, 1, 7, 1]}, "percentile": {"x": [792, 866, 929, 930, 931, 945, 948, 954, 963, 981, 986, 987, 1009, 1011, 1016, 1020, 1024, 1041, 1052, 1060, 1062, 1063, 1068, 1069, 1070, 1075, 1079, 1082, 1092, 1099, 1106, 1111, 1113, 1114, 1117, 1121, 1122, 1124, 1128, 1130, 1142, 1150, 1152, 1154, 1157, 1166, 1171, 1179, 1187, 1194, 1195, 1197, 1201, 1202, 1203, 1205, 1206, 1207, 1208, 1209, 1210, 1211, 1212, 1213, 1214, 1215, 1216, 1217, 1218, 1219, 1220, 1221, 1222, 1223, 1225, 1227, 1228, 1229, 1230, 1231, 1232, 1233, 1234, 1235, 1236, 1237, 1239, 1240, 1241, 1242, 1243, 1245, 1246, 1247, 1248, 1249, 1250, 1251, 1252, 1253, 1254, 1255, 1256, 1257, 1258, 1259, 1260, 1261, 1262, 1263, 1264, 1265, 1266, 1268, 1269, 1270, 1271, 1272, 1273, 1274, 1275, 1276, 1277, 1278, 1279, 1280, 1281, 1283, 1284, 1285, 1286, 1287, 1288, 1290, 1292, 1293, 1294, 1298, 1300, 1301, 1302, 1303, 1304, 1305, 1316, 1317, 1320, 1322, 1326, 1327, 1331, 1332, 1345, 1358, 1399, 1415, 1423], "y": [99.7, 99.4, 99.1, 98.8, 98.4, 98.1, 97.8, 97.5, 97.1, 96.8, 96.5, 96.2, 95.5, 95.2, 94.9, 94.5, 94.2, 93.9, 93.6, 93.3, 92.6, 92.3, 92.0, 91.6, 91.3, 90.7, 90.0, 89.7, 89.4, 89.0, 88.7, 88.4, 88.1, 87.8, 87.1, 86.8, 86.1, 85.8, 85.5, 84.8, 84.5, 84.2, 83.9, 83.5, 83.2, 82.9, 82.6, 81.9, 81.6, 81.3, 81.0, 80.6, 80.3, 80.0, 79.7, 79.0, 78.0, 77.4, 76.7, 75.1, 74.5, 73.2, 70.9, 69.6, 68.3, 65.4, 64.5, 64.1, 63.2, 62.5, 61.2, 60.6, 59.6, 59.3, 58.3, 58.0, 57.0, 56.0, 55.1, 54.1, 53.4, 52.5, 51.8, 50.5, 50.2, 49.6, 48.3, 47.6, 47.0, 46.3, 44.7, 43.7, 42.4, 41.2, 40.5, 40.2, 39.2, 38.6, 37.9, 36.6, 36.3, 35.3, 35.0, 34.0, 33.7, 33.099999999999994, 32.400000000000006, 31.400000000000006, 30.799999999999997, 29.799999999999997, 28.900000000000006, 27.900000000000006, 27.200000000000003, 26.599999999999994, 25.299999999999997, 24.599999999999994, 23.400000000000006, 22.099999999999994, 19.799999999999997, 19.5, 18.200000000000003, 17.799999999999997, 16.200000000000003, 15.900000000000006, 14.900000000000006, 14.599999999999994, 14.299999999999997, 14.0, 13.0, 12.299999999999997, 11.700000000000003, 11.400000000000006, 10.700000000000003, 9.400000000000006, 9.099999999999994, 8.799999999999997, 8.5, 7.799999999999997, 7.5, 7.200000000000003, 6.799999999999997, 6.5, 6.200000000000003, 5.900000000000006, 5.599999999999994, 5.200000000000003, 4.900000000000006, 4.599999999999994, 4.299999999999997, 3.9000000000000057, 3.5999999999999943, 3.299999999999997, 3.0, 2.5999999999999943, 2.299999999999997, 0.0, -0.29999999999999716]}}