{"percentile": {"y": [99.8, 99.6, 99.4, 99.2, 99.0, 98.8, 98.6, 98.4, 98.2, 98.0, 97.8, 97.6, 97.4, 97.0, 96.8, 96.6, 96.3, 96.1, 95.9, 95.7, 95.5, 95.3, 95.1, 94.9, 94.5, 94.3, 94.1, 93.9, 93.7, 93.5, 93.3, 93.1, 92.8, 92.6, 92.4, 92.2, 91.8, 91.6, 91.4, 91.2, 90.8, 90.0, 89.6, 89.4, 88.9, 88.5, 88.3, 88.1, 87.7, 87.5, 87.3, 87.1, 86.9, 86.7, 86.3, 86.1, 85.6, 85.4, 85.2, 85.0, 84.6, 84.2, 83.8, 83.6, 83.2, 83.0, 82.4, 81.9, 81.5, 81.3, 81.1, 80.9, 80.7, 80.5, 80.3, 79.9, 79.5, 79.3, 79.1, 78.4, 78.2, 78.0, 77.6, 77.4, 77.2, 77.0, 76.8, 76.6, 76.4, 76.2, 76.0, 75.8, 75.6, 75.4, 75.2, 74.7, 74.3, 74.1, 73.3, 73.1, 72.9, 72.7, 72.5, 72.3, 72.1, 71.9, 71.7, 71.2, 70.8, 70.6, 70.4, 69.8, 69.4, 69.2, 68.8, 68.2, 68.0, 67.5, 67.1, 66.9, 66.3, 66.1, 65.7, 65.5, 65.1, 64.9, 64.7, 64.5, 64.2, 64.0, 63.8, 63.4, 63.0, 62.8, 62.4, 62.2, 62.0, 61.8, 61.2, 61.0, 60.7, 60.3, 60.1, 59.9, 59.7, 59.5, 59.3, 58.7, 58.5, 57.7, 56.8, 56.2, 56.0, 55.6, 55.2, 55.0, 54.8, 54.6, 54.4, 54.0, 53.5, 53.3, 52.9, 52.7, 52.3, 52.1, 51.5, 50.7, 50.5, 49.4, 49.0, 48.8, 48.2, 48.0, 47.4, 47.2, 45.5, 45.3, 43.9, 42.8, 41.8, 40.6, 40.4, 38.3, 36.9, 34.8, 33.599999999999994, 32.099999999999994, 30.900000000000006, 30.700000000000003, 30.099999999999994, 29.700000000000003, 29.5, 29.099999999999994, 28.700000000000003, 28.200000000000003, 28.0, 27.599999999999994, 27.200000000000003, 27.0, 26.0, 24.700000000000003, 23.700000000000003, 23.099999999999994, 22.900000000000006, 21.900000000000006, 21.700000000000003, 21.400000000000006, 20.599999999999994, 19.400000000000006, 18.799999999999997, 18.0, 17.700000000000003, 17.5, 17.299999999999997, 17.099999999999994, 16.700000000000003, 16.099999999999994, 15.700000000000003, 15.5, 15.099999999999994, 14.700000000000003, 14.5, 14.0, 13.599999999999994, 13.0, 12.799999999999997, 12.400000000000006, 12.200000000000003, 11.0, 9.5, 9.299999999999997, 8.900000000000006, 8.5, 7.700000000000003, 7.299999999999997, 6.599999999999994, 6.200000000000003, 5.599999999999994, 4.599999999999994, 4.0, 3.5, 2.9000000000000057, 2.299999999999997, 2.0999999999999943, 1.7000000000000028, 1.5, 1.2999999999999972, 1.0999999999999943, 0.9000000000000057, 0.7000000000000028, 0.5, 0.29999999999999716, 0.0, -0.20000000000000284], "x": [719, 763, 778, 789, 796, 820, 831, 832, 833, 837, 840, 850, 852, 859, 860, 861, 862, 874, 877, 878, 879, 880, 886, 889, 890, 899, 900, 902, 904, 906, 911, 921, 925, 926, 927, 928, 931, 938, 941, 946, 953, 954, 955, 959, 965, 971, 979, 980, 981, 982, 984, 986, 990, 992, 993, 999, 1000, 1001, 1003, 1008, 1009, 1010, 1014, 1016, 1017, 1018, 1019, 1020, 1025, 1026, 1028, 1029, 1030, 1033, 1034, 1035, 1037, 1038, 1039, 1041, 1042, 1048, 1049, 1050, 1051, 1052, 1054, 1055, 1060, 1061, 1063, 1064, 1065, 1068, 1070, 1072, 1073, 1074, 1075, 1077, 1078, 1079, 1086, 1092, 1093, 1094, 1095, 1096, 1097, 1099, 1100, 1102, 1103, 1105, 1107, 1108, 1110, 1111, 1113, 1115, 1116, 1117, 1118, 1120, 1123, 1124, 1127, 1128, 1130, 1131, 1133, 1134, 1135, 1136, 1137, 1138, 1141, 1143, 1144, 1145, 1150, 1151, 1152, 1153, 1155, 1158, 1159, 1160, 1164, 1165, 1166, 1167, 1168, 1170, 1174, 1175, 1176, 1177, 1178, 1179, 1180, 1182, 1183, 1185, 1187, 1189, 1192, 1193, 1195, 1196, 1197, 1198, 1199, 1200, 1201, 1202, 1203, 1204, 1205, 1206, 1207, 1208, 1209, 1210, 1211, 1212, 1213, 1214, 1215, 1216, 1217, 1218, 1219, 1220, 1222, 1223, 1224, 1225, 1226, 1228, 1229, 1230, 1231, 1232, 1234, 1235, 1236, 1238, 1239, 1240, 1242, 1243, 1244, 1245, 1246, 1247, 1248, 1250, 1251, 1252, 1253, 1255, 1256, 1258, 1259, 1260, 1261, 1262, 1263, 1265, 1266, 1267, 1268, 1269, 1270, 1271, 1272, 1273, 1274, 1275, 1276, 1277, 1278, 1280, 1283, 1288, 1290, 1295, 1302, 1312, 1327, 1330, 1331, 1416, 1424]}, "histogram": {"y": [1, 0, 0, 2, 2, 0, 5, 5, 7, 6, 5, 8, 11, 5, 11, 18, 16, 12, 19, 10, 24, 17, 14, 26, 28, 91, 43, 34, 52, 8, 2, 3, 0, 0, 0, 1, 1], "x": [700.0, 720.0, 740.0, 760.0, 780.0, 800.0, 820.0, 840.0, 860.0, 880.0, 900.0, 920.0, 940.0, 960.0, 980.0, 1000.0, 1020.0, 1040.0, 1060.0, 1080.0, 1100.0, 1120.0, 1140.0, 1160.0, 1180.0, 1200.0, 1220.0, 1240.0, 1260.0, 1280.0, 1300.0, 1320.0, 1340.0, 1360.0, 1380.0, 1400.0, 1420.0]}}