{"percentile": {"y": [98.8, 97.5, 96.3, 95.0, 93.7, 92.5, 91.2, 89.9, 88.7, 87.4, 86.1, 84.9, 83.6, 82.3, 81.1, 79.8, 78.5, 77.3, 76.0, 73.5, 72.2, 70.9, 69.7, 68.4, 67.1, 65.9, 64.6, 63.3, 60.8, 59.5, 58.3, 57.0, 55.7, 54.5, 53.2, 51.9, 50.7, 49.4, 48.2, 45.6, 44.4, 43.1, 41.8, 40.6, 39.3, 38.0, 36.8, 35.5, 34.2, 31.700000000000003, 30.400000000000006, 29.200000000000003, 27.900000000000006, 26.599999999999994, 25.400000000000006, 24.099999999999994, 21.599999999999994, 20.299999999999997, 19.0, 17.799999999999997, 15.200000000000003, 14.0, 12.700000000000003, 11.400000000000006, 10.200000000000003, 8.900000000000006, 7.599999999999994, 6.400000000000006, 5.099999999999994, 3.799999999999997, 2.5999999999999943, 1.2999999999999972, 0.0, -1.2000000000000028], "x": [698, 704, 766, 820, 865, 872, 875, 879, 899, 936, 942, 952, 954, 959, 974, 978, 983, 1007, 1008, 1010, 1017, 1028, 1040, 1045, 1052, 1059, 1070, 1073, 1080, 1112, 1115, 1121, 1129, 1131, 1134, 1138, 1143, 1147, 1149, 1151, 1152, 1159, 1171, 1180, 1189, 1194, 1197, 1199, 1201, 1203, 1206, 1207, 1209, 1211, 1213, 1214, 1220, 1223, 1225, 1230, 1234, 1237, 1242, 1244, 1249, 1255, 1258, 1263, 1272, 1274, 1279, 1324, 1325, 1343]}, "histogram": {"y": [1, 1, 0, 0, 1, 0, 0, 1, 0, 4, 1, 0, 1, 4, 2, 1, 5, 1, 4, 2, 2, 2, 5, 7, 1, 5, 9, 8, 5, 4, 0, 0, 2, 1], "x": [700.0, 720.0, 740.0, 760.0, 780.0, 800.0, 820.0, 840.0, 860.0, 880.0, 900.0, 920.0, 940.0, 960.0, 980.0, 1000.0, 1020.0, 1040.0, 1060.0, 1080.0, 1100.0, 1120.0, 1140.0, 1160.0, 1180.0, 1200.0, 1220.0, 1240.0, 1260.0, 1280.0, 1300.0, 1320.0, 1340.0]}}