{"histogram": {"y": [1, 0, 1, 1, 1, 1, 0, 0, 2, 0, 1, 2, 1, 6, 3, 5, 10, 8, 9, 14, 14, 12, 19, 23, 23, 21, 16, 22, 19, 17, 26, 15, 11, 22, 20, 22, 17, 24, 19, 117, 42, 44, 24, 41, 16, 5, 2, 5, 1, 0, 0, 0, 0, 1, 0], "x": [615.0, 630.0, 645.0, 660.0, 675.0, 690.0, 705.0, 720.0, 735.0, 750.0, 765.0, 780.0, 795.0, 810.0, 825.0, 840.0, 855.0, 870.0, 885.0, 900.0, 915.0, 930.0, 945.0, 960.0, 975.0, 990.0, 1005.0, 1020.0, 1035.0, 1050.0, 1065.0, 1080.0, 1095.0, 1110.0, 1125.0, 1140.0, 1155.0, 1170.0, 1185.0, 1200.0, 1215.0, 1230.0, 1245.0, 1260.0, 1275.0, 1290.0, 1305.0, 1320.0, 1335.0, 1350.0, 1365.0, 1380.0, 1395.0, 1410.0, 1425.0]}, "percentile": {"y": [99.9, 99.8, 99.6, 99.5, 99.4, 99.2, 99.1, 98.9, 98.8, 98.7, 98.5, 98.4, 98.1, 98.0, 97.8, 97.7, 97.6, 97.4, 97.3, 97.2, 97.0, 96.9, 96.7, 96.6, 96.5, 96.3, 96.2, 96.0, 95.8, 95.6, 95.5, 95.4, 95.2, 94.9, 94.8, 94.7, 94.5, 94.4, 94.3, 94.1, 94.0, 93.8, 93.7, 93.6, 93.2, 93.0, 92.9, 92.7, 92.6, 92.5, 92.3, 92.2, 92.0, 91.8, 91.6, 91.5, 91.1, 90.9, 90.7, 90.5, 90.4, 90.1, 90.0, 89.8, 89.7, 89.6, 89.4, 89.3, 89.2, 89.0, 88.7, 88.5, 88.3, 88.2, 88.0, 87.8, 87.6, 87.4, 87.2, 86.7, 86.5, 86.1, 86.0, 85.8, 85.7, 85.6, 85.0, 84.9, 84.7, 84.5, 84.3, 83.5, 83.1, 82.5, 82.3, 82.0, 81.8, 81.6, 81.4, 80.7, 80.6, 80.3, 79.9, 79.6, 79.5, 79.2, 78.9, 78.7, 78.4, 78.3, 78.1, 77.7, 77.4, 77.2, 77.0, 76.9, 76.5, 76.3, 76.0, 75.9, 75.8, 75.5, 75.4, 75.2, 74.9, 74.8, 74.4, 74.1, 73.8, 73.7, 73.4, 73.3, 73.0, 72.6, 72.5, 72.3, 72.2, 71.9, 71.4, 70.8, 70.5, 70.4, 70.3, 69.8, 69.6, 69.4, 69.3, 69.0, 68.6, 68.0, 67.8, 67.6, 67.5, 67.1, 66.8, 66.7, 66.5, 66.3, 66.1, 66.0, 65.4, 65.3, 64.9, 64.7, 64.5, 64.0, 63.6, 63.5, 63.1, 62.9, 62.7, 62.4, 62.1, 62.0, 61.7, 61.6, 61.3, 61.2, 61.0, 60.9, 60.7, 60.5, 60.0, 59.9, 59.8, 59.6, 59.2, 58.9, 58.8, 58.5, 58.4, 58.3, 58.1, 57.4, 57.3, 56.6, 56.2, 56.0, 55.9, 55.6, 55.5, 55.1, 54.7, 54.3, 54.1, 54.0, 53.7, 53.3, 53.0, 52.7, 52.5, 52.3, 52.2, 52.0, 51.8, 51.6, 51.5, 51.2, 50.9, 50.7, 50.4, 50.0, 49.6, 49.4, 49.3, 49.2, 48.7, 48.5, 48.3, 48.0, 47.9, 47.8, 47.6, 47.5, 46.9, 46.5, 46.4, 46.3, 46.1, 45.8, 45.4, 45.0, 44.7, 44.5, 44.2, 43.9, 43.6, 43.2, 43.1, 42.7, 42.4, 42.3, 42.0, 41.8, 41.7, 41.4, 41.2, 41.0, 40.0, 39.5, 38.3, 37.0, 35.900000000000006, 33.7, 32.7, 31.599999999999994, 30.700000000000003, 30.099999999999994, 28.700000000000003, 27.5, 27.099999999999994, 26.099999999999994, 24.900000000000006, 22.700000000000003, 22.5, 22.099999999999994, 21.700000000000003, 21.599999999999994, 21.400000000000006, 21.299999999999997, 20.599999999999994, 20.5, 19.900000000000006, 19.599999999999994, 19.099999999999994, 18.700000000000003, 18.0, 17.599999999999994, 17.299999999999997, 16.900000000000006, 16.5, 16.299999999999997, 16.200000000000003, 15.599999999999994, 14.799999999999997, 14.400000000000006, 14.099999999999994, 13.799999999999997, 13.400000000000006, 13.0, 12.900000000000006, 12.700000000000003, 12.599999999999994, 12.299999999999997, 12.200000000000003, 11.799999999999997, 11.599999999999994, 11.400000000000006, 11.200000000000003, 10.900000000000006, 10.700000000000003, 10.299999999999997, 10.099999999999994, 9.700000000000003, 9.299999999999997, 9.200000000000003, 9.0, 8.700000000000003, 8.599999999999994, 7.900000000000006, 7.599999999999994, 6.799999999999997, 6.700000000000003, 6.299999999999997, 5.599999999999994, 4.599999999999994, 4.200000000000003, 4.0, 3.799999999999997, 3.5, 3.200000000000003, 2.799999999999997, 2.4000000000000057, 2.0999999999999943, 1.7999999999999972, 1.5999999999999943, 1.4000000000000057, 1.2999999999999972, 1.2000000000000028, 1.0, 0.9000000000000057, 0.7000000000000028, 0.5999999999999943, 0.29999999999999716, 0.20000000000000284, 0.0, -0.09999999999999432], "x": [620, 651, 663, 681, 693, 742, 743, 768, 780, 788, 808, 810, 813, 820, 822, 823, 833, 836, 838, 840, 841, 847, 848, 849, 855, 856, 859, 861, 863, 864, 866, 868, 869, 870, 872, 873, 876, 879, 881, 884, 886, 888, 890, 892, 895, 896, 898, 900, 901, 902, 903, 905, 906, 909, 910, 911, 912, 914, 915, 916, 919, 920, 921, 922, 924, 925, 926, 927, 928, 929, 930, 931, 933, 935, 936, 937, 939, 944, 947, 948, 949, 950, 952, 953, 954, 955, 957, 958, 959, 960, 963, 964, 968, 969, 970, 971, 972, 974, 976, 977, 978, 979, 980, 982, 983, 984, 986, 987, 988, 990, 991, 992, 993, 996, 997, 998, 999, 1000, 1001, 1002, 1003, 1004, 1005, 1008, 1009, 1011, 1012, 1014, 1015, 1016, 1017, 1018, 1020, 1022, 1023, 1024, 1025, 1026, 1027, 1028, 1030, 1031, 1032, 1035, 1036, 1038, 1039, 1041, 1043, 1044, 1045, 1047, 1052, 1053, 1055, 1057, 1058, 1060, 1061, 1062, 1063, 1064, 1065, 1066, 1068, 1069, 1070, 1071, 1073, 1074, 1075, 1076, 1077, 1078, 1079, 1080, 1081, 1083, 1084, 1085, 1087, 1088, 1090, 1092, 1093, 1094, 1095, 1096, 1097, 1103, 1107, 1108, 1109, 1110, 1112, 1115, 1116, 1117, 1118, 1119, 1120, 1123, 1125, 1126, 1128, 1129, 1130, 1131, 1132, 1137, 1138, 1139, 1140, 1141, 1142, 1144, 1145, 1146, 1147, 1148, 1149, 1150, 1151, 1153, 1154, 1155, 1156, 1157, 1158, 1162, 1164, 1166, 1167, 1168, 1169, 1172, 1174, 1175, 1176, 1177, 1178, 1179, 1180, 1181, 1182, 1183, 1184, 1185, 1186, 1187, 1189, 1191, 1192, 1193, 1195, 1197, 1198, 1199, 1200, 1201, 1202, 1203, 1204, 1205, 1206, 1207, 1208, 1209, 1210, 1211, 1212, 1213, 1214, 1215, 1216, 1218, 1219, 1220, 1221, 1222, 1223, 1224, 1225, 1226, 1228, 1230, 1231, 1232, 1233, 1234, 1235, 1236, 1237, 1238, 1239, 1240, 1241, 1242, 1243, 1244, 1245, 1246, 1247, 1248, 1249, 1250, 1251, 1252, 1253, 1254, 1255, 1257, 1258, 1259, 1260, 1261, 1262, 1263, 1264, 1265, 1266, 1267, 1268, 1269, 1270, 1272, 1273, 1274, 1275, 1276, 1277, 1278, 1279, 1280, 1286, 1290, 1295, 1297, 1304, 1307, 1315, 1321, 1322, 1323, 1327, 1335, 1415]}}