{"histogram": {"x": [880.0, 900.0, 920.0, 940.0, 960.0, 980.0, 1000.0, 1020.0, 1040.0, 1060.0, 1080.0, 1100.0, 1120.0, 1140.0, 1160.0, 1180.0, 1200.0, 1220.0, 1240.0], "y": [1, 0, 0, 0, 1, 1, 0, 0, 2, 1, 1, 2, 0, 0, 0, 0, 1, 2, 3, 1]}, "percentile": {"x": [877, 953, 974, 1027, 1034, 1058, 1069, 1088, 1093, 1189, 1202, 1219, 1224, 1225, 1226, 1243], "y": [93.4, 86.7, 80.0, 73.4, 66.7, 60.0, 53.4, 46.7, 40.0, 33.400000000000006, 26.700000000000003, 20.0, 13.400000000000006, 6.700000000000003, 0.0, -6.599999999999994]}}