{"histogram": {"y": [2, 0, 2, 0, 3, 4, 7, 6, 9, 14, 6, 13, 16, 17, 15, 27, 19, 29, 44, 35, 46, 31, 39, 50, 69, 243, 162, 154, 157, 36, 14, 10, 3, 3, 2, 3, 2, 0], "x": [700.0, 720.0, 740.0, 760.0, 780.0, 800.0, 820.0, 840.0, 860.0, 880.0, 900.0, 920.0, 940.0, 960.0, 980.0, 1000.0, 1020.0, 1040.0, 1060.0, 1080.0, 1100.0, 1120.0, 1140.0, 1160.0, 1180.0, 1200.0, 1220.0, 1240.0, 1260.0, 1280.0, 1300.0, 1320.0, 1340.0, 1360.0, 1380.0, 1400.0, 1420.0, 1440.0]}, "percentile": {"y": [100.0, 99.9, 99.7, 99.7, 99.6, 99.5, 99.4, 99.4, 99.3, 99.2, 99.1, 99.0, 99.0, 98.9, 98.8, 98.7, 98.6, 98.5, 98.4, 98.3, 98.3, 98.2, 98.1, 98.0, 98.0, 97.9, 97.8, 97.6, 97.6, 97.5, 97.4, 97.3, 97.3, 97.2, 97.0, 97.0, 96.8, 96.7, 96.6, 96.6, 96.5, 96.4, 96.3, 96.3, 96.2, 96.1, 96.0, 95.9, 95.9, 95.8, 95.7, 95.6, 95.5, 95.4, 95.3, 95.2, 95.2, 95.1, 95.0, 94.9, 94.8, 94.7, 94.6, 94.5, 94.2, 94.0, 93.9, 93.7, 93.6, 93.5, 93.5, 93.4, 93.2, 93.2, 93.0, 92.8, 92.6, 92.5, 92.5, 92.4, 92.3, 92.2, 92.1, 92.0, 91.9, 91.8, 91.7, 91.6, 91.5, 91.5, 91.3, 91.2, 91.1, 91.1, 91.0, 90.9, 90.8, 90.8, 90.7, 90.5, 90.4, 90.4, 90.1, 89.9, 89.7, 89.4, 89.2, 89.1, 89.0, 88.9, 88.7, 88.7, 88.6, 88.5, 88.4, 88.4, 88.3, 88.1, 88.0, 87.9, 87.8, 87.7, 87.7, 87.6, 87.3, 87.3, 87.1, 86.7, 86.6, 86.5, 86.3, 86.3, 86.2, 86.0, 85.7, 85.6, 85.6, 85.4, 85.2, 84.7, 84.4, 84.2, 84.1, 83.9, 83.8, 83.6, 83.4, 83.2, 83.2, 82.9, 82.6, 82.4, 82.3, 82.1, 82.0, 81.8, 81.5, 81.3, 81.2, 81.1, 80.9, 80.8, 80.7, 80.3, 80.2, 80.1, 80.0, 79.8, 79.6, 79.5, 79.3, 79.1, 78.9, 78.4, 78.3, 78.1, 78.0, 77.8, 77.3, 77.2, 77.0, 76.9, 76.7, 76.7, 76.3, 75.9, 75.7, 75.7, 75.6, 75.3, 75.3, 75.2, 75.0, 74.7, 74.6, 74.5, 74.3, 74.3, 73.9, 73.6, 73.5, 73.4, 73.3, 73.1, 73.0, 72.9, 72.7, 72.6, 72.5, 72.4, 72.2, 72.1, 71.9, 71.8, 71.7, 71.5, 71.3, 71.2, 71.1, 70.7, 70.5, 70.3, 70.2, 69.9, 69.8, 69.5, 69.3, 69.2, 69.0, 68.8, 68.8, 68.5, 68.3, 68.1, 67.8, 67.7, 67.2, 67.0, 66.8, 66.4, 66.1, 65.9, 65.8, 65.7, 65.3, 65.0, 64.7, 64.3, 64.0, 63.8, 63.6, 63.4, 63.2, 63.0, 62.9, 62.7, 62.6, 62.2, 61.8, 61.1, 60.2, 59.1, 58.2, 57.8, 56.4, 55.8, 54.6, 53.6, 52.5, 50.9, 49.3, 48.0, 47.2, 45.8, 43.9, 43.5, 43.3, 42.9, 42.3, 41.6, 41.0, 40.2, 39.6, 38.5, 37.4, 36.9, 36.5, 35.900000000000006, 35.3, 34.7, 34.400000000000006, 33.8, 32.8, 32.599999999999994, 31.799999999999997, 31.200000000000003, 31.0, 30.400000000000006, 29.700000000000003, 28.900000000000006, 28.5, 27.599999999999994, 27.200000000000003, 26.799999999999997, 25.700000000000003, 25.200000000000003, 24.900000000000006, 24.400000000000006, 23.5, 22.599999999999994, 22.0, 21.400000000000006, 21.0, 20.200000000000003, 19.599999999999994, 19.299999999999997, 19.0, 18.400000000000006, 17.799999999999997, 17.400000000000006, 16.799999999999997, 16.099999999999994, 15.599999999999994, 15.200000000000003, 14.099999999999994, 13.5, 13.099999999999994, 12.400000000000006, 12.099999999999994, 11.400000000000006, 10.900000000000006, 10.099999999999994, 9.599999999999994, 8.799999999999997, 7.799999999999997, 7.099999999999994, 6.299999999999997, 6.0, 5.599999999999994, 4.900000000000006, 4.799999999999997, 4.700000000000003, 4.5, 4.299999999999997, 4.200000000000003, 4.099999999999994, 4.0, 3.799999999999997, 3.700000000000003, 3.5999999999999943, 3.5, 3.4000000000000057, 3.200000000000003, 3.0999999999999943, 2.9000000000000057, 2.799999999999997, 2.799999999999997, 2.700000000000003, 2.5, 2.299999999999997, 2.0, 1.7999999999999972, 1.7999999999999972, 1.5999999999999943, 1.5, 1.4000000000000057, 1.2999999999999972, 1.2000000000000028, 1.0999999999999943, 1.0, 0.9000000000000057, 0.7999999999999972, 0.7000000000000028, 0.5999999999999943, 0.5, 0.4000000000000057, 0.4000000000000057, 0.09999999999999432, 0.0, 0.0], "x": [700, 716, 757, 781, 789, 798, 802, 806, 807, 816, 823, 824, 827, 829, 830, 831, 845, 849, 853, 856, 857, 859, 863, 866, 868, 872, 873, 875, 878, 879, 880, 882, 885, 886, 889, 890, 891, 892, 893, 895, 896, 898, 900, 905, 908, 911, 913, 915, 921, 923, 924, 926, 928, 930, 931, 933, 935, 937, 938, 939, 946, 949, 950, 952, 954, 956, 957, 959, 962, 963, 965, 966, 968, 970, 971, 972, 973, 975, 976, 977, 980, 981, 983, 984, 985, 986, 987, 992, 993, 995, 996, 997, 1001, 1002, 1003, 1004, 1005, 1008, 1009, 1010, 1011, 1012, 1014, 1015, 1016, 1017, 1018, 1019, 1020, 1021, 1022, 1023, 1026, 1028, 1029, 1030, 1031, 1032, 1034, 1036, 1037, 1038, 1039, 1040, 1042, 1045, 1046, 1047, 1048, 1049, 1050, 1051, 1053, 1054, 1055, 1057, 1058, 1059, 1060, 1062, 1063, 1065, 1066, 1067, 1068, 1069, 1070, 1072, 1073, 1074, 1075, 1076, 1077, 1078, 1079, 1080, 1081, 1082, 1083, 1085, 1086, 1087, 1088, 1090, 1092, 1094, 1095, 1096, 1097, 1098, 1099, 1101, 1102, 1103, 1104, 1105, 1106, 1107, 1108, 1110, 1111, 1114, 1115, 1116, 1117, 1118, 1119, 1120, 1121, 1122, 1123, 1125, 1126, 1128, 1129, 1131, 1132, 1133, 1134, 1135, 1136, 1137, 1139, 1140, 1142, 1143, 1144, 1145, 1146, 1147, 1148, 1149, 1150, 1151, 1152, 1153, 1154, 1155, 1156, 1157, 1158, 1159, 1161, 1162, 1164, 1165, 1166, 1167, 1168, 1169, 1170, 1171, 1172, 1173, 1174, 1175, 1176, 1177, 1178, 1179, 1180, 1181, 1182, 1183, 1184, 1185, 1186, 1187, 1188, 1189, 1190, 1191, 1192, 1193, 1194, 1195, 1196, 1197, 1198, 1199, 1201, 1202, 1203, 1204, 1205, 1206, 1207, 1208, 1209, 1210, 1211, 1212, 1213, 1214, 1215, 1216, 1217, 1218, 1219, 1220, 1221, 1222, 1223, 1224, 1225, 1226, 1227, 1228, 1229, 1230, 1231, 1232, 1233, 1234, 1235, 1236, 1237, 1238, 1239, 1240, 1241, 1242, 1243, 1244, 1245, 1246, 1247, 1248, 1249, 1250, 1251, 1252, 1253, 1254, 1255, 1256, 1257, 1258, 1259, 1260, 1261, 1262, 1263, 1264, 1265, 1266, 1267, 1268, 1269, 1270, 1271, 1272, 1273, 1274, 1275, 1276, 1277, 1278, 1279, 1280, 1281, 1283, 1284, 1285, 1286, 1287, 1288, 1289, 1290, 1291, 1292, 1294, 1295, 1296, 1297, 1298, 1300, 1301, 1302, 1305, 1307, 1308, 1313, 1320, 1321, 1325, 1327, 1329, 1334, 1335, 1344, 1346, 1348, 1360, 1367, 1382, 1385, 1415, 1423, 1424]}}