{"histogram": {"y": [1, 0, 1, 0, 2, 0, 0, 1, 5, 1, 2, 4, 4, 8, 8, 5, 4, 7, 6, 8, 9, 19, 64, 36, 22, 31, 11, 2, 2, 0, 1, 0], "x": [780.0, 800.0, 820.0, 840.0, 860.0, 880.0, 900.0, 920.0, 940.0, 960.0, 980.0, 1000.0, 1020.0, 1040.0, 1060.0, 1080.0, 1100.0, 1120.0, 1140.0, 1160.0, 1180.0, 1200.0, 1220.0, 1240.0, 1260.0, 1280.0, 1300.0, 1320.0, 1340.0, 1360.0, 1380.0]}, "percentile": {"y": [99.7, 99.3, 98.9, 98.5, 98.1, 97.8, 97.4, 96.6, 96.2, 95.9, 95.5, 95.1, 94.7, 94.3, 94.0, 93.6, 93.2, 92.8, 92.4, 92.1, 91.7, 91.3, 90.9, 90.5, 89.8, 89.4, 89.0, 88.6, 88.3, 87.9, 87.5, 87.1, 86.7, 86.4, 86.0, 85.6, 85.2, 84.8, 84.5, 84.1, 83.7, 83.3, 82.9, 82.6, 82.2, 81.8, 81.4, 81.0, 80.7, 79.9, 79.5, 79.1, 78.4, 78.0, 77.6, 77.2, 76.9, 76.5, 76.1, 75.7, 75.3, 74.6, 74.2, 73.8, 73.4, 73.1, 72.7, 72.3, 71.9, 71.2, 70.4, 69.6, 69.3, 68.9, 68.5, 68.1, 67.0, 66.6, 65.8, 65.4, 65.1, 64.7, 64.3, 63.9, 63.2, 62.4, 62.0, 61.3, 60.1, 59.4, 58.6, 56.7, 55.2, 53.3, 51.8, 48.3, 48.0, 45.7, 42.3, 41.9, 41.1, 40.4, 39.6, 38.8, 38.1, 37.3, 36.2, 35.400000000000006, 35.0, 34.3, 33.5, 33.099999999999994, 30.799999999999997, 29.700000000000003, 28.200000000000003, 27.799999999999997, 26.700000000000003, 26.299999999999997, 25.900000000000006, 25.099999999999994, 24.799999999999997, 24.400000000000006, 23.599999999999994, 22.900000000000006, 21.299999999999997, 21.0, 20.599999999999994, 19.799999999999997, 19.400000000000006, 19.099999999999994, 18.700000000000003, 18.299999999999997, 17.900000000000006, 17.5, 16.400000000000006, 16.0, 15.599999999999994, 14.900000000000006, 14.099999999999994, 13.700000000000003, 13.400000000000006, 11.799999999999997, 10.299999999999997, 9.900000000000006, 9.200000000000003, 8.0, 7.700000000000003, 7.299999999999997, 6.900000000000006, 6.099999999999994, 5.799999999999997, 5.400000000000006, 5.0, 4.599999999999994, 4.200000000000003, 3.5, 2.700000000000003, 2.299999999999997, 1.5999999999999943, 0.7999999999999972, 0.4000000000000057, 0.0, -0.29999999999999716], "x": [767, 800, 845, 854, 914, 923, 931, 932, 934, 956, 969, 973, 980, 985, 992, 994, 1002, 1007, 1009, 1015, 1020, 1022, 1025, 1031, 1034, 1037, 1039, 1040, 1042, 1045, 1047, 1052, 1053, 1055, 1056, 1060, 1063, 1069, 1070, 1077, 1081, 1088, 1092, 1095, 1100, 1103, 1106, 1110, 1113, 1115, 1122, 1125, 1133, 1134, 1138, 1142, 1143, 1145, 1147, 1151, 1154, 1155, 1162, 1164, 1166, 1168, 1169, 1175, 1177, 1179, 1180, 1181, 1183, 1185, 1186, 1187, 1188, 1189, 1190, 1191, 1192, 1196, 1198, 1199, 1200, 1201, 1203, 1204, 1205, 1206, 1207, 1208, 1209, 1210, 1211, 1212, 1213, 1214, 1215, 1216, 1217, 1218, 1219, 1222, 1223, 1224, 1225, 1226, 1227, 1228, 1230, 1232, 1233, 1234, 1235, 1236, 1237, 1238, 1239, 1240, 1241, 1242, 1243, 1244, 1245, 1246, 1248, 1249, 1250, 1251, 1252, 1255, 1257, 1259, 1260, 1261, 1262, 1263, 1265, 1266, 1269, 1270, 1271, 1272, 1273, 1274, 1275, 1276, 1277, 1278, 1279, 1280, 1281, 1285, 1289, 1290, 1292, 1296, 1297, 1300, 1320, 1323, 1377]}}