{"histogram": {"y": [1, 0, 0, 0, 0, 0, 0, 0, 0, 0, 0, 0, 0, 0, 0, 0, 0, 1, 1, 1, 1, 0, 2, 0, 1, 3, 1, 0, 1, 1, 0, 6, 3, 5, 3, 2, 2, 0], "x": [735.0, 750.0, 765.0, 780.0, 795.0, 810.0, 825.0, 840.0, 855.0, 870.0, 885.0, 900.0, 915.0, 930.0, 945.0, 960.0, 975.0, 990.0, 1005.0, 1020.0, 1035.0, 1050.0, 1065.0, 1080.0, 1095.0, 1110.0, 1125.0, 1140.0, 1155.0, 1170.0, 1185.0, 1200.0, 1215.0, 1230.0, 1245.0, 1260.0, 1275.0, 1290.0]}, "percentile": {"y": [97.1, 94.2, 91.2, 88.3, 85.3, 82.4, 79.5, 76.5, 73.6, 70.6, 67.7, 64.8, 61.8, 58.9, 55.9, 53.0, 50.0, 47.1, 44.2, 41.2, 35.3, 32.400000000000006, 29.5, 26.5, 23.599999999999994, 20.599999999999994, 17.700000000000003, 11.799999999999997, 8.900000000000006, 5.900000000000006, 3.0, 0.0, -2.9000000000000057], "x": [735, 994, 1017, 1022, 1042, 1071, 1074, 1106, 1114, 1115, 1120, 1139, 1162, 1172, 1201, 1204, 1206, 1209, 1210, 1211, 1215, 1224, 1230, 1233, 1235, 1237, 1243, 1250, 1259, 1268, 1272, 1275, 1278]}}