{"percentile": {"y": [99.8, 99.5, 99.2, 99.0, 98.7, 98.4, 98.2, 97.9, 97.6, 97.3, 97.1, 96.8, 96.5, 96.3, 96.0, 95.7, 95.4, 95.2, 94.9, 94.6, 94.4, 94.1, 93.5, 93.3, 93.0, 92.7, 92.5, 92.2, 91.9, 91.6, 91.4, 91.1, 90.8, 90.3, 90.0, 89.8, 89.5, 89.2, 88.9, 88.7, 88.4, 87.9, 87.6, 87.3, 87.0, 86.8, 86.2, 86.0, 85.7, 85.4, 85.1, 84.9, 84.6, 84.3, 84.1, 83.8, 83.5, 83.2, 83.0, 82.7, 82.4, 82.2, 81.9, 81.4, 81.1, 80.5, 80.3, 80.0, 79.5, 79.2, 78.6, 78.1, 77.8, 77.6, 77.3, 77.0, 76.7, 76.5, 76.2, 75.9, 75.4, 74.8, 74.6, 74.3, 74.0, 73.5, 73.2, 72.9, 72.7, 72.4, 71.6, 70.5, 70.2, 70.0, 69.7, 69.4, 69.2, 68.9, 68.6, 68.3, 68.1, 67.8, 67.5, 67.3, 66.7, 66.4, 66.2, 65.9, 65.6, 65.4, 65.1, 64.8, 64.5, 64.0, 63.7, 63.5, 63.2, 62.9, 62.7, 62.4, 62.1, 61.6, 61.3, 61.0, 60.8, 60.5, 60.2, 59.7, 59.1, 58.9, 58.6, 58.3, 58.0, 57.8, 57.5, 57.2, 56.4, 56.1, 55.6, 55.3, 55.1, 54.3, 54.0, 53.7, 53.4, 53.2, 52.6, 52.1, 51.8, 51.0, 50.5, 50.2, 49.9, 49.4, 49.1, 48.3, 48.0, 47.5, 47.2, 46.9, 46.7, 46.4, 46.1, 45.0, 44.8, 44.5, 44.2, 44.0, 43.4, 42.9, 42.1, 41.2, 39.9, 38.5, 37.2, 36.1, 35.3, 35.0, 34.2, 33.400000000000006, 32.599999999999994, 31.5, 30.099999999999994, 29.599999999999994, 29.299999999999997, 28.5, 28.200000000000003, 27.200000000000003, 26.299999999999997, 26.099999999999994, 25.5, 25.299999999999997, 24.700000000000003, 24.200000000000003, 23.900000000000006, 23.599999999999994, 23.099999999999994, 22.5, 22.0, 21.700000000000003, 20.599999999999994, 19.599999999999994, 19.0, 18.5, 17.099999999999994, 16.0, 15.5, 15.0, 13.900000000000006, 13.599999999999994, 13.099999999999994, 12.0, 11.400000000000006, 11.200000000000003, 10.900000000000006, 10.299999999999997, 9.5, 9.0, 8.5, 8.200000000000003, 6.799999999999997, 6.0, 5.200000000000003, 4.900000000000006, 4.700000000000003, 4.400000000000006, 4.099999999999994, 3.799999999999997, 3.5999999999999943, 3.299999999999997, 2.799999999999997, 2.5, 1.9000000000000057, 1.7000000000000028, 1.4000000000000057, 1.0999999999999943, 0.9000000000000057, 0.5999999999999943, 0.29999999999999716, 0.0, -0.20000000000000284], "x": [734, 745, 767, 773, 782, 799, 806, 832, 835, 839, 846, 853, 858, 860, 881, 883, 884, 887, 888, 892, 898, 899, 902, 911, 915, 916, 917, 920, 921, 923, 924, 925, 935, 936, 940, 941, 946, 947, 948, 950, 951, 958, 960, 961, 964, 965, 967, 971, 972, 973, 974, 976, 977, 978, 980, 981, 982, 984, 985, 987, 989, 994, 996, 997, 999, 1005, 1006, 1010, 1011, 1012, 1015, 1017, 1018, 1019, 1029, 1031, 1032, 1033, 1034, 1035, 1036, 1037, 1038, 1041, 1042, 1043, 1044, 1045, 1047, 1051, 1052, 1055, 1056, 1067, 1069, 1070, 1071, 1073, 1074, 1076, 1077, 1080, 1081, 1082, 1085, 1093, 1094, 1095, 1096, 1102, 1103, 1105, 1109, 1110, 1113, 1116, 1121, 1123, 1124, 1125, 1126, 1127, 1129, 1130, 1132, 1133, 1134, 1135, 1136, 1138, 1139, 1142, 1145, 1146, 1148, 1149, 1150, 1151, 1152, 1153, 1155, 1156, 1157, 1160, 1161, 1162, 1167, 1168, 1169, 1171, 1173, 1174, 1177, 1178, 1180, 1181, 1184, 1185, 1186, 1187, 1188, 1189, 1190, 1191, 1192, 1196, 1197, 1199, 1201, 1202, 1203, 1204, 1205, 1206, 1207, 1208, 1209, 1210, 1211, 1212, 1213, 1214, 1215, 1216, 1217, 1218, 1219, 1220, 1221, 1224, 1225, 1226, 1227, 1228, 1229, 1230, 1231, 1232, 1233, 1235, 1236, 1237, 1238, 1240, 1241, 1242, 1243, 1244, 1247, 1248, 1249, 1251, 1252, 1253, 1254, 1257, 1258, 1259, 1260, 1262, 1265, 1267, 1268, 1269, 1270, 1271, 1272, 1273, 1274, 1275, 1279, 1280, 1291, 1292, 1293, 1297, 1300, 1309, 1314, 1320, 1334]}, "histogram": {"y": [1, 1, 2, 2, 1, 3, 3, 1, 8, 6, 8, 9, 13, 12, 13, 11, 16, 8, 9, 8, 18, 17, 17, 20, 58, 34, 37, 23, 6, 3, 2, 0], "x": [720.0, 740.0, 760.0, 780.0, 800.0, 820.0, 840.0, 860.0, 880.0, 900.0, 920.0, 940.0, 960.0, 980.0, 1000.0, 1020.0, 1040.0, 1060.0, 1080.0, 1100.0, 1120.0, 1140.0, 1160.0, 1180.0, 1200.0, 1220.0, 1240.0, 1260.0, 1280.0, 1300.0, 1320.0, 1340.0]}}