{"percentile": {"y": [99.4, 98.8, 98.2, 97.6, 96.9, 96.3, 95.7, 95.1, 93.8, 93.2, 92.6, 91.4, 90.7, 90.1, 89.5, 88.9, 88.2, 87.6, 87.0, 86.4, 85.8, 85.1, 84.5, 83.3, 82.0, 81.4, 80.8, 80.2, 79.6, 78.9, 78.3, 77.7, 76.4, 75.8, 75.2, 74.6, 73.3, 72.7, 70.9, 70.2, 69.6, 69.0, 68.4, 67.8, 67.1, 66.5, 65.9, 64.6, 64.0, 63.4, 62.8, 62.2, 61.5, 60.9, 60.3, 59.7, 59.1, 58.4, 57.8, 57.2, 56.6, 56.0, 55.3, 54.1, 51.6, 51.0, 50.4, 47.9, 46.6, 44.8, 43.5, 42.3, 41.0, 40.4, 39.2, 37.9, 35.5, 34.8, 34.2, 33.599999999999994, 33.0, 32.3, 31.700000000000003, 30.5, 29.900000000000006, 29.200000000000003, 28.599999999999994, 27.400000000000006, 26.799999999999997, 24.900000000000006, 23.700000000000003, 23.0, 22.400000000000006, 21.799999999999997, 21.200000000000003, 19.900000000000006, 19.299999999999997, 18.700000000000003, 17.400000000000006, 16.799999999999997, 15.0, 14.299999999999997, 13.099999999999994, 12.5, 10.599999999999994, 10.0, 9.400000000000006, 8.099999999999994, 7.5, 6.900000000000006, 6.299999999999997, 5.0, 4.400000000000006, 3.799999999999997, 3.200000000000003, 2.5, 1.9000000000000057, 1.2999999999999972, 0.7000000000000028, 0.0, -0.5999999999999943], "x": [682, 814, 852, 865, 906, 913, 921, 927, 928, 940, 944, 956, 957, 958, 975, 985, 989, 1008, 1016, 1017, 1025, 1032, 1034, 1036, 1037, 1039, 1043, 1045, 1048, 1049, 1050, 1054, 1057, 1062, 1070, 1085, 1089, 1093, 1095, 1100, 1101, 1108, 1116, 1119, 1122, 1125, 1133, 1136, 1142, 1144, 1148, 1149, 1152, 1164, 1165, 1170, 1171, 1179, 1181, 1188, 1190, 1197, 1200, 1201, 1202, 1203, 1204, 1206, 1207, 1208, 1209, 1210, 1211, 1212, 1213, 1214, 1215, 1216, 1221, 1222, 1223, 1227, 1228, 1229, 1230, 1233, 1235, 1236, 1237, 1238, 1239, 1240, 1241, 1242, 1244, 1248, 1250, 1253, 1255, 1260, 1263, 1264, 1265, 1266, 1267, 1268, 1269, 1270, 1271, 1272, 1273, 1274, 1276, 1295, 1308, 1310, 1322, 1326, 1327, 1369, 1415]}, "histogram": {"y": [1, 0, 0, 0, 0, 0, 1, 0, 1, 1, 0, 2, 4, 6, 1, 2, 3, 8, 8, 2, 7, 5, 5, 5, 5, 4, 34, 18, 10, 21, 1, 2, 3, 0, 1, 0, 1, 0], "x": [700.0, 720.0, 740.0, 760.0, 780.0, 800.0, 820.0, 840.0, 860.0, 880.0, 900.0, 920.0, 940.0, 960.0, 980.0, 1000.0, 1020.0, 1040.0, 1060.0, 1080.0, 1100.0, 1120.0, 1140.0, 1160.0, 1180.0, 1200.0, 1220.0, 1240.0, 1260.0, 1280.0, 1300.0, 1320.0, 1340.0, 1360.0, 1380.0, 1400.0, 1420.0]}}