{"histogram": {"y": [2, 0, 1, 2, 1, 1, 3, 3, 1, 0, 2, 0, 1, 2, 2, 4, 8, 17, 11, 8, 8, 1, 0, 1, 0], "x": [880.0, 900.0, 920.0, 940.0, 960.0, 980.0, 1000.0, 1020.0, 1040.0, 1060.0, 1080.0, 1100.0, 1120.0, 1140.0, 1160.0, 1180.0, 1200.0, 1220.0, 1240.0, 1260.0, 1280.0, 1300.0, 1320.0, 1340.0]}, "percentile": {"y": [98.8, 97.5, 96.2, 94.9, 93.6, 92.4, 91.1, 89.8, 88.5, 87.2, 84.7, 83.4, 82.1, 80.8, 79.5, 78.3, 77.0, 75.7, 74.4, 73.1, 71.8, 70.6, 68.0, 66.7, 65.4, 64.2, 62.9, 61.6, 59.0, 57.7, 56.5, 55.2, 51.3, 50.0, 48.8, 47.5, 46.2, 42.4, 41.1, 39.8, 38.5, 35.900000000000006, 34.7, 32.099999999999994, 28.299999999999997, 27.0, 25.700000000000003, 24.400000000000006, 23.099999999999994, 21.799999999999997, 20.599999999999994, 19.299999999999997, 18.0, 15.400000000000006, 14.200000000000003, 12.900000000000006, 11.599999999999994, 9.0, 7.700000000000003, 6.5, 5.200000000000003, 3.9000000000000057, 2.5999999999999943, 1.2999999999999972, 0.0, -1.2000000000000028], "x": [861, 871, 908, 922, 931, 943, 964, 983, 990, 994, 1006, 1013, 1021, 1070, 1071, 1106, 1129, 1134, 1155, 1159, 1164, 1168, 1169, 1186, 1188, 1189, 1190, 1196, 1198, 1199, 1202, 1204, 1205, 1206, 1208, 1209, 1210, 1212, 1213, 1214, 1215, 1217, 1222, 1225, 1227, 1229, 1230, 1231, 1234, 1236, 1240, 1243, 1244, 1245, 1251, 1252, 1255, 1263, 1265, 1268, 1269, 1272, 1273, 1277, 1297, 1324]}}