{"histogram": {"x": [1000.0, 1020.0, 1040.0, 1060.0, 1080.0, 1100.0, 1120.0, 1140.0, 1160.0, 1180.0, 1200.0, 1220.0, 1240.0, 1260.0, 1280.0, 1300.0, 1320.0, 1340.0], "y": [1, 1, 0, 0, 1, 0, 0, 1, 1, 2, 12, 10, 17, 25, 14, 4, 1, 0]}, "percentile": {"x": [1008, 1022, 1091, 1140, 1166, 1197, 1199, 1206, 1208, 1210, 1212, 1214, 1215, 1216, 1217, 1218, 1219, 1222, 1225, 1228, 1229, 1230, 1233, 1238, 1239, 1240, 1241, 1244, 1245, 1247, 1248, 1249, 1250, 1251, 1252, 1253, 1255, 1257, 1260, 1261, 1262, 1263, 1265, 1268, 1269, 1272, 1275, 1276, 1277, 1278, 1279, 1280, 1286, 1290, 1291, 1292, 1295, 1297, 1298, 1299, 1300, 1306, 1315, 1329], "y": [98.9, 97.8, 96.7, 95.6, 94.4, 93.3, 92.2, 89.9, 88.8, 87.7, 86.6, 85.4, 84.3, 83.2, 82.1, 79.8, 78.7, 77.6, 76.5, 74.2, 73.1, 72.0, 69.7, 68.6, 67.5, 65.2, 64.1, 63.0, 60.7, 59.6, 57.4, 56.2, 55.1, 54.0, 52.9, 50.6, 49.5, 48.4, 47.2, 46.1, 45.0, 43.9, 39.4, 38.3, 37.1, 33.8, 29.299999999999997, 27.0, 24.799999999999997, 21.400000000000006, 20.299999999999997, 15.799999999999997, 14.700000000000003, 11.299999999999997, 10.200000000000003, 9.0, 7.900000000000006, 6.799999999999997, 5.700000000000003, 4.5, 2.299999999999997, 1.2000000000000028, 0.0, -1.0999999999999943]}}