{"histogram": {"x": [840.0, 855.0, 870.0, 885.0, 900.0, 915.0, 930.0, 945.0, 960.0, 975.0, 990.0, 1005.0, 1020.0, 1035.0, 1050.0, 1065.0, 1080.0, 1095.0, 1110.0, 1125.0, 1140.0, 1155.0, 1170.0, 1185.0, 1200.0, 1215.0, 1230.0, 1245.0, 1260.0, 1275.0, 1290.0, 1305.0, 1320.0, 1335.0, 1350.0, 1365.0, 1380.0], "y": [1, 0, 0, 1, 0, 0, 0, 0, 0, 0, 3, 0, 0, 0, 0, 1, 0, 1, 2, 2, 0, 1, 1, 1, 2, 7, 5, 9, 3, 5, 3, 4, 1, 1, 0, 0, 1]}, "percentile": {"x": [852, 897, 992, 996, 999, 1073, 1101, 1113, 1118, 1125, 1133, 1157, 1173, 1196, 1205, 1208, 1215, 1217, 1224, 1225, 1233, 1235, 1239, 1241, 1246, 1250, 1251, 1254, 1255, 1258, 1259, 1261, 1265, 1274, 1277, 1279, 1282, 1288, 1293, 1299, 1302, 1307, 1309, 1328, 1335, 1390], "y": [98.2, 96.3, 94.5, 92.6, 90.8, 88.9, 87.1, 85.2, 83.4, 81.5, 79.7, 77.8, 76.0, 74.1, 72.3, 70.4, 68.6, 63.0, 61.2, 57.5, 53.8, 51.9, 50.0, 48.2, 46.3, 44.5, 40.8, 38.9, 35.2, 33.400000000000006, 31.5, 29.700000000000003, 27.799999999999997, 26.0, 24.099999999999994, 22.299999999999997, 20.400000000000006, 16.700000000000003, 14.900000000000006, 13.0, 11.200000000000003, 5.599999999999994, 3.799999999999997, 1.9000000000000057, 0.0, -1.7999999999999972]}}