{"histogram": {"y": [1, 2, 1, 0, 0, 0, 1, 2, 2, 2, 4, 3, 2, 4, 3, 3, 1, 3, 1, 4, 2, 3, 3, 3, 2, 3, 5, 1, 11, 11, 7, 4, 2, 3, 1], "x": [780.0, 795.0, 810.0, 825.0, 840.0, 855.0, 870.0, 885.0, 900.0, 915.0, 930.0, 945.0, 960.0, 975.0, 990.0, 1005.0, 1020.0, 1035.0, 1050.0, 1065.0, 1080.0, 1095.0, 1110.0, 1125.0, 1140.0, 1155.0, 1170.0, 1185.0, 1200.0, 1215.0, 1230.0, 1245.0, 1260.0, 1275.0, 1290.0]}, "percentile": {"y": [99.0, 98.0, 97.0, 96.0, 95.0, 94.0, 93.0, 92.0, 91.0, 89.9, 88.9, 87.9, 86.9, 84.9, 83.9, 82.9, 81.9, 80.9, 79.8, 78.8, 77.8, 76.8, 75.8, 74.8, 73.8, 72.8, 71.8, 69.7, 68.7, 67.7, 66.7, 65.7, 64.7, 63.7, 62.7, 61.7, 60.7, 59.6, 58.6, 57.6, 56.6, 55.6, 54.6, 53.6, 52.6, 51.6, 49.5, 48.5, 47.5, 46.5, 45.5, 44.5, 43.5, 42.5, 41.5, 40.5, 39.4, 38.4, 37.4, 36.4, 35.400000000000006, 33.400000000000006, 32.400000000000006, 31.400000000000006, 30.400000000000006, 29.299999999999997, 28.299999999999997, 27.299999999999997, 26.299999999999997, 25.299999999999997, 23.299999999999997, 22.299999999999997, 21.299999999999997, 19.200000000000003, 18.200000000000003, 17.200000000000003, 16.200000000000003, 15.200000000000003, 13.200000000000003, 12.200000000000003, 11.200000000000003, 9.099999999999994, 8.099999999999994, 6.099999999999994, 5.099999999999994, 4.099999999999994, 3.0999999999999943, 1.0999999999999943, 0.0, -1.0], "x": [786, 796, 800, 815, 881, 887, 894, 907, 913, 925, 929, 931, 933, 940, 949, 953, 956, 960, 972, 977, 979, 983, 988, 990, 996, 998, 1006, 1014, 1026, 1042, 1044, 1045, 1061, 1067, 1069, 1076, 1079, 1089, 1091, 1106, 1107, 1108, 1111, 1121, 1122, 1125, 1129, 1149, 1151, 1155, 1159, 1160, 1170, 1176, 1178, 1181, 1183, 1196, 1200, 1202, 1203, 1206, 1207, 1208, 1210, 1211, 1213, 1214, 1215, 1216, 1218, 1219, 1220, 1224, 1225, 1226, 1228, 1230, 1232, 1239, 1241, 1244, 1246, 1247, 1257, 1270, 1274, 1280, 1288, 1292]}}