{"histogram": {"y": [1, 0, 0, 0, 2, 1, 3, 0, 1, 3, 2, 1, 3, 1, 4, 4, 6, 4, 4, 6, 9, 7, 34, 10, 17, 15, 6, 2, 0, 0, 0, 0, 0, 2], "x": [760.0, 780.0, 800.0, 820.0, 840.0, 860.0, 880.0, 900.0, 920.0, 940.0, 960.0, 980.0, 1000.0, 1020.0, 1040.0, 1060.0, 1080.0, 1100.0, 1120.0, 1140.0, 1160.0, 1180.0, 1200.0, 1220.0, 1240.0, 1260.0, 1280.0, 1300.0, 1320.0, 1340.0, 1360.0, 1380.0, 1400.0, 1420.0]}, "percentile": {"y": [99.4, 98.7, 98.0, 97.3, 96.6, 96.0, 95.3, 94.6, 93.9, 93.2, 92.6, 91.9, 91.2, 90.5, 89.8, 89.2, 88.5, 87.8, 86.4, 85.8, 85.1, 84.4, 83.7, 83.0, 82.4, 81.7, 81.0, 79.6, 79.0, 78.3, 76.9, 76.2, 75.6, 74.9, 74.2, 73.5, 72.8, 72.2, 70.8, 70.1, 69.4, 68.8, 67.4, 66.7, 66.0, 65.4, 64.7, 64.0, 63.3, 62.6, 62.0, 61.3, 60.6, 59.2, 58.6, 57.9, 57.2, 56.5, 55.2, 53.8, 53.1, 52.4, 51.8, 49.0, 47.7, 43.6, 42.2, 40.9, 38.1, 36.8, 36.1, 35.400000000000006, 34.7, 33.400000000000006, 32.7, 31.299999999999997, 30.700000000000003, 30.0, 29.299999999999997, 28.599999999999994, 27.900000000000006, 27.299999999999997, 26.599999999999994, 25.900000000000006, 23.900000000000006, 22.5, 21.799999999999997, 20.5, 19.799999999999997, 18.400000000000006, 17.700000000000003, 17.099999999999994, 16.400000000000006, 15.700000000000003, 15.0, 14.299999999999997, 13.700000000000003, 13.0, 10.900000000000006, 10.299999999999997, 9.599999999999994, 8.900000000000006, 7.5, 6.200000000000003, 4.799999999999997, 4.099999999999994, 3.5, 2.799999999999997, 2.0999999999999943, 1.4000000000000057, 0.7000000000000028, -0.5999999999999943], "x": [776, 852, 856, 874, 893, 894, 899, 920, 946, 950, 952, 964, 974, 993, 1000, 1003, 1015, 1034, 1043, 1048, 1059, 1061, 1072, 1075, 1076, 1080, 1081, 1087, 1096, 1098, 1110, 1113, 1115, 1120, 1132, 1133, 1135, 1141, 1147, 1150, 1154, 1158, 1160, 1161, 1168, 1170, 1173, 1177, 1178, 1179, 1185, 1188, 1190, 1192, 1197, 1199, 1200, 1201, 1202, 1203, 1204, 1205, 1206, 1207, 1208, 1209, 1211, 1212, 1213, 1214, 1215, 1217, 1219, 1225, 1229, 1232, 1234, 1236, 1237, 1238, 1239, 1241, 1242, 1243, 1245, 1248, 1249, 1250, 1252, 1254, 1255, 1258, 1259, 1263, 1265, 1266, 1270, 1271, 1273, 1274, 1275, 1276, 1277, 1279, 1280, 1281, 1290, 1291, 1299, 1304, 1311, 1424]}}