{"percentile": {"y": [99.8, 99.6, 99.1, 98.9, 98.6, 98.4, 98.2, 97.9, 97.7, 97.5, 97.2, 97.0, 96.8, 96.5, 96.3, 96.1, 95.8, 95.6, 95.4, 95.1, 94.9, 94.7, 94.4, 94.0, 93.7, 93.5, 93.3, 93.0, 92.8, 92.6, 92.3, 92.1, 91.9, 91.4, 90.9, 90.7, 90.5, 90.2, 90.0, 89.5, 89.3, 89.1, 88.6, 88.4, 88.1, 87.9, 87.7, 87.2, 87.0, 86.7, 86.5, 86.3, 86.0, 85.6, 85.1, 84.9, 84.4, 84.2, 83.7, 83.5, 83.2, 83.0, 82.8, 82.5, 82.3, 81.8, 81.6, 81.1, 80.7, 80.4, 80.0, 79.7, 79.5, 79.3, 79.0, 78.1, 77.6, 77.4, 76.9, 76.5, 76.2, 75.8, 75.5, 75.0, 74.8, 74.1, 73.9, 73.4, 73.2, 72.9, 72.5, 72.0, 71.8, 71.5, 71.3, 71.1, 70.8, 70.6, 70.4, 69.9, 69.7, 69.4, 69.0, 68.7, 68.5, 68.0, 67.8, 67.3, 67.1, 66.9, 66.6, 66.4, 66.2, 65.2, 64.3, 63.8, 63.6, 63.4, 63.1, 62.9, 62.7, 62.4, 62.2, 62.0, 61.5, 60.6, 60.3, 60.1, 59.6, 59.2, 58.5, 58.2, 58.0, 57.8, 57.5, 57.1, 56.8, 56.6, 56.1, 55.9, 55.7, 55.4, 55.0, 54.3, 54.0, 53.8, 53.3, 53.1, 52.6, 52.2, 51.7, 51.2, 51.0, 50.8, 49.8, 49.6, 49.1, 48.9, 48.4, 48.2, 47.7, 47.5, 47.0, 46.5, 46.3, 46.1, 45.6, 45.4, 44.7, 44.0, 43.7, 43.3, 43.0, 42.8, 42.6, 42.3, 42.1, 41.9, 41.2, 40.9, 40.7, 40.2, 39.8, 39.5, 39.3, 38.8, 38.6, 38.1, 37.9, 37.7, 37.4, 37.0, 36.3, 35.3, 34.2, 33.5, 32.5, 30.700000000000003, 30.400000000000006, 29.299999999999997, 27.900000000000006, 27.400000000000006, 27.200000000000003, 25.799999999999997, 25.0, 22.900000000000006, 22.5, 22.0, 21.799999999999997, 21.299999999999997, 20.799999999999997, 19.900000000000006, 19.400000000000006, 19.0, 18.5, 18.0, 17.799999999999997, 17.599999999999994, 17.099999999999994, 16.599999999999994, 16.400000000000006, 15.700000000000003, 15.200000000000003, 14.799999999999997, 14.299999999999997, 13.799999999999997, 13.400000000000006, 12.900000000000006, 12.700000000000003, 12.400000000000006, 12.0, 11.5, 10.299999999999997, 9.900000000000006, 9.599999999999994, 9.200000000000003, 8.700000000000003, 8.5, 8.200000000000003, 8.0, 7.799999999999997, 7.099999999999994, 6.799999999999997, 6.400000000000006, 5.700000000000003, 5.0, 4.299999999999997, 4.0, 3.5999999999999943, 3.299999999999997, 3.0999999999999943, 2.9000000000000057, 2.5999999999999943, 2.4000000000000057, 2.200000000000003, 1.7000000000000028, 1.5, 1.2000000000000028, 1.0, 0.7999999999999972, 0.5, 0.29999999999999716, -0.20000000000000284], "x": [727, 742, 743, 757, 764, 767, 777, 780, 794, 800, 804, 817, 820, 835, 840, 842, 843, 845, 846, 851, 852, 853, 860, 862, 867, 871, 872, 873, 874, 875, 886, 891, 898, 899, 901, 905, 906, 907, 910, 916, 917, 921, 924, 929, 933, 934, 935, 936, 941, 942, 944, 945, 948, 949, 950, 954, 957, 959, 960, 961, 963, 964, 967, 970, 976, 977, 979, 980, 987, 989, 990, 992, 993, 995, 998, 1000, 1003, 1004, 1006, 1008, 1009, 1010, 1011, 1013, 1014, 1016, 1017, 1018, 1020, 1021, 1022, 1024, 1025, 1029, 1031, 1033, 1034, 1037, 1041, 1042, 1046, 1049, 1050, 1054, 1056, 1060, 1061, 1062, 1064, 1065, 1067, 1069, 1070, 1071, 1073, 1074, 1077, 1079, 1080, 1081, 1083, 1086, 1087, 1090, 1091, 1093, 1094, 1095, 1097, 1098, 1101, 1102, 1103, 1104, 1105, 1106, 1108, 1111, 1112, 1113, 1116, 1122, 1123, 1125, 1127, 1132, 1133, 1134, 1136, 1138, 1139, 1140, 1143, 1145, 1146, 1147, 1148, 1149, 1150, 1151, 1152, 1153, 1154, 1158, 1160, 1161, 1162, 1163, 1164, 1165, 1166, 1168, 1170, 1172, 1174, 1175, 1177, 1180, 1181, 1185, 1186, 1187, 1189, 1190, 1192, 1193, 1195, 1196, 1197, 1198, 1199, 1200, 1201, 1202, 1203, 1204, 1205, 1206, 1207, 1208, 1209, 1210, 1211, 1213, 1214, 1215, 1216, 1217, 1218, 1219, 1220, 1221, 1223, 1224, 1225, 1226, 1227, 1228, 1229, 1230, 1232, 1233, 1235, 1237, 1240, 1242, 1243, 1244, 1245, 1246, 1247, 1248, 1250, 1251, 1253, 1254, 1255, 1257, 1258, 1263, 1264, 1265, 1266, 1268, 1270, 1272, 1274, 1276, 1278, 1280, 1281, 1288, 1290, 1294, 1295, 1296, 1305, 1315, 1320, 1340, 1365, 1415, 1424]}, "histogram": {"y": [1, 3, 2, 2, 2, 2, 2, 1, 8, 4, 5, 5, 6, 7, 8, 10, 7, 9, 13, 17, 11, 6, 10, 16, 13, 15, 8, 14, 20, 16, 9, 16, 53, 34, 18, 20, 17, 6, 5, 2, 1, 1, 0, 1, 0, 0, 3, 0], "x": [720.0, 735.0, 750.0, 765.0, 780.0, 795.0, 810.0, 825.0, 840.0, 855.0, 870.0, 885.0, 900.0, 915.0, 930.0, 945.0, 960.0, 975.0, 990.0, 1005.0, 1020.0, 1035.0, 1050.0, 1065.0, 1080.0, 1095.0, 1110.0, 1125.0, 1140.0, 1155.0, 1170.0, 1185.0, 1200.0, 1215.0, 1230.0, 1245.0, 1260.0, 1275.0, 1290.0, 1305.0, 1320.0, 1335.0, 1350.0, 1365.0, 1380.0, 1395.0, 1410.0, 1425.0]}}