{"histogram": {"y": [1, 1, 0, 0, 0, 0, 0, 0, 0, 0, 2, 0, 1, 4, 0, 1, 4, 5, 2, 2, 4, 3, 5, 3, 3, 3, 4, 11, 4, 1, 8, 7, 6, 19, 16, 11, 2, 8, 5, 3, 0, 1, 0, 1, 0], "x": [705.0, 720.0, 735.0, 750.0, 765.0, 780.0, 795.0, 810.0, 825.0, 840.0, 855.0, 870.0, 885.0, 900.0, 915.0, 930.0, 945.0, 960.0, 975.0, 990.0, 1005.0, 1020.0, 1035.0, 1050.0, 1065.0, 1080.0, 1095.0, 1110.0, 1125.0, 1140.0, 1155.0, 1170.0, 1185.0, 1200.0, 1215.0, 1230.0, 1245.0, 1260.0, 1275.0, 1290.0, 1305.0, 1320.0, 1335.0, 1350.0, 1365.0]}, "percentile": {"y": [99.4, 98.7, 98.0, 97.4, 96.7, 96.0, 95.4, 94.7, 94.0, 93.4, 92.7, 92.0, 91.4, 90.7, 89.4, 88.7, 87.4, 86.7, 86.0, 85.4, 84.7, 84.0, 83.4, 82.7, 82.0, 81.4, 80.7, 80.0, 78.7, 78.0, 77.4, 76.7, 76.0, 75.4, 74.7, 74.0, 73.4, 72.7, 72.0, 71.4, 70.7, 70.0, 69.4, 68.7, 68.0, 67.4, 66.7, 66.0, 65.4, 64.7, 64.0, 63.4, 62.7, 60.7, 60.0, 58.7, 58.0, 57.4, 56.7, 56.0, 55.4, 54.0, 53.4, 52.7, 52.0, 51.4, 50.0, 49.4, 48.7, 48.0, 47.4, 46.7, 46.0, 44.7, 44.0, 43.4, 42.7, 42.0, 39.4, 38.0, 37.4, 36.0, 35.400000000000006, 34.7, 34.0, 32.7, 30.700000000000003, 27.400000000000006, 26.700000000000003, 26.0, 25.400000000000006, 24.0, 23.400000000000006, 22.700000000000003, 22.0, 20.700000000000003, 20.0, 18.700000000000003, 17.400000000000006, 16.700000000000003, 16.0, 14.0, 12.700000000000003, 12.0, 11.400000000000006, 10.700000000000003, 9.400000000000006, 8.700000000000003, 8.0, 6.0, 5.400000000000006, 4.0, 3.4000000000000057, 2.700000000000003, 2.0, 1.4000000000000057, 0.7000000000000028, 0.0, -0.5999999999999943], "x": [705, 723, 860, 866, 885, 902, 903, 906, 908, 934, 951, 952, 953, 958, 971, 972, 973, 976, 977, 991, 1002, 1005, 1007, 1009, 1019, 1025, 1030, 1033, 1036, 1040, 1045, 1046, 1051, 1052, 1058, 1067, 1074, 1079, 1082, 1086, 1094, 1095, 1101, 1104, 1108, 1112, 1113, 1114, 1117, 1119, 1120, 1121, 1122, 1124, 1125, 1128, 1138, 1153, 1157, 1158, 1160, 1162, 1163, 1166, 1168, 1170, 1171, 1177, 1181, 1182, 1184, 1186, 1187, 1194, 1195, 1196, 1200, 1201, 1202, 1204, 1206, 1207, 1208, 1209, 1212, 1213, 1214, 1215, 1216, 1217, 1218, 1220, 1221, 1223, 1224, 1225, 1226, 1231, 1233, 1235, 1237, 1238, 1239, 1253, 1256, 1264, 1266, 1268, 1269, 1273, 1275, 1278, 1279, 1280, 1291, 1293, 1300, 1326, 1354]}}