{"histogram": {"y": [1, 0, 0, 0, 0, 2, 0, 0, 0, 1, 0, 2, 0, 0, 0, 0, 1, 1, 1, 0, 2, 2, 1, 0, 1, 0, 1, 3, 5, 3, 5, 7, 1, 3, 0, 2, 2], "x": [780.0, 795.0, 810.0, 825.0, 840.0, 855.0, 870.0, 885.0, 900.0, 915.0, 930.0, 945.0, 960.0, 975.0, 990.0, 1005.0, 1020.0, 1035.0, 1050.0, 1065.0, 1080.0, 1095.0, 1110.0, 1125.0, 1140.0, 1155.0, 1170.0, 1185.0, 1200.0, 1215.0, 1230.0, 1245.0, 1260.0, 1275.0, 1290.0, 1305.0, 1320.0]}, "percentile": {"y": [97.9, 95.7, 93.5, 91.4, 89.2, 87.0, 84.8, 82.7, 80.5, 76.1, 74.0, 71.8, 69.6, 67.4, 65.3, 63.1, 60.9, 58.7, 56.6, 52.2, 50.0, 47.9, 45.7, 43.5, 41.4, 39.2, 37.0, 34.8, 30.5, 28.299999999999997, 24.0, 21.799999999999997, 19.599999999999994, 17.400000000000006, 15.299999999999997, 13.099999999999994, 8.700000000000003, 6.599999999999994, 4.400000000000006, 2.200000000000003, 0.0, -2.0999999999999943], "x": [788, 856, 857, 929, 951, 953, 1030, 1045, 1064, 1090, 1097, 1098, 1118, 1146, 1180, 1192, 1194, 1196, 1200, 1205, 1211, 1214, 1220, 1223, 1229, 1233, 1235, 1236, 1244, 1245, 1246, 1250, 1254, 1256, 1259, 1267, 1276, 1277, 1308, 1314, 1320, 1322]}}