{"percentile": {"x": [864, 903, 939, 941, 992, 996, 1011, 1015, 1041, 1044, 1048, 1058, 1088, 1090, 1109, 1112, 1115, 1118, 1131, 1132, 1137, 1141, 1143, 1145, 1149, 1154, 1155, 1156, 1160, 1164, 1168, 1170, 1175, 1177, 1178, 1179, 1180, 1186, 1187, 1188, 1196, 1197, 1201, 1202, 1203, 1204, 1205, 1206, 1207, 1208, 1209, 1210, 1211, 1212, 1213, 1214, 1215, 1217, 1218, 1219, 1220, 1222, 1223, 1224, 1225, 1226, 1227, 1228, 1229, 1230, 1231, 1232, 1233, 1234, 1235, 1236, 1237, 1238, 1239, 1240, 1241, 1242, 1243, 1244, 1245, 1246, 1247, 1248, 1249, 1250, 1251, 1252, 1253, 1254, 1255, 1256, 1257, 1258, 1259, 1260, 1261, 1262, 1263, 1264, 1265, 1266, 1267, 1268, 1269, 1270, 1272, 1273, 1274, 1275, 1276, 1277, 1278, 1279, 1280, 1284, 1285, 1288, 1289, 1290, 1291, 1292, 1295, 1296, 1297, 1299, 1304, 1307, 1309, 1311, 1313, 1321, 1324, 1327, 1328, 1329, 1332, 1343, 1365, 1424], "y": [99.8, 99.5, 99.2, 98.9, 98.6, 98.3, 97.8, 97.2, 96.9, 96.6, 96.3, 96.0, 95.8, 95.5, 94.9, 94.6, 94.3, 94.0, 93.7, 93.5, 93.2, 92.9, 92.6, 92.3, 92.0, 91.7, 91.5, 91.2, 90.9, 90.6, 90.3, 90.0, 89.4, 88.9, 88.6, 88.3, 87.4, 87.2, 86.9, 86.6, 86.3, 86.0, 85.7, 85.2, 84.6, 83.7, 83.1, 82.6, 82.3, 80.9, 80.6, 79.1, 77.1, 76.0, 74.8, 73.7, 73.4, 72.5, 72.0, 71.7, 70.5, 69.7, 68.8, 68.2, 66.2, 65.7, 64.2, 63.7, 63.4, 63.1, 62.2, 61.7, 61.4, 59.6, 58.2, 57.9, 57.4, 56.5, 55.4, 53.3, 53.1, 51.6, 50.8, 49.6, 47.6, 47.0, 46.5, 45.9, 45.3, 43.9, 43.0, 42.2, 41.6, 40.5, 38.4, 37.0, 35.3, 34.400000000000006, 33.599999999999994, 33.0, 31.900000000000006, 31.0, 30.700000000000003, 29.799999999999997, 27.599999999999994, 26.700000000000003, 26.400000000000006, 25.799999999999997, 25.299999999999997, 23.5, 22.700000000000003, 21.0, 19.200000000000003, 17.5, 16.400000000000006, 14.700000000000003, 13.5, 11.200000000000003, 10.099999999999994, 9.200000000000003, 8.400000000000006, 7.799999999999997, 7.5, 7.200000000000003, 6.900000000000006, 6.599999999999994, 5.799999999999997, 5.200000000000003, 4.599999999999994, 4.299999999999997, 4.099999999999994, 3.799999999999997, 3.5, 2.9000000000000057, 2.299999999999997, 2.0999999999999943, 1.7999999999999972, 1.5, 1.2000000000000028, 0.9000000000000057, 0.5999999999999943, 0.29999999999999716, 0.0, -0.20000000000000284]}, "histogram": {"x": [855.0, 870.0, 885.0, 900.0, 915.0, 930.0, 945.0, 960.0, 975.0, 990.0, 1005.0, 1020.0, 1035.0, 1050.0, 1065.0, 1080.0, 1095.0, 1110.0, 1125.0, 1140.0, 1155.0, 1170.0, 1185.0, 1200.0, 1215.0, 1230.0, 1245.0, 1260.0, 1275.0, 1290.0, 1305.0, 1320.0, 1335.0, 1350.0, 1365.0, 1380.0, 1395.0, 1410.0, 1425.0], "y": [1, 0, 0, 1, 0, 2, 0, 0, 0, 2, 4, 0, 3, 1, 0, 2, 2, 3, 3, 5, 5, 10, 5, 43, 36, 48, 56, 50, 41, 12, 6, 6, 1, 0, 1, 0, 0, 1, 0]}}