{"percentile": {"x": [776, 852, 856, 874, 892, 893, 894, 899, 920, 942, 943, 946, 950, 952, 963, 964, 974, 985, 989, 993, 1000, 1003, 1011, 1015, 1031, 1034, 1043, 1048, 1057, 1059, 1061, 1065, 1072, 1073, 1075, 1076, 1080, 1081, 1082, 1087, 1096, 1098, 1100, 1110, 1113, 1115, 1120, 1121, 1123, 1131, 1132, 1133, 1135, 1139, 1141, 1146, 1147, 1149, 1150, 1154, 1156, 1158, 1160, 1161, 1164, 1167, 1168, 1170, 1173, 1177, 1178, 1179, 1185, 1186, 1188, 1190, 1192, 1197, 1198, 1199, 1200, 1201, 1202, 1203, 1204, 1205, 1206, 1207, 1208, 1209, 1210, 1211, 1212, 1213, 1214, 1215, 1217, 1218, 1219, 1222, 1225, 1229, 1232, 1234, 1236, 1237, 1238, 1239, 1241, 1242, 1243, 1245, 1248, 1249, 1250, 1252, 1254, 1255, 1258, 1259, 1263, 1265, 1266, 1270, 1271, 1273, 1274, 1275, 1276, 1277, 1278, 1279, 1280, 1281, 1290, 1291, 1299, 1304, 1311, 1424], "y": [99.5, 99.0, 98.5, 98.0, 97.4, 96.9, 96.4, 95.9, 95.4, 94.8, 94.3, 93.8, 93.3, 92.8, 92.2, 91.7, 91.2, 90.7, 90.2, 89.6, 89.1, 88.6, 88.1, 87.0, 86.5, 86.0, 84.9, 84.4, 83.9, 83.4, 82.9, 82.3, 81.8, 81.3, 80.8, 80.3, 79.7, 79.2, 78.7, 77.7, 77.1, 76.6, 76.1, 75.0, 74.5, 74.0, 73.5, 73.0, 72.4, 71.9, 71.4, 70.9, 70.4, 69.8, 69.3, 68.8, 67.8, 67.2, 66.7, 66.2, 65.7, 65.2, 64.1, 63.6, 63.1, 62.5, 62.0, 61.5, 60.5, 59.9, 59.4, 58.9, 58.4, 57.9, 57.3, 56.8, 55.8, 55.3, 54.7, 54.2, 53.7, 52.7, 51.1, 49.5, 49.0, 48.0, 47.4, 45.4, 43.8, 40.2, 39.1, 37.0, 36.0, 33.900000000000006, 32.900000000000006, 31.299999999999997, 30.799999999999997, 30.299999999999997, 29.700000000000003, 29.200000000000003, 28.200000000000003, 27.700000000000003, 26.599999999999994, 26.099999999999994, 25.599999999999994, 25.0, 24.5, 24.0, 23.5, 23.0, 22.400000000000006, 20.900000000000006, 19.799999999999997, 19.299999999999997, 18.299999999999997, 17.799999999999997, 16.700000000000003, 16.200000000000003, 15.700000000000003, 15.200000000000003, 14.599999999999994, 14.099999999999994, 13.099999999999994, 12.0, 11.5, 9.900000000000006, 8.900000000000006, 7.900000000000006, 7.299999999999997, 6.299999999999997, 5.799999999999997, 4.700000000000003, 3.700000000000003, 3.200000000000003, 2.700000000000003, 2.0999999999999943, 1.5999999999999943, 1.0999999999999943, 0.5999999999999943, -0.5]}, "histogram": {"x": [765.0, 780.0, 795.0, 810.0, 825.0, 840.0, 855.0, 870.0, 885.0, 900.0, 915.0, 930.0, 945.0, 960.0, 975.0, 990.0, 1005.0, 1020.0, 1035.0, 1050.0, 1065.0, 1080.0, 1095.0, 1110.0, 1125.0, 1140.0, 1155.0, 1170.0, 1185.0, 1200.0, 1215.0, 1230.0, 1245.0, 1260.0, 1275.0, 1290.0, 1305.0, 1320.0, 1335.0, 1350.0, 1365.0, 1380.0, 1395.0, 1410.0, 1425.0], "y": [1, 0, 0, 0, 0, 1, 1, 1, 4, 0, 1, 2, 3, 3, 2, 3, 3, 2, 3, 3, 5, 5, 3, 7, 5, 7, 8, 6, 9, 41, 10, 10, 14, 12, 11, 4, 1, 0, 0, 0, 0, 0, 0, 2, 0]}}