{"percentile": {"x": [918, 953, 998, 1038, 1052, 1055, 1062, 1065, 1074, 1107, 1109, 1114, 1117, 1123, 1132, 1141, 1148, 1150, 1153, 1165, 1167, 1175, 1177, 1179, 1182, 1185, 1188, 1189, 1195, 1196, 1199, 1201, 1203, 1204, 1205, 1206, 1207, 1208, 1210, 1211, 1212, 1214, 1215, 1217, 1218, 1219, 1220, 1221, 1222, 1223, 1225, 1226, 1227, 1229, 1230, 1231, 1232, 1233, 1234, 1235, 1236, 1237, 1238, 1239, 1240, 1241, 1242, 1243, 1245, 1246, 1247, 1248, 1249, 1250, 1251, 1252, 1253, 1254, 1255, 1256, 1257, 1258, 1259, 1261, 1262, 1263, 1264, 1265, 1266, 1267, 1268, 1269, 1270, 1271, 1272, 1273, 1274, 1275, 1276, 1277, 1278, 1280, 1283, 1284, 1286, 1288, 1289, 1290, 1294, 1295, 1297, 1298, 1300, 1302, 1307, 1310, 1313, 1324, 1326, 1340, 1361, 1370, 1400, 1415, 1424], "y": [99.7, 99.3, 99.0, 98.6, 98.3, 97.9, 97.6, 97.2, 96.8, 96.5, 96.1, 95.8, 95.4, 95.1, 94.7, 94.4, 94.0, 93.6, 93.3, 92.9, 92.6, 92.2, 91.5, 91.2, 90.8, 90.1, 89.7, 89.4, 89.0, 88.7, 88.3, 88.0, 86.9, 86.2, 85.1, 84.7, 83.0, 82.6, 82.3, 81.2, 79.8, 79.4, 78.7, 78.0, 77.6, 76.9, 76.6, 76.2, 74.8, 73.0, 72.3, 71.9, 71.2, 69.8, 69.4, 68.7, 67.0, 66.2, 65.9, 65.2, 63.8, 63.4, 62.7, 61.6, 60.2, 58.8, 57.0, 56.6, 54.9, 53.1, 52.0, 50.6, 50.2, 49.5, 49.2, 47.7, 46.7, 45.2, 42.8, 42.4, 41.0, 39.6, 38.5, 36.7, 35.3, 34.900000000000006, 32.8, 31.0, 30.700000000000003, 28.900000000000006, 26.700000000000003, 24.599999999999994, 23.200000000000003, 22.099999999999994, 21.0, 20.0, 18.900000000000006, 17.799999999999997, 15.700000000000003, 14.299999999999997, 13.200000000000003, 10.400000000000006, 9.700000000000003, 9.299999999999997, 8.900000000000006, 7.900000000000006, 7.5, 6.799999999999997, 6.5, 6.099999999999994, 5.700000000000003, 5.400000000000006, 5.0, 4.299999999999997, 4.0, 3.299999999999997, 2.9000000000000057, 2.5, 2.200000000000003, 1.7999999999999972, 1.5, 1.0999999999999943, 0.7999999999999972, 0.4000000000000057, -0.29999999999999716]}, "histogram": {"x": [915.0, 930.0, 945.0, 960.0, 975.0, 990.0, 1005.0, 1020.0, 1035.0, 1050.0, 1065.0, 1080.0, 1095.0, 1110.0, 1125.0, 1140.0, 1155.0, 1170.0, 1185.0, 1200.0, 1215.0, 1230.0, 1245.0, 1260.0, 1275.0, 1290.0, 1305.0, 1320.0, 1335.0, 1350.0, 1365.0, 1380.0, 1395.0, 1410.0, 1425.0], "y": [1, 0, 1, 0, 0, 1, 0, 0, 1, 3, 2, 0, 2, 3, 1, 4, 2, 5, 7, 25, 27, 37, 51, 55, 32, 9, 4, 2, 1, 1, 1, 0, 1, 3, 0]}}