{"percentile": {"x": [882, 905, 911, 947, 950, 959, 961, 964, 971, 974, 1034, 1044, 1062, 1063, 1070, 1074, 1083, 1095, 1099, 1103, 1109, 1121, 1134, 1141, 1144, 1145, 1155, 1157, 1160, 1173, 1174, 1176, 1182, 1191, 1194, 1198, 1201, 1202, 1203, 1204, 1206, 1207, 1208, 1209, 1210, 1211, 1212, 1213, 1214, 1215, 1216, 1219, 1221, 1224, 1225, 1226, 1227, 1228, 1229, 1230, 1232, 1233, 1234, 1235, 1236, 1237, 1240, 1243, 1245, 1246, 1248, 1249, 1251, 1253, 1254, 1259, 1261, 1262, 1263, 1265, 1266, 1267, 1268, 1273, 1274, 1276, 1278, 1279, 1280, 1281, 1282, 1285, 1289, 1291, 1294, 1295, 1297, 1301, 1309, 1317, 1327, 1335, 1339, 1424], "y": [99.4, 98.8, 97.5, 96.8, 96.2, 95.5, 94.9, 94.2, 93.0, 92.3, 91.7, 91.0, 90.4, 89.7, 89.1, 88.4, 87.8, 87.1, 86.5, 85.9, 85.2, 84.6, 83.9, 83.3, 82.6, 82.0, 81.3, 80.7, 79.4, 78.8, 78.1, 77.5, 76.8, 76.2, 75.5, 74.9, 74.2, 73.0, 71.7, 69.7, 68.4, 67.8, 67.1, 66.5, 65.2, 63.9, 62.6, 60.0, 59.4, 56.2, 55.5, 54.9, 53.6, 50.4, 48.4, 47.1, 45.9, 44.6, 43.9, 42.6, 42.0, 41.3, 40.7, 39.4, 38.8, 38.1, 35.5, 34.2, 33.599999999999994, 33.0, 32.3, 31.700000000000003, 31.0, 29.700000000000003, 27.799999999999997, 25.900000000000006, 24.599999999999994, 23.900000000000006, 22.0, 19.400000000000006, 18.799999999999997, 18.099999999999994, 17.5, 16.799999999999997, 15.5, 14.900000000000006, 13.0, 12.299999999999997, 11.700000000000003, 11.0, 10.400000000000006, 9.700000000000003, 9.099999999999994, 8.400000000000006, 7.799999999999997, 7.099999999999994, 5.900000000000006, 4.599999999999994, 3.9000000000000057, 3.299999999999997, 2.5999999999999943, 2.0, 1.2999999999999972, -0.5999999999999943]}, "histogram": {"x": [870.0, 885.0, 900.0, 915.0, 930.0, 945.0, 960.0, 975.0, 990.0, 1005.0, 1020.0, 1035.0, 1050.0, 1065.0, 1080.0, 1095.0, 1110.0, 1125.0, 1140.0, 1155.0, 1170.0, 1185.0, 1200.0, 1215.0, 1230.0, 1245.0, 1260.0, 1275.0, 1290.0, 1305.0, 1320.0, 1335.0, 1350.0, 1365.0, 1380.0, 1395.0, 1410.0, 1425.0], "y": [1, 0, 3, 0, 0, 3, 5, 0, 0, 0, 1, 1, 2, 2, 1, 4, 1, 1, 3, 4, 4, 3, 24, 24, 15, 13, 16, 10, 7, 2, 1, 2, 0, 0, 0, 0, 3, 0]}}