{"histogram": {"y": [3, 2, 1, 0, 0, 5, 1, 1, 0, 2, 0, 3, 1, 1, 0, 4, 0, 2, 6, 5, 7, 5, 4, 1, 2, 0], "x": [840.0, 860.0, 880.0, 900.0, 920.0, 940.0, 960.0, 980.0, 1000.0, 1020.0, 1040.0, 1060.0, 1080.0, 1100.0, 1120.0, 1140.0, 1160.0, 1180.0, 1200.0, 1220.0, 1240.0, 1260.0, 1280.0, 1300.0, 1320.0]}, "percentile": {"y": [98.2, 96.4, 94.6, 92.8, 91.0, 89.1, 87.3, 85.5, 83.7, 81.9, 80.0, 78.2, 76.4, 74.6, 72.8, 71.0, 69.1, 67.3, 65.5, 63.7, 61.9, 58.2, 56.4, 54.6, 52.8, 51.0, 49.1, 47.3, 45.5, 43.7, 41.9, 40.0, 38.2, 36.4, 34.599999999999994, 32.8, 31.0, 29.099999999999994, 27.299999999999997, 23.700000000000003, 21.900000000000006, 20.0, 18.200000000000003, 16.400000000000006, 14.599999999999994, 12.799999999999997, 11.0, 9.099999999999994, 7.299999999999997, 5.5, 3.700000000000003, 1.9000000000000057, 0.0, -1.7999999999999972], "x": [825, 832, 833, 843, 857, 871, 923, 924, 926, 930, 937, 943, 967, 1000, 1016, 1044, 1050, 1053, 1061, 1095, 1124, 1129, 1132, 1170, 1175, 1180, 1185, 1191, 1194, 1195, 1198, 1202, 1204, 1212, 1216, 1219, 1222, 1223, 1224, 1231, 1232, 1236, 1242, 1246, 1248, 1249, 1250, 1265, 1274, 1278, 1279, 1286, 1314, 1318]}}