{"percentile": {"y": [99.6, 99.2, 98.7, 98.3, 97.8, 97.4, 96.9, 96.5, 96.0, 95.6, 95.2, 94.7, 94.3, 93.8, 93.4, 92.9, 92.5, 92.0, 91.6, 91.2, 90.7, 90.3, 89.8, 89.4, 88.9, 88.5, 88.0, 87.2, 86.7, 86.3, 85.8, 85.4, 84.9, 84.5, 84.0, 83.6, 83.2, 82.7, 82.3, 81.8, 81.4, 80.9, 80.5, 79.6, 79.2, 78.3, 77.8, 77.4, 76.5, 75.6, 75.2, 74.7, 74.3, 73.8, 73.4, 72.9, 72.5, 72.0, 71.6, 71.2, 70.7, 70.3, 69.8, 69.4, 68.9, 68.0, 67.6, 67.2, 66.7, 65.4, 64.9, 64.5, 64.0, 63.6, 63.2, 62.7, 62.3, 61.4, 60.9, 60.0, 59.6, 59.2, 58.3, 57.8, 56.9, 56.5, 56.0, 55.6, 55.2, 54.7, 54.3, 53.8, 53.4, 52.9, 52.0, 51.6, 51.2, 50.7, 50.3, 49.8, 49.4, 48.9, 48.0, 47.6, 47.2, 46.7, 45.8, 45.4, 44.9, 44.0, 43.2, 42.7, 42.3, 40.9, 39.6, 38.3, 37.8, 35.599999999999994, 32.900000000000006, 32.0, 31.200000000000003, 29.400000000000006, 28.5, 26.700000000000003, 25.799999999999997, 24.5, 23.599999999999994, 22.299999999999997, 21.799999999999997, 21.400000000000006, 20.5, 20.0, 19.599999999999994, 19.200000000000003, 18.299999999999997, 17.799999999999997, 17.400000000000006, 16.900000000000006, 16.5, 16.0, 15.599999999999994, 15.200000000000003, 14.700000000000003, 14.299999999999997, 13.799999999999997, 13.400000000000006, 12.0, 11.599999999999994, 11.200000000000003, 10.700000000000003, 10.299999999999997, 9.400000000000006, 8.900000000000006, 8.5, 7.599999999999994, 6.700000000000003, 6.299999999999997, 4.5, 4.0, 3.5999999999999943, 3.200000000000003, 2.299999999999997, 1.7999999999999972, 1.4000000000000057, 0.9000000000000057, 0.5, 0.0, -0.4000000000000057], "x": [715, 755, 805, 818, 819, 821, 849, 856, 868, 881, 884, 897, 903, 905, 920, 927, 928, 929, 933, 942, 946, 948, 951, 956, 968, 970, 976, 980, 982, 989, 990, 991, 996, 1007, 1009, 1010, 1011, 1012, 1013, 1015, 1017, 1022, 1026, 1033, 1035, 1037, 1038, 1039, 1041, 1048, 1052, 1054, 1055, 1056, 1060, 1061, 1065, 1067, 1070, 1080, 1082, 1083, 1087, 1092, 1093, 1094, 1097, 1099, 1100, 1104, 1106, 1107, 1110, 1111, 1112, 1115, 1116, 1117, 1126, 1133, 1134, 1135, 1136, 1140, 1142, 1145, 1146, 1148, 1149, 1150, 1160, 1161, 1162, 1165, 1169, 1170, 1171, 1175, 1178, 1179, 1180, 1183, 1185, 1188, 1194, 1195, 1196, 1198, 1200, 1201, 1202, 1203, 1204, 1205, 1206, 1207, 1208, 1209, 1210, 1211, 1212, 1213, 1214, 1215, 1216, 1220, 1221, 1222, 1224, 1225, 1226, 1227, 1228, 1230, 1231, 1232, 1234, 1235, 1239, 1240, 1241, 1244, 1245, 1249, 1250, 1251, 1253, 1254, 1255, 1261, 1262, 1265, 1266, 1268, 1269, 1270, 1271, 1273, 1275, 1277, 1278, 1280, 1284, 1300, 1310, 1317, 1320, 1365]}, "histogram": {"y": [1, 0, 1, 0, 0, 3, 1, 2, 1, 3, 2, 5, 5, 3, 7, 8, 9, 8, 5, 10, 13, 7, 8, 11, 10, 44, 21, 12, 18, 3, 3, 1, 0, 1], "x": [700.0, 720.0, 740.0, 760.0, 780.0, 800.0, 820.0, 840.0, 860.0, 880.0, 900.0, 920.0, 940.0, 960.0, 980.0, 1000.0, 1020.0, 1040.0, 1060.0, 1080.0, 1100.0, 1120.0, 1140.0, 1160.0, 1180.0, 1200.0, 1220.0, 1240.0, 1260.0, 1280.0, 1300.0, 1320.0, 1340.0, 1360.0]}}