{"histogram": {"y": [2, 0, 0, 0, 1, 2, 3, 1, 5, 1, 2, 5, 5, 5, 7, 7, 11, 9, 12, 11, 8, 11, 10, 10, 13, 11, 17, 19, 8, 5, 12, 12, 8, 10, 12, 58, 27, 18, 11, 19, 10, 1, 1, 3, 2, 0, 0, 2, 1, 2, 0], "x": [675.0, 690.0, 705.0, 720.0, 735.0, 750.0, 765.0, 780.0, 795.0, 810.0, 825.0, 840.0, 855.0, 870.0, 885.0, 900.0, 915.0, 930.0, 945.0, 960.0, 975.0, 990.0, 1005.0, 1020.0, 1035.0, 1050.0, 1065.0, 1080.0, 1095.0, 1110.0, 1125.0, 1140.0, 1155.0, 1170.0, 1185.0, 1200.0, 1215.0, 1230.0, 1245.0, 1260.0, 1275.0, 1290.0, 1305.0, 1320.0, 1335.0, 1350.0, 1365.0, 1380.0, 1395.0, 1410.0, 1425.0]}, "percentile": {"y": [99.8, 99.6, 99.3, 99.1, 98.8, 98.3, 98.1, 97.8, 97.6, 97.4, 97.1, 96.9, 96.6, 96.4, 96.1, 95.9, 95.6, 95.4, 95.2, 94.7, 94.4, 94.2, 93.9, 93.4, 93.2, 93.0, 92.7, 92.5, 92.2, 92.0, 91.5, 91.2, 90.8, 90.5, 90.3, 90.0, 89.8, 89.5, 89.3, 89.0, 88.8, 88.6, 88.3, 87.8, 87.6, 87.1, 86.8, 86.4, 86.1, 85.9, 85.6, 84.9, 84.6, 84.4, 84.2, 83.9, 83.7, 83.2, 82.4, 81.7, 81.2, 81.0, 80.7, 80.2, 79.8, 79.5, 79.0, 78.5, 78.3, 78.0, 77.8, 77.6, 77.3, 77.1, 76.8, 76.3, 76.1, 75.8, 75.6, 75.4, 75.1, 74.6, 74.4, 73.9, 73.6, 73.4, 72.9, 72.7, 72.4, 72.2, 71.9, 71.7, 71.4, 71.2, 71.0, 70.5, 70.2, 70.0, 69.7, 69.2, 69.0, 68.8, 68.0, 67.5, 67.3, 67.0, 66.1, 65.6, 65.1, 64.8, 64.4, 64.1, 63.9, 63.6, 63.4, 62.9, 62.2, 61.4, 61.2, 60.9, 60.7, 60.2, 59.7, 59.0, 58.7, 58.5, 58.2, 58.0, 57.3, 57.0, 56.5, 56.3, 55.8, 55.6, 55.3, 55.1, 54.8, 54.1, 53.6, 53.4, 53.1, 52.9, 52.1, 51.9, 51.6, 51.4, 51.2, 50.9, 50.4, 50.2, 49.4, 49.2, 48.9, 48.7, 48.5, 48.2, 48.0, 47.5, 47.2, 46.5, 46.3, 46.0, 45.8, 45.3, 45.0, 44.8, 44.5, 44.1, 43.8, 43.6, 43.3, 43.1, 42.6, 41.9, 41.6, 41.4, 41.1, 40.9, 40.6, 40.1, 39.4, 39.2, 38.9, 38.7, 38.2, 37.9, 37.7, 36.2, 35.0, 33.3, 32.3, 31.599999999999994, 29.400000000000006, 28.700000000000003, 27.900000000000006, 26.900000000000006, 26.0, 24.5, 23.799999999999997, 23.5, 21.799999999999997, 21.299999999999997, 20.599999999999994, 19.900000000000006, 19.599999999999994, 19.099999999999994, 18.400000000000006, 18.099999999999994, 17.900000000000006, 17.400000000000006, 17.200000000000003, 16.900000000000006, 16.400000000000006, 16.200000000000003, 15.5, 15.200000000000003, 15.0, 14.700000000000003, 14.5, 14.0, 13.5, 13.299999999999997, 12.5, 12.299999999999997, 12.0, 11.799999999999997, 11.5, 11.299999999999997, 10.799999999999997, 10.299999999999997, 10.099999999999994, 9.799999999999997, 9.599999999999994, 9.099999999999994, 8.900000000000006, 8.599999999999994, 8.099999999999994, 7.900000000000006, 7.099999999999994, 6.900000000000006, 6.700000000000003, 5.900000000000006, 5.200000000000003, 4.700000000000003, 4.5, 4.200000000000003, 3.5, 3.0, 2.700000000000003, 2.5, 2.299999999999997, 2.0, 1.7999999999999972, 1.5, 1.2999999999999972, 1.0, 0.7999999999999972, 0.5, 0.29999999999999716, -0.20000000000000284], "x": [676, 678, 736, 752, 763, 767, 771, 788, 795, 797, 799, 803, 809, 811, 833, 839, 846, 847, 849, 854, 858, 859, 864, 866, 870, 873, 876, 877, 883, 887, 890, 896, 897, 898, 900, 901, 903, 904, 909, 911, 913, 915, 916, 917, 921, 923, 924, 925, 926, 931, 932, 936, 940, 941, 943, 944, 946, 952, 954, 955, 956, 958, 960, 964, 965, 967, 968, 971, 974, 978, 980, 982, 983, 984, 988, 989, 991, 992, 993, 995, 996, 998, 999, 1000, 1002, 1006, 1007, 1008, 1009, 1010, 1015, 1016, 1017, 1019, 1020, 1021, 1025, 1027, 1028, 1029, 1030, 1034, 1035, 1036, 1042, 1045, 1047, 1048, 1050, 1052, 1054, 1056, 1057, 1058, 1060, 1063, 1065, 1066, 1067, 1070, 1071, 1073, 1074, 1075, 1076, 1080, 1082, 1084, 1085, 1086, 1087, 1088, 1089, 1090, 1091, 1092, 1093, 1094, 1096, 1098, 1101, 1102, 1108, 1110, 1116, 1118, 1122, 1124, 1127, 1131, 1132, 1134, 1135, 1136, 1137, 1138, 1139, 1141, 1142, 1145, 1147, 1149, 1152, 1153, 1154, 1159, 1162, 1163, 1164, 1165, 1168, 1169, 1171, 1173, 1175, 1176, 1177, 1182, 1183, 1187, 1188, 1189, 1192, 1194, 1196, 1197, 1198, 1202, 1203, 1204, 1205, 1206, 1207, 1208, 1209, 1210, 1211, 1212, 1213, 1214, 1215, 1216, 1217, 1218, 1219, 1220, 1221, 1222, 1223, 1224, 1227, 1229, 1230, 1233, 1234, 1235, 1236, 1237, 1239, 1240, 1241, 1242, 1244, 1245, 1247, 1249, 1250, 1251, 1253, 1254, 1257, 1259, 1260, 1261, 1264, 1265, 1266, 1267, 1268, 1269, 1271, 1273, 1274, 1276, 1277, 1279, 1280, 1284, 1286, 1301, 1306, 1320, 1329, 1333, 1340, 1347, 1380, 1390, 1400, 1415]}}