{"percentile": {"x": [859, 865, 868, 875, 891, 894, 896, 903, 917, 923, 941, 950, 970, 990, 997, 1010, 1044, 1048, 1063, 1065, 1069, 1070, 1075, 1077, 1080, 1091, 1101, 1116, 1124, 1151, 1177, 1178, 1183, 1188, 1195, 1201, 1211, 1217, 1218, 1221, 1225, 1226, 1231, 1233, 1243, 1248, 1252, 1257, 1259, 1270, 1274, 1276, 1277, 1278, 1312, 1329, 1334], "y": [98.4, 96.8, 95.2, 93.6, 92.0, 90.4, 88.8, 87.1, 85.5, 83.9, 82.3, 80.7, 79.1, 77.5, 75.9, 74.2, 72.6, 69.4, 67.8, 66.2, 64.6, 63.0, 61.3, 59.7, 58.1, 56.5, 53.3, 51.7, 50.0, 48.4, 46.8, 45.2, 43.6, 42.0, 40.4, 37.1, 33.900000000000006, 30.700000000000003, 29.099999999999994, 27.5, 25.900000000000006, 24.200000000000003, 22.599999999999994, 21.0, 19.400000000000006, 17.799999999999997, 14.599999999999994, 13.0, 11.299999999999997, 9.700000000000003, 8.099999999999994, 6.5, 4.900000000000006, 3.299999999999997, 1.7000000000000028, 0.0, -1.5999999999999943]}, "histogram": {"x": [860.0, 880.0, 900.0, 920.0, 940.0, 960.0, 980.0, 1000.0, 1020.0, 1040.0, 1060.0, 1080.0, 1100.0, 1120.0, 1140.0, 1160.0, 1180.0, 1200.0, 1220.0, 1240.0, 1260.0, 1280.0, 1300.0, 1320.0], "y": [1, 3, 3, 2, 1, 2, 1, 2, 1, 0, 3, 6, 2, 3, 1, 1, 2, 3, 7, 5, 6, 5, 0, 1, 2]}}