{"histogram": {"x": [855.0, 870.0, 885.0, 900.0, 915.0, 930.0, 945.0, 960.0, 975.0, 990.0, 1005.0, 1020.0, 1035.0, 1050.0, 1065.0, 1080.0, 1095.0, 1110.0, 1125.0, 1140.0, 1155.0, 1170.0, 1185.0, 1200.0, 1215.0, 1230.0, 1245.0, 1260.0, 1275.0, 1290.0, 1305.0, 1320.0], "y": [1, 0, 0, 0, 0, 1, 0, 0, 1, 0, 0, 0, 3, 6, 5, 3, 2, 0, 1, 1, 1, 4, 5, 13, 12, 5, 4, 12, 1, 0, 0, 1]}, "percentile": {"x": [866, 944, 988, 1038, 1040, 1047, 1051, 1053, 1056, 1063, 1066, 1068, 1069, 1075, 1080, 1081, 1086, 1103, 1105, 1134, 1147, 1165, 1171, 1174, 1175, 1185, 1194, 1197, 1201, 1202, 1207, 1208, 1210, 1211, 1212, 1213, 1214, 1215, 1216, 1221, 1222, 1224, 1226, 1228, 1231, 1232, 1235, 1237, 1245, 1250, 1258, 1262, 1263, 1265, 1269, 1270, 1272, 1273, 1274, 1280, 1320], "y": [98.8, 97.6, 96.3, 95.1, 93.9, 92.6, 90.2, 88.9, 87.7, 85.2, 84.0, 82.8, 80.3, 79.1, 77.8, 76.6, 75.4, 74.1, 72.9, 71.7, 70.4, 69.2, 68.0, 65.5, 64.2, 61.8, 60.5, 58.1, 56.8, 55.6, 53.1, 50.7, 49.4, 47.0, 45.7, 43.3, 42.0, 38.3, 35.900000000000006, 34.599999999999994, 33.400000000000006, 32.099999999999994, 30.900000000000006, 27.200000000000003, 26.0, 24.700000000000003, 23.5, 21.0, 18.599999999999994, 17.299999999999997, 16.099999999999994, 14.900000000000006, 12.400000000000006, 9.900000000000006, 8.700000000000003, 6.200000000000003, 5.0, 3.799999999999997, 1.2999999999999972, 0.0, -1.2000000000000028]}}