{"histogram": {"x": [735.0, 750.0, 765.0, 780.0, 795.0, 810.0, 825.0, 840.0, 855.0, 870.0, 885.0, 900.0, 915.0, 930.0, 945.0, 960.0, 975.0, 990.0, 1005.0, 1020.0, 1035.0, 1050.0, 1065.0, 1080.0, 1095.0, 1110.0, 1125.0, 1140.0, 1155.0, 1170.0, 1185.0, 1200.0, 1215.0, 1230.0, 1245.0, 1260.0, 1275.0, 1290.0, 1305.0, 1320.0, 1335.0, 1350.0, 1365.0, 1380.0, 1395.0], "y": [1, 0, 0, 0, 0, 0, 0, 0, 2, 0, 0, 0, 1, 1, 1, 1, 1, 1, 5, 2, 3, 1, 2, 2, 3, 0, 3, 3, 3, 3, 4, 12, 6, 7, 7, 5, 8, 1, 0, 0, 0, 0, 0, 0, 1]}, "percentile": {"x": [748, 859, 865, 924, 939, 946, 970, 979, 994, 1005, 1008, 1010, 1011, 1021, 1025, 1036, 1044, 1050, 1071, 1074, 1086, 1087, 1098, 1099, 1107, 1126, 1134, 1138, 1140, 1142, 1151, 1160, 1165, 1172, 1179, 1184, 1190, 1193, 1199, 1203, 1205, 1207, 1208, 1209, 1210, 1212, 1214, 1215, 1219, 1228, 1229, 1235, 1238, 1239, 1242, 1243, 1244, 1246, 1252, 1255, 1257, 1258, 1259, 1260, 1267, 1269, 1272, 1273, 1275, 1277, 1278, 1280, 1282, 1290, 1404], "y": [98.9, 97.8, 96.7, 95.6, 94.4, 93.3, 92.2, 91.1, 89.9, 87.7, 86.6, 85.4, 84.3, 83.2, 82.1, 79.8, 78.7, 77.6, 76.5, 75.3, 74.2, 73.1, 72.0, 70.8, 69.7, 68.6, 67.5, 66.3, 65.2, 64.1, 63.0, 60.7, 59.6, 58.5, 57.4, 56.2, 55.1, 54.0, 51.7, 50.6, 48.4, 45.0, 43.9, 41.6, 40.5, 39.4, 38.3, 34.900000000000006, 33.8, 32.599999999999994, 31.5, 29.299999999999997, 28.099999999999994, 27.0, 25.900000000000006, 24.799999999999997, 23.599999999999994, 21.400000000000006, 20.299999999999997, 19.200000000000003, 18.0, 16.900000000000006, 15.799999999999997, 14.700000000000003, 13.5, 12.400000000000006, 11.299999999999997, 10.200000000000003, 7.900000000000006, 6.799999999999997, 4.5, 2.299999999999997, 1.2000000000000028, 0.0, -1.0999999999999943]}}