{"percentile": {"x": [859, 904, 912, 932, 966, 967, 1008, 1049, 1055, 1067, 1075, 1100, 1102, 1112, 1116, 1122, 1143, 1156, 1159, 1162, 1166, 1167, 1171, 1175, 1176, 1179, 1184, 1196, 1198, 1199, 1203, 1204, 1205, 1207, 1208, 1209, 1210, 1211, 1213, 1214, 1215, 1217, 1218, 1220, 1222, 1223, 1224, 1225, 1227, 1228, 1229, 1230, 1231, 1232, 1233, 1234, 1235, 1236, 1237, 1239, 1240, 1241, 1242, 1243, 1244, 1245, 1249, 1250, 1251, 1252, 1253, 1255, 1257, 1258, 1260, 1261, 1262, 1263, 1264, 1265, 1266, 1268, 1270, 1273, 1274, 1276, 1277, 1278, 1279, 1280, 1281, 1283, 1286, 1288, 1292, 1293, 1296, 1297, 1298, 1299, 1303, 1305, 1307, 1313, 1365, 1423, 1424], "y": [99.5, 98.9, 98.3, 97.8, 97.2, 96.0, 95.5, 94.9, 94.3, 93.2, 92.6, 92.0, 91.4, 90.9, 90.3, 89.7, 89.1, 88.6, 88.0, 87.4, 86.8, 86.3, 85.1, 84.5, 84.0, 83.4, 82.8, 82.2, 81.7, 81.1, 80.5, 79.9, 78.8, 77.6, 75.9, 74.8, 73.6, 71.3, 70.2, 69.6, 67.9, 67.3, 66.7, 66.1, 63.8, 61.0, 60.4, 59.8, 58.7, 57.5, 56.9, 55.2, 54.1, 53.5, 50.6, 49.5, 48.9, 48.3, 47.8, 46.6, 44.9, 44.3, 43.7, 42.6, 41.4, 40.9, 40.3, 38.6, 37.4, 35.099999999999994, 33.400000000000006, 31.099999999999994, 30.5, 29.400000000000006, 28.799999999999997, 28.200000000000003, 27.099999999999994, 26.5, 25.299999999999997, 23.0, 22.5, 21.900000000000006, 20.200000000000003, 19.599999999999994, 19.0, 16.700000000000003, 16.099999999999994, 15.0, 13.299999999999997, 12.099999999999994, 11.5, 11.0, 10.400000000000006, 9.200000000000003, 8.099999999999994, 7.5, 6.400000000000006, 5.200000000000003, 4.599999999999994, 4.099999999999994, 3.5, 2.299999999999997, 1.7999999999999972, 1.2000000000000028, 0.5999999999999943, 0.0, -0.5]}, "histogram": {"x": [855.0, 870.0, 885.0, 900.0, 915.0, 930.0, 945.0, 960.0, 975.0, 990.0, 1005.0, 1020.0, 1035.0, 1050.0, 1065.0, 1080.0, 1095.0, 1110.0, 1125.0, 1140.0, 1155.0, 1170.0, 1185.0, 1200.0, 1215.0, 1230.0, 1245.0, 1260.0, 1275.0, 1290.0, 1305.0, 1320.0, 1335.0, 1350.0, 1365.0, 1380.0, 1395.0, 1410.0, 1425.0], "y": [1, 0, 0, 2, 0, 1, 0, 3, 0, 0, 1, 0, 1, 1, 3, 0, 2, 3, 0, 1, 5, 6, 3, 20, 22, 27, 21, 18, 17, 10, 4, 0, 0, 0, 1, 0, 0, 2, 0]}}