{"histogram": {"x": [795.0, 810.0, 825.0, 840.0, 855.0, 870.0, 885.0, 900.0, 915.0, 930.0, 945.0, 960.0, 975.0, 990.0, 1005.0, 1020.0, 1035.0, 1050.0, 1065.0, 1080.0, 1095.0, 1110.0, 1125.0, 1140.0, 1155.0, 1170.0, 1185.0, 1200.0, 1215.0, 1230.0, 1245.0, 1260.0, 1275.0, 1290.0, 1305.0, 1320.0, 1335.0, 1350.0, 1365.0, 1380.0, 1395.0, 1410.0, 1425.0], "y": [1, 0, 0, 0, 0, 1, 1, 0, 0, 2, 2, 1, 0, 3, 2, 1, 4, 0, 3, 4, 2, 2, 5, 1, 2, 1, 2, 12, 3, 2, 4, 5, 4, 0, 0, 0, 0, 1, 0, 0, 0, 1, 0]}, "percentile": {"x": [800, 870, 895, 937, 940, 948, 960, 994, 996, 1005, 1010, 1021, 1035, 1037, 1043, 1048, 1075, 1077, 1080, 1082, 1085, 1094, 1097, 1104, 1112, 1118, 1125, 1126, 1130, 1137, 1138, 1144, 1156, 1163, 1184, 1196, 1199, 1202, 1205, 1206, 1208, 1209, 1210, 1211, 1213, 1214, 1215, 1220, 1223, 1238, 1240, 1245, 1246, 1248, 1265, 1268, 1272, 1275, 1280, 1350, 1415], "y": [98.6, 97.2, 95.8, 94.4, 93.0, 90.2, 88.8, 87.4, 84.6, 83.1, 81.7, 80.3, 78.9, 77.5, 76.1, 74.7, 73.3, 70.5, 69.1, 67.7, 66.2, 64.8, 63.4, 62.0, 60.6, 59.2, 57.8, 56.4, 55.0, 53.6, 52.2, 50.8, 49.3, 47.9, 46.5, 45.1, 43.7, 40.9, 39.5, 38.1, 36.7, 33.900000000000006, 31.0, 29.599999999999994, 28.200000000000003, 26.799999999999997, 25.400000000000006, 24.0, 22.599999999999994, 21.200000000000003, 19.799999999999997, 18.400000000000006, 17.0, 14.099999999999994, 11.299999999999997, 8.5, 7.099999999999994, 4.299999999999997, 1.5, 0.0, -1.4000000000000057]}}