{"percentile": {"y": [99.7, 99.4, 99.0, 98.3, 97.7, 97.3, 97.0, 96.6, 96.3, 96.0, 95.6, 95.3, 94.6, 94.2, 93.9, 93.6, 93.2, 92.9, 92.5, 92.2, 91.9, 91.5, 91.2, 90.8, 90.5, 90.2, 89.8, 89.5, 89.1, 88.8, 88.4, 88.1, 87.8, 87.4, 86.7, 86.4, 86.1, 85.7, 85.4, 85.0, 84.7, 84.4, 84.0, 83.7, 83.3, 83.0, 82.6, 82.3, 82.0, 81.6, 80.9, 80.6, 80.3, 79.9, 79.6, 79.2, 78.9, 78.5, 78.2, 77.5, 77.2, 76.8, 76.5, 76.2, 75.8, 75.5, 75.1, 74.5, 73.8, 73.4, 72.7, 72.4, 71.4, 70.4, 70.0, 69.7, 69.0, 67.6, 67.3, 66.3, 64.9, 64.2, 63.2, 62.2, 61.8, 60.8, 59.8, 59.1, 57.7, 57.4, 56.7, 56.4, 55.7, 55.3, 54.7, 52.6, 52.3, 51.6, 50.6, 49.9, 49.5, 48.2, 47.1, 46.8, 46.1, 44.8, 44.1, 42.4, 41.7, 41.0, 40.7, 39.3, 39.0, 36.9, 36.2, 35.900000000000006, 35.2, 33.2, 32.5, 31.799999999999997, 30.400000000000006, 29.099999999999994, 28.700000000000003, 27.400000000000006, 26.700000000000003, 25.599999999999994, 24.599999999999994, 24.299999999999997, 23.299999999999997, 22.900000000000006, 22.200000000000003, 19.200000000000003, 18.5, 17.799999999999997, 16.799999999999997, 16.099999999999994, 15.700000000000003, 14.700000000000003, 13.700000000000003, 13.0, 12.700000000000003, 12.299999999999997, 11.299999999999997, 11.0, 10.299999999999997, 9.900000000000006, 8.900000000000006, 8.599999999999994, 7.900000000000006, 7.200000000000003, 6.900000000000006, 6.5, 5.900000000000006, 5.5, 5.200000000000003, 4.799999999999997, 4.099999999999994, 3.799999999999997, 2.799999999999997, 2.0999999999999943, 1.7999999999999972, 1.0999999999999943, 0.7000000000000028, 0.4000000000000057, 0.0, -0.29999999999999716], "x": [783, 848, 879, 886, 894, 898, 910, 927, 934, 940, 942, 943, 945, 950, 960, 962, 966, 968, 969, 972, 979, 982, 984, 1006, 1007, 1008, 1016, 1022, 1031, 1038, 1042, 1052, 1055, 1056, 1068, 1076, 1077, 1078, 1085, 1086, 1095, 1098, 1100, 1101, 1115, 1120, 1128, 1129, 1130, 1137, 1138, 1140, 1145, 1149, 1152, 1153, 1160, 1169, 1172, 1177, 1178, 1180, 1186, 1187, 1193, 1194, 1195, 1197, 1198, 1201, 1202, 1203, 1204, 1205, 1206, 1207, 1209, 1210, 1211, 1212, 1213, 1214, 1215, 1216, 1217, 1218, 1219, 1220, 1222, 1223, 1224, 1225, 1226, 1227, 1228, 1229, 1230, 1231, 1232, 1233, 1234, 1235, 1236, 1237, 1238, 1239, 1240, 1241, 1242, 1243, 1244, 1245, 1246, 1247, 1248, 1249, 1250, 1251, 1252, 1253, 1254, 1255, 1256, 1257, 1258, 1259, 1260, 1261, 1262, 1263, 1264, 1265, 1266, 1267, 1268, 1270, 1271, 1272, 1273, 1274, 1275, 1277, 1278, 1279, 1280, 1281, 1282, 1283, 1285, 1286, 1289, 1290, 1293, 1294, 1296, 1297, 1298, 1299, 1300, 1301, 1302, 1309, 1315, 1320, 1323, 1335]}, "histogram": {"y": [1, 0, 0, 0, 1, 0, 1, 5, 1, 1, 4, 3, 6, 3, 0, 4, 2, 2, 3, 5, 2, 4, 2, 6, 5, 2, 5, 9, 28, 34, 35, 44, 37, 18, 15, 3, 2, 1], "x": [780.0, 795.0, 810.0, 825.0, 840.0, 855.0, 870.0, 885.0, 900.0, 915.0, 930.0, 945.0, 960.0, 975.0, 990.0, 1005.0, 1020.0, 1035.0, 1050.0, 1065.0, 1080.0, 1095.0, 1110.0, 1125.0, 1140.0, 1155.0, 1170.0, 1185.0, 1200.0, 1215.0, 1230.0, 1245.0, 1260.0, 1275.0, 1290.0, 1305.0, 1320.0, 1335.0]}}