{"percentile": {"y": [99.5, 99.0, 97.9, 97.4, 96.9, 96.3, 95.8, 95.3, 94.2, 93.7, 93.2, 92.6, 92.1, 91.6, 91.1, 90.5, 90.0, 89.5, 88.9, 88.4, 87.9, 87.4, 86.8, 86.3, 85.8, 85.2, 84.2, 83.6, 83.1, 82.6, 82.1, 81.5, 80.5, 79.9, 79.4, 78.9, 78.4, 77.8, 77.3, 76.8, 75.7, 75.2, 74.1, 73.6, 73.1, 72.5, 72.0, 71.5, 70.9, 70.4, 69.9, 69.4, 68.8, 68.3, 67.8, 66.7, 66.2, 65.1, 64.6, 64.1, 63.5, 63.0, 62.0, 60.9, 60.4, 59.8, 59.3, 58.8, 57.7, 57.2, 56.1, 54.5, 54.0, 53.5, 53.0, 51.9, 51.4, 50.8, 50.3, 49.8, 48.7, 47.7, 46.6, 44.5, 43.4, 42.4, 41.8, 40.8, 39.7, 39.2, 38.1, 36.0, 33.900000000000006, 33.400000000000006, 32.900000000000006, 32.3, 31.799999999999997, 31.299999999999997, 29.700000000000003, 28.099999999999994, 27.599999999999994, 26.5, 26.0, 25.400000000000006, 24.900000000000006, 24.400000000000006, 23.900000000000006, 22.799999999999997, 22.299999999999997, 21.700000000000003, 21.200000000000003, 19.599999999999994, 19.099999999999994, 18.599999999999994, 18.0, 16.5, 15.400000000000006, 13.799999999999997, 13.299999999999997, 12.200000000000003, 11.700000000000003, 10.599999999999994, 10.099999999999994, 9.599999999999994, 9.0, 8.5, 8.0, 6.400000000000006, 5.299999999999997, 4.799999999999997, 4.299999999999997, 3.799999999999997, 3.200000000000003, 2.700000000000003, 2.200000000000003, 1.5999999999999943, 0.5999999999999943, 0.0, -0.5], "x": [769, 787, 837, 839, 853, 862, 863, 884, 902, 905, 906, 908, 915, 920, 928, 930, 949, 953, 954, 960, 967, 979, 985, 992, 994, 999, 1000, 1004, 1005, 1008, 1012, 1017, 1019, 1031, 1036, 1038, 1052, 1059, 1061, 1065, 1068, 1073, 1076, 1081, 1088, 1091, 1096, 1097, 1101, 1108, 1110, 1112, 1114, 1116, 1122, 1125, 1127, 1130, 1138, 1141, 1147, 1158, 1160, 1162, 1166, 1167, 1170, 1171, 1173, 1175, 1176, 1180, 1182, 1183, 1185, 1190, 1191, 1194, 1195, 1200, 1201, 1202, 1203, 1205, 1206, 1207, 1209, 1210, 1211, 1212, 1213, 1214, 1215, 1217, 1218, 1219, 1220, 1221, 1223, 1225, 1226, 1227, 1229, 1230, 1233, 1234, 1235, 1237, 1239, 1240, 1244, 1245, 1246, 1248, 1250, 1252, 1253, 1255, 1256, 1257, 1259, 1260, 1261, 1263, 1265, 1268, 1270, 1272, 1273, 1274, 1276, 1277, 1278, 1289, 1302, 1303, 1304, 1305, 1313]}, "histogram": {"y": [1, 1, 0, 3, 1, 2, 1, 6, 3, 3, 3, 4, 9, 3, 2, 7, 5, 6, 7, 3, 13, 11, 34, 19, 20, 16, 1, 6, 0], "x": [760.0, 780.0, 800.0, 820.0, 840.0, 860.0, 880.0, 900.0, 920.0, 940.0, 960.0, 980.0, 1000.0, 1020.0, 1040.0, 1060.0, 1080.0, 1100.0, 1120.0, 1140.0, 1160.0, 1180.0, 1200.0, 1220.0, 1240.0, 1260.0, 1280.0, 1300.0, 1320.0]}}