{"histogram": {"y": [1, 1, 1, 1, 2, 1, 2, 1, 2, 3, 4, 3, 3, 1, 4, 4, 0, 3, 6, 5, 6, 2, 5, 6, 10, 2, 4, 9, 14, 7, 29, 21, 20, 8, 9, 7, 3, 0, 1, 0, 0, 0, 0, 1, 0], "x": [750.0, 765.0, 780.0, 795.0, 810.0, 825.0, 840.0, 855.0, 870.0, 885.0, 900.0, 915.0, 930.0, 945.0, 960.0, 975.0, 990.0, 1005.0, 1020.0, 1035.0, 1050.0, 1065.0, 1080.0, 1095.0, 1110.0, 1125.0, 1140.0, 1155.0, 1170.0, 1185.0, 1200.0, 1215.0, 1230.0, 1245.0, 1260.0, 1275.0, 1290.0, 1305.0, 1320.0, 1335.0, 1350.0, 1365.0, 1380.0, 1395.0, 1410.0]}, "percentile": {"y": [99.6, 99.1, 98.6, 98.2, 97.2, 96.7, 96.3, 95.8, 95.3, 94.8, 94.4, 93.9, 93.4, 92.9, 92.5, 92.0, 91.5, 91.0, 90.6, 90.1, 89.6, 89.1, 88.7, 88.2, 87.7, 87.3, 86.8, 86.3, 85.8, 85.4, 84.9, 84.4, 83.9, 83.5, 83.0, 82.5, 81.6, 81.1, 80.6, 80.1, 79.7, 79.2, 78.7, 78.2, 77.8, 77.3, 76.8, 76.4, 75.9, 75.4, 74.9, 74.5, 74.0, 73.5, 73.0, 72.6, 71.6, 71.1, 70.7, 69.7, 69.2, 68.8, 68.3, 67.3, 66.9, 65.9, 65.5, 64.0, 63.6, 63.1, 62.6, 62.1, 61.7, 60.7, 59.8, 59.3, 58.8, 58.3, 57.9, 57.4, 56.9, 56.4, 56.0, 55.5, 55.0, 54.1, 53.6, 53.1, 52.7, 52.2, 51.2, 50.3, 49.8, 49.3, 48.9, 48.4, 47.4, 47.0, 46.5, 45.5, 45.1, 44.1, 43.2, 42.7, 41.8, 39.9, 38.0, 37.5, 36.1, 35.599999999999994, 34.2, 32.8, 31.299999999999997, 30.900000000000006, 29.900000000000006, 29.400000000000006, 28.0, 27.5, 27.099999999999994, 25.599999999999994, 25.200000000000003, 24.700000000000003, 23.700000000000003, 22.799999999999997, 21.900000000000006, 21.400000000000006, 20.400000000000006, 20.0, 18.5, 18.099999999999994, 17.599999999999994, 16.599999999999994, 15.700000000000003, 15.200000000000003, 14.700000000000003, 13.299999999999997, 12.400000000000006, 11.900000000000006, 11.400000000000006, 11.0, 10.5, 10.0, 9.5, 9.099999999999994, 8.599999999999994, 8.099999999999994, 7.599999999999994, 7.200000000000003, 6.700000000000003, 6.200000000000003, 5.700000000000003, 5.299999999999997, 4.299999999999997, 3.799999999999997, 2.9000000000000057, 2.4000000000000057, 1.9000000000000057, 1.5, 1.0, 0.5, 0.0, -0.4000000000000057], "x": [754, 766, 790, 809, 818, 834, 842, 852, 862, 870, 871, 886, 888, 892, 901, 910, 912, 913, 915, 923, 927, 930, 936, 942, 959, 961, 966, 967, 971, 975, 977, 980, 983, 1009, 1016, 1017, 1020, 1022, 1024, 1032, 1034, 1035, 1041, 1042, 1044, 1049, 1050, 1053, 1055, 1057, 1058, 1060, 1074, 1079, 1085, 1091, 1092, 1093, 1097, 1100, 1104, 1106, 1108, 1110, 1115, 1116, 1119, 1120, 1124, 1130, 1136, 1147, 1152, 1153, 1158, 1159, 1160, 1163, 1164, 1166, 1167, 1168, 1170, 1171, 1173, 1174, 1176, 1177, 1178, 1179, 1180, 1182, 1183, 1185, 1188, 1189, 1196, 1197, 1198, 1201, 1203, 1204, 1205, 1206, 1207, 1208, 1209, 1210, 1211, 1212, 1213, 1214, 1215, 1217, 1218, 1219, 1221, 1222, 1224, 1225, 1226, 1227, 1228, 1229, 1230, 1231, 1232, 1233, 1235, 1237, 1238, 1239, 1240, 1241, 1242, 1243, 1245, 1246, 1247, 1249, 1250, 1253, 1254, 1260, 1263, 1264, 1265, 1267, 1268, 1269, 1272, 1274, 1276, 1278, 1280, 1285, 1288, 1290, 1294, 1302, 1322, 1405]}}