{"percentile": {"y": [94.5, 88.9, 83.4, 77.8, 72.3, 66.7, 61.2, 55.6, 50.0, 44.5, 38.9, 33.400000000000006, 27.799999999999997, 16.700000000000003, 5.599999999999994, 0.0, -5.5], "x": [950, 958, 966, 975, 1063, 1125, 1143, 1180, 1194, 1205, 1212, 1216, 1229, 1241, 1263, 1280, 1319]}, "histogram": {"y": [2, 2, 0, 0, 0, 0, 1, 0, 0, 1, 1, 0, 2, 3, 1, 2, 2, 1, 1, 0], "x": [960.0, 980.0, 1000.0, 1020.0, 1040.0, 1060.0, 1080.0, 1100.0, 1120.0, 1140.0, 1160.0, 1180.0, 1200.0, 1220.0, 1240.0, 1260.0, 1280.0, 1300.0, 1320.0]}}