{"histogram": {"y": [1, 0, 0, 1, 0, 0, 1, 0, 0, 3, 1, 0, 1, 0, 0, 3, 2, 0, 1, 0, 1, 0, 4, 4, 4, 15, 3, 3, 6, 3, 3, 0, 0, 1], "x": [825.0, 840.0, 855.0, 870.0, 885.0, 900.0, 915.0, 930.0, 945.0, 960.0, 975.0, 990.0, 1005.0, 1020.0, 1035.0, 1050.0, 1065.0, 1080.0, 1095.0, 1110.0, 1125.0, 1140.0, 1155.0, 1170.0, 1185.0, 1200.0, 1215.0, 1230.0, 1245.0, 1260.0, 1275.0, 1290.0, 1305.0, 1320.0]}, "percentile": {"y": [98.4, 96.7, 95.0, 93.4, 91.7, 90.0, 88.4, 86.7, 85.0, 83.4, 81.7, 80.0, 78.4, 76.7, 75.0, 73.4, 71.7, 70.0, 68.4, 66.7, 65.0, 63.4, 61.7, 60.0, 55.0, 53.4, 50.0, 46.7, 45.0, 43.4, 41.7, 36.7, 35.0, 31.700000000000003, 30.0, 28.400000000000006, 26.700000000000003, 25.0, 23.400000000000006, 21.700000000000003, 20.0, 18.400000000000006, 15.0, 13.400000000000006, 11.700000000000003, 10.0, 8.400000000000006, 6.700000000000003, 5.0, 3.4000000000000057, 1.7000000000000028, 0.0, -1.5999999999999943], "x": [835, 879, 920, 963, 964, 967, 980, 1008, 1054, 1056, 1062, 1065, 1069, 1107, 1138, 1157, 1160, 1167, 1169, 1176, 1178, 1181, 1182, 1194, 1199, 1201, 1202, 1204, 1205, 1206, 1208, 1209, 1210, 1211, 1213, 1216, 1220, 1227, 1230, 1233, 1239, 1245, 1251, 1254, 1255, 1259, 1270, 1272, 1274, 1275, 1280, 1287, 1320]}}