{"percentile": {"x": [811, 815, 844, 866, 892, 920, 924, 932, 934, 940, 955, 958, 966, 982, 990, 1003, 1017, 1026, 1033, 1053, 1074, 1076, 1080, 1100, 1105, 1137, 1158, 1162, 1166, 1167, 1175, 1176, 1182, 1186, 1187, 1192, 1193, 1199, 1201, 1204, 1208, 1209, 1210, 1211, 1212, 1213, 1214, 1215, 1217, 1220, 1232, 1240, 1244, 1245, 1248, 1253, 1263, 1267, 1272, 1277], "y": [98.7, 97.3, 95.9, 94.6, 93.2, 91.8, 90.5, 89.1, 87.7, 86.4, 85.0, 83.6, 82.2, 80.9, 79.5, 78.1, 75.4, 72.7, 71.3, 69.9, 68.5, 67.2, 65.8, 63.1, 61.7, 60.3, 59.0, 57.6, 56.2, 54.8, 53.5, 52.1, 50.7, 49.4, 48.0, 46.6, 45.3, 43.9, 42.5, 39.8, 38.4, 35.7, 34.3, 31.599999999999994, 28.799999999999997, 26.099999999999994, 24.700000000000003, 22.0, 20.599999999999994, 17.900000000000006, 16.5, 15.099999999999994, 13.700000000000003, 12.400000000000006, 11.0, 6.900000000000006, 5.5, 2.799999999999997, 1.4000000000000057, -1.2999999999999972]}, "histogram": {"x": [810.0, 825.0, 840.0, 855.0, 870.0, 885.0, 900.0, 915.0, 930.0, 945.0, 960.0, 975.0, 990.0, 1005.0, 1020.0, 1035.0, 1050.0, 1065.0, 1080.0, 1095.0, 1110.0, 1125.0, 1140.0, 1155.0, 1170.0, 1185.0, 1200.0, 1215.0, 1230.0, 1245.0, 1260.0, 1275.0, 1290.0], "y": [2, 0, 1, 1, 0, 1, 0, 2, 3, 2, 1, 1, 2, 2, 3, 0, 1, 2, 1, 3, 0, 1, 0, 4, 3, 5, 14, 5, 3, 5, 4, 2, 0]}}