{"histogram": {"y": [1, 0, 1, 0, 0, 0, 0, 1, 0, 0, 1, 1, 1, 2, 0, 5, 1, 3, 5, 1, 1, 2, 1], "x": [960.0, 975.0, 990.0, 1005.0, 1020.0, 1035.0, 1050.0, 1065.0, 1080.0, 1095.0, 1110.0, 1125.0, 1140.0, 1155.0, 1170.0, 1185.0, 1200.0, 1215.0, 1230.0, 1245.0, 1260.0, 1275.0, 1290.0]}, "percentile": {"y": [96.2, 92.4, 88.5, 84.7, 80.8, 77.0, 73.1, 69.3, 65.4, 57.7, 50.0, 46.2, 42.4, 38.5, 34.7, 30.799999999999997, 27.0, 23.099999999999994, 19.299999999999997, 15.400000000000006, 11.599999999999994, 7.700000000000003, 3.9000000000000057, 0.0, -3.799999999999997], "x": [969, 991, 1069, 1121, 1130, 1146, 1157, 1167, 1189, 1194, 1198, 1209, 1220, 1225, 1228, 1230, 1233, 1235, 1236, 1244, 1251, 1266, 1282, 1285, 1291]}}