{"histogram": {"x": [900.0, 920.0, 940.0, 960.0, 980.0, 1000.0, 1020.0, 1040.0, 1060.0, 1080.0, 1100.0, 1120.0, 1140.0, 1160.0, 1180.0, 1200.0, 1220.0, 1240.0, 1260.0, 1280.0, 1300.0, 1320.0, 1340.0, 1360.0, 1380.0, 1400.0, 1420.0], "y": [1, 1, 1, 0, 0, 0, 1, 0, 1, 1, 1, 4, 7, 6, 6, 40, 24, 38, 45, 13, 8, 1, 2, 0, 0, 2, 0]}, "percentile": {"x": [900, 920, 959, 1039, 1074, 1088, 1113, 1130, 1131, 1137, 1140, 1143, 1144, 1147, 1154, 1155, 1156, 1162, 1164, 1166, 1175, 1179, 1180, 1182, 1186, 1191, 1194, 1197, 1201, 1202, 1203, 1204, 1205, 1206, 1207, 1208, 1209, 1210, 1211, 1212, 1213, 1214, 1217, 1218, 1219, 1220, 1222, 1225, 1226, 1227, 1228, 1229, 1230, 1232, 1233, 1235, 1237, 1238, 1240, 1241, 1242, 1243, 1244, 1245, 1246, 1247, 1248, 1251, 1252, 1253, 1255, 1258, 1259, 1260, 1261, 1262, 1263, 1265, 1266, 1268, 1269, 1270, 1271, 1272, 1273, 1274, 1275, 1276, 1277, 1278, 1280, 1281, 1282, 1284, 1288, 1289, 1290, 1294, 1295, 1299, 1300, 1304, 1307, 1309, 1312, 1314, 1315, 1321, 1342, 1346, 1413, 1415], "y": [99.6, 99.1, 98.6, 98.1, 97.6, 97.1, 96.6, 96.1, 95.1, 94.6, 94.1, 93.6, 93.1, 92.6, 92.1, 91.6, 91.1, 90.6, 89.7, 89.2, 88.7, 88.2, 87.7, 87.2, 86.7, 86.2, 85.7, 85.2, 84.7, 83.7, 82.7, 81.7, 80.7, 80.2, 78.8, 76.3, 75.8, 74.3, 73.3, 70.3, 69.4, 67.4, 66.9, 65.9, 65.4, 64.9, 63.9, 63.4, 62.4, 61.9, 60.0, 59.5, 59.0, 58.0, 57.0, 55.5, 54.5, 53.5, 52.5, 52.0, 50.5, 48.6, 47.1, 46.1, 45.6, 43.6, 42.6, 42.1, 41.6, 37.2, 36.2, 35.2, 34.7, 33.2, 32.2, 31.200000000000003, 30.700000000000003, 28.799999999999997, 28.299999999999997, 26.799999999999997, 25.299999999999997, 24.299999999999997, 23.799999999999997, 21.299999999999997, 18.900000000000006, 16.900000000000006, 15.900000000000006, 13.400000000000006, 12.900000000000006, 12.400000000000006, 11.900000000000006, 11.400000000000006, 10.900000000000006, 10.0, 9.5, 8.5, 7.5, 7.0, 6.5, 6.0, 5.5, 5.0, 4.5, 3.5, 3.0, 2.5, 2.0, 1.5, 1.0, 0.5, 0.0, -0.4000000000000057]}}