{"percentile": {"y": [99.9, 99.7, 99.5, 99.3, 99.1, 99.0, 98.8, 98.4, 98.2, 98.1, 97.9, 97.7, 97.5, 97.3, 97.2, 97.0, 96.8, 96.6, 96.4, 96.3, 96.1, 95.9, 95.7, 95.5, 95.4, 95.2, 95.0, 94.8, 94.6, 94.1, 93.9, 93.7, 93.6, 93.2, 93.0, 92.5, 92.3, 91.9, 91.7, 91.4, 91.2, 91.0, 90.8, 90.5, 90.3, 90.1, 89.9, 89.6, 89.2, 89.0, 88.9, 88.7, 88.3, 88.1, 88.0, 87.6, 87.4, 87.2, 87.1, 86.9, 86.7, 86.5, 86.3, 86.2, 86.0, 85.8, 85.6, 85.4, 85.1, 84.9, 84.7, 84.5, 84.2, 83.6, 83.3, 83.1, 82.7, 82.5, 82.4, 82.2, 82.0, 81.5, 81.1, 80.9, 80.7, 80.4, 80.2, 79.8, 79.7, 79.5, 79.3, 79.1, 78.8, 78.6, 78.2, 77.8, 77.7, 77.3, 76.6, 76.2, 76.0, 75.5, 75.3, 75.1, 75.0, 74.8, 74.6, 74.1, 73.5, 73.3, 72.8, 72.1, 71.9, 71.5, 71.3, 70.8, 70.6, 70.4, 69.9, 69.4, 69.0, 68.6, 68.5, 68.3, 68.1, 67.6, 66.8, 66.7, 66.5, 66.3, 66.1, 65.8, 65.6, 65.4, 65.2, 65.0, 64.9, 64.5, 64.3, 64.1, 63.9, 63.8, 63.6, 62.9, 62.7, 62.5, 62.3, 61.6, 61.1, 60.7, 60.5, 60.2, 59.6, 59.3, 58.9, 58.7, 58.2, 58.0, 57.5, 57.3, 57.1, 56.9, 56.5, 55.8, 55.6, 55.5, 55.1, 54.7, 54.6, 54.4, 54.0, 53.8, 53.5, 53.3, 53.1, 52.8, 51.9, 51.7, 51.3, 51.1, 50.6, 50.4, 50.2, 49.7, 49.0, 48.6, 48.4, 48.1, 47.9, 47.5, 47.2, 46.8, 46.6, 45.9, 45.5, 45.4, 45.0, 44.5, 44.3, 43.6, 43.0, 42.5, 42.1, 40.8, 39.9, 38.9, 36.0, 34.900000000000006, 34.2, 32.900000000000006, 31.299999999999997, 29.700000000000003, 28.900000000000006, 26.900000000000006, 24.799999999999997, 24.200000000000003, 21.900000000000006, 21.299999999999997, 20.599999999999994, 20.299999999999997, 19.900000000000006, 19.5, 18.799999999999997, 18.599999999999994, 17.900000000000006, 17.599999999999994, 16.799999999999997, 16.299999999999997, 15.900000000000006, 15.799999999999997, 15.599999999999994, 15.400000000000006, 15.200000000000003, 15.0, 14.5, 13.799999999999997, 13.200000000000003, 12.900000000000006, 12.299999999999997, 11.599999999999994, 11.200000000000003, 11.099999999999994, 10.700000000000003, 10.5, 10.200000000000003, 9.799999999999997, 9.400000000000006, 9.099999999999994, 8.900000000000006, 8.5, 8.200000000000003, 7.799999999999997, 7.5, 7.099999999999994, 6.900000000000006, 6.5, 6.200000000000003, 6.0, 5.799999999999997, 5.5, 5.299999999999997, 4.900000000000006, 4.400000000000006, 4.0, 3.700000000000003, 3.299999999999997, 3.0999999999999943, 2.9000000000000057, 2.5999999999999943, 2.0, 1.5, 1.2999999999999972, 1.0999999999999943, 1.0, 0.7999999999999972, 0.5999999999999943, 0.4000000000000057, 0.20000000000000284, -0.09999999999999432], "x": [704, 744, 796, 811, 818, 831, 832, 845, 851, 854, 857, 861, 862, 865, 866, 870, 873, 875, 877, 885, 887, 889, 892, 894, 896, 897, 898, 900, 903, 905, 911, 913, 918, 920, 921, 922, 927, 930, 933, 934, 935, 937, 938, 940, 944, 947, 948, 949, 952, 954, 957, 958, 964, 967, 970, 971, 972, 974, 975, 976, 977, 978, 980, 981, 982, 984, 986, 987, 989, 992, 994, 996, 998, 999, 1000, 1002, 1003, 1004, 1005, 1008, 1009, 1010, 1014, 1017, 1019, 1021, 1022, 1023, 1024, 1025, 1027, 1028, 1029, 1030, 1031, 1033, 1034, 1036, 1040, 1041, 1042, 1043, 1045, 1048, 1050, 1052, 1053, 1055, 1057, 1058, 1060, 1063, 1066, 1067, 1068, 1070, 1072, 1073, 1075, 1076, 1077, 1078, 1079, 1080, 1081, 1082, 1083, 1085, 1089, 1090, 1091, 1092, 1093, 1094, 1096, 1100, 1101, 1102, 1103, 1104, 1105, 1106, 1108, 1109, 1110, 1111, 1112, 1115, 1116, 1117, 1118, 1119, 1122, 1123, 1125, 1126, 1127, 1128, 1130, 1134, 1138, 1139, 1141, 1142, 1145, 1146, 1147, 1148, 1149, 1151, 1152, 1153, 1154, 1157, 1158, 1161, 1162, 1163, 1164, 1165, 1167, 1169, 1170, 1171, 1173, 1174, 1177, 1182, 1184, 1185, 1186, 1188, 1189, 1190, 1191, 1192, 1193, 1194, 1196, 1197, 1199, 1200, 1201, 1202, 1203, 1204, 1205, 1206, 1207, 1208, 1209, 1210, 1211, 1212, 1213, 1214, 1215, 1216, 1217, 1218, 1219, 1220, 1221, 1222, 1223, 1224, 1225, 1226, 1227, 1228, 1229, 1230, 1232, 1233, 1234, 1235, 1236, 1237, 1238, 1239, 1240, 1241, 1242, 1243, 1244, 1245, 1247, 1249, 1250, 1252, 1253, 1255, 1256, 1259, 1261, 1262, 1264, 1265, 1266, 1267, 1268, 1269, 1270, 1271, 1273, 1274, 1276, 1277, 1278, 1279, 1280, 1281, 1286, 1295, 1306, 1310, 1322, 1390, 1421]}, "histogram": {"y": [1, 0, 1, 0, 1, 2, 2, 5, 8, 8, 8, 15, 12, 12, 16, 16, 19, 22, 27, 18, 28, 18, 21, 26, 30, 128, 46, 25, 28, 6, 2, 1, 0, 0, 1, 0, 2], "x": [720.0, 740.0, 760.0, 780.0, 800.0, 820.0, 840.0, 860.0, 880.0, 900.0, 920.0, 940.0, 960.0, 980.0, 1000.0, 1020.0, 1040.0, 1060.0, 1080.0, 1100.0, 1120.0, 1140.0, 1160.0, 1180.0, 1200.0, 1220.0, 1240.0, 1260.0, 1280.0, 1300.0, 1320.0, 1340.0, 1360.0, 1380.0, 1400.0, 1420.0]}}