{"histogram": {"x": [780.0, 800.0, 820.0, 840.0, 860.0, 880.0, 900.0, 920.0, 940.0, 960.0, 980.0, 1000.0, 1020.0, 1040.0, 1060.0, 1080.0, 1100.0, 1120.0, 1140.0, 1160.0, 1180.0, 1200.0, 1220.0, 1240.0, 1260.0, 1280.0, 1300.0, 1320.0, 1340.0, 1360.0, 1380.0, 1400.0, 1420.0], "y": [1, 0, 1, 1, 0, 2, 2, 1, 1, 2, 6, 5, 5, 5, 8, 6, 6, 13, 14, 13, 20, 13, 59, 29, 29, 25, 6, 5, 1, 0, 0, 0, 1, 0]}, "percentile": {"x": [773, 809, 837, 867, 870, 894, 899, 914, 938, 944, 945, 960, 963, 964, 970, 973, 978, 981, 982, 989, 994, 995, 1002, 1008, 1011, 1017, 1022, 1023, 1026, 1033, 1038, 1044, 1046, 1050, 1051, 1053, 1054, 1067, 1072, 1074, 1076, 1077, 1078, 1086, 1088, 1092, 1097, 1104, 1107, 1108, 1110, 1113, 1115, 1116, 1119, 1120, 1126, 1127, 1128, 1129, 1130, 1131, 1132, 1133, 1136, 1138, 1140, 1141, 1143, 1144, 1145, 1146, 1147, 1150, 1153, 1154, 1157, 1159, 1160, 1161, 1163, 1164, 1166, 1169, 1170, 1171, 1172, 1173, 1175, 1180, 1181, 1183, 1185, 1186, 1189, 1191, 1192, 1196, 1197, 1198, 1201, 1202, 1203, 1204, 1205, 1206, 1207, 1208, 1209, 1210, 1211, 1212, 1213, 1214, 1215, 1216, 1217, 1218, 1219, 1220, 1221, 1222, 1225, 1227, 1228, 1229, 1230, 1231, 1232, 1233, 1234, 1235, 1236, 1237, 1238, 1239, 1240, 1241, 1242, 1243, 1244, 1245, 1248, 1249, 1250, 1252, 1253, 1255, 1256, 1258, 1259, 1260, 1262, 1264, 1265, 1267, 1269, 1270, 1271, 1272, 1273, 1274, 1275, 1277, 1278, 1279, 1280, 1281, 1289, 1292, 1298, 1300, 1312, 1316, 1317, 1335, 1415], "y": [99.7, 99.3, 99.0, 98.6, 98.3, 97.9, 97.5, 97.2, 96.8, 96.5, 96.1, 95.7, 95.4, 95.0, 94.7, 94.3, 94.0, 93.6, 93.2, 92.9, 92.5, 92.2, 91.8, 91.1, 90.7, 90.4, 90.0, 89.7, 89.3, 88.9, 88.6, 87.9, 87.5, 87.1, 86.8, 86.1, 85.7, 85.4, 85.0, 84.6, 84.3, 83.9, 83.6, 82.8, 82.5, 81.8, 81.4, 81.1, 80.7, 80.3, 78.9, 78.2, 77.5, 77.1, 76.8, 76.4, 76.0, 75.7, 75.3, 75.0, 74.2, 73.9, 73.2, 72.8, 72.1, 71.7, 71.4, 71.0, 70.7, 70.3, 69.9, 69.6, 69.2, 68.9, 68.5, 68.2, 67.8, 67.1, 66.7, 65.3, 64.6, 64.2, 63.1, 62.4, 62.1, 61.3, 60.6, 60.3, 59.9, 59.2, 58.8, 58.5, 58.1, 57.8, 57.4, 57.0, 56.3, 56.0, 55.6, 55.2, 54.5, 53.8, 53.1, 52.7, 50.9, 49.2, 48.1, 46.6, 45.9, 43.8, 43.4, 41.3, 38.8, 37.3, 36.3, 35.2, 34.8, 34.5, 34.099999999999994, 33.400000000000006, 33.0, 32.7, 31.200000000000003, 30.5, 29.799999999999997, 29.400000000000006, 28.400000000000006, 28.0, 27.599999999999994, 27.299999999999997, 26.900000000000006, 26.200000000000003, 25.5, 25.099999999999994, 24.099999999999994, 23.700000000000003, 22.599999999999994, 22.299999999999997, 21.900000000000006, 21.599999999999994, 20.5, 19.799999999999997, 18.700000000000003, 17.599999999999994, 16.5, 16.200000000000003, 15.099999999999994, 14.400000000000006, 14.0, 13.700000000000003, 13.299999999999997, 12.599999999999994, 11.900000000000006, 11.5, 10.799999999999997, 10.400000000000006, 9.700000000000003, 8.700000000000003, 8.299999999999997, 7.599999999999994, 7.200000000000003, 6.900000000000006, 6.099999999999994, 5.799999999999997, 4.700000000000003, 4.400000000000006, 3.5999999999999943, 3.299999999999997, 2.9000000000000057, 2.5999999999999943, 2.200000000000003, 1.5, 1.0999999999999943, 0.7999999999999972, 0.4000000000000057, 0.0, -0.29999999999999716]}}