{"histogram": {"y": [1, 0, 0, 0, 0, 2, 1, 0, 1, 2, 1, 1, 0, 0, 1, 3, 8, 17, 6, 8, 5, 1, 0, 1], "x": [900.0, 920.0, 940.0, 960.0, 980.0, 1000.0, 1020.0, 1040.0, 1060.0, 1080.0, 1100.0, 1120.0, 1140.0, 1160.0, 1180.0, 1200.0, 1220.0, 1240.0, 1260.0, 1280.0, 1300.0, 1320.0, 1340.0]}, "percentile": {"y": [98.3, 96.6, 94.9, 93.2, 91.4, 89.7, 88.0, 86.3, 84.5, 82.8, 81.1, 79.4, 77.6, 75.9, 72.5, 70.7, 69.0, 67.3, 65.6, 63.8, 62.1, 58.7, 55.2, 53.5, 50.0, 48.3, 46.6, 43.2, 41.4, 36.3, 34.5, 32.8, 31.099999999999994, 29.400000000000006, 27.599999999999994, 25.900000000000006, 24.200000000000003, 22.5, 20.700000000000003, 19.0, 17.299999999999997, 15.599999999999994, 13.799999999999997, 12.099999999999994, 10.400000000000006, 6.900000000000006, 5.200000000000003, 1.7999999999999972, 0.0, -1.7000000000000028], "x": [897, 989, 993, 1007, 1045, 1062, 1069, 1086, 1100, 1160, 1180, 1186, 1193, 1203, 1209, 1210, 1212, 1214, 1215, 1217, 1220, 1221, 1228, 1229, 1230, 1231, 1232, 1233, 1234, 1235, 1239, 1243, 1245, 1248, 1252, 1253, 1255, 1260, 1265, 1268, 1269, 1274, 1276, 1277, 1279, 1280, 1291, 1294, 1300, 1352]}}