{"percentile": {"x": [903, 919, 925, 937, 976, 1003, 1006, 1025, 1026, 1031, 1078, 1082, 1088, 1103, 1105, 1107, 1109, 1111, 1113, 1116, 1119, 1123, 1131, 1134, 1177, 1178, 1183, 1194, 1195, 1198, 1199, 1200, 1201, 1206, 1207, 1211, 1212, 1213, 1214, 1215, 1217, 1219, 1226, 1239, 1240, 1242, 1249, 1253, 1255, 1265, 1268, 1271, 1275, 1278, 1279, 1289, 1295, 1302, 1311, 1316, 1386, 1424], "y": [98.7, 97.3, 95.9, 94.5, 93.1, 91.7, 90.3, 88.9, 87.5, 86.2, 84.8, 83.4, 82.0, 80.6, 79.2, 77.8, 76.4, 75.0, 73.7, 72.3, 70.9, 69.5, 68.1, 65.3, 63.9, 62.5, 61.2, 59.8, 58.4, 57.0, 55.6, 54.2, 52.8, 51.4, 50.0, 44.5, 41.7, 38.9, 37.5, 34.8, 33.400000000000006, 32.0, 30.599999999999994, 27.799999999999997, 26.400000000000006, 23.700000000000003, 22.299999999999997, 20.900000000000006, 19.5, 16.700000000000003, 15.299999999999997, 13.900000000000006, 12.5, 11.200000000000003, 8.400000000000006, 7.0, 5.599999999999994, 4.200000000000003, 2.799999999999997, 1.4000000000000057, 0.0, -1.2999999999999972]}, "histogram": {"x": [900.0, 920.0, 940.0, 960.0, 980.0, 1000.0, 1020.0, 1040.0, 1060.0, 1080.0, 1100.0, 1120.0, 1140.0, 1160.0, 1180.0, 1200.0, 1220.0, 1240.0, 1260.0, 1280.0, 1300.0, 1320.0, 1340.0, 1360.0, 1380.0, 1400.0, 1420.0, 1440.0], "y": [2, 2, 0, 1, 0, 2, 3, 0, 1, 2, 8, 4, 0, 2, 5, 17, 3, 6, 8, 2, 3, 0, 0, 0, 1, 0, 1, 0]}}