{"histogram": {"y": [1, 0, 0, 0, 0, 0, 1, 0, 0, 0, 1, 1, 0, 2, 6, 6, 3, 1], "x": [1005.0, 1020.0, 1035.0, 1050.0, 1065.0, 1080.0, 1095.0, 1110.0, 1125.0, 1140.0, 1155.0, 1170.0, 1185.0, 1200.0, 1215.0, 1230.0, 1245.0, 1260.0]}, "percentile": {"y": [95.3, 90.5, 85.8, 81.0, 76.2, 71.5, 62.0, 57.2, 52.4, 47.7, 42.9, 38.1, 33.400000000000006, 28.599999999999994, 19.099999999999994, 14.299999999999997, 9.599999999999994, 4.799999999999997, 0.0, -4.700000000000003], "x": [1014, 1099, 1168, 1176, 1209, 1211, 1219, 1221, 1225, 1228, 1229, 1230, 1231, 1232, 1235, 1239, 1247, 1248, 1251, 1260]}}