{"histogram": {"y": [1, 0, 1, 0, 4, 1, 1, 2, 9, 4, 3, 4, 2, 4, 4, 7, 8, 13, 18, 52, 66, 61, 49, 12, 6, 1, 2, 2, 0, 1, 1, 0], "x": [820.0, 840.0, 860.0, 880.0, 900.0, 920.0, 940.0, 960.0, 980.0, 1000.0, 1020.0, 1040.0, 1060.0, 1080.0, 1100.0, 1120.0, 1140.0, 1160.0, 1180.0, 1200.0, 1220.0, 1240.0, 1260.0, 1280.0, 1300.0, 1320.0, 1340.0, 1360.0, 1380.0, 1400.0, 1420.0, 1440.0]}, "percentile": {"y": [99.8, 99.5, 99.2, 98.9, 98.6, 98.3, 98.0, 97.7, 97.4, 97.1, 96.8, 96.5, 95.9, 95.3, 95.0, 94.7, 94.4, 94.1, 93.8, 93.5, 93.2, 92.9, 92.7, 92.4, 92.1, 91.8, 91.5, 91.2, 90.9, 90.6, 90.3, 90.0, 89.7, 89.4, 89.1, 88.5, 88.2, 87.9, 87.6, 87.3, 87.0, 86.7, 86.1, 85.8, 85.6, 85.3, 85.0, 84.7, 84.4, 84.1, 83.8, 83.5, 83.2, 82.9, 82.0, 81.7, 81.1, 80.8, 80.2, 79.9, 79.6, 79.0, 78.7, 78.5, 78.2, 77.9, 77.6, 77.3, 76.1, 75.5, 75.2, 74.6, 74.0, 73.7, 72.8, 71.4, 70.8, 69.6, 69.3, 67.8, 66.9, 66.3, 65.7, 64.5, 64.0, 63.4, 62.5, 61.3, 60.7, 60.1, 59.5, 59.2, 58.0, 57.2, 56.9, 56.6, 56.0, 54.8, 53.9, 52.7, 52.1, 51.5, 50.6, 49.5, 48.3, 47.7, 46.8, 44.4, 42.9, 42.4, 40.9, 39.7, 38.2, 37.6, 36.7, 35.8, 34.400000000000006, 33.5, 33.2, 31.700000000000003, 31.099999999999994, 29.599999999999994, 29.299999999999997, 28.5, 27.900000000000006, 27.599999999999994, 27.299999999999997, 25.5, 24.599999999999994, 23.700000000000003, 22.799999999999997, 21.599999999999994, 21.099999999999994, 20.5, 19.900000000000006, 18.700000000000003, 17.799999999999997, 17.200000000000003, 16.900000000000006, 15.700000000000003, 14.5, 14.299999999999997, 13.099999999999994, 11.900000000000006, 11.0, 9.799999999999997, 8.599999999999994, 7.200000000000003, 6.900000000000006, 6.299999999999997, 5.700000000000003, 5.400000000000006, 5.099999999999994, 4.799999999999997, 4.5, 4.200000000000003, 3.9000000000000057, 3.5999999999999943, 3.299999999999997, 3.0, 2.4000000000000057, 2.0999999999999943, 1.7999999999999972, 1.5, 1.2000000000000028, 0.9000000000000057, 0.29999999999999716, 0.0, -0.20000000000000284], "x": [823, 871, 903, 907, 912, 917, 933, 953, 962, 971, 980, 984, 985, 990, 992, 996, 999, 1001, 1008, 1011, 1014, 1020, 1034, 1035, 1045, 1048, 1049, 1050, 1060, 1065, 1080, 1083, 1086, 1096, 1106, 1107, 1112, 1120, 1122, 1126, 1135, 1136, 1139, 1141, 1146, 1147, 1150, 1151, 1153, 1154, 1155, 1161, 1164, 1165, 1167, 1168, 1169, 1171, 1174, 1177, 1180, 1181, 1182, 1185, 1190, 1192, 1193, 1194, 1195, 1196, 1197, 1199, 1200, 1201, 1202, 1203, 1204, 1205, 1206, 1207, 1208, 1209, 1210, 1211, 1212, 1213, 1214, 1215, 1216, 1217, 1218, 1219, 1220, 1221, 1222, 1223, 1224, 1225, 1226, 1227, 1228, 1229, 1230, 1231, 1232, 1233, 1234, 1235, 1236, 1237, 1238, 1239, 1240, 1241, 1242, 1243, 1244, 1245, 1246, 1247, 1248, 1249, 1250, 1251, 1252, 1253, 1254, 1255, 1256, 1257, 1258, 1259, 1260, 1261, 1263, 1264, 1265, 1267, 1268, 1269, 1270, 1271, 1273, 1274, 1275, 1276, 1277, 1279, 1284, 1285, 1287, 1289, 1290, 1292, 1295, 1296, 1297, 1299, 1300, 1302, 1309, 1310, 1311, 1333, 1345, 1359, 1365, 1415, 1424]}}