{"percentile": {"y": [99.8, 99.5, 99.2, 99.0, 98.7, 98.4, 98.2, 97.9, 97.6, 97.3, 97.1, 96.8, 96.5, 96.0, 95.7, 95.4, 95.2, 94.9, 94.6, 94.4, 94.1, 93.8, 93.5, 93.3, 93.0, 92.7, 92.5, 92.2, 91.9, 91.6, 91.4, 91.1, 90.8, 90.6, 90.3, 90.0, 89.5, 89.2, 88.9, 88.7, 88.4, 87.9, 87.6, 87.3, 87.0, 86.8, 86.5, 86.2, 86.0, 85.7, 85.1, 84.9, 84.6, 84.3, 84.1, 83.5, 83.2, 82.7, 81.9, 81.6, 81.4, 81.1, 80.8, 80.5, 80.3, 79.7, 79.5, 79.2, 78.6, 78.1, 77.8, 77.6, 77.0, 76.5, 75.7, 74.3, 73.5, 72.4, 70.8, 69.7, 67.5, 65.1, 64.3, 62.9, 61.6, 59.9, 59.7, 59.4, 59.1, 58.6, 57.2, 56.7, 55.1, 54.3, 53.4, 52.9, 52.4, 51.8, 51.0, 50.7, 49.9, 48.8, 48.6, 47.5, 46.9, 45.8, 45.3, 44.0, 43.7, 42.6, 42.1, 41.0, 40.2, 39.1, 38.8, 38.0, 37.2, 36.4, 35.0, 34.5, 33.400000000000006, 32.0, 31.799999999999997, 29.299999999999997, 29.0, 27.700000000000003, 27.200000000000003, 26.599999999999994, 26.099999999999994, 25.299999999999997, 24.700000000000003, 23.099999999999994, 22.5, 20.900000000000006, 20.400000000000006, 19.0, 18.5, 17.700000000000003, 16.0, 15.0, 14.099999999999994, 13.599999999999994, 13.299999999999997, 12.200000000000003, 11.700000000000003, 10.599999999999994, 9.299999999999997, 8.200000000000003, 7.900000000000006, 7.599999999999994, 7.400000000000006, 7.099999999999994, 6.299999999999997, 6.0, 5.700000000000003, 5.200000000000003, 4.900000000000006, 4.700000000000003, 4.400000000000006, 4.099999999999994, 3.5999999999999943, 3.299999999999997, 3.0, 2.5, 2.200000000000003, 1.9000000000000057, 1.7000000000000028, 0.9000000000000057, 0.5999999999999943, 0.29999999999999716, 0.0, -0.20000000000000284], "x": [855, 882, 888, 927, 952, 972, 975, 983, 996, 1000, 1004, 1022, 1023, 1027, 1033, 1038, 1042, 1045, 1049, 1051, 1057, 1058, 1059, 1063, 1064, 1069, 1070, 1072, 1073, 1077, 1087, 1089, 1090, 1095, 1099, 1108, 1111, 1132, 1133, 1135, 1137, 1138, 1139, 1142, 1144, 1146, 1148, 1150, 1154, 1157, 1158, 1160, 1162, 1163, 1165, 1170, 1172, 1176, 1179, 1182, 1184, 1185, 1187, 1188, 1189, 1190, 1191, 1196, 1197, 1198, 1200, 1201, 1202, 1203, 1204, 1205, 1206, 1207, 1208, 1209, 1210, 1211, 1212, 1213, 1214, 1215, 1217, 1218, 1219, 1220, 1221, 1222, 1223, 1224, 1225, 1226, 1227, 1228, 1229, 1230, 1231, 1232, 1233, 1234, 1235, 1236, 1237, 1238, 1239, 1240, 1242, 1243, 1244, 1245, 1246, 1247, 1248, 1249, 1250, 1251, 1252, 1253, 1254, 1255, 1256, 1257, 1258, 1259, 1260, 1261, 1262, 1263, 1264, 1265, 1266, 1267, 1268, 1269, 1270, 1271, 1272, 1273, 1274, 1275, 1276, 1277, 1278, 1279, 1282, 1283, 1284, 1286, 1287, 1288, 1289, 1290, 1291, 1295, 1298, 1299, 1302, 1303, 1305, 1306, 1307, 1312, 1313, 1320, 1325, 1327, 1330, 1424]}, "histogram": {"y": [1, 0, 2, 0, 1, 1, 2, 2, 2, 6, 7, 7, 5, 3, 7, 9, 12, 14, 70, 57, 63, 68, 15, 9, 6, 0, 0, 0, 0, 1], "x": [860.0, 880.0, 900.0, 920.0, 940.0, 960.0, 980.0, 1000.0, 1020.0, 1040.0, 1060.0, 1080.0, 1100.0, 1120.0, 1140.0, 1160.0, 1180.0, 1200.0, 1220.0, 1240.0, 1260.0, 1280.0, 1300.0, 1320.0, 1340.0, 1360.0, 1380.0, 1400.0, 1420.0]}}