{"percentile": {"x": [851, 940, 957, 960, 964, 1007, 1026, 1038, 1041, 1051, 1054, 1077, 1079, 1099, 1106, 1124, 1125, 1133, 1137, 1146, 1148, 1153, 1164, 1168, 1173, 1188, 1190, 1195, 1198, 1202, 1204, 1205, 1208, 1210, 1211, 1212, 1213, 1214, 1220, 1225, 1235, 1236, 1242, 1244, 1246, 1247, 1250, 1255, 1259, 1261, 1262, 1265, 1268, 1269, 1273, 1275, 1279, 1280, 1300, 1322, 1335], "y": [98.6, 97.2, 95.8, 94.4, 93.0, 91.6, 90.2, 87.4, 86.0, 84.6, 83.1, 81.7, 80.3, 78.9, 77.5, 76.1, 74.7, 73.3, 70.5, 69.1, 67.7, 66.2, 64.8, 63.4, 62.0, 60.6, 59.2, 57.8, 56.4, 52.2, 50.8, 49.3, 47.9, 43.7, 42.3, 40.9, 39.5, 38.1, 36.7, 35.3, 29.599999999999994, 28.200000000000003, 26.799999999999997, 25.400000000000006, 24.0, 22.599999999999994, 21.200000000000003, 19.799999999999997, 18.400000000000006, 17.0, 15.5, 11.299999999999997, 9.900000000000006, 8.5, 7.099999999999994, 5.700000000000003, 4.299999999999997, 2.9000000000000057, 1.5, 0.0, -1.4000000000000057]}, "histogram": {"x": [840.0, 855.0, 870.0, 885.0, 900.0, 915.0, 930.0, 945.0, 960.0, 975.0, 990.0, 1005.0, 1020.0, 1035.0, 1050.0, 1065.0, 1080.0, 1095.0, 1110.0, 1125.0, 1140.0, 1155.0, 1170.0, 1185.0, 1200.0, 1215.0, 1230.0, 1245.0, 1260.0, 1275.0, 1290.0, 1305.0, 1320.0, 1335.0], "y": [1, 0, 0, 0, 0, 0, 1, 1, 2, 0, 0, 1, 1, 3, 2, 2, 0, 2, 1, 4, 3, 2, 1, 4, 13, 2, 7, 5, 8, 3, 1, 0, 1, 1]}}