{"histogram": {"y": [1, 0, 1, 1, 2, 3, 2, 3, 6, 6, 7, 9, 4, 8, 14, 7, 7, 9, 22, 11, 11, 21, 78, 43, 53, 35, 9, 4, 2, 0, 1, 0, 1], "x": [760.0, 780.0, 800.0, 820.0, 840.0, 860.0, 880.0, 900.0, 920.0, 940.0, 960.0, 980.0, 1000.0, 1020.0, 1040.0, 1060.0, 1080.0, 1100.0, 1120.0, 1140.0, 1160.0, 1180.0, 1200.0, 1220.0, 1240.0, 1260.0, 1280.0, 1300.0, 1320.0, 1340.0, 1360.0, 1380.0, 1400.0]}, "percentile": {"y": [99.8, 99.5, 99.3, 99.0, 98.7, 98.5, 98.2, 97.9, 97.7, 97.4, 97.2, 96.9, 96.6, 96.1, 95.8, 95.6, 95.0, 94.5, 94.0, 93.5, 93.2, 92.7, 92.4, 92.2, 91.9, 91.6, 91.4, 90.8, 90.6, 90.3, 90.0, 89.8, 89.5, 89.3, 89.0, 88.7, 88.5, 88.2, 87.9, 87.7, 87.4, 86.9, 86.6, 86.1, 85.8, 85.6, 84.8, 84.5, 84.3, 83.7, 83.2, 82.9, 82.4, 82.2, 81.9, 81.6, 81.1, 80.6, 80.3, 80.0, 79.8, 79.5, 79.0, 78.7, 78.5, 78.2, 77.7, 77.4, 77.2, 76.9, 76.4, 76.1, 75.8, 75.6, 75.3, 75.0, 74.3, 74.0, 73.5, 72.4, 72.2, 71.9, 71.4, 71.1, 70.6, 70.3, 69.8, 69.5, 69.3, 69.0, 68.7, 68.5, 68.2, 67.9, 67.7, 67.4, 67.2, 66.6, 66.1, 65.8, 65.3, 65.0, 64.8, 64.3, 63.7, 63.2, 62.7, 61.6, 61.1, 60.6, 60.3, 59.5, 59.3, 58.7, 57.7, 55.8, 54.5, 53.7, 52.4, 50.3, 49.8, 48.2, 47.7, 45.8, 44.3, 42.7, 40.3, 39.5, 38.7, 38.5, 38.2, 37.7, 37.4, 36.9, 35.8, 35.599999999999994, 35.3, 34.3, 33.7, 32.900000000000006, 32.2, 31.400000000000006, 30.299999999999997, 29.799999999999997, 29.0, 28.5, 27.900000000000006, 27.400000000000006, 27.200000000000003, 25.799999999999997, 25.0, 24.799999999999997, 23.700000000000003, 22.700000000000003, 22.400000000000006, 20.599999999999994, 19.799999999999997, 19.299999999999997, 18.700000000000003, 18.5, 17.900000000000006, 16.400000000000006, 15.799999999999997, 15.299999999999997, 14.5, 14.0, 13.5, 12.700000000000003, 12.400000000000006, 12.200000000000003, 11.900000000000006, 11.099999999999994, 10.599999999999994, 10.0, 9.5, 9.0, 7.900000000000006, 7.400000000000006, 6.900000000000006, 6.400000000000006, 6.099999999999994, 5.299999999999997, 5.0, 4.5, 4.299999999999997, 3.700000000000003, 3.5, 3.200000000000003, 2.9000000000000057, 2.700000000000003, 2.4000000000000057, 2.200000000000003, 1.9000000000000057, 1.5999999999999943, 1.0999999999999943, 0.7999999999999972, 0.5999999999999943, 0.29999999999999716, 0.0, -0.20000000000000284], "x": [768, 808, 839, 850, 854, 861, 869, 876, 889, 897, 910, 914, 916, 920, 924, 928, 932, 947, 949, 953, 960, 962, 967, 971, 973, 978, 981, 982, 987, 989, 990, 996, 997, 998, 1001, 1006, 1008, 1014, 1021, 1022, 1029, 1033, 1035, 1037, 1040, 1041, 1044, 1047, 1049, 1050, 1053, 1055, 1056, 1061, 1062, 1065, 1069, 1074, 1081, 1086, 1089, 1091, 1093, 1095, 1100, 1101, 1102, 1105, 1106, 1107, 1118, 1120, 1123, 1125, 1126, 1127, 1128, 1129, 1130, 1131, 1132, 1134, 1135, 1138, 1139, 1142, 1145, 1147, 1148, 1150, 1151, 1153, 1155, 1157, 1158, 1161, 1163, 1167, 1169, 1174, 1176, 1177, 1178, 1181, 1186, 1187, 1188, 1190, 1194, 1195, 1196, 1198, 1199, 1201, 1203, 1204, 1205, 1206, 1207, 1208, 1209, 1210, 1211, 1212, 1213, 1214, 1215, 1216, 1219, 1220, 1221, 1222, 1223, 1224, 1225, 1226, 1227, 1228, 1229, 1230, 1231, 1232, 1233, 1235, 1236, 1237, 1238, 1239, 1240, 1241, 1242, 1243, 1244, 1245, 1246, 1247, 1248, 1249, 1250, 1251, 1252, 1253, 1254, 1255, 1256, 1257, 1259, 1260, 1261, 1263, 1264, 1265, 1266, 1268, 1269, 1270, 1271, 1272, 1273, 1274, 1275, 1276, 1277, 1278, 1279, 1280, 1282, 1287, 1288, 1290, 1291, 1295, 1297, 1300, 1301, 1312, 1320, 1322, 1375, 1400]}}