{"percentile": {"y": [99.8, 99.5, 99.3, 99.0, 98.5, 98.2, 98.0, 97.7, 97.5, 97.2, 97.0, 96.4, 96.2, 95.9, 95.7, 95.2, 94.9, 94.6, 94.4, 94.1, 93.9, 93.6, 93.3, 93.1, 92.8, 92.6, 92.3, 92.1, 91.8, 91.5, 91.3, 90.8, 90.5, 90.0, 89.7, 89.5, 89.2, 89.0, 88.7, 88.5, 88.2, 87.9, 87.7, 87.4, 87.2, 86.1, 85.9, 85.6, 85.4, 84.8, 84.1, 83.8, 83.6, 83.3, 83.0, 82.5, 82.3, 82.0, 81.8, 81.5, 80.7, 80.5, 79.9, 79.7, 79.4, 78.7, 78.1, 77.6, 77.4, 77.1, 76.9, 76.3, 76.1, 75.8, 75.6, 75.3, 74.8, 74.5, 74.3, 74.0, 73.8, 73.5, 73.2, 73.0, 72.7, 72.5, 72.2, 72.0, 71.4, 71.2, 70.7, 70.4, 70.2, 69.9, 69.6, 69.4, 68.9, 68.6, 68.3, 68.1, 67.8, 67.3, 66.8, 66.3, 66.0, 65.8, 65.0, 64.5, 63.5, 63.2, 62.9, 62.4, 62.2, 61.9, 61.6, 61.4, 60.9, 60.6, 60.4, 59.8, 59.6, 59.1, 58.8, 58.3, 58.0, 57.8, 57.5, 57.0, 56.8, 56.5, 56.0, 55.2, 54.9, 54.7, 54.4, 54.2, 53.9, 53.7, 53.4, 53.1, 52.6, 52.4, 52.1, 51.9, 51.3, 50.8, 50.6, 50.3, 50.0, 49.8, 49.5, 49.3, 48.8, 48.2, 47.5, 46.7, 46.4, 46.2, 45.9, 45.4, 44.9, 44.6, 43.3, 42.3, 41.3, 40.5, 39.5, 38.7, 37.9, 36.4, 35.099999999999994, 33.599999999999994, 32.0, 31.200000000000003, 29.900000000000006, 28.400000000000006, 26.900000000000006, 26.299999999999997, 25.799999999999997, 25.299999999999997, 24.5, 24.299999999999997, 24.0, 23.799999999999997, 22.700000000000003, 22.0, 20.400000000000006, 20.200000000000003, 19.900000000000006, 19.400000000000006, 18.900000000000006, 18.599999999999994, 18.299999999999997, 17.799999999999997, 17.599999999999994, 17.299999999999997, 17.099999999999994, 16.299999999999997, 15.5, 15.299999999999997, 15.0, 14.5, 14.0, 13.5, 12.900000000000006, 12.700000000000003, 12.400000000000006, 12.200000000000003, 11.900000000000006, 11.400000000000006, 11.099999999999994, 10.599999999999994, 10.099999999999994, 9.799999999999997, 9.599999999999994, 9.299999999999997, 9.099999999999994, 8.0, 7.299999999999997, 7.0, 6.799999999999997, 6.5, 6.200000000000003, 6.0, 4.900000000000006, 4.700000000000003, 4.400000000000006, 3.9000000000000057, 3.4000000000000057, 2.9000000000000057, 2.5999999999999943, 2.4000000000000057, 2.0999999999999943, 1.9000000000000057, 1.2999999999999972, 1.0999999999999943, 0.7999999999999972, 0.5999999999999943, 0.29999999999999716, 0.0, -0.20000000000000284], "x": [776, 792, 795, 817, 821, 824, 828, 837, 839, 841, 848, 856, 858, 868, 870, 876, 880, 884, 886, 887, 891, 899, 900, 910, 915, 917, 919, 925, 926, 927, 928, 934, 941, 953, 957, 958, 960, 961, 962, 964, 967, 970, 971, 972, 973, 975, 976, 979, 982, 989, 990, 991, 992, 993, 996, 998, 1000, 1003, 1007, 1013, 1014, 1015, 1016, 1017, 1018, 1021, 1023, 1024, 1027, 1028, 1031, 1032, 1033, 1034, 1035, 1036, 1041, 1043, 1044, 1046, 1047, 1049, 1050, 1051, 1052, 1053, 1054, 1058, 1059, 1060, 1061, 1063, 1064, 1066, 1074, 1076, 1077, 1078, 1080, 1086, 1087, 1090, 1092, 1094, 1095, 1096, 1100, 1102, 1104, 1105, 1107, 1108, 1110, 1111, 1112, 1119, 1120, 1121, 1123, 1124, 1127, 1131, 1132, 1134, 1136, 1138, 1139, 1140, 1141, 1142, 1145, 1146, 1148, 1150, 1154, 1157, 1160, 1161, 1164, 1165, 1167, 1168, 1169, 1171, 1173, 1174, 1175, 1177, 1180, 1181, 1185, 1186, 1188, 1189, 1190, 1192, 1193, 1195, 1196, 1197, 1199, 1200, 1201, 1202, 1203, 1204, 1205, 1206, 1207, 1208, 1209, 1210, 1211, 1212, 1213, 1214, 1215, 1216, 1217, 1218, 1219, 1220, 1221, 1222, 1223, 1224, 1225, 1226, 1227, 1228, 1229, 1231, 1232, 1233, 1234, 1235, 1236, 1238, 1239, 1242, 1243, 1244, 1245, 1246, 1247, 1249, 1250, 1251, 1252, 1253, 1254, 1255, 1256, 1257, 1259, 1262, 1263, 1265, 1266, 1267, 1269, 1270, 1272, 1273, 1275, 1276, 1277, 1278, 1279, 1280, 1289, 1290, 1295, 1297, 1300, 1305, 1315, 1327, 1352, 1385, 1424]}, "histogram": {"y": [1, 2, 1, 6, 5, 4, 6, 5, 6, 5, 15, 12, 12, 16, 15, 11, 11, 17, 15, 13, 15, 21, 79, 35, 23, 24, 6, 4, 1, 1, 0, 1, 0, 1], "x": [760.0, 780.0, 800.0, 820.0, 840.0, 860.0, 880.0, 900.0, 920.0, 940.0, 960.0, 980.0, 1000.0, 1020.0, 1040.0, 1060.0, 1080.0, 1100.0, 1120.0, 1140.0, 1160.0, 1180.0, 1200.0, 1220.0, 1240.0, 1260.0, 1280.0, 1300.0, 1320.0, 1340.0, 1360.0, 1380.0, 1400.0, 1420.0]}}