{"percentile": {"x": [716, 798, 857, 866, 937, 956, 995, 1004, 1005, 1012, 1047, 1060, 1062, 1096, 1102, 1122, 1140, 1157, 1162, 1180, 1183, 1184, 1185, 1189, 1198, 1201, 1202, 1203, 1206, 1207, 1208, 1209, 1210, 1211, 1212, 1213, 1214, 1215, 1216, 1218, 1223, 1224, 1226, 1227, 1228, 1235, 1239, 1242, 1244, 1245, 1246, 1250, 1251, 1253, 1254, 1256, 1258, 1261, 1262, 1265, 1266, 1267, 1270, 1271, 1272, 1273, 1275, 1276, 1278, 1280, 1285, 1287, 1301, 1320, 1321, 1325], "y": [99.0, 97.9, 96.9, 95.8, 94.7, 93.7, 92.6, 91.5, 90.5, 89.4, 88.3, 87.3, 86.2, 85.2, 84.1, 83.0, 80.9, 78.8, 77.7, 76.6, 75.6, 74.5, 73.5, 71.3, 70.3, 69.2, 68.1, 66.0, 64.9, 62.8, 61.8, 59.6, 57.5, 56.4, 54.3, 53.2, 52.2, 50.0, 49.0, 47.9, 46.9, 43.7, 41.5, 40.5, 39.4, 38.3, 37.3, 35.2, 34.099999999999994, 33.0, 32.0, 29.799999999999997, 28.799999999999997, 26.599999999999994, 25.599999999999994, 24.5, 23.5, 21.299999999999997, 20.299999999999997, 18.099999999999994, 17.099999999999994, 14.900000000000006, 13.900000000000006, 12.799999999999997, 11.799999999999997, 10.700000000000003, 9.599999999999994, 7.5, 6.400000000000006, 5.400000000000006, 4.299999999999997, 3.200000000000003, 2.200000000000003, 1.0999999999999943, 0.0, -1.0]}, "histogram": {"x": [705.0, 720.0, 735.0, 750.0, 765.0, 780.0, 795.0, 810.0, 825.0, 840.0, 855.0, 870.0, 885.0, 900.0, 915.0, 930.0, 945.0, 960.0, 975.0, 990.0, 1005.0, 1020.0, 1035.0, 1050.0, 1065.0, 1080.0, 1095.0, 1110.0, 1125.0, 1140.0, 1155.0, 1170.0, 1185.0, 1200.0, 1215.0, 1230.0, 1245.0, 1260.0, 1275.0, 1290.0, 1305.0, 1320.0], "y": [1, 0, 0, 0, 0, 0, 1, 0, 0, 0, 2, 0, 0, 0, 0, 1, 1, 0, 0, 2, 2, 0, 1, 2, 0, 0, 2, 1, 0, 2, 3, 3, 4, 17, 12, 5, 10, 12, 7, 1, 0, 3]}}