{"histogram": {"x": [680.0, 700.0, 720.0, 740.0, 760.0, 780.0, 800.0, 820.0, 840.0, 860.0, 880.0, 900.0, 920.0, 940.0, 960.0, 980.0, 1000.0, 1020.0, 1040.0, 1060.0, 1080.0, 1100.0, 1120.0, 1140.0, 1160.0, 1180.0, 1200.0, 1220.0, 1240.0, 1260.0, 1280.0, 1300.0, 1320.0, 1340.0, 1360.0, 1380.0, 1400.0, 1420.0], "y": [1, 0, 0, 0, 0, 1, 2, 1, 2, 2, 3, 1, 3, 1, 4, 4, 4, 7, 8, 3, 11, 9, 7, 14, 15, 15, 61, 30, 41, 28, 10, 4, 3, 1, 0, 0, 0, 1]}, "percentile": {"x": [690, 793, 802, 815, 830, 850, 857, 860, 877, 880, 886, 898, 905, 920, 924, 926, 954, 962, 965, 967, 970, 981, 985, 997, 999, 1007, 1013, 1018, 1027, 1031, 1033, 1035, 1037, 1039, 1041, 1042, 1044, 1053, 1056, 1063, 1065, 1077, 1080, 1082, 1085, 1087, 1090, 1091, 1095, 1098, 1100, 1102, 1104, 1105, 1109, 1111, 1113, 1116, 1119, 1121, 1124, 1125, 1126, 1129, 1138, 1145, 1146, 1147, 1149, 1150, 1152, 1153, 1155, 1156, 1158, 1159, 1162, 1166, 1170, 1171, 1173, 1174, 1175, 1178, 1179, 1180, 1181, 1183, 1187, 1188, 1192, 1193, 1195, 1196, 1198, 1199, 1200, 1202, 1203, 1204, 1206, 1207, 1208, 1209, 1210, 1211, 1212, 1213, 1214, 1215, 1216, 1217, 1219, 1223, 1224, 1225, 1226, 1227, 1230, 1231, 1232, 1233, 1234, 1235, 1236, 1237, 1238, 1239, 1240, 1241, 1242, 1243, 1244, 1245, 1246, 1247, 1248, 1249, 1250, 1251, 1252, 1253, 1254, 1255, 1256, 1257, 1258, 1263, 1265, 1266, 1267, 1269, 1270, 1271, 1272, 1273, 1274, 1275, 1276, 1277, 1279, 1280, 1283, 1286, 1287, 1290, 1292, 1295, 1300, 1304, 1307, 1316, 1320, 1327, 1333, 1345, 1424], "y": [99.7, 99.4, 99.0, 98.7, 98.4, 98.0, 97.7, 97.3, 97.0, 96.7, 96.3, 96.0, 95.7, 95.3, 95.0, 94.6, 94.3, 94.0, 93.6, 93.3, 93.0, 92.6, 92.3, 91.9, 91.6, 91.3, 90.9, 90.3, 89.9, 89.6, 89.2, 88.9, 88.6, 87.9, 87.5, 87.2, 85.9, 85.5, 85.2, 84.8, 84.5, 84.2, 83.5, 83.2, 82.8, 82.1, 81.8, 81.1, 80.8, 80.5, 80.1, 79.8, 79.4, 79.1, 78.8, 78.4, 78.1, 77.8, 77.4, 77.1, 76.7, 76.4, 76.1, 75.7, 75.0, 74.7, 74.4, 74.0, 73.7, 72.3, 72.0, 71.7, 71.3, 71.0, 70.7, 70.3, 69.6, 69.3, 68.6, 67.6, 66.9, 66.6, 66.3, 65.6, 65.3, 64.9, 64.2, 63.9, 63.6, 62.9, 62.2, 61.9, 61.5, 60.9, 60.5, 60.2, 59.8, 59.5, 58.8, 58.2, 57.8, 54.8, 53.4, 52.4, 50.7, 49.4, 47.7, 46.0, 44.6, 42.3, 41.9, 40.9, 39.6, 38.6, 38.2, 37.5, 37.2, 36.9, 36.5, 35.5, 34.2, 33.8, 33.2, 31.5, 31.099999999999994, 30.799999999999997, 30.099999999999994, 29.400000000000006, 27.400000000000006, 26.700000000000003, 26.400000000000006, 25.400000000000006, 25.0, 24.0, 23.400000000000006, 23.0, 22.299999999999997, 21.700000000000003, 21.299999999999997, 20.700000000000003, 20.0, 19.599999999999994, 19.299999999999997, 19.0, 18.299999999999997, 16.900000000000006, 15.599999999999994, 15.299999999999997, 13.900000000000006, 13.599999999999994, 12.900000000000006, 12.5, 11.900000000000006, 11.5, 10.200000000000003, 9.5, 9.200000000000003, 8.5, 7.5, 6.799999999999997, 6.099999999999994, 4.799999999999997, 4.400000000000006, 4.099999999999994, 3.799999999999997, 3.4000000000000057, 3.0999999999999943, 2.799999999999997, 2.4000000000000057, 2.0999999999999943, 1.7000000000000028, 1.4000000000000057, 1.0999999999999943, 0.7000000000000028, 0.4000000000000057, 0.0, -0.29999999999999716]}}