{"histogram": {"x": [720.0, 740.0, 760.0, 780.0, 800.0, 820.0, 840.0, 860.0, 880.0, 900.0, 920.0, 940.0, 960.0, 980.0, 1000.0, 1020.0, 1040.0, 1060.0, 1080.0, 1100.0, 1120.0, 1140.0, 1160.0, 1180.0, 1200.0, 1220.0, 1240.0, 1260.0, 1280.0, 1300.0, 1320.0, 1340.0, 1360.0, 1380.0, 1400.0, 1420.0], "y": [1, 2, 0, 1, 0, 1, 2, 3, 1, 1, 1, 3, 1, 3, 2, 1, 8, 2, 2, 5, 3, 1, 8, 3, 2, 20, 2, 7, 7, 0, 0, 1, 0, 0, 0, 0, 1]}, "percentile": {"x": [708, 720, 727, 779, 813, 824, 837, 845, 854, 855, 863, 884, 906, 920, 929, 933, 952, 964, 972, 977, 981, 992, 1017, 1023, 1027, 1028, 1029, 1031, 1037, 1038, 1042, 1049, 1064, 1068, 1080, 1084, 1086, 1088, 1089, 1100, 1101, 1110, 1125, 1140, 1144, 1145, 1148, 1156, 1157, 1159, 1165, 1169, 1178, 1193, 1198, 1202, 1203, 1204, 1205, 1208, 1209, 1210, 1211, 1212, 1213, 1215, 1216, 1235, 1239, 1240, 1244, 1245, 1250, 1251, 1256, 1260, 1267, 1271, 1273, 1276, 1277, 1278, 1327, 1424], "y": [99.0, 97.9, 96.9, 95.8, 94.7, 93.7, 92.6, 91.5, 90.5, 89.4, 88.3, 87.3, 86.2, 85.2, 84.1, 83.0, 82.0, 80.9, 79.8, 78.8, 77.7, 76.6, 75.6, 74.5, 73.5, 72.4, 70.3, 69.2, 68.1, 67.1, 66.0, 64.9, 63.9, 62.8, 61.8, 60.7, 59.6, 58.6, 57.5, 56.4, 55.4, 54.3, 53.2, 52.2, 50.0, 49.0, 47.9, 46.9, 45.8, 44.7, 43.7, 42.6, 41.5, 40.5, 39.4, 38.3, 37.3, 35.2, 34.099999999999994, 33.0, 30.900000000000006, 27.700000000000003, 26.599999999999994, 23.5, 22.400000000000006, 20.299999999999997, 18.099999999999994, 17.099999999999994, 16.0, 14.900000000000006, 13.900000000000006, 12.799999999999997, 11.799999999999997, 10.700000000000003, 8.599999999999994, 7.5, 6.400000000000006, 5.400000000000006, 4.299999999999997, 3.200000000000003, 2.200000000000003, 1.0999999999999943, 0.0, -1.0]}}