{"percentile": {"x": [876, 909, 1092, 1153, 1166, 1172, 1203, 1205, 1208, 1209, 1212, 1217, 1223, 1228, 1236, 1241, 1246, 1249, 1250, 1253, 1255, 1261, 1266, 1269, 1274, 1275, 1276, 1278, 1292, 1294, 1301, 1304, 1313], "y": [97.3, 94.6, 91.9, 89.2, 86.5, 83.8, 81.1, 78.4, 75.7, 73.0, 67.6, 64.9, 62.2, 59.5, 54.1, 51.4, 48.7, 46.0, 35.2, 32.5, 29.799999999999997, 27.099999999999994, 24.400000000000006, 21.700000000000003, 19.0, 16.299999999999997, 13.599999999999994, 10.900000000000006, 8.200000000000003, 5.5, 2.799999999999997, 0.0, -2.700000000000003]}, "histogram": {"x": [880.0, 900.0, 920.0, 940.0, 960.0, 980.0, 1000.0, 1020.0, 1040.0, 1060.0, 1080.0, 1100.0, 1120.0, 1140.0, 1160.0, 1180.0, 1200.0, 1220.0, 1240.0, 1260.0, 1280.0, 1300.0], "y": [1, 0, 1, 0, 0, 0, 0, 0, 0, 0, 0, 1, 0, 0, 1, 2, 0, 7, 4, 9, 7, 2, 3]}}