{"percentile": {"x": [866, 988, 1038, 1040, 1047, 1051, 1053, 1056, 1063, 1068, 1069, 1075, 1080, 1081, 1105, 1134, 1147, 1165, 1171, 1174, 1175, 1185, 1194, 1197, 1201, 1202, 1207, 1208, 1210, 1211, 1212, 1213, 1214, 1215, 1216, 1221, 1222, 1224, 1226, 1228, 1231, 1232, 1235, 1237, 1245, 1250, 1258, 1262, 1263, 1265, 1269, 1270, 1272, 1273, 1274, 1280, 1320], "y": [98.7, 97.3, 95.9, 94.5, 93.1, 90.3, 88.9, 87.5, 84.8, 83.4, 80.6, 79.2, 77.8, 76.4, 75.0, 73.7, 72.3, 70.9, 69.5, 66.7, 65.3, 62.5, 61.2, 58.4, 57.0, 55.6, 52.8, 51.4, 50.0, 48.7, 47.3, 44.5, 43.1, 40.3, 38.9, 37.5, 36.2, 34.8, 33.400000000000006, 30.599999999999994, 29.200000000000003, 27.799999999999997, 26.400000000000006, 23.700000000000003, 20.900000000000006, 19.5, 18.099999999999994, 16.700000000000003, 13.900000000000006, 11.200000000000003, 9.799999999999997, 7.0, 5.599999999999994, 4.200000000000003, 1.4000000000000057, 0.0, -1.2999999999999972]}, "histogram": {"x": [880.0, 900.0, 920.0, 940.0, 960.0, 980.0, 1000.0, 1020.0, 1040.0, 1060.0, 1080.0, 1100.0, 1120.0, 1140.0, 1160.0, 1180.0, 1200.0, 1220.0, 1240.0, 1260.0, 1280.0, 1300.0, 1320.0], "y": [1, 0, 0, 0, 0, 0, 1, 0, 1, 6, 6, 2, 1, 1, 1, 5, 5, 14, 11, 4, 12, 1, 0, 1]}}