{"histogram": {"y": [1, 0, 0, 1, 3, 1, 2, 2, 1, 3, 9, 9, 5, 7, 12, 10, 8, 15, 12, 15, 19, 14, 26, 24, 87, 26, 33, 32, 10, 6, 4, 0, 1, 0, 0, 4], "x": [720.0, 740.0, 760.0, 780.0, 800.0, 820.0, 840.0, 860.0, 880.0, 900.0, 920.0, 940.0, 960.0, 980.0, 1000.0, 1020.0, 1040.0, 1060.0, 1080.0, 1100.0, 1120.0, 1140.0, 1160.0, 1180.0, 1200.0, 1220.0, 1240.0, 1260.0, 1280.0, 1300.0, 1320.0, 1340.0, 1360.0, 1380.0, 1400.0, 1420.0]}, "percentile": {"y": [99.8, 99.6, 99.3, 99.1, 98.8, 98.6, 98.3, 98.1, 97.8, 97.6, 97.3, 97.1, 96.8, 96.6, 96.3, 96.1, 95.8, 95.6, 95.3, 95.1, 94.8, 94.6, 94.3, 94.1, 93.6, 93.3, 93.1, 92.8, 92.6, 92.3, 92.1, 91.8, 91.6, 91.3, 91.1, 90.8, 90.6, 90.3, 90.1, 89.8, 89.6, 89.3, 89.1, 88.8, 88.6, 88.3, 88.1, 87.8, 87.6, 87.3, 87.1, 86.8, 86.6, 86.3, 86.1, 85.6, 85.3, 85.1, 84.8, 84.6, 84.3, 84.1, 83.8, 83.6, 83.1, 82.8, 82.6, 82.3, 82.1, 81.8, 81.6, 80.8, 80.1, 79.9, 79.6, 79.4, 78.9, 78.6, 78.4, 78.1, 77.9, 77.4, 76.6, 76.4, 75.9, 75.4, 75.1, 74.9, 74.6, 74.4, 73.9, 73.6, 73.1, 72.9, 72.4, 71.9, 71.6, 71.4, 71.1, 70.9, 70.6, 70.1, 69.6, 69.4, 68.9, 68.1, 67.9, 67.6, 67.4, 66.9, 66.6, 66.4, 66.1, 65.9, 65.6, 65.1, 64.9, 64.4, 63.9, 63.6, 63.4, 62.9, 62.6, 62.1, 61.9, 61.1, 60.1, 58.9, 58.4, 58.2, 57.4, 57.2, 56.7, 56.4, 56.2, 55.9, 55.4, 54.4, 54.2, 53.9, 53.7, 53.4, 52.9, 52.7, 52.2, 51.4, 51.2, 50.7, 50.4, 50.2, 49.2, 48.4, 46.7, 45.7, 44.4, 43.2, 42.2, 41.2, 40.0, 38.2, 37.0, 35.7, 34.7, 33.0, 30.200000000000003, 29.700000000000003, 29.5, 28.700000000000003, 28.200000000000003, 27.700000000000003, 27.5, 27.200000000000003, 27.0, 26.700000000000003, 26.200000000000003, 26.0, 25.700000000000003, 25.0, 23.700000000000003, 23.5, 23.200000000000003, 22.700000000000003, 22.200000000000003, 20.700000000000003, 20.5, 20.200000000000003, 19.799999999999997, 18.299999999999997, 18.0, 17.5, 17.299999999999997, 16.5, 16.0, 15.799999999999997, 15.5, 14.5, 14.299999999999997, 14.0, 13.799999999999997, 13.0, 12.799999999999997, 12.5, 10.799999999999997, 10.5, 10.299999999999997, 9.799999999999997, 9.299999999999997, 9.0, 8.799999999999997, 8.299999999999997, 8.0, 7.5, 6.5, 6.0, 5.0, 4.799999999999997, 4.5, 4.299999999999997, 3.5, 3.299999999999997, 3.0, 2.799999999999997, 2.5, 2.299999999999997, 2.0, 1.7999999999999972, 1.5, 1.2999999999999972, 1.0, 0.7999999999999972, 0.5, -0.20000000000000284], "x": [726, 784, 805, 809, 814, 827, 847, 850, 863, 878, 881, 902, 906, 910, 920, 921, 923, 924, 926, 928, 934, 935, 938, 943, 945, 948, 951, 952, 953, 957, 958, 966, 967, 973, 974, 975, 980, 983, 984, 986, 988, 995, 996, 1000, 1001, 1007, 1008, 1009, 1011, 1012, 1014, 1015, 1016, 1018, 1019, 1020, 1024, 1027, 1028, 1029, 1033, 1034, 1037, 1038, 1043, 1044, 1047, 1051, 1056, 1057, 1058, 1061, 1062, 1063, 1064, 1067, 1069, 1071, 1073, 1075, 1079, 1081, 1082, 1089, 1090, 1092, 1093, 1097, 1100, 1101, 1104, 1105, 1106, 1109, 1110, 1112, 1114, 1115, 1117, 1120, 1122, 1123, 1126, 1127, 1129, 1130, 1133, 1134, 1135, 1136, 1138, 1139, 1144, 1145, 1147, 1149, 1150, 1151, 1152, 1153, 1154, 1158, 1160, 1162, 1164, 1167, 1168, 1169, 1172, 1173, 1174, 1176, 1177, 1178, 1180, 1181, 1183, 1184, 1186, 1187, 1189, 1190, 1191, 1193, 1194, 1196, 1197, 1198, 1199, 1200, 1201, 1202, 1203, 1204, 1205, 1206, 1207, 1208, 1209, 1210, 1211, 1212, 1213, 1214, 1215, 1216, 1218, 1219, 1221, 1222, 1223, 1224, 1225, 1226, 1228, 1229, 1230, 1231, 1232, 1233, 1236, 1237, 1239, 1240, 1242, 1243, 1244, 1245, 1246, 1247, 1248, 1250, 1251, 1252, 1254, 1255, 1256, 1257, 1260, 1261, 1262, 1264, 1265, 1266, 1268, 1269, 1270, 1271, 1272, 1273, 1275, 1277, 1278, 1279, 1280, 1282, 1283, 1285, 1286, 1300, 1301, 1305, 1308, 1309, 1319, 1320, 1321, 1322, 1324, 1365, 1420, 1424]}}