{"histogram": {"y": [1, 1, 0, 1, 0, 0, 1, 0, 2, 0, 0, 2, 2, 0, 1, 0, 2, 0, 1, 3, 3, 2, 2, 1, 2, 1, 2, 1, 1, 3, 5, 3, 0, 1, 0, 2, 4, 1, 2, 1, 3, 0, 0, 0, 0, 0, 0, 1], "x": [660.0, 675.0, 690.0, 705.0, 720.0, 735.0, 750.0, 765.0, 780.0, 795.0, 810.0, 825.0, 840.0, 855.0, 870.0, 885.0, 900.0, 915.0, 930.0, 945.0, 960.0, 975.0, 990.0, 1005.0, 1020.0, 1035.0, 1050.0, 1065.0, 1080.0, 1095.0, 1110.0, 1125.0, 1140.0, 1155.0, 1170.0, 1185.0, 1200.0, 1215.0, 1230.0, 1245.0, 1260.0, 1275.0, 1290.0, 1305.0, 1320.0, 1335.0, 1350.0, 1365.0]}, "percentile": {"y": [98.3, 96.5, 94.8, 93.0, 91.3, 89.5, 87.8, 86.0, 84.3, 82.5, 80.8, 79.0, 77.2, 75.5, 73.7, 72.0, 70.2, 66.7, 65.0, 63.2, 61.5, 59.7, 57.9, 56.2, 54.4, 52.7, 50.9, 49.2, 47.4, 45.7, 43.9, 42.2, 38.6, 36.9, 35.099999999999994, 33.400000000000006, 29.900000000000006, 28.099999999999994, 26.400000000000006, 24.599999999999994, 22.900000000000006, 21.099999999999994, 19.299999999999997, 17.599999999999994, 15.799999999999997, 12.299999999999997, 10.599999999999994, 8.799999999999997, 7.099999999999994, 5.299999999999997, 3.5999999999999943, 1.7999999999999972, 0.0, -1.7000000000000028], "x": [671, 678, 711, 752, 781, 788, 829, 834, 841, 845, 881, 904, 907, 934, 947, 948, 956, 965, 968, 976, 987, 990, 994, 1008, 1026, 1030, 1043, 1054, 1064, 1071, 1093, 1095, 1099, 1110, 1112, 1118, 1119, 1127, 1129, 1135, 1164, 1189, 1191, 1203, 1205, 1211, 1220, 1231, 1239, 1255, 1264, 1265, 1270, 1365]}}