{"percentile": {"x": [686, 734, 793, 796, 820, 827, 830, 848, 850, 855, 859, 862, 864, 866, 870, 876, 880, 906, 912, 915, 918, 926, 929, 932, 939, 947, 951, 953, 955, 956, 958, 964, 965, 968, 976, 977, 983, 986, 987, 992, 993, 996, 998, 1005, 1009, 1011, 1014, 1021, 1024, 1027, 1028, 1030, 1031, 1034, 1035, 1037, 1040, 1044, 1045, 1046, 1048, 1058, 1059, 1060, 1062, 1064, 1065, 1066, 1067, 1068, 1069, 1074, 1076, 1078, 1079, 1080, 1083, 1090, 1091, 1092, 1095, 1097, 1104, 1105, 1107, 1108, 1109, 1117, 1118, 1119, 1126, 1127, 1134, 1136, 1143, 1147, 1148, 1154, 1156, 1164, 1167, 1170, 1172, 1174, 1176, 1179, 1180, 1184, 1186, 1187, 1190, 1196, 1197, 1200, 1201, 1202, 1203, 1204, 1205, 1206, 1207, 1208, 1209, 1210, 1211, 1212, 1213, 1214, 1215, 1220, 1223, 1230, 1232, 1235, 1236, 1237, 1238, 1239, 1243, 1246, 1248, 1250, 1252, 1253, 1254, 1255, 1257, 1260, 1264, 1268, 1269, 1270, 1272, 1273, 1274, 1275, 1278, 1285, 1291, 1293, 1295, 1313], "y": [99.6, 99.1, 98.7, 98.2, 97.8, 97.3, 96.9, 96.4, 96.0, 95.5, 95.1, 94.6, 93.7, 93.3, 92.8, 92.4, 91.5, 91.0, 90.5, 90.1, 88.7, 88.3, 87.4, 86.9, 86.5, 86.0, 85.1, 84.7, 84.2, 83.8, 83.3, 82.9, 82.0, 81.5, 80.6, 80.1, 79.7, 79.2, 78.8, 78.3, 77.9, 77.4, 77.0, 76.5, 76.1, 75.6, 74.7, 74.3, 73.8, 73.4, 72.9, 72.4, 71.5, 71.1, 70.6, 70.2, 69.7, 69.3, 68.8, 68.4, 67.9, 67.0, 66.6, 66.1, 65.7, 65.2, 64.8, 64.3, 63.9, 62.9, 62.0, 61.6, 61.1, 60.7, 60.2, 59.3, 58.9, 58.0, 57.5, 57.1, 56.2, 55.7, 54.8, 54.3, 53.9, 52.5, 52.1, 51.6, 51.2, 50.7, 49.8, 49.4, 48.9, 48.5, 48.0, 47.6, 47.1, 46.7, 45.8, 45.3, 44.8, 44.4, 43.0, 42.6, 42.1, 41.7, 41.2, 40.8, 39.9, 39.4, 39.0, 38.5, 38.1, 37.2, 36.2, 34.900000000000006, 34.400000000000006, 34.0, 32.2, 30.799999999999997, 29.5, 27.200000000000003, 26.299999999999997, 25.400000000000006, 24.900000000000006, 24.0, 23.599999999999994, 21.299999999999997, 19.5, 19.099999999999994, 18.599999999999994, 17.200000000000003, 16.799999999999997, 15.400000000000006, 14.5, 14.099999999999994, 13.599999999999994, 13.200000000000003, 12.700000000000003, 12.299999999999997, 11.799999999999997, 11.400000000000006, 10.900000000000006, 10.5, 9.599999999999994, 8.599999999999994, 7.700000000000003, 7.299999999999997, 6.400000000000006, 5.900000000000006, 5.5, 5.0, 4.599999999999994, 4.099999999999994, 3.200000000000003, 2.299999999999997, 1.9000000000000057, 1.4000000000000057, 1.0, 0.5, 0.0, -0.4000000000000057]}, "histogram": {"x": [700.0, 720.0, 740.0, 760.0, 780.0, 800.0, 820.0, 840.0, 860.0, 880.0, 900.0, 920.0, 940.0, 960.0, 980.0, 1000.0, 1020.0, 1040.0, 1060.0, 1080.0, 1100.0, 1120.0, 1140.0, 1160.0, 1180.0, 1200.0, 1220.0, 1240.0, 1260.0, 1280.0, 1300.0, 1320.0], "y": [1, 0, 1, 0, 0, 2, 0, 3, 4, 6, 2, 6, 5, 7, 7, 7, 5, 10, 8, 14, 10, 11, 5, 6, 9, 8, 41, 14, 12, 13, 4, 1, 0]}}