{"histogram": {"y": [1, 0, 0, 2, 3, 5, 4, 8, 8, 7, 8, 9, 16, 23, 20, 24, 21, 22, 24, 26, 29, 20, 32, 42, 37, 113, 88, 84, 57, 20, 10, 3, 3, 0, 0, 0, 4], "x": [700.0, 720.0, 740.0, 760.0, 780.0, 800.0, 820.0, 840.0, 860.0, 880.0, 900.0, 920.0, 940.0, 960.0, 980.0, 1000.0, 1020.0, 1040.0, 1060.0, 1080.0, 1100.0, 1120.0, 1140.0, 1160.0, 1180.0, 1200.0, 1220.0, 1240.0, 1260.0, 1280.0, 1300.0, 1320.0, 1340.0, 1360.0, 1380.0, 1400.0, 1420.0]}, "percentile": {"y": [100.0, 99.9, 99.8, 99.7, 99.5, 99.4, 99.3, 99.0, 98.9, 98.8, 98.6, 98.5, 98.4, 98.2, 98.1, 98.0, 97.8, 97.7, 97.6, 97.5, 97.2, 97.1, 96.8, 96.7, 96.6, 96.4, 96.3, 96.2, 96.0, 95.9, 95.8, 95.6, 95.4, 95.3, 95.1, 95.0, 94.9, 94.7, 94.6, 94.5, 94.2, 94.1, 94.0, 93.8, 93.6, 93.4, 93.3, 93.2, 93.1, 92.9, 92.7, 92.5, 92.3, 92.1, 92.0, 91.9, 91.5, 91.4, 91.2, 91.1, 91.0, 90.9, 90.5, 90.3, 90.2, 90.1, 89.9, 89.8, 89.4, 89.3, 88.9, 88.8, 88.7, 88.3, 88.0, 87.9, 87.6, 87.5, 87.4, 87.1, 87.0, 86.6, 86.4, 86.3, 86.1, 85.5, 85.3, 85.0, 84.9, 84.6, 84.1, 84.0, 83.5, 82.8, 82.4, 82.3, 82.2, 81.9, 81.8, 81.5, 81.1, 80.9, 80.6, 80.2, 79.8, 79.6, 79.5, 79.3, 79.1, 78.9, 78.8, 78.7, 78.4, 78.3, 78.2, 77.9, 77.5, 77.3, 77.1, 77.0, 76.6, 76.2, 76.0, 75.7, 75.2, 74.9, 74.8, 74.7, 74.4, 74.0, 73.9, 73.8, 73.5, 73.4, 73.2, 73.1, 73.0, 72.6, 72.3, 72.2, 71.9, 71.7, 71.4, 71.2, 71.0, 70.6, 70.3, 70.1, 69.9, 69.6, 69.2, 69.1, 68.6, 68.3, 67.9, 67.5, 67.3, 67.0, 66.9, 66.6, 66.4, 66.0, 65.9, 65.7, 65.5, 65.3, 65.2, 64.9, 64.7, 64.4, 64.3, 64.2, 63.8, 63.7, 63.5, 63.0, 62.7, 62.5, 62.4, 62.1, 61.7, 61.4, 61.3, 60.9, 60.5, 60.3, 60.2, 60.0, 59.6, 59.1, 59.0, 58.6, 58.3, 58.1, 57.6, 57.3, 57.0, 56.7, 56.5, 56.3, 56.1, 56.0, 55.6, 55.1, 54.6, 54.2, 53.7, 53.3, 53.0, 52.9, 52.8, 52.5, 52.4, 52.3, 51.9, 51.7, 51.3, 51.2, 51.0, 50.6, 50.2, 50.0, 49.9, 49.4, 49.1, 48.6, 48.1, 47.8, 46.8, 45.6, 45.1, 43.7, 42.8, 42.1, 41.4, 40.1, 39.4, 38.3, 37.5, 36.1, 35.8, 35.5, 35.400000000000006, 34.8, 33.7, 33.2, 32.8, 32.0, 31.400000000000006, 31.299999999999997, 31.0, 30.400000000000006, 30.0, 29.599999999999994, 28.900000000000006, 28.400000000000006, 27.799999999999997, 26.700000000000003, 25.700000000000003, 25.200000000000003, 24.400000000000006, 23.900000000000006, 23.400000000000006, 23.200000000000003, 22.5, 22.299999999999997, 21.900000000000006, 21.299999999999997, 20.299999999999997, 19.599999999999994, 19.0, 18.400000000000006, 17.900000000000006, 17.099999999999994, 16.599999999999994, 16.200000000000003, 15.5, 14.900000000000006, 14.400000000000006, 13.700000000000003, 13.299999999999997, 13.099999999999994, 12.5, 12.0, 11.700000000000003, 11.400000000000006, 11.299999999999997, 10.900000000000006, 9.900000000000006, 9.400000000000006, 9.0, 8.5, 8.0, 7.400000000000006, 7.299999999999997, 7.0, 6.799999999999997, 6.5, 6.400000000000006, 5.900000000000006, 5.700000000000003, 5.599999999999994, 5.099999999999994, 4.5, 4.299999999999997, 4.099999999999994, 3.799999999999997, 3.4000000000000057, 3.299999999999997, 3.0, 2.9000000000000057, 2.799999999999997, 2.5999999999999943, 2.5, 2.4000000000000057, 2.299999999999997, 2.0, 1.9000000000000057, 1.5999999999999943, 1.5, 1.2000000000000028, 1.0, 0.7999999999999972, 0.7000000000000028, 0.5999999999999943, 0.4000000000000057, 0.29999999999999716, 0.20000000000000284], "x": [717, 762, 771, 782, 788, 796, 800, 802, 808, 815, 821, 822, 828, 835, 842, 844, 845, 854, 855, 856, 857, 860, 864, 869, 873, 875, 876, 878, 881, 883, 891, 892, 896, 899, 907, 910, 912, 913, 915, 917, 918, 920, 925, 928, 929, 931, 933, 935, 937, 940, 941, 942, 946, 947, 948, 951, 953, 954, 955, 956, 957, 960, 961, 962, 965, 967, 968, 970, 971, 972, 973, 975, 977, 978, 979, 982, 983, 984, 988, 989, 990, 993, 995, 996, 998, 999, 1002, 1003, 1006, 1009, 1012, 1014, 1015, 1017, 1018, 1019, 1021, 1024, 1026, 1027, 1030, 1031, 1034, 1036, 1037, 1038, 1040, 1041, 1042, 1043, 1044, 1045, 1046, 1047, 1049, 1050, 1051, 1053, 1055, 1056, 1061, 1062, 1064, 1067, 1069, 1070, 1071, 1074, 1076, 1077, 1078, 1079, 1082, 1083, 1085, 1088, 1089, 1090, 1091, 1092, 1093, 1094, 1095, 1096, 1097, 1098, 1099, 1101, 1104, 1105, 1106, 1107, 1108, 1110, 1111, 1112, 1113, 1114, 1115, 1118, 1121, 1122, 1123, 1125, 1126, 1127, 1128, 1129, 1130, 1133, 1135, 1136, 1140, 1142, 1143, 1144, 1145, 1146, 1149, 1150, 1151, 1152, 1153, 1154, 1155, 1157, 1158, 1159, 1160, 1161, 1163, 1164, 1165, 1167, 1169, 1170, 1171, 1172, 1173, 1174, 1175, 1176, 1177, 1178, 1179, 1180, 1181, 1182, 1183, 1185, 1186, 1187, 1189, 1190, 1191, 1192, 1193, 1194, 1195, 1196, 1197, 1198, 1199, 1200, 1201, 1202, 1203, 1204, 1205, 1206, 1207, 1208, 1209, 1210, 1211, 1212, 1213, 1214, 1215, 1216, 1217, 1218, 1219, 1220, 1221, 1222, 1224, 1225, 1226, 1227, 1228, 1229, 1230, 1231, 1232, 1233, 1234, 1235, 1236, 1237, 1238, 1239, 1240, 1241, 1242, 1243, 1244, 1245, 1246, 1247, 1248, 1249, 1250, 1251, 1252, 1253, 1254, 1255, 1256, 1257, 1258, 1259, 1260, 1261, 1262, 1263, 1264, 1265, 1266, 1267, 1268, 1269, 1270, 1271, 1272, 1273, 1274, 1275, 1276, 1277, 1278, 1279, 1280, 1283, 1288, 1289, 1290, 1293, 1294, 1295, 1296, 1297, 1299, 1302, 1305, 1308, 1311, 1313, 1314, 1315, 1320, 1322, 1350, 1351, 1356, 1421, 1423, 1424]}}
