{"histogram": {"y": [2, 0, 0, 1, 1, 0, 0, 2, 2, 3, 1, 2, 8, 3, 7, 8, 6, 4, 4, 5, 5, 9, 39, 6, 9, 6, 6, 0, 1, 0, 0, 0, 0, 1, 0], "x": [760.0, 780.0, 800.0, 820.0, 840.0, 860.0, 880.0, 900.0, 920.0, 940.0, 960.0, 980.0, 1000.0, 1020.0, 1040.0, 1060.0, 1080.0, 1100.0, 1120.0, 1140.0, 1160.0, 1180.0, 1200.0, 1220.0, 1240.0, 1260.0, 1280.0, 1300.0, 1320.0, 1340.0, 1360.0, 1380.0, 1400.0, 1420.0, 1440.0]}, "percentile": {"y": [99.3, 98.6, 97.9, 97.2, 96.5, 95.8, 95.0, 94.3, 92.9, 92.2, 91.5, 90.8, 90.0, 89.3, 87.9, 87.2, 86.5, 85.8, 84.3, 83.6, 82.9, 82.2, 81.5, 80.8, 79.3, 78.6, 77.9, 77.2, 76.5, 75.8, 75.0, 74.3, 73.6, 72.2, 71.5, 70.8, 70.0, 69.3, 67.9, 67.2, 66.5, 65.8, 65.0, 64.3, 63.6, 62.2, 61.5, 60.8, 60.0, 59.3, 58.6, 57.9, 57.2, 56.5, 55.8, 55.0, 54.3, 53.6, 52.9, 52.2, 51.5, 50.8, 49.3, 48.6, 47.9, 45.8, 44.3, 42.9, 40.8, 37.9, 35.0, 31.5, 30.0, 28.599999999999994, 26.5, 25.799999999999997, 24.299999999999997, 22.900000000000006, 22.200000000000003, 20.799999999999997, 20.0, 19.299999999999997, 18.599999999999994, 17.200000000000003, 16.5, 15.799999999999997, 14.299999999999997, 13.599999999999994, 12.900000000000006, 12.200000000000003, 11.5, 10.799999999999997, 10.0, 9.299999999999997, 8.599999999999994, 7.900000000000006, 6.5, 5.799999999999997, 5.0, 3.5999999999999943, 2.9000000000000057, 2.200000000000003, 1.5, 0.7999999999999972, 0.0, -0.7000000000000028], "x": [760, 768, 826, 854, 905, 913, 923, 931, 940, 953, 977, 982, 992, 1009, 1010, 1011, 1012, 1017, 1018, 1020, 1027, 1032, 1040, 1041, 1044, 1048, 1049, 1057, 1061, 1063, 1066, 1067, 1071, 1077, 1078, 1081, 1082, 1087, 1092, 1097, 1102, 1108, 1114, 1117, 1123, 1132, 1139, 1142, 1147, 1150, 1153, 1155, 1162, 1165, 1167, 1168, 1175, 1180, 1181, 1182, 1183, 1185, 1191, 1196, 1198, 1201, 1202, 1203, 1204, 1205, 1206, 1207, 1208, 1209, 1210, 1211, 1212, 1213, 1214, 1215, 1218, 1220, 1223, 1224, 1225, 1235, 1240, 1241, 1245, 1246, 1248, 1251, 1253, 1259, 1265, 1266, 1267, 1269, 1270, 1280, 1290, 1291, 1292, 1293, 1320, 1424]}}