{"percentile": {"x": [824, 859, 885, 886, 892, 933, 954, 965, 971, 973, 992, 1002, 1008, 1017, 1038, 1055, 1062, 1072, 1086, 1108, 1115, 1116, 1119, 1135, 1154, 1155, 1156, 1165, 1169, 1179, 1188, 1190, 1192, 1198, 1201, 1202, 1205, 1207, 1208, 1209, 1210, 1211, 1212, 1213, 1214, 1215, 1216, 1220, 1221, 1222, 1226, 1229, 1230, 1231, 1232, 1233, 1235, 1238, 1239, 1240, 1241, 1245, 1248, 1249, 1250, 1251, 1252, 1256, 1258, 1259, 1263, 1264, 1267, 1268, 1269, 1270, 1272, 1275, 1277, 1280, 1286, 1294, 1327], "y": [99.2, 98.3, 97.4, 96.6, 95.7, 94.8, 93.1, 92.2, 91.4, 90.5, 89.6, 88.7, 87.9, 87.0, 85.3, 84.4, 81.8, 80.9, 80.0, 78.3, 77.4, 76.6, 75.7, 74.8, 74.0, 73.1, 72.2, 70.5, 68.7, 67.9, 67.0, 66.1, 65.3, 64.4, 63.5, 61.8, 60.0, 59.2, 57.4, 56.6, 54.8, 54.0, 52.2, 51.4, 47.9, 45.3, 44.4, 43.5, 41.8, 40.9, 40.0, 38.3, 37.4, 36.6, 35.7, 34.8, 34.0, 31.400000000000006, 29.599999999999994, 27.0, 26.099999999999994, 24.400000000000006, 22.700000000000003, 21.799999999999997, 20.900000000000006, 20.0, 19.200000000000003, 18.299999999999997, 17.400000000000006, 15.700000000000003, 14.799999999999997, 13.099999999999994, 12.200000000000003, 11.400000000000006, 10.5, 9.599999999999994, 7.900000000000006, 5.299999999999997, 3.5, 2.700000000000003, 1.7999999999999972, 0.0, -0.7999999999999972]}, "histogram": {"x": [810.0, 825.0, 840.0, 855.0, 870.0, 885.0, 900.0, 915.0, 930.0, 945.0, 960.0, 975.0, 990.0, 1005.0, 1020.0, 1035.0, 1050.0, 1065.0, 1080.0, 1095.0, 1110.0, 1125.0, 1140.0, 1155.0, 1170.0, 1185.0, 1200.0, 1215.0, 1230.0, 1245.0, 1260.0, 1275.0, 1290.0, 1305.0, 1320.0], "y": [1, 0, 0, 1, 0, 3, 0, 0, 1, 2, 3, 0, 2, 2, 0, 2, 4, 1, 1, 2, 3, 1, 1, 6, 1, 4, 19, 11, 14, 12, 9, 7, 2, 0, 1]}}