{"histogram": {"y": [1, 0, 0, 1, 1, 0, 3, 0, 0, 0, 0, 0, 2, 3, 2, 1, 2, 1, 3, 2, 4, 12, 1, 3, 7, 3, 1], "x": [800.0, 820.0, 840.0, 860.0, 880.0, 900.0, 920.0, 940.0, 960.0, 980.0, 1000.0, 1020.0, 1040.0, 1060.0, 1080.0, 1100.0, 1120.0, 1140.0, 1160.0, 1180.0, 1200.0, 1220.0, 1240.0, 1260.0, 1280.0, 1300.0]}, "percentile": {"y": [98.1, 96.2, 94.3, 92.4, 90.4, 88.5, 86.6, 84.7, 82.7, 80.8, 78.9, 77.0, 75.0, 73.1, 71.2, 69.3, 67.4, 65.4, 63.5, 61.6, 59.7, 57.7, 55.8, 53.9, 52.0, 50.0, 48.1, 46.2, 44.3, 42.4, 38.5, 34.7, 32.7, 30.799999999999997, 27.0, 25.0, 21.200000000000003, 19.299999999999997, 17.400000000000006, 15.400000000000006, 13.5, 11.599999999999994, 9.700000000000003, 7.700000000000003, 5.799999999999997, 3.9000000000000057, 2.0, 0.0, -1.9000000000000057], "x": [789, 856, 874, 908, 913, 917, 1023, 1039, 1052, 1053, 1054, 1068, 1077, 1099, 1103, 1105, 1133, 1147, 1149, 1157, 1164, 1173, 1182, 1187, 1190, 1199, 1200, 1202, 1205, 1206, 1207, 1208, 1209, 1211, 1215, 1234, 1240, 1253, 1261, 1265, 1266, 1268, 1269, 1270, 1275, 1282, 1294, 1298, 1301]}}