{"percentile": {"y": [99.5, 98.9, 98.3, 97.7, 97.1, 96.5, 95.9, 95.3, 94.7, 94.1, 93.5, 92.9, 92.4, 91.8, 91.2, 90.6, 90.0, 89.4, 88.8, 87.6, 87.0, 86.4, 85.8, 85.3, 84.7, 83.5, 82.9, 82.3, 81.7, 80.5, 79.9, 79.3, 78.7, 78.2, 77.6, 77.0, 76.4, 75.8, 75.2, 74.6, 73.4, 72.8, 72.2, 71.1, 69.9, 69.3, 68.7, 68.1, 67.5, 66.3, 65.7, 65.1, 64.5, 64.0, 63.4, 62.8, 62.2, 61.6, 61.0, 60.4, 59.8, 59.2, 58.6, 58.0, 57.4, 56.9, 56.3, 55.1, 54.5, 53.9, 52.7, 52.1, 50.9, 49.8, 48.0, 47.4, 45.0, 44.4, 42.1, 40.3, 39.1, 36.1, 35.0, 33.2, 30.200000000000003, 29.599999999999994, 29.0, 28.5, 27.900000000000006, 26.700000000000003, 26.099999999999994, 24.900000000000006, 23.700000000000003, 23.099999999999994, 22.5, 21.900000000000006, 21.400000000000006, 20.799999999999997, 20.200000000000003, 19.0, 18.400000000000006, 17.799999999999997, 17.200000000000003, 16.599999999999994, 15.400000000000006, 14.299999999999997, 13.700000000000003, 12.5, 11.900000000000006, 10.700000000000003, 8.299999999999997, 7.700000000000003, 6.599999999999994, 6.0, 5.400000000000006, 4.200000000000003, 3.5999999999999943, 3.0, 2.4000000000000057, 1.7999999999999972, 1.2000000000000028, 0.5999999999999943, 0.0, -0.5], "x": [705, 792, 801, 905, 918, 919, 923, 926, 940, 949, 953, 968, 974, 980, 981, 983, 986, 988, 996, 1005, 1010, 1011, 1013, 1025, 1035, 1047, 1050, 1051, 1055, 1059, 1060, 1065, 1066, 1069, 1074, 1077, 1080, 1081, 1082, 1083, 1087, 1089, 1097, 1098, 1105, 1114, 1118, 1124, 1130, 1133, 1135, 1142, 1144, 1146, 1149, 1150, 1152, 1160, 1162, 1167, 1168, 1169, 1170, 1176, 1177, 1178, 1179, 1183, 1186, 1193, 1198, 1200, 1201, 1202, 1203, 1204, 1205, 1206, 1207, 1208, 1209, 1210, 1211, 1212, 1214, 1215, 1216, 1217, 1219, 1220, 1225, 1226, 1229, 1230, 1231, 1233, 1235, 1238, 1239, 1240, 1241, 1242, 1244, 1245, 1247, 1248, 1251, 1255, 1258, 1260, 1265, 1267, 1268, 1271, 1276, 1277, 1279, 1280, 1290, 1299, 1320, 1335, 1415, 1424]}, "histogram": {"y": [1, 0, 0, 0, 1, 1, 0, 0, 0, 0, 3, 2, 3, 2, 6, 5, 2, 7, 6, 10, 4, 5, 6, 10, 6, 42, 13, 14, 14, 3, 0, 2, 0, 0, 0, 1, 1], "x": [720.0, 740.0, 760.0, 780.0, 800.0, 820.0, 840.0, 860.0, 880.0, 900.0, 920.0, 940.0, 960.0, 980.0, 1000.0, 1020.0, 1040.0, 1060.0, 1080.0, 1100.0, 1120.0, 1140.0, 1160.0, 1180.0, 1200.0, 1220.0, 1240.0, 1260.0, 1280.0, 1300.0, 1320.0, 1340.0, 1360.0, 1380.0, 1400.0, 1420.0]}}