{"percentile": {"y": [99.2, 98.3, 97.5, 96.6, 94.9, 94.0, 93.2, 92.3, 91.4, 90.6, 89.7, 88.8, 88.0, 87.1, 86.3, 85.4, 84.5, 83.7, 82.8, 81.9, 81.1, 80.2, 78.5, 77.6, 76.8, 75.9, 75.0, 74.2, 73.3, 72.5, 71.6, 70.7, 69.9, 69.0, 68.2, 67.3, 66.4, 64.7, 63.0, 62.1, 61.3, 60.4, 59.5, 58.7, 57.8, 56.9, 56.1, 54.4, 53.5, 51.8, 50.9, 50.0, 49.2, 47.5, 45.7, 44.9, 44.0, 43.2, 42.3, 41.4, 40.6, 39.7, 38.8, 38.0, 37.1, 36.3, 35.400000000000006, 32.8, 31.099999999999994, 29.400000000000006, 28.5, 27.599999999999994, 24.200000000000003, 21.599999999999994, 19.900000000000006, 18.200000000000003, 17.299999999999997, 16.400000000000006, 15.599999999999994, 14.700000000000003, 13.0, 12.099999999999994, 11.299999999999997, 10.400000000000006, 8.700000000000003, 7.799999999999997, 6.900000000000006, 6.099999999999994, 4.400000000000006, 3.5, 2.5999999999999943, 1.7999999999999972, 0.9000000000000057, 0.0, -0.7999999999999972], "x": [694, 760, 830, 831, 859, 876, 898, 901, 914, 916, 918, 927, 933, 938, 939, 944, 945, 955, 962, 963, 980, 983, 986, 998, 1000, 1017, 1020, 1024, 1026, 1033, 1035, 1041, 1055, 1061, 1063, 1065, 1066, 1067, 1070, 1072, 1081, 1084, 1085, 1086, 1096, 1097, 1115, 1116, 1121, 1125, 1132, 1137, 1142, 1143, 1148, 1151, 1152, 1153, 1155, 1172, 1173, 1175, 1181, 1195, 1201, 1203, 1204, 1205, 1206, 1207, 1210, 1211, 1212, 1215, 1219, 1225, 1227, 1229, 1231, 1234, 1236, 1238, 1241, 1242, 1247, 1252, 1257, 1261, 1265, 1268, 1269, 1271, 1285, 1295, 1325]}, "histogram": {"y": [1, 0, 0, 0, 1, 0, 0, 2, 2, 1, 1, 4, 4, 3, 2, 5, 2, 5, 2, 9, 6, 3, 5, 9, 3, 2, 21, 9, 6, 6, 2, 0, 1], "x": [680.0, 700.0, 720.0, 740.0, 760.0, 780.0, 800.0, 820.0, 840.0, 860.0, 880.0, 900.0, 920.0, 940.0, 960.0, 980.0, 1000.0, 1020.0, 1040.0, 1060.0, 1080.0, 1100.0, 1120.0, 1140.0, 1160.0, 1180.0, 1200.0, 1220.0, 1240.0, 1260.0, 1280.0, 1300.0, 1320.0]}}