{"histogram": {"y": [1, 0, 0, 0, 1, 0, 1, 2, 2, 1, 1, 2, 0, 0, 3, 0, 2, 0, 1, 1, 0, 1, 0], "x": [860.0, 880.0, 900.0, 920.0, 940.0, 960.0, 980.0, 1000.0, 1020.0, 1040.0, 1060.0, 1080.0, 1100.0, 1120.0, 1140.0, 1160.0, 1180.0, 1200.0, 1220.0, 1240.0, 1260.0, 1280.0]}, "percentile": {"y": [94.5, 88.9, 83.4, 77.8, 72.3, 66.7, 61.2, 55.6, 50.0, 44.5, 38.9, 33.400000000000006, 27.799999999999997, 22.299999999999997, 16.700000000000003, 11.200000000000003, 5.599999999999994, 0.0, -5.5], "x": [847, 923, 961, 982, 998, 1000, 1007, 1024, 1056, 1065, 1068, 1128, 1133, 1135, 1165, 1168, 1207, 1234, 1277]}}