{"percentile": {"x": [862, 925, 941, 971, 1010, 1055, 1070, 1075, 1095, 1097, 1111, 1128, 1138, 1144, 1145, 1151, 1159, 1164, 1166, 1174, 1192, 1193, 1197, 1203, 1206, 1207, 1210, 1212, 1215, 1222, 1231, 1239, 1240, 1245, 1246, 1252, 1258, 1260, 1266, 1272, 1276, 1278, 1331], "y": [97.8, 95.6, 93.4, 91.2, 88.9, 86.7, 84.5, 82.3, 80.0, 77.8, 75.6, 73.4, 71.2, 68.9, 66.7, 64.5, 62.3, 60.0, 57.8, 55.6, 53.4, 48.9, 46.7, 44.5, 42.3, 40.0, 37.8, 35.599999999999994, 33.400000000000006, 31.200000000000003, 28.900000000000006, 24.5, 22.299999999999997, 20.0, 17.799999999999997, 15.599999999999994, 13.400000000000006, 8.900000000000006, 6.700000000000003, 4.5, 2.299999999999997, 0.0, -2.200000000000003]}, "histogram": {"x": [860.0, 880.0, 900.0, 920.0, 940.0, 960.0, 980.0, 1000.0, 1020.0, 1040.0, 1060.0, 1080.0, 1100.0, 1120.0, 1140.0, 1160.0, 1180.0, 1200.0, 1220.0, 1240.0, 1260.0, 1280.0, 1300.0, 1320.0, 1340.0], "y": [1, 0, 0, 1, 1, 1, 0, 1, 0, 1, 2, 2, 1, 2, 4, 3, 4, 6, 4, 5, 6, 0, 0, 1, 0]}}