{"percentile": {"x": [589, 752, 803, 839, 868, 873, 883, 887, 895, 935, 945, 954, 958, 963, 968, 969, 970, 985, 986, 988, 990, 991, 997, 998, 1010, 1013, 1031, 1037, 1044, 1046, 1059, 1060, 1062, 1063, 1067, 1069, 1077, 1078, 1089, 1091, 1093, 1094, 1096, 1099, 1100, 1108, 1112, 1113, 1127, 1128, 1129, 1130, 1131, 1132, 1136, 1138, 1139, 1140, 1143, 1145, 1147, 1150, 1155, 1157, 1158, 1160, 1163, 1166, 1170, 1172, 1176, 1180, 1189, 1191, 1192, 1193, 1198, 1199, 1200, 1201, 1203, 1204, 1205, 1207, 1208, 1209, 1210, 1211, 1212, 1213, 1214, 1215, 1218, 1220, 1221, 1222, 1223, 1224, 1225, 1226, 1227, 1228, 1229, 1231, 1232, 1234, 1235, 1236, 1237, 1238, 1239, 1240, 1241, 1243, 1244, 1245, 1246, 1247, 1248, 1249, 1250, 1251, 1252, 1253, 1254, 1256, 1258, 1259, 1261, 1264, 1265, 1266, 1267, 1268, 1269, 1270, 1271, 1272, 1273, 1274, 1275, 1278, 1279, 1280, 1294, 1310, 1314, 1316, 1320, 1415, 1420], "y": [99.7, 99.3, 99.0, 98.6, 98.2, 97.9, 97.5, 97.2, 96.8, 96.4, 96.1, 95.7, 95.4, 95.0, 94.6, 94.3, 93.6, 93.2, 92.5, 92.1, 91.7, 91.4, 91.0, 90.7, 89.9, 89.6, 89.2, 88.9, 88.5, 88.1, 87.8, 87.4, 87.1, 86.7, 86.3, 86.0, 85.2, 84.9, 84.5, 84.2, 83.8, 83.1, 82.7, 82.4, 82.0, 81.6, 80.9, 80.6, 80.2, 79.8, 79.5, 79.1, 78.8, 78.4, 78.0, 77.3, 76.9, 76.2, 75.9, 75.5, 75.1, 74.8, 74.4, 73.7, 73.3, 72.6, 71.9, 71.5, 70.8, 70.4, 69.7, 69.4, 68.6, 68.3, 67.9, 66.5, 66.1, 64.7, 63.9, 63.2, 62.9, 61.4, 60.0, 58.2, 57.8, 55.3, 54.9, 53.5, 51.3, 50.2, 49.1, 47.0, 46.6, 45.9, 45.5, 44.8, 42.6, 41.9, 40.1, 39.4, 38.0, 36.9, 35.8, 35.400000000000006, 35.099999999999994, 33.3, 32.5, 31.5, 30.700000000000003, 30.0, 29.299999999999997, 26.400000000000006, 25.700000000000003, 24.599999999999994, 23.900000000000006, 23.200000000000003, 22.799999999999997, 22.099999999999994, 21.0, 19.900000000000006, 18.5, 18.099999999999994, 17.400000000000006, 16.700000000000003, 16.299999999999997, 15.200000000000003, 14.900000000000006, 14.5, 14.099999999999994, 13.799999999999997, 9.799999999999997, 8.700000000000003, 8.0, 7.299999999999997, 6.200000000000003, 5.799999999999997, 5.5, 5.099999999999994, 4.400000000000006, 4.0, 3.700000000000003, 3.299999999999997, 2.9000000000000057, 2.200000000000003, 1.9000000000000057, 1.5, 1.0999999999999943, 0.7999999999999972, 0.4000000000000057, 0.0, -0.29999999999999716]}, "histogram": {"x": [585.0, 600.0, 615.0, 630.0, 645.0, 660.0, 675.0, 690.0, 705.0, 720.0, 735.0, 750.0, 765.0, 780.0, 795.0, 810.0, 825.0, 840.0, 855.0, 870.0, 885.0, 900.0, 915.0, 930.0, 945.0, 960.0, 975.0, 990.0, 1005.0, 1020.0, 1035.0, 1050.0, 1065.0, 1080.0, 1095.0, 1110.0, 1125.0, 1140.0, 1155.0, 1170.0, 1185.0, 1200.0, 1215.0, 1230.0, 1245.0, 1260.0, 1275.0, 1290.0, 1305.0, 1320.0, 1335.0, 1350.0, 1365.0, 1380.0, 1395.0, 1410.0, 1425.0], "y": [1, 0, 0, 0, 0, 0, 0, 0, 0, 0, 0, 1, 0, 0, 1, 0, 1, 0, 1, 2, 2, 0, 0, 1, 3, 5, 4, 4, 3, 1, 3, 4, 5, 5, 4, 3, 10, 6, 9, 6, 13, 43, 37, 33, 26, 29, 5, 1, 3, 1, 0, 0, 0, 0, 0, 2, 0]}}