{"histogram": {"y": [1, 0, 0, 0, 0, 1, 0, 0, 0, 1, 2, 1, 1, 1, 1, 2, 0, 4, 3, 1, 1, 1, 1, 1, 1, 0, 1, 3, 4, 0, 4, 2, 1, 3, 3, 7, 7, 3, 3, 3, 0, 1, 0, 1], "x": [675.0, 690.0, 705.0, 720.0, 735.0, 750.0, 765.0, 780.0, 795.0, 810.0, 825.0, 840.0, 855.0, 870.0, 885.0, 900.0, 915.0, 930.0, 945.0, 960.0, 975.0, 990.0, 1005.0, 1020.0, 1035.0, 1050.0, 1065.0, 1080.0, 1095.0, 1110.0, 1125.0, 1140.0, 1155.0, 1170.0, 1185.0, 1200.0, 1215.0, 1230.0, 1245.0, 1260.0, 1275.0, 1290.0, 1305.0, 1320.0]}, "percentile": {"y": [98.6, 97.2, 95.7, 94.3, 92.8, 91.4, 89.9, 88.5, 87.0, 85.6, 84.1, 82.7, 81.2, 79.8, 78.3, 76.9, 75.4, 74.0, 72.5, 71.1, 69.6, 68.2, 66.7, 65.3, 63.8, 62.4, 60.9, 59.5, 58.0, 56.6, 55.1, 53.7, 52.2, 50.8, 49.3, 47.9, 46.4, 45.0, 43.5, 42.1, 40.6, 39.2, 36.3, 34.8, 31.900000000000006, 30.5, 29.0, 27.599999999999994, 24.700000000000003, 20.299999999999997, 18.900000000000006, 17.400000000000006, 16.0, 14.5, 13.099999999999994, 11.599999999999994, 10.200000000000003, 8.700000000000003, 7.299999999999997, 5.799999999999997, 4.400000000000006, 2.9000000000000057, 1.5, 0.0, -1.4000000000000057], "x": [686, 750, 815, 833, 834, 845, 858, 874, 889, 910, 912, 930, 931, 934, 940, 953, 957, 958, 974, 989, 1004, 1017, 1020, 1043, 1074, 1082, 1091, 1092, 1095, 1096, 1102, 1107, 1125, 1134, 1135, 1136, 1146, 1148, 1168, 1173, 1177, 1180, 1186, 1196, 1202, 1208, 1209, 1212, 1214, 1215, 1219, 1225, 1227, 1229, 1232, 1234, 1240, 1256, 1257, 1259, 1266, 1269, 1270, 1300, 1329]}}