{"histogram": {"x": [870.0, 885.0, 900.0, 915.0, 930.0, 945.0, 960.0, 975.0, 990.0, 1005.0, 1020.0, 1035.0, 1050.0, 1065.0, 1080.0, 1095.0, 1110.0, 1125.0, 1140.0, 1155.0, 1170.0, 1185.0, 1200.0, 1215.0, 1230.0, 1245.0, 1260.0, 1275.0, 1290.0], "y": [1, 0, 1, 0, 1, 0, 0, 0, 0, 0, 0, 0, 0, 1, 0, 2, 0, 0, 1, 0, 0, 0, 2, 2, 0, 2, 0, 0, 1]}, "percentile": {"x": [877, 913, 934, 1072, 1095, 1100, 1143, 1208, 1209, 1222, 1227, 1245, 1251, 1294], "y": [92.4, 84.7, 77.0, 69.3, 61.6, 53.9, 46.2, 38.5, 30.799999999999997, 23.099999999999994, 15.400000000000006, 7.700000000000003, 0.0, -7.599999999999994]}}