{"percentile": {"y": [99.8, 99.6, 99.4, 99.0, 98.8, 98.6, 98.4, 97.8, 97.6, 97.4, 97.0, 96.8, 96.6, 96.4, 96.2, 96.0, 95.8, 95.6, 95.2, 95.0, 94.8, 94.4, 94.2, 94.0, 93.8, 93.6, 93.4, 93.2, 93.0, 92.8, 92.6, 92.4, 92.2, 91.8, 91.6, 91.2, 90.8, 90.6, 90.4, 90.2, 89.9, 89.7, 89.5, 89.3, 89.1, 88.7, 88.5, 88.1, 87.9, 87.7, 87.3, 87.1, 86.7, 86.3, 86.1, 85.9, 85.7, 85.5, 85.3, 85.1, 84.9, 84.5, 83.9, 83.7, 83.3, 83.1, 82.9, 82.5, 82.3, 82.1, 81.7, 81.3, 80.9, 80.7, 80.5, 80.0, 79.8, 79.4, 78.2, 77.8, 77.6, 77.4, 77.2, 76.8, 76.6, 76.4, 76.2, 76.0, 75.8, 75.4, 75.2, 75.0, 74.8, 74.4, 74.2, 73.8, 73.6, 73.2, 72.8, 72.6, 72.4, 71.6, 71.0, 70.8, 70.6, 70.2, 69.9, 69.5, 69.3, 69.1, 68.9, 68.7, 68.1, 67.9, 67.7, 67.5, 67.3, 67.1, 66.9, 66.3, 66.1, 65.7, 65.5, 65.3, 65.1, 64.7, 64.1, 63.5, 63.1, 62.7, 62.5, 62.1, 61.7, 60.7, 60.5, 60.3, 60.0, 59.4, 59.0, 58.6, 58.4, 58.0, 57.4, 57.2, 56.8, 56.6, 56.4, 56.2, 56.0, 55.4, 55.0, 54.8, 54.0, 53.8, 53.6, 53.4, 52.8, 52.6, 52.4, 51.8, 51.6, 51.2, 51.0, 50.6, 50.4, 49.7, 49.3, 48.9, 48.7, 48.5, 47.9, 47.5, 47.1, 46.9, 46.7, 45.9, 45.5, 45.1, 44.9, 44.5, 44.3, 44.1, 42.7, 41.3, 40.5, 39.4, 38.8, 37.4, 35.8, 34.400000000000006, 33.400000000000006, 32.599999999999994, 32.0, 31.0, 29.099999999999994, 27.5, 27.299999999999997, 26.700000000000003, 25.700000000000003, 25.099999999999994, 24.900000000000006, 24.5, 24.299999999999997, 23.900000000000006, 23.700000000000003, 22.900000000000006, 22.5, 22.099999999999994, 21.900000000000006, 21.5, 20.900000000000006, 20.5, 19.799999999999997, 19.599999999999994, 19.400000000000006, 18.599999999999994, 17.799999999999997, 16.799999999999997, 16.400000000000006, 16.200000000000003, 15.799999999999997, 15.200000000000003, 15.0, 14.400000000000006, 14.200000000000003, 13.599999999999994, 13.400000000000006, 13.200000000000003, 13.0, 12.799999999999997, 12.400000000000006, 12.200000000000003, 11.599999999999994, 11.400000000000006, 11.0, 10.799999999999997, 10.599999999999994, 9.900000000000006, 9.299999999999997, 8.900000000000006, 8.700000000000003, 7.5, 6.5, 6.099999999999994, 5.900000000000006, 5.299999999999997, 5.099999999999994, 4.299999999999997, 3.9000000000000057, 3.5, 3.299999999999997, 3.0999999999999943, 2.700000000000003, 2.5, 2.299999999999997, 2.0999999999999943, 1.9000000000000057, 1.7000000000000028, 1.2999999999999972, 1.0999999999999943, 0.9000000000000057, 0.7000000000000028, 0.5, 0.29999999999999716, 0.0, -0.20000000000000284], "x": [810, 812, 814, 820, 828, 831, 835, 843, 858, 869, 871, 874, 878, 882, 889, 892, 898, 900, 909, 911, 916, 917, 921, 922, 925, 930, 933, 935, 937, 943, 946, 949, 952, 953, 956, 958, 959, 960, 961, 962, 965, 972, 973, 975, 978, 980, 983, 985, 986, 987, 989, 991, 992, 993, 996, 1000, 1003, 1007, 1009, 1011, 1012, 1013, 1015, 1016, 1018, 1019, 1023, 1027, 1028, 1029, 1030, 1032, 1034, 1035, 1036, 1040, 1041, 1042, 1043, 1044, 1045, 1047, 1048, 1049, 1052, 1053, 1054, 1058, 1061, 1062, 1063, 1067, 1068, 1069, 1070, 1072, 1075, 1076, 1078, 1079, 1082, 1084, 1085, 1086, 1088, 1090, 1091, 1094, 1097, 1098, 1099, 1100, 1101, 1102, 1103, 1104, 1107, 1110, 1112, 1113, 1114, 1116, 1117, 1118, 1119, 1120, 1121, 1124, 1125, 1126, 1127, 1128, 1129, 1130, 1133, 1134, 1135, 1136, 1137, 1138, 1139, 1140, 1141, 1142, 1145, 1146, 1148, 1149, 1151, 1152, 1156, 1157, 1159, 1160, 1161, 1162, 1163, 1168, 1169, 1170, 1171, 1172, 1173, 1174, 1175, 1176, 1177, 1178, 1179, 1180, 1181, 1185, 1186, 1187, 1189, 1192, 1193, 1196, 1198, 1199, 1200, 1201, 1202, 1203, 1204, 1205, 1206, 1207, 1208, 1209, 1210, 1211, 1212, 1213, 1214, 1215, 1217, 1218, 1219, 1220, 1222, 1223, 1224, 1225, 1226, 1227, 1228, 1229, 1230, 1231, 1232, 1233, 1234, 1235, 1236, 1237, 1238, 1239, 1240, 1241, 1242, 1243, 1244, 1245, 1247, 1248, 1249, 1250, 1251, 1252, 1253, 1255, 1258, 1259, 1260, 1261, 1263, 1265, 1267, 1268, 1269, 1270, 1272, 1273, 1274, 1275, 1277, 1278, 1279, 1280, 1281, 1285, 1290, 1293, 1294, 1304, 1307, 1313, 1320, 1322, 1323, 1324, 1325, 1350, 1415, 1424]}, "histogram": {"y": [3, 5, 4, 5, 4, 7, 7, 11, 8, 15, 15, 13, 22, 17, 18, 19, 33, 22, 26, 21, 93, 44, 27, 37, 8, 3, 6, 1, 0, 0, 1, 1], "x": [800.0, 820.0, 840.0, 860.0, 880.0, 900.0, 920.0, 940.0, 960.0, 980.0, 1000.0, 1020.0, 1040.0, 1060.0, 1080.0, 1100.0, 1120.0, 1140.0, 1160.0, 1180.0, 1200.0, 1220.0, 1240.0, 1260.0, 1280.0, 1300.0, 1320.0, 1340.0, 1360.0, 1380.0, 1400.0, 1420.0]}}