{"percentile": {"y": [99.0, 97.9, 96.8, 95.7, 94.7, 93.6, 92.5, 91.4, 90.4, 89.3, 88.2, 86.1, 85.0, 83.9, 82.8, 81.8, 80.7, 79.6, 78.5, 76.4, 75.3, 74.2, 73.2, 72.1, 71.0, 69.9, 68.9, 66.7, 65.6, 63.5, 61.3, 59.2, 58.1, 57.0, 54.9, 51.7, 50.6, 49.5, 47.4, 44.1, 43.1, 42.0, 39.8, 38.8, 37.7, 36.6, 35.5, 34.5, 33.400000000000006, 32.3, 31.200000000000003, 30.200000000000003, 29.099999999999994, 28.0, 25.900000000000006, 23.700000000000003, 22.599999999999994, 21.599999999999994, 20.5, 17.299999999999997, 16.200000000000003, 13.0, 11.900000000000006, 9.700000000000003, 6.5, 5.400000000000006, 4.400000000000006, 3.299999999999997, 2.200000000000003, 1.0999999999999943, 0.0, -1.0], "x": [937, 957, 981, 1002, 1007, 1038, 1043, 1098, 1121, 1128, 1146, 1157, 1160, 1166, 1189, 1190, 1197, 1202, 1204, 1208, 1209, 1210, 1212, 1213, 1215, 1216, 1218, 1219, 1221, 1223, 1224, 1225, 1228, 1229, 1233, 1235, 1237, 1239, 1240, 1241, 1242, 1245, 1246, 1247, 1248, 1250, 1252, 1253, 1254, 1256, 1257, 1260, 1261, 1263, 1264, 1265, 1266, 1267, 1269, 1272, 1274, 1275, 1276, 1277, 1279, 1289, 1295, 1298, 1307, 1330, 1334, 1415]}, "histogram": {"y": [1, 1, 0, 1, 1, 1, 0, 2, 0, 0, 0, 1, 1, 1, 1, 4, 0, 3, 8, 14, 13, 11, 14, 10, 2, 1, 2, 0, 0, 0, 0, 0, 1], "x": [930.0, 945.0, 960.0, 975.0, 990.0, 1005.0, 1020.0, 1035.0, 1050.0, 1065.0, 1080.0, 1095.0, 1110.0, 1125.0, 1140.0, 1155.0, 1170.0, 1185.0, 1200.0, 1215.0, 1230.0, 1245.0, 1260.0, 1275.0, 1290.0, 1305.0, 1320.0, 1335.0, 1350.0, 1365.0, 1380.0, 1395.0, 1410.0]}}