{"histogram": {"x": [825.0, 840.0, 855.0, 870.0, 885.0, 900.0, 915.0, 930.0, 945.0, 960.0, 975.0, 990.0, 1005.0, 1020.0, 1035.0, 1050.0, 1065.0, 1080.0, 1095.0, 1110.0, 1125.0, 1140.0, 1155.0, 1170.0, 1185.0, 1200.0, 1215.0, 1230.0, 1245.0, 1260.0, 1275.0, 1290.0, 1305.0, 1320.0, 1335.0, 1350.0, 1365.0, 1380.0, 1395.0, 1410.0], "y": [1, 2, 1, 1, 2, 2, 2, 4, 2, 7, 7, 5, 2, 4, 4, 4, 6, 3, 3, 2, 5, 3, 5, 4, 7, 21, 5, 5, 4, 5, 3, 1, 0, 2, 0, 0, 0, 0, 0, 1]}, "percentile": {"x": [837, 841, 845, 855, 871, 898, 899, 902, 912, 916, 924, 936, 942, 943, 946, 952, 960, 961, 962, 964, 967, 968, 972, 976, 980, 985, 987, 988, 991, 992, 994, 997, 1003, 1009, 1018, 1021, 1023, 1029, 1030, 1038, 1042, 1048, 1050, 1051, 1052, 1054, 1065, 1067, 1073, 1077, 1079, 1082, 1087, 1088, 1095, 1107, 1109, 1113, 1123, 1130, 1132, 1134, 1136, 1137, 1142, 1143, 1144, 1155, 1156, 1160, 1165, 1166, 1170, 1179, 1181, 1185, 1186, 1187, 1194, 1196, 1199, 1201, 1202, 1203, 1204, 1205, 1206, 1209, 1210, 1212, 1213, 1214, 1215, 1217, 1218, 1228, 1230, 1237, 1241, 1242, 1254, 1256, 1257, 1262, 1267, 1272, 1273, 1276, 1279, 1280, 1291, 1329, 1334, 1415], "y": [99.3, 98.6, 97.8, 97.1, 96.3, 95.6, 94.8, 94.1, 93.3, 92.6, 91.8, 90.3, 89.6, 88.9, 88.1, 87.4, 86.6, 85.9, 85.1, 84.4, 83.6, 82.9, 82.1, 81.4, 79.9, 79.2, 78.4, 76.9, 76.2, 75.4, 74.7, 73.9, 73.2, 72.4, 71.7, 70.9, 70.2, 69.5, 68.7, 67.2, 66.5, 65.7, 65.0, 64.2, 63.5, 62.7, 62.0, 60.5, 59.8, 59.0, 58.3, 57.5, 56.8, 56.0, 55.3, 54.5, 53.8, 53.0, 52.3, 51.5, 50.8, 50.0, 49.3, 48.6, 47.8, 47.1, 46.3, 45.6, 44.8, 44.1, 43.3, 42.6, 41.1, 40.3, 39.6, 38.9, 38.1, 36.6, 35.900000000000006, 35.099999999999994, 34.400000000000006, 32.900000000000006, 31.400000000000006, 30.599999999999994, 29.200000000000003, 28.400000000000006, 27.700000000000003, 25.400000000000006, 23.900000000000006, 23.200000000000003, 19.5, 18.700000000000003, 17.200000000000003, 16.5, 15.700000000000003, 15.0, 14.200000000000003, 13.5, 12.700000000000003, 11.200000000000003, 9.799999999999997, 9.0, 8.299999999999997, 6.799999999999997, 6.0, 5.299999999999997, 4.5, 3.799999999999997, 3.0, 2.299999999999997, 1.5, 0.7999999999999972, 0.0, -0.7000000000000028]}}