{"percentile": {"y": [99.4, 98.8, 98.2, 97.6, 97.0, 96.3, 95.7, 95.1, 94.5, 93.9, 93.3, 92.6, 92.0, 91.4, 90.8, 90.2, 89.6, 88.9, 88.3, 87.7, 87.1, 86.5, 85.9, 85.2, 83.4, 82.8, 82.1, 81.5, 80.9, 80.3, 79.7, 78.4, 77.8, 77.2, 76.6, 76.0, 75.4, 74.7, 74.1, 72.9, 72.3, 71.7, 70.4, 68.6, 68.0, 67.3, 66.7, 66.1, 65.5, 64.9, 63.6, 63.0, 62.4, 61.8, 60.5, 58.7, 56.2, 55.6, 55.0, 53.1, 52.5, 51.3, 50.7, 48.8, 48.2, 47.0, 45.7, 43.9, 43.3, 42.6, 42.0, 40.8, 40.2, 39.6, 38.3, 36.5, 35.900000000000006, 35.2, 34.0, 32.099999999999994, 31.5, 30.900000000000006, 28.400000000000006, 26.599999999999994, 26.0, 25.400000000000006, 24.700000000000003, 22.900000000000006, 21.700000000000003, 21.0, 19.799999999999997, 18.599999999999994, 16.099999999999994, 15.5, 14.900000000000006, 14.200000000000003, 11.799999999999997, 9.900000000000006, 8.700000000000003, 8.099999999999994, 7.5, 6.799999999999997, 6.200000000000003, 5.599999999999994, 5.0, 4.400000000000006, 3.0999999999999943, 2.5, 1.9000000000000057, 1.2999999999999972, 0.7000000000000028, 0.0, -0.5999999999999943], "x": [865, 886, 907, 938, 943, 964, 975, 991, 1003, 1014, 1020, 1036, 1038, 1042, 1043, 1060, 1064, 1076, 1089, 1098, 1100, 1104, 1107, 1112, 1113, 1116, 1117, 1119, 1122, 1127, 1128, 1130, 1132, 1135, 1148, 1150, 1151, 1153, 1154, 1156, 1158, 1166, 1170, 1174, 1176, 1178, 1179, 1184, 1187, 1189, 1192, 1195, 1198, 1200, 1202, 1203, 1204, 1205, 1206, 1207, 1208, 1209, 1210, 1211, 1212, 1213, 1214, 1215, 1216, 1217, 1221, 1222, 1227, 1229, 1230, 1233, 1234, 1235, 1236, 1238, 1239, 1240, 1241, 1242, 1243, 1244, 1245, 1247, 1249, 1251, 1252, 1253, 1257, 1258, 1260, 1261, 1265, 1268, 1269, 1270, 1271, 1273, 1275, 1277, 1278, 1279, 1280, 1289, 1292, 1323, 1331, 1335, 1424]}, "histogram": {"y": [1, 1, 1, 1, 1, 2, 1, 2, 3, 2, 3, 2, 10, 7, 8, 9, 7, 32, 18, 26, 18, 4, 0, 3, 0, 0, 0, 0, 1], "x": [880.0, 900.0, 920.0, 940.0, 960.0, 980.0, 1000.0, 1020.0, 1040.0, 1060.0, 1080.0, 1100.0, 1120.0, 1140.0, 1160.0, 1180.0, 1200.0, 1220.0, 1240.0, 1260.0, 1280.0, 1300.0, 1320.0, 1340.0, 1360.0, 1380.0, 1400.0, 1420.0]}}