{"percentile": {"y": [96.3, 92.6, 88.9, 85.2, 81.5, 77.8, 74.1, 70.4, 66.7, 63.0, 59.3, 55.6, 51.9, 48.2, 40.8, 37.1, 33.400000000000006, 29.700000000000003, 26.0, 22.299999999999997, 18.599999999999994, 14.900000000000006, 11.200000000000003, 7.5, 3.799999999999997, 0.0, -3.700000000000003], "x": [796, 852, 961, 988, 1082, 1092, 1132, 1144, 1158, 1160, 1164, 1186, 1201, 1210, 1211, 1213, 1231, 1235, 1257, 1264, 1266, 1268, 1272, 1278, 1327, 1333, 1412]}, "histogram": {"y": [1, 0, 0, 1, 0, 0, 0, 0, 0, 0, 0, 1, 1, 0, 0, 0, 0, 0, 0, 2, 0, 0, 1, 1, 3, 0, 1, 5, 0, 2, 1, 4, 1, 0, 0, 2, 0, 0, 0, 0, 0, 1, 0], "x": [795.0, 810.0, 825.0, 840.0, 855.0, 870.0, 885.0, 900.0, 915.0, 930.0, 945.0, 960.0, 975.0, 990.0, 1005.0, 1020.0, 1035.0, 1050.0, 1065.0, 1080.0, 1095.0, 1110.0, 1125.0, 1140.0, 1155.0, 1170.0, 1185.0, 1200.0, 1215.0, 1230.0, 1245.0, 1260.0, 1275.0, 1290.0, 1305.0, 1320.0, 1335.0, 1350.0, 1365.0, 1380.0, 1395.0, 1410.0, 1425.0]}}