{"percentile": {"y": [99.8, 99.6, 99.4, 99.1, 98.9, 98.4, 98.2, 98.0, 97.7, 97.5, 97.3, 97.0, 96.8, 96.6, 96.4, 96.1, 95.9, 95.7, 95.4, 95.2, 94.7, 94.5, 94.3, 94.0, 93.6, 93.4, 93.1, 92.9, 92.7, 92.4, 92.2, 91.7, 91.5, 91.0, 90.8, 90.6, 90.4, 90.1, 89.9, 89.7, 89.4, 89.2, 89.0, 88.5, 88.0, 87.8, 87.6, 87.1, 86.9, 86.4, 86.2, 86.0, 85.7, 85.0, 84.8, 84.6, 84.3, 84.1, 83.9, 83.7, 83.2, 82.5, 81.8, 81.3, 81.1, 80.9, 80.4, 80.0, 79.5, 79.3, 78.8, 78.6, 78.1, 77.9, 77.6, 77.4, 77.2, 77.0, 76.7, 76.5, 76.0, 75.8, 75.6, 75.3, 75.1, 74.9, 74.4, 74.2, 73.7, 73.5, 73.3, 72.8, 72.6, 72.3, 72.1, 71.9, 71.6, 71.4, 71.2, 71.0, 70.7, 70.3, 70.0, 69.8, 69.6, 69.1, 68.9, 68.6, 67.9, 67.5, 67.3, 67.0, 66.1, 65.6, 65.2, 64.9, 64.5, 64.3, 64.0, 63.8, 63.6, 63.1, 62.4, 61.7, 61.5, 61.3, 61.0, 60.6, 60.1, 59.4, 59.2, 58.9, 58.7, 58.5, 58.2, 58.0, 57.3, 57.1, 56.6, 56.4, 55.9, 55.7, 55.5, 55.0, 54.8, 54.1, 53.6, 53.4, 53.2, 52.9, 52.2, 52.0, 51.8, 51.6, 51.3, 51.1, 50.6, 50.4, 49.7, 49.5, 49.2, 49.0, 48.8, 48.5, 48.3, 47.9, 47.6, 47.2, 46.5, 46.0, 45.8, 45.5, 45.1, 44.9, 44.6, 44.4, 43.9, 43.7, 43.2, 43.0, 42.8, 42.5, 42.3, 41.9, 41.2, 40.9, 40.7, 40.5, 40.0, 39.8, 39.3, 38.6, 38.4, 38.2, 37.9, 37.5, 37.2, 37.0, 35.400000000000006, 34.0, 32.400000000000006, 31.5, 30.799999999999997, 28.700000000000003, 28.0, 27.099999999999994, 25.900000000000006, 25.0, 23.599999999999994, 22.700000000000003, 22.5, 20.799999999999997, 20.400000000000006, 19.700000000000003, 19.0, 18.799999999999997, 18.299999999999997, 17.599999999999994, 17.400000000000006, 17.099999999999994, 16.700000000000003, 16.400000000000006, 16.200000000000003, 16.0, 15.5, 15.299999999999997, 14.599999999999994, 14.400000000000006, 14.099999999999994, 13.900000000000006, 13.700000000000003, 13.200000000000003, 12.799999999999997, 12.5, 11.799999999999997, 11.599999999999994, 11.400000000000006, 11.099999999999994, 10.900000000000006, 10.700000000000003, 10.200000000000003, 9.700000000000003, 9.5, 9.299999999999997, 9.099999999999994, 8.599999999999994, 8.400000000000006, 8.099999999999994, 7.700000000000003, 7.400000000000006, 6.700000000000003, 6.299999999999997, 6.099999999999994, 5.400000000000006, 4.700000000000003, 4.400000000000006, 4.200000000000003, 4.0, 3.299999999999997, 2.799999999999997, 2.5999999999999943, 2.4000000000000057, 2.0999999999999943, 1.9000000000000057, 1.7000000000000028, 1.4000000000000057, 1.2000000000000028, 1.0, 0.7000000000000028, 0.5, 0.29999999999999716, -0.20000000000000284], "x": [676, 678, 736, 752, 763, 767, 771, 779, 788, 795, 797, 799, 803, 809, 811, 833, 839, 846, 847, 849, 854, 858, 859, 864, 866, 870, 873, 876, 877, 883, 887, 890, 896, 897, 898, 900, 901, 903, 904, 909, 911, 913, 915, 916, 917, 920, 921, 923, 924, 925, 926, 931, 932, 936, 940, 941, 943, 944, 946, 947, 952, 954, 955, 956, 958, 959, 960, 964, 965, 967, 968, 970, 971, 974, 978, 980, 982, 983, 984, 988, 989, 991, 992, 993, 995, 996, 998, 999, 1000, 1002, 1006, 1007, 1008, 1009, 1010, 1013, 1015, 1016, 1017, 1019, 1020, 1021, 1025, 1027, 1028, 1029, 1030, 1034, 1035, 1036, 1042, 1045, 1047, 1048, 1050, 1052, 1054, 1056, 1057, 1058, 1060, 1063, 1065, 1066, 1067, 1070, 1071, 1073, 1074, 1075, 1076, 1080, 1081, 1082, 1083, 1084, 1085, 1086, 1087, 1088, 1089, 1090, 1091, 1092, 1093, 1094, 1096, 1098, 1101, 1102, 1108, 1110, 1116, 1118, 1122, 1124, 1127, 1131, 1132, 1134, 1135, 1136, 1137, 1138, 1139, 1141, 1142, 1144, 1145, 1147, 1149, 1152, 1153, 1154, 1159, 1162, 1163, 1164, 1165, 1166, 1167, 1168, 1169, 1171, 1173, 1175, 1176, 1177, 1182, 1183, 1187, 1188, 1189, 1192, 1194, 1196, 1197, 1198, 1202, 1203, 1204, 1205, 1206, 1207, 1208, 1209, 1210, 1211, 1212, 1213, 1214, 1215, 1216, 1217, 1218, 1219, 1220, 1221, 1222, 1223, 1224, 1226, 1227, 1229, 1230, 1233, 1234, 1235, 1236, 1237, 1239, 1240, 1241, 1242, 1244, 1245, 1247, 1249, 1250, 1251, 1253, 1254, 1257, 1259, 1260, 1261, 1264, 1265, 1266, 1267, 1268, 1269, 1271, 1273, 1274, 1276, 1277, 1279, 1280, 1284, 1286, 1301, 1306, 1320, 1329, 1333, 1340, 1347, 1380, 1390, 1400, 1415]}, "histogram": {"y": [2, 0, 0, 1, 1, 5, 4, 3, 2, 7, 7, 8, 12, 13, 18, 14, 15, 14, 15, 16, 20, 25, 8, 14, 16, 18, 15, 79, 22, 19, 23, 6, 2, 3, 2, 0, 2, 3], "x": [680.0, 700.0, 720.0, 740.0, 760.0, 780.0, 800.0, 820.0, 840.0, 860.0, 880.0, 900.0, 920.0, 940.0, 960.0, 980.0, 1000.0, 1020.0, 1040.0, 1060.0, 1080.0, 1100.0, 1120.0, 1140.0, 1160.0, 1180.0, 1200.0, 1220.0, 1240.0, 1260.0, 1280.0, 1300.0, 1320.0, 1340.0, 1360.0, 1380.0, 1400.0]}}