{"percentile": {"y": [99.9, 99.7, 99.5, 99.3, 99.1, 98.9, 98.7, 98.5, 98.3, 98.1, 97.9, 97.7, 97.5, 97.4, 97.2, 97.0, 96.8, 96.6, 96.4, 96.2, 96.0, 95.8, 95.6, 95.4, 95.2, 95.0, 94.8, 94.7, 94.5, 94.3, 94.1, 93.7, 93.5, 93.3, 93.1, 92.9, 92.7, 92.5, 92.3, 92.2, 92.0, 91.8, 91.6, 91.4, 91.2, 91.0, 90.8, 90.6, 90.4, 90.2, 90.0, 89.8, 89.5, 89.3, 89.1, 88.9, 88.5, 88.3, 88.1, 87.9, 87.7, 87.5, 87.3, 87.1, 86.8, 86.6, 86.4, 86.2, 86.0, 85.8, 85.6, 85.4, 85.2, 85.0, 84.8, 84.6, 84.3, 84.1, 83.9, 83.7, 83.5, 83.3, 83.1, 82.7, 82.5, 82.3, 82.1, 81.9, 81.7, 81.4, 81.2, 80.2, 80.0, 79.8, 79.6, 79.4, 79.2, 79.0, 78.9, 78.5, 78.3, 78.1, 77.9, 77.5, 77.3, 77.1, 76.9, 76.5, 76.4, 76.2, 76.0, 75.8, 75.2, 75.0, 74.8, 74.4, 74.2, 73.8, 73.7, 73.5, 73.3, 73.1, 72.9, 72.7, 72.5, 72.1, 71.9, 71.1, 71.0, 70.8, 70.6, 70.2, 70.0, 69.6, 69.4, 69.2, 68.6, 68.3, 68.1, 67.7, 67.5, 67.3, 66.9, 66.7, 65.9, 65.8, 65.6, 65.4, 64.6, 63.8, 63.6, 62.9, 62.1, 61.3, 60.2, 59.8, 59.2, 58.4, 57.3, 56.1, 55.5, 55.2, 53.8, 53.0, 50.3, 50.0, 49.6, 49.0, 47.8, 46.7, 46.3, 45.3, 44.8, 42.8, 42.6, 41.9, 40.9, 40.3, 39.2, 39.0, 38.4, 37.8, 36.9, 36.7, 35.7, 35.3, 34.7, 34.2, 33.2, 32.599999999999994, 30.700000000000003, 29.299999999999997, 27.799999999999997, 27.599999999999994, 27.400000000000006, 26.599999999999994, 26.400000000000006, 25.099999999999994, 23.900000000000006, 23.599999999999994, 23.200000000000003, 22.799999999999997, 22.0, 21.200000000000003, 21.099999999999994, 20.099999999999994, 19.099999999999994, 18.900000000000006, 18.0, 17.799999999999997, 17.599999999999994, 17.200000000000003, 16.200000000000003, 15.700000000000003, 14.900000000000006, 14.700000000000003, 13.299999999999997, 12.400000000000006, 11.599999999999994, 10.5, 9.700000000000003, 8.700000000000003, 8.099999999999994, 7.799999999999997, 7.0, 6.599999999999994, 5.299999999999997, 5.099999999999994, 4.700000000000003, 4.5, 4.299999999999997, 4.099999999999994, 3.9000000000000057, 3.5, 3.299999999999997, 3.0999999999999943, 2.9000000000000057, 2.700000000000003, 2.5999999999999943, 2.4000000000000057, 2.0, 1.7999999999999972, 1.5999999999999943, 1.4000000000000057, 1.2000000000000028, 1.0, 0.20000000000000284, 0.0, -0.09999999999999432], "x": [704, 730, 749, 774, 775, 776, 777, 778, 783, 784, 803, 804, 818, 819, 838, 841, 856, 858, 861, 868, 881, 889, 895, 896, 898, 902, 909, 920, 921, 922, 925, 927, 931, 934, 938, 944, 946, 947, 951, 954, 956, 958, 966, 976, 981, 986, 989, 990, 992, 993, 1002, 1004, 1006, 1007, 1008, 1011, 1012, 1014, 1017, 1021, 1024, 1025, 1029, 1030, 1031, 1035, 1036, 1039, 1041, 1044, 1046, 1047, 1048, 1050, 1053, 1054, 1056, 1057, 1059, 1061, 1063, 1070, 1071, 1073, 1078, 1080, 1081, 1082, 1085, 1086, 1087, 1089, 1090, 1096, 1097, 1098, 1100, 1101, 1103, 1105, 1106, 1108, 1110, 1112, 1113, 1114, 1121, 1122, 1124, 1126, 1127, 1130, 1132, 1133, 1135, 1141, 1142, 1144, 1145, 1146, 1147, 1148, 1153, 1154, 1155, 1156, 1157, 1160, 1161, 1162, 1166, 1170, 1172, 1173, 1174, 1175, 1180, 1181, 1182, 1183, 1184, 1186, 1187, 1189, 1190, 1191, 1192, 1195, 1196, 1198, 1199, 1200, 1203, 1204, 1205, 1206, 1207, 1208, 1209, 1210, 1211, 1212, 1213, 1214, 1215, 1217, 1218, 1219, 1220, 1221, 1222, 1223, 1224, 1225, 1226, 1227, 1228, 1229, 1231, 1232, 1233, 1234, 1235, 1236, 1237, 1238, 1239, 1240, 1241, 1242, 1243, 1244, 1245, 1246, 1247, 1248, 1249, 1250, 1251, 1252, 1253, 1254, 1255, 1257, 1258, 1259, 1260, 1261, 1262, 1263, 1264, 1265, 1266, 1267, 1268, 1269, 1270, 1271, 1272, 1273, 1274, 1275, 1276, 1277, 1278, 1279, 1280, 1282, 1284, 1285, 1286, 1291, 1295, 1296, 1298, 1299, 1302, 1307, 1310, 1311, 1312, 1313, 1323, 1329, 1409, 1410, 1415, 1421, 1424]}, "histogram": {"y": [1, 1, 1, 5, 2, 4, 1, 3, 2, 5, 2, 9, 7, 2, 6, 11, 10, 12, 7, 16, 12, 12, 15, 14, 29, 76, 74, 76, 70, 18, 7, 2, 0, 0, 0, 6, 2, 0], "x": [720.0, 740.0, 760.0, 780.0, 800.0, 820.0, 840.0, 860.0, 880.0, 900.0, 920.0, 940.0, 960.0, 980.0, 1000.0, 1020.0, 1040.0, 1060.0, 1080.0, 1100.0, 1120.0, 1140.0, 1160.0, 1180.0, 1200.0, 1220.0, 1240.0, 1260.0, 1280.0, 1300.0, 1320.0, 1340.0, 1360.0, 1380.0, 1400.0, 1420.0, 1440.0]}}