{"histogram": {"y": [1, 0, 1, 0, 0, 4, 2, 0, 0, 1, 1, 2, 0, 3, 2, 3, 3, 5, 1, 1, 1, 7, 1, 2, 6, 0, 1, 1, 0, 1, 0], "x": [780.0, 800.0, 820.0, 840.0, 860.0, 880.0, 900.0, 920.0, 940.0, 960.0, 980.0, 1000.0, 1020.0, 1040.0, 1060.0, 1080.0, 1100.0, 1120.0, 1140.0, 1160.0, 1180.0, 1200.0, 1220.0, 1240.0, 1260.0, 1280.0, 1300.0, 1320.0, 1340.0, 1360.0, 1380.0]}, "percentile": {"y": [98.0, 96.0, 93.9, 91.9, 89.8, 87.8, 85.8, 83.7, 81.7, 79.6, 77.6, 75.6, 73.5, 71.5, 69.4, 67.4, 65.4, 63.3, 61.3, 59.2, 57.2, 55.2, 53.1, 51.1, 49.0, 47.0, 44.9, 42.9, 40.9, 38.8, 36.8, 34.7, 30.700000000000003, 24.5, 22.5, 20.5, 18.400000000000006, 16.400000000000006, 14.299999999999997, 12.299999999999997, 10.299999999999997, 8.200000000000003, 6.200000000000003, 4.099999999999994, 2.0999999999999943, 0.0, -2.0], "x": [790, 838, 883, 888, 892, 897, 907, 911, 970, 988, 1005, 1016, 1041, 1044, 1051, 1067, 1079, 1092, 1094, 1097, 1100, 1114, 1116, 1125, 1131, 1135, 1138, 1139, 1144, 1175, 1193, 1212, 1213, 1215, 1218, 1225, 1254, 1258, 1261, 1264, 1266, 1267, 1268, 1273, 1319, 1320, 1375]}}