{"percentile": {"y": [98.4, 96.8, 95.1, 93.5, 91.9, 90.2, 88.6, 86.9, 85.3, 83.7, 82.0, 78.7, 77.1, 75.5, 73.8, 72.2, 70.5, 68.9, 67.3, 65.6, 64.0, 60.7, 59.1, 57.4, 55.8, 54.1, 52.5, 50.9, 49.2, 44.3, 42.7, 41.0, 39.4, 36.1, 34.5, 32.8, 31.200000000000003, 29.599999999999994, 27.900000000000006, 26.299999999999997, 24.599999999999994, 23.0, 21.400000000000006, 19.700000000000003, 18.099999999999994, 16.400000000000006, 14.799999999999997, 13.200000000000003, 9.900000000000006, 8.200000000000003, 6.599999999999994, 5.0, 3.299999999999997, 1.7000000000000028, 0.0, -1.5999999999999943], "x": [619, 696, 801, 810, 840, 876, 888, 903, 915, 932, 943, 959, 963, 965, 967, 968, 970, 978, 983, 988, 998, 1005, 1018, 1033, 1041, 1054, 1087, 1114, 1116, 1129, 1137, 1138, 1150, 1160, 1171, 1178, 1182, 1193, 1195, 1201, 1204, 1211, 1213, 1215, 1223, 1228, 1236, 1240, 1242, 1245, 1249, 1251, 1264, 1272, 1273, 1291]}, "histogram": {"y": [1, 0, 0, 0, 0, 1, 0, 0, 0, 0, 0, 0, 1, 1, 0, 1, 0, 1, 1, 1, 1, 2, 2, 5, 3, 1, 3, 1, 1, 1, 0, 1, 0, 2, 5, 1, 2, 3, 2, 4, 3, 4, 3, 3, 0, 1], "x": [615.0, 630.0, 645.0, 660.0, 675.0, 690.0, 705.0, 720.0, 735.0, 750.0, 765.0, 780.0, 795.0, 810.0, 825.0, 840.0, 855.0, 870.0, 885.0, 900.0, 915.0, 930.0, 945.0, 960.0, 975.0, 990.0, 1005.0, 1020.0, 1035.0, 1050.0, 1065.0, 1080.0, 1095.0, 1110.0, 1125.0, 1140.0, 1155.0, 1170.0, 1185.0, 1200.0, 1215.0, 1230.0, 1245.0, 1260.0, 1275.0, 1290.0]}}