{"percentile": {"x": [764, 777, 825, 865, 884, 885, 892, 896, 908, 915, 927, 934, 940, 946, 953, 954, 956, 961, 969, 971, 976, 982, 983, 997, 999, 1002, 1004, 1012, 1025, 1028, 1033, 1036, 1040, 1042, 1045, 1046, 1049, 1050, 1055, 1065, 1067, 1079, 1080, 1081, 1084, 1085, 1086, 1094, 1095, 1096, 1097, 1100, 1101, 1103, 1107, 1108, 1112, 1114, 1115, 1116, 1127, 1129, 1130, 1131, 1134, 1137, 1138, 1141, 1143, 1144, 1145, 1146, 1148, 1152, 1153, 1167, 1172, 1174, 1175, 1183, 1188, 1190, 1192, 1200, 1201, 1202, 1204, 1206, 1207, 1208, 1209, 1210, 1211, 1213, 1214, 1215, 1217, 1220, 1223, 1228, 1231, 1235, 1236, 1237, 1240, 1242, 1243, 1244, 1245, 1248, 1249, 1252, 1253, 1254, 1255, 1256, 1259, 1262, 1263, 1265, 1266, 1268, 1269, 1271, 1272, 1273, 1275, 1278, 1292, 1293, 1304, 1320, 1424], "y": [99.5, 98.9, 98.4, 97.8, 97.3, 96.7, 96.2, 95.6, 95.0, 94.5, 93.9, 93.4, 92.8, 92.3, 91.7, 91.2, 90.6, 90.0, 89.5, 88.9, 87.8, 87.3, 86.7, 85.6, 85.0, 83.9, 83.4, 82.8, 82.3, 81.7, 81.2, 80.6, 79.5, 78.4, 77.8, 77.3, 76.7, 75.6, 74.5, 73.9, 73.4, 72.8, 72.3, 71.7, 71.2, 70.6, 69.5, 68.9, 68.4, 67.3, 66.7, 66.2, 65.6, 65.0, 63.9, 63.4, 62.3, 61.7, 61.2, 60.6, 60.0, 59.5, 58.9, 58.4, 57.8, 56.7, 55.6, 55.0, 54.5, 53.4, 52.8, 52.3, 51.7, 51.2, 50.6, 50.0, 49.5, 48.9, 48.4, 47.8, 47.3, 46.7, 46.2, 45.6, 44.5, 42.3, 41.7, 41.2, 40.0, 37.8, 35.599999999999994, 34.5, 33.400000000000006, 32.3, 30.599999999999994, 27.299999999999997, 26.700000000000003, 25.599999999999994, 23.900000000000006, 23.400000000000006, 22.799999999999997, 22.299999999999997, 21.700000000000003, 21.200000000000003, 20.599999999999994, 20.0, 19.5, 18.900000000000006, 18.400000000000006, 17.799999999999997, 16.700000000000003, 15.599999999999994, 15.0, 14.5, 12.799999999999997, 12.299999999999997, 11.700000000000003, 10.599999999999994, 9.5, 8.400000000000006, 7.799999999999997, 7.299999999999997, 6.200000000000003, 5.0, 4.5, 3.4000000000000057, 2.799999999999997, 2.299999999999997, 1.7000000000000028, 1.2000000000000028, 0.5999999999999943, 0.0, -0.5]}, "histogram": {"x": [780.0, 800.0, 820.0, 840.0, 860.0, 880.0, 900.0, 920.0, 940.0, 960.0, 980.0, 1000.0, 1020.0, 1040.0, 1060.0, 1080.0, 1100.0, 1120.0, 1140.0, 1160.0, 1180.0, 1200.0, 1220.0, 1240.0, 1260.0, 1280.0, 1300.0, 1320.0, 1340.0, 1360.0, 1380.0, 1400.0, 1420.0, 1440.0], "y": [2, 0, 0, 1, 0, 1, 4, 2, 2, 5, 5, 5, 4, 4, 11, 3, 11, 11, 9, 9, 4, 4, 35, 10, 17, 17, 2, 1, 1, 0, 0, 0, 0, 1, 0]}}