{"histogram": {"y": [1, 1, 0, 2, 1, 2, 2, 1, 6, 3, 2, 2, 3, 3, 2, 2, 2, 3, 2, 4, 1, 10, 3, 3, 6, 0, 0, 1], "x": [800.0, 820.0, 840.0, 860.0, 880.0, 900.0, 920.0, 940.0, 960.0, 980.0, 1000.0, 1020.0, 1040.0, 1060.0, 1080.0, 1100.0, 1120.0, 1140.0, 1160.0, 1180.0, 1200.0, 1220.0, 1240.0, 1260.0, 1280.0, 1300.0, 1320.0]}, "percentile": {"y": [98.6, 97.1, 95.6, 94.1, 92.6, 91.1, 89.6, 88.1, 86.6, 85.1, 83.6, 82.1, 80.6, 77.7, 76.2, 74.7, 73.2, 71.7, 70.2, 68.7, 67.2, 65.7, 64.2, 62.7, 61.2, 59.8, 58.3, 56.8, 55.3, 53.8, 52.3, 50.8, 49.3, 47.8, 46.3, 44.8, 43.3, 41.8, 40.3, 38.9, 37.4, 34.400000000000006, 32.900000000000006, 31.400000000000006, 28.400000000000006, 26.900000000000006, 25.400000000000006, 23.900000000000006, 20.900000000000006, 19.5, 18.0, 16.5, 15.0, 13.5, 10.5, 9.0, 7.5, 6.0, 4.5, 3.0, 1.5, 0.0, -1.4000000000000057], "x": [793, 805, 847, 853, 866, 891, 895, 909, 912, 926, 943, 949, 951, 954, 956, 966, 976, 978, 986, 991, 1000, 1004, 1020, 1023, 1037, 1045, 1051, 1052, 1063, 1070, 1081, 1085, 1105, 1114, 1130, 1134, 1138, 1148, 1158, 1165, 1167, 1170, 1182, 1200, 1205, 1206, 1209, 1210, 1212, 1215, 1218, 1224, 1234, 1236, 1243, 1257, 1261, 1264, 1269, 1270, 1272, 1273, 1324]}}