{"histogram": {"y": [2, 0, 0, 1, 1, 0, 0, 2, 2, 3, 1, 2, 8, 3, 7, 8, 6, 4, 4, 5, 5, 9, 39, 6, 9, 7, 6, 0, 1, 0, 0, 0, 0, 1, 0], "x": [780.0, 800.0, 820.0, 840.0, 860.0, 880.0, 900.0, 920.0, 940.0, 960.0, 980.0, 1000.0, 1020.0, 1040.0, 1060.0, 1080.0, 1100.0, 1120.0, 1140.0, 1160.0, 1180.0, 1200.0, 1220.0, 1240.0, 1260.0, 1280.0, 1300.0, 1320.0, 1340.0, 1360.0, 1380.0, 1400.0, 1420.0, 1440.0]}, "percentile": {"y": [99.3, 98.6, 97.9, 97.2, 96.5, 95.8, 95.1, 94.4, 93.0, 92.2, 91.5, 90.8, 90.1, 89.4, 88.0, 87.3, 86.6, 85.9, 84.4, 83.7, 83.0, 82.3, 81.6, 80.9, 79.5, 78.8, 78.1, 77.4, 76.6, 75.9, 75.2, 74.5, 73.8, 72.4, 71.7, 71.0, 70.3, 69.6, 68.1, 67.4, 66.7, 66.0, 65.3, 64.6, 63.9, 62.5, 61.8, 61.0, 60.3, 59.6, 58.9, 58.2, 57.5, 56.8, 56.1, 55.4, 54.7, 54.0, 53.2, 52.5, 51.8, 51.1, 49.7, 49.0, 48.3, 46.1, 44.7, 43.3, 41.2, 38.3, 35.5, 32.0, 30.5, 29.099999999999994, 27.0, 26.299999999999997, 24.900000000000006, 23.5, 22.700000000000003, 21.299999999999997, 20.599999999999994, 19.900000000000006, 19.200000000000003, 17.799999999999997, 17.099999999999994, 16.400000000000006, 14.900000000000006, 14.200000000000003, 13.5, 12.799999999999997, 12.099999999999994, 11.400000000000006, 10.700000000000003, 10.0, 9.299999999999997, 8.599999999999994, 7.099999999999994, 6.400000000000006, 5.0, 3.5999999999999943, 2.9000000000000057, 2.200000000000003, 1.5, 0.7999999999999972, 0.0, -0.7000000000000028], "x": [760, 768, 826, 854, 905, 913, 923, 931, 940, 953, 977, 982, 992, 1009, 1010, 1011, 1012, 1017, 1018, 1020, 1027, 1032, 1040, 1041, 1044, 1048, 1049, 1057, 1061, 1063, 1066, 1067, 1071, 1077, 1078, 1081, 1082, 1087, 1092, 1097, 1102, 1108, 1114, 1117, 1123, 1132, 1139, 1142, 1147, 1150, 1153, 1155, 1162, 1165, 1167, 1168, 1175, 1180, 1181, 1182, 1183, 1185, 1191, 1196, 1198, 1201, 1202, 1203, 1204, 1205, 1206, 1207, 1208, 1209, 1210, 1211, 1212, 1213, 1214, 1215, 1218, 1220, 1223, 1224, 1225, 1235, 1240, 1241, 1245, 1246, 1248, 1251, 1253, 1259, 1265, 1266, 1267, 1269, 1270, 1280, 1290, 1291, 1292, 1293, 1320, 1424]}}