{"histogram": {"y": [1, 4, 4, 2, 1, 2, 5, 6, 3, 3, 6, 5, 11, 10, 13, 13, 15, 8, 12, 13, 58, 35, 24, 22, 5, 2, 0, 0, 1, 0, 1, 1], "x": [800.0, 820.0, 840.0, 860.0, 880.0, 900.0, 920.0, 940.0, 960.0, 980.0, 1000.0, 1020.0, 1040.0, 1060.0, 1080.0, 1100.0, 1120.0, 1140.0, 1160.0, 1180.0, 1200.0, 1220.0, 1240.0, 1260.0, 1280.0, 1300.0, 1320.0, 1340.0, 1360.0, 1380.0, 1400.0, 1420.0]}, "percentile": {"y": [99.7, 99.3, 99.0, 98.6, 98.3, 97.9, 97.6, 97.2, 96.9, 96.5, 96.2, 95.8, 95.5, 95.1, 94.8, 94.4, 94.1, 93.4, 93.0, 92.7, 92.3, 91.6, 91.3, 90.9, 90.2, 89.9, 89.5, 89.2, 88.8, 88.5, 88.1, 87.8, 87.4, 87.1, 86.4, 86.0, 85.7, 85.3, 85.0, 84.3, 83.6, 82.9, 82.5, 82.2, 81.8, 81.5, 81.1, 80.8, 80.4, 80.0, 79.7, 79.3, 79.0, 78.6, 77.9, 77.2, 76.9, 76.2, 75.8, 75.5, 75.1, 74.4, 74.1, 73.4, 72.7, 72.3, 71.6, 70.6, 70.2, 69.9, 69.5, 69.2, 68.8, 68.5, 67.8, 67.4, 67.1, 66.4, 66.0, 65.7, 65.0, 64.6, 64.3, 63.9, 63.6, 63.2, 62.5, 62.2, 61.8, 61.5, 61.1, 60.8, 60.0, 59.3, 59.0, 58.6, 58.3, 57.9, 57.6, 57.2, 56.9, 56.5, 56.2, 55.5, 54.8, 54.4, 54.1, 53.4, 53.0, 52.7, 52.3, 52.0, 51.3, 50.6, 49.5, 48.8, 47.8, 46.7, 45.7, 44.6, 42.5, 41.8, 39.3, 37.6, 35.8, 34.099999999999994, 33.400000000000006, 32.3, 31.599999999999994, 31.299999999999997, 30.200000000000003, 29.200000000000003, 28.799999999999997, 28.5, 27.400000000000006, 26.700000000000003, 25.0, 24.299999999999997, 23.200000000000003, 22.900000000000006, 22.200000000000003, 21.099999999999994, 20.799999999999997, 19.700000000000003, 19.299999999999997, 19.0, 17.599999999999994, 16.900000000000006, 16.200000000000003, 15.099999999999994, 14.799999999999997, 14.400000000000006, 14.099999999999994, 13.400000000000006, 12.700000000000003, 12.299999999999997, 12.0, 11.599999999999994, 11.299999999999997, 10.900000000000006, 10.200000000000003, 9.900000000000006, 9.200000000000003, 8.099999999999994, 7.400000000000006, 7.099999999999994, 6.400000000000006, 5.700000000000003, 5.0, 4.299999999999997, 3.9000000000000057, 3.200000000000003, 2.9000000000000057, 2.5, 2.200000000000003, 1.7999999999999972, 1.5, 0.7999999999999972, 0.4000000000000057, 0.0, -0.29999999999999716], "x": [806, 820, 825, 826, 838, 842, 854, 858, 859, 864, 871, 899, 908, 915, 921, 922, 923, 929, 942, 946, 947, 952, 957, 970, 971, 992, 994, 996, 1001, 1002, 1004, 1013, 1016, 1018, 1021, 1033, 1038, 1039, 1040, 1043, 1045, 1046, 1048, 1049, 1055, 1059, 1062, 1067, 1068, 1071, 1072, 1073, 1075, 1076, 1078, 1080, 1082, 1083, 1085, 1086, 1087, 1090, 1091, 1096, 1100, 1104, 1105, 1107, 1109, 1110, 1112, 1114, 1115, 1123, 1124, 1125, 1127, 1128, 1130, 1132, 1133, 1134, 1135, 1137, 1138, 1141, 1145, 1149, 1150, 1152, 1155, 1157, 1160, 1162, 1163, 1165, 1166, 1169, 1171, 1173, 1175, 1177, 1182, 1184, 1185, 1186, 1190, 1192, 1193, 1195, 1198, 1199, 1200, 1201, 1203, 1204, 1205, 1206, 1207, 1208, 1209, 1210, 1212, 1213, 1214, 1215, 1216, 1218, 1219, 1220, 1221, 1222, 1223, 1224, 1225, 1226, 1227, 1228, 1230, 1232, 1233, 1235, 1236, 1237, 1238, 1241, 1242, 1243, 1244, 1245, 1247, 1248, 1251, 1253, 1254, 1255, 1256, 1257, 1258, 1259, 1261, 1263, 1265, 1267, 1268, 1269, 1270, 1271, 1272, 1274, 1276, 1277, 1284, 1288, 1296, 1298, 1299, 1300, 1371, 1415, 1421]}}