{"histogram": {"y": [1, 0, 0, 0, 0, 0, 0, 0, 1, 0, 0, 0, 1, 1, 0, 0, 3, 1, 0, 3, 3, 3, 1, 0, 2, 2, 3, 2, 3, 4, 2, 1, 12, 10, 4, 3, 0, 0, 0, 0, 0, 0, 0, 1], "x": [560.0, 580.0, 600.0, 620.0, 640.0, 660.0, 680.0, 700.0, 720.0, 740.0, 760.0, 780.0, 800.0, 820.0, 840.0, 860.0, 880.0, 900.0, 920.0, 940.0, 960.0, 980.0, 1000.0, 1020.0, 1040.0, 1060.0, 1080.0, 1100.0, 1120.0, 1140.0, 1160.0, 1180.0, 1200.0, 1220.0, 1240.0, 1260.0, 1280.0, 1300.0, 1320.0, 1340.0, 1360.0, 1380.0, 1400.0, 1420.0]}, "percentile": {"y": [98.5, 97.0, 95.5, 94.0, 92.5, 91.0, 89.4, 87.9, 86.4, 84.9, 83.4, 81.9, 80.4, 78.8, 77.3, 74.3, 72.8, 71.3, 69.7, 68.2, 66.7, 62.2, 59.1, 57.6, 56.1, 54.6, 53.1, 51.6, 50.0, 48.5, 47.0, 45.5, 44.0, 42.5, 37.9, 36.4, 33.400000000000006, 31.900000000000006, 30.400000000000006, 28.799999999999997, 25.799999999999997, 24.299999999999997, 21.299999999999997, 19.700000000000003, 18.200000000000003, 16.700000000000003, 15.200000000000003, 13.700000000000003, 12.200000000000003, 10.700000000000003, 7.599999999999994, 6.099999999999994, 4.599999999999994, 3.0999999999999943, 1.5999999999999943, 0.0, -1.5], "x": [570, 738, 814, 832, 880, 889, 892, 910, 945, 946, 948, 963, 965, 973, 981, 982, 1001, 1041, 1046, 1060, 1064, 1090, 1116, 1133, 1136, 1138, 1144, 1146, 1148, 1158, 1169, 1171, 1199, 1201, 1207, 1208, 1211, 1212, 1215, 1218, 1219, 1221, 1223, 1227, 1228, 1229, 1231, 1234, 1235, 1236, 1246, 1249, 1250, 1261, 1269, 1273, 1424]}}