{"percentile": {"y": [99.6, 99.1, 98.6, 98.1, 97.7, 97.2, 96.2, 95.7, 94.8, 94.3, 93.8, 93.4, 92.9, 92.4, 91.9, 91.4, 91.0, 90.5, 90.0, 89.5, 89.0, 88.6, 88.1, 87.6, 87.1, 86.2, 85.7, 85.2, 84.7, 84.3, 83.8, 83.3, 82.8, 82.3, 81.9, 80.9, 80.4, 80.0, 79.5, 78.5, 78.0, 77.6, 77.1, 76.6, 76.1, 75.6, 75.2, 74.7, 74.2, 72.8, 72.3, 71.8, 70.9, 70.4, 69.9, 69.4, 68.9, 68.5, 68.0, 67.0, 66.1, 65.6, 65.1, 64.6, 63.7, 63.2, 62.7, 62.3, 61.8, 61.3, 60.8, 59.9, 58.9, 57.9, 57.5, 57.0, 56.0, 55.1, 54.6, 54.1, 53.6, 53.2, 52.7, 52.2, 51.2, 50.8, 50.3, 49.8, 48.9, 48.4, 47.9, 47.4, 46.9, 46.5, 46.0, 45.0, 44.5, 44.1, 43.6, 43.1, 42.6, 42.2, 41.7, 41.2, 40.7, 39.8, 39.3, 38.8, 38.3, 37.8, 37.4, 36.4, 35.900000000000006, 35.5, 34.5, 32.599999999999994, 30.700000000000003, 29.700000000000003, 28.799999999999997, 26.799999999999997, 25.900000000000006, 24.900000000000006, 22.5, 22.099999999999994, 21.599999999999994, 20.099999999999994, 19.200000000000003, 18.700000000000003, 18.200000000000003, 17.799999999999997, 16.299999999999997, 15.799999999999997, 15.400000000000006, 14.900000000000006, 13.900000000000006, 13.400000000000006, 12.5, 12.0, 11.099999999999994, 10.599999999999994, 10.099999999999994, 9.599999999999994, 9.099999999999994, 8.700000000000003, 8.200000000000003, 7.700000000000003, 7.200000000000003, 6.299999999999997, 5.799999999999997, 4.799999999999997, 3.9000000000000057, 3.4000000000000057, 2.9000000000000057, 2.4000000000000057, 2.0, 1.0, 0.5, 0.0, -0.4000000000000057], "x": [697, 750, 762, 776, 798, 808, 820, 826, 828, 829, 856, 857, 871, 883, 895, 896, 900, 909, 914, 918, 919, 926, 928, 933, 939, 942, 946, 948, 951, 952, 958, 960, 962, 963, 971, 973, 974, 985, 988, 989, 990, 993, 994, 997, 999, 1003, 1004, 1010, 1014, 1015, 1017, 1018, 1021, 1028, 1030, 1031, 1032, 1036, 1047, 1050, 1064, 1065, 1066, 1067, 1070, 1077, 1079, 1080, 1085, 1086, 1087, 1092, 1093, 1097, 1098, 1101, 1102, 1105, 1109, 1114, 1115, 1118, 1122, 1124, 1127, 1135, 1137, 1138, 1142, 1146, 1147, 1148, 1149, 1152, 1155, 1158, 1159, 1163, 1166, 1167, 1171, 1173, 1175, 1177, 1180, 1181, 1182, 1186, 1187, 1189, 1197, 1198, 1199, 1200, 1201, 1202, 1203, 1204, 1205, 1207, 1208, 1209, 1210, 1211, 1213, 1214, 1215, 1216, 1218, 1219, 1220, 1223, 1225, 1229, 1235, 1236, 1239, 1240, 1241, 1243, 1245, 1246, 1248, 1250, 1253, 1255, 1260, 1265, 1268, 1269, 1270, 1271, 1272, 1273, 1277, 1280, 1289, 1297, 1380]}, "histogram": {"y": [1, 0, 0, 1, 2, 1, 1, 6, 2, 1, 3, 5, 4, 7, 7, 9, 9, 7, 3, 9, 11, 9, 7, 11, 7, 11, 38, 11, 10, 12, 4, 0, 0, 0, 0, 1], "x": [680.0, 700.0, 720.0, 740.0, 760.0, 780.0, 800.0, 820.0, 840.0, 860.0, 880.0, 900.0, 920.0, 940.0, 960.0, 980.0, 1000.0, 1020.0, 1040.0, 1060.0, 1080.0, 1100.0, 1120.0, 1140.0, 1160.0, 1180.0, 1200.0, 1220.0, 1240.0, 1260.0, 1280.0, 1300.0, 1320.0, 1340.0, 1360.0, 1380.0]}}