{"histogram": {"y": [1, 0, 0, 1, 0, 0, 0, 1, 1, 1, 1, 3, 1, 4, 2, 3, 8, 7, 6, 7, 2, 8, 16, 7, 7, 7, 4, 12, 10, 11, 9, 3, 9, 8, 14, 10, 55, 24, 12, 12, 21, 8, 5, 0, 0, 1, 0, 0, 0, 0, 2, 0], "x": [660.0, 675.0, 690.0, 705.0, 720.0, 735.0, 750.0, 765.0, 780.0, 795.0, 810.0, 825.0, 840.0, 855.0, 870.0, 885.0, 900.0, 915.0, 930.0, 945.0, 960.0, 975.0, 990.0, 1005.0, 1020.0, 1035.0, 1050.0, 1065.0, 1080.0, 1095.0, 1110.0, 1125.0, 1140.0, 1155.0, 1170.0, 1185.0, 1200.0, 1215.0, 1230.0, 1245.0, 1260.0, 1275.0, 1290.0, 1305.0, 1320.0, 1335.0, 1350.0, 1365.0, 1380.0, 1395.0, 1410.0, 1425.0]}, "percentile": {"y": [99.7, 99.4, 99.1, 98.8, 98.5, 98.2, 97.9, 97.6, 97.3, 97.0, 96.6, 96.0, 95.7, 95.4, 95.1, 94.5, 94.2, 93.5, 92.9, 92.6, 92.0, 91.7, 91.4, 91.1, 90.5, 90.1, 89.8, 89.5, 89.2, 88.9, 88.6, 88.3, 87.7, 87.4, 87.0, 86.7, 86.4, 86.1, 85.5, 85.2, 84.9, 84.3, 84.0, 83.6, 83.3, 83.0, 82.7, 82.4, 82.1, 81.2, 80.9, 79.9, 79.6, 79.0, 78.4, 78.1, 77.4, 76.8, 76.5, 76.2, 75.9, 75.3, 75.0, 74.7, 74.4, 74.0, 73.7, 73.1, 72.8, 72.2, 71.9, 71.6, 71.3, 70.9, 70.6, 70.3, 70.0, 69.7, 69.4, 68.8, 68.5, 67.9, 67.5, 67.2, 66.6, 66.0, 65.4, 65.1, 64.8, 63.5, 62.9, 62.6, 61.7, 61.0, 60.7, 60.1, 59.5, 59.2, 58.9, 58.3, 57.9, 57.6, 57.3, 57.0, 56.7, 56.4, 56.1, 55.8, 55.5, 54.8, 53.9, 53.3, 53.0, 52.7, 52.1, 51.8, 51.4, 50.8, 50.5, 49.6, 49.3, 49.0, 48.3, 48.0, 47.4, 46.8, 46.2, 45.9, 45.6, 44.6, 44.0, 43.7, 43.4, 43.1, 42.8, 41.2, 40.9, 40.0, 38.7, 36.9, 34.7, 34.099999999999994, 32.2, 31.299999999999997, 30.400000000000006, 28.799999999999997, 27.0, 26.700000000000003, 26.099999999999994, 24.799999999999997, 24.5, 23.900000000000006, 23.599999999999994, 23.299999999999997, 22.299999999999997, 21.099999999999994, 20.799999999999997, 20.5, 19.200000000000003, 18.599999999999994, 18.0, 17.700000000000003, 16.799999999999997, 16.5, 16.099999999999994, 15.799999999999997, 15.200000000000003, 14.900000000000006, 14.299999999999997, 14.0, 13.700000000000003, 12.700000000000003, 12.099999999999994, 11.799999999999997, 11.5, 11.200000000000003, 10.599999999999994, 10.299999999999997, 10.0, 9.0, 8.099999999999994, 7.5, 7.200000000000003, 5.599999999999994, 5.299999999999997, 4.700000000000003, 4.400000000000006, 3.799999999999997, 3.0999999999999943, 2.799999999999997, 2.5, 2.200000000000003, 1.9000000000000057, 1.5999999999999943, 1.2999999999999972, 1.0, 0.7000000000000028, 0.4000000000000057, 0.0, -0.29999999999999716], "x": [674, 713, 765, 788, 798, 815, 828, 831, 835, 843, 857, 863, 868, 872, 884, 887, 897, 901, 902, 905, 908, 910, 919, 920, 921, 922, 927, 929, 930, 931, 934, 938, 939, 949, 951, 952, 954, 956, 957, 963, 971, 976, 978, 979, 982, 985, 986, 987, 990, 992, 993, 996, 998, 999, 1002, 1003, 1004, 1006, 1007, 1011, 1012, 1017, 1022, 1023, 1028, 1029, 1033, 1034, 1035, 1036, 1037, 1040, 1045, 1047, 1050, 1052, 1053, 1061, 1066, 1067, 1069, 1070, 1071, 1072, 1074, 1079, 1083, 1086, 1088, 1089, 1094, 1095, 1096, 1099, 1105, 1106, 1109, 1111, 1112, 1113, 1114, 1119, 1120, 1123, 1124, 1127, 1128, 1135, 1143, 1148, 1150, 1151, 1153, 1158, 1159, 1161, 1163, 1165, 1167, 1170, 1171, 1173, 1178, 1179, 1180, 1181, 1184, 1186, 1190, 1191, 1192, 1193, 1196, 1199, 1200, 1201, 1202, 1203, 1204, 1205, 1206, 1207, 1208, 1209, 1210, 1211, 1212, 1213, 1214, 1215, 1216, 1218, 1219, 1221, 1224, 1225, 1226, 1227, 1228, 1229, 1230, 1231, 1232, 1234, 1235, 1237, 1240, 1241, 1248, 1249, 1250, 1252, 1253, 1254, 1255, 1257, 1261, 1263, 1265, 1266, 1268, 1269, 1270, 1272, 1273, 1274, 1276, 1277, 1278, 1280, 1288, 1289, 1290, 1294, 1298, 1299, 1302, 1344, 1415, 1424]}}