{"percentile": {"x": [746, 805, 810, 820, 823, 830, 912, 915, 940, 942, 964, 978, 993, 1007, 1034, 1039, 1043, 1053, 1086, 1087, 1092, 1105, 1106, 1107, 1114, 1119, 1125, 1126, 1128, 1129, 1140, 1149, 1151, 1158, 1160, 1162, 1186, 1191, 1194, 1196, 1199, 1200, 1201, 1202, 1203, 1205, 1206, 1207, 1208, 1209, 1210, 1211, 1213, 1214, 1215, 1217, 1220, 1223, 1225, 1229, 1230, 1232, 1235, 1238, 1241, 1246, 1250, 1251, 1256, 1261, 1262, 1271, 1272, 1276, 1277, 1280, 1294, 1300, 1306, 1415, 1422], "y": [99.0, 97.9, 96.8, 95.7, 94.6, 93.5, 92.4, 91.3, 90.2, 89.1, 85.8, 84.7, 83.6, 82.5, 81.4, 80.3, 79.2, 78.1, 77.0, 75.9, 74.8, 72.6, 71.5, 70.4, 69.3, 68.2, 67.1, 66.0, 64.9, 63.8, 62.7, 61.6, 60.5, 59.4, 58.3, 57.2, 56.1, 55.0, 53.9, 52.8, 51.7, 50.6, 48.4, 47.3, 46.2, 45.1, 44.0, 42.9, 40.7, 39.6, 38.5, 37.4, 36.3, 34.099999999999994, 31.900000000000006, 30.799999999999997, 29.700000000000003, 28.599999999999994, 27.5, 26.400000000000006, 24.200000000000003, 23.099999999999994, 22.0, 20.900000000000006, 19.799999999999997, 18.700000000000003, 16.5, 15.400000000000006, 13.200000000000003, 12.099999999999994, 11.0, 9.900000000000006, 7.700000000000003, 6.599999999999994, 5.5, 4.400000000000006, 3.299999999999997, 2.200000000000003, 1.0999999999999943, 0.0, -1.0]}, "histogram": {"x": [740.0, 760.0, 780.0, 800.0, 820.0, 840.0, 860.0, 880.0, 900.0, 920.0, 940.0, 960.0, 980.0, 1000.0, 1020.0, 1040.0, 1060.0, 1080.0, 1100.0, 1120.0, 1140.0, 1160.0, 1180.0, 1200.0, 1220.0, 1240.0, 1260.0, 1280.0, 1300.0, 1320.0, 1340.0, 1360.0, 1380.0, 1400.0, 1420.0], "y": [1, 0, 0, 2, 3, 0, 0, 0, 2, 0, 2, 4, 1, 1, 2, 2, 0, 3, 6, 4, 4, 2, 5, 19, 9, 7, 7, 2, 2, 0, 0, 0, 0, 1, 1]}}