{"percentile": {"x": [745, 874, 888, 895, 926, 937, 995, 1024, 1026, 1032, 1038, 1042, 1044, 1046, 1056, 1057, 1060, 1084, 1089, 1095, 1121, 1122, 1132, 1139, 1142, 1152, 1167, 1168, 1182, 1183, 1184, 1197, 1202, 1203, 1204, 1205, 1207, 1208, 1211, 1212, 1219, 1227, 1232, 1238, 1250, 1252, 1256, 1267, 1268, 1271, 1282, 1400], "y": [98.3, 96.6, 94.9, 93.2, 91.4, 89.7, 88.0, 86.3, 84.5, 82.8, 81.1, 79.4, 77.6, 75.9, 74.2, 72.5, 70.7, 69.0, 65.6, 63.8, 62.1, 60.4, 58.7, 56.9, 53.5, 51.8, 50.0, 48.3, 46.6, 44.9, 43.2, 41.4, 39.7, 38.0, 36.3, 34.5, 32.8, 29.400000000000006, 27.599999999999994, 25.900000000000006, 24.200000000000003, 22.5, 17.299999999999997, 15.599999999999994, 13.799999999999997, 12.099999999999994, 10.400000000000006, 6.900000000000006, 3.5, 1.7999999999999972, 0.0, -1.7000000000000028]}, "histogram": {"x": [735.0, 750.0, 765.0, 780.0, 795.0, 810.0, 825.0, 840.0, 855.0, 870.0, 885.0, 900.0, 915.0, 930.0, 945.0, 960.0, 975.0, 990.0, 1005.0, 1020.0, 1035.0, 1050.0, 1065.0, 1080.0, 1095.0, 1110.0, 1125.0, 1140.0, 1155.0, 1170.0, 1185.0, 1200.0, 1215.0, 1230.0, 1245.0, 1260.0, 1275.0, 1290.0, 1305.0, 1320.0, 1335.0, 1350.0, 1365.0, 1380.0, 1395.0], "y": [1, 0, 0, 0, 0, 0, 0, 0, 0, 1, 2, 0, 1, 1, 0, 0, 0, 1, 0, 3, 4, 3, 0, 3, 1, 2, 2, 3, 2, 3, 1, 9, 2, 4, 3, 5, 1, 0, 0, 0, 0, 0, 0, 0, 1]}}