{"histogram": {"y": [1, 0, 0, 0, 0, 0, 0, 1, 0, 0, 1, 0, 0, 0, 2, 0, 2, 1, 0, 0, 1, 3, 1, 0, 1, 0, 1, 2, 0, 0, 7, 2, 0, 3, 3, 1, 0, 8, 8, 2, 3, 7, 1, 3, 3, 1], "x": [645.0, 660.0, 675.0, 690.0, 705.0, 720.0, 735.0, 750.0, 765.0, 780.0, 795.0, 810.0, 825.0, 840.0, 855.0, 870.0, 885.0, 900.0, 915.0, 930.0, 945.0, 960.0, 975.0, 990.0, 1005.0, 1020.0, 1035.0, 1050.0, 1065.0, 1080.0, 1095.0, 1110.0, 1125.0, 1140.0, 1155.0, 1170.0, 1185.0, 1200.0, 1215.0, 1230.0, 1245.0, 1260.0, 1275.0, 1290.0, 1305.0, 1320.0]}, "percentile": {"y": [98.6, 97.1, 95.6, 94.2, 92.7, 91.2, 89.8, 88.3, 86.8, 85.3, 83.9, 82.4, 80.9, 79.5, 78.0, 76.5, 75.0, 73.6, 72.1, 70.6, 69.2, 66.2, 64.8, 63.3, 61.8, 60.3, 58.9, 57.4, 55.9, 54.5, 53.0, 51.5, 48.6, 47.1, 45.6, 42.7, 41.2, 39.8, 36.8, 35.3, 33.900000000000006, 32.400000000000006, 30.900000000000006, 29.5, 28.0, 26.5, 25.0, 23.599999999999994, 20.599999999999994, 17.700000000000003, 16.200000000000003, 14.799999999999997, 13.299999999999997, 10.299999999999997, 8.900000000000006, 7.400000000000006, 5.900000000000006, 4.5, 3.0, 1.5, 0.0, -1.4000000000000057], "x": [659, 755, 808, 863, 869, 891, 898, 905, 957, 967, 969, 972, 982, 1011, 1039, 1055, 1064, 1095, 1097, 1099, 1101, 1102, 1105, 1114, 1118, 1140, 1143, 1146, 1161, 1166, 1167, 1184, 1202, 1203, 1204, 1211, 1212, 1213, 1215, 1220, 1221, 1225, 1226, 1227, 1228, 1237, 1239, 1252, 1253, 1265, 1267, 1268, 1270, 1272, 1280, 1290, 1294, 1301, 1305, 1309, 1314, 1330]}}