{"histogram": {"y": [1, 0, 0, 0, 0, 0, 0, 2, 1, 2, 3, 5, 3, 1, 3, 6, 4, 5, 8, 9, 7, 14, 12, 15, 75, 80, 82, 63, 26, 16, 4, 1, 1, 0, 10, 2], "x": [740.0, 760.0, 780.0, 800.0, 820.0, 840.0, 860.0, 880.0, 900.0, 920.0, 940.0, 960.0, 980.0, 1000.0, 1020.0, 1040.0, 1060.0, 1080.0, 1100.0, 1120.0, 1140.0, 1160.0, 1180.0, 1200.0, 1220.0, 1240.0, 1260.0, 1280.0, 1300.0, 1320.0, 1340.0, 1360.0, 1380.0, 1400.0, 1420.0]}, "percentile": {"y": [99.8, 99.6, 99.4, 99.2, 99.0, 98.7, 98.5, 98.3, 98.1, 97.9, 97.7, 97.2, 97.0, 96.8, 96.6, 96.4, 96.1, 95.9, 95.7, 95.5, 95.0, 94.8, 94.6, 94.4, 94.2, 94.0, 93.7, 93.5, 93.3, 93.1, 92.9, 92.7, 92.4, 92.2, 92.0, 91.6, 91.4, 91.1, 90.9, 90.7, 90.5, 90.3, 90.0, 89.4, 89.2, 89.0, 88.7, 88.5, 88.3, 88.1, 87.7, 87.4, 87.2, 87.0, 86.8, 86.1, 85.9, 85.7, 85.5, 85.0, 84.8, 84.6, 84.4, 84.2, 84.0, 83.7, 83.3, 83.1, 82.7, 82.4, 82.2, 82.0, 81.8, 81.6, 81.4, 80.9, 80.7, 80.3, 79.8, 79.6, 79.4, 79.2, 79.0, 78.7, 78.1, 77.7, 77.0, 76.8, 75.9, 75.3, 74.4, 74.0, 72.2, 71.6, 71.1, 70.0, 69.8, 69.2, 68.5, 66.4, 64.2, 63.7, 63.3, 62.4, 61.8, 61.1, 60.7, 60.5, 58.1, 57.2, 56.4, 55.9, 54.6, 53.7, 51.8, 51.1, 50.7, 50.5, 49.6, 48.7, 47.9, 47.0, 46.1, 44.8, 44.4, 43.1, 42.7, 41.6, 40.7, 40.0, 37.9, 37.4, 36.8, 36.1, 34.400000000000006, 33.7, 32.7, 32.0, 30.900000000000006, 30.700000000000003, 29.599999999999994, 28.700000000000003, 28.099999999999994, 27.400000000000006, 26.599999999999994, 25.900000000000006, 24.599999999999994, 24.0, 23.5, 23.299999999999997, 22.200000000000003, 21.599999999999994, 21.099999999999994, 20.700000000000003, 20.0, 19.799999999999997, 19.400000000000006, 18.299999999999997, 17.400000000000006, 16.400000000000006, 15.5, 14.799999999999997, 13.5, 12.900000000000006, 11.799999999999997, 11.599999999999994, 11.099999999999994, 10.700000000000003, 10.299999999999997, 10.0, 9.599999999999994, 9.400000000000006, 8.700000000000003, 8.299999999999997, 8.099999999999994, 7.900000000000006, 7.200000000000003, 6.599999999999994, 6.400000000000006, 6.099999999999994, 5.700000000000003, 5.299999999999997, 5.0, 4.599999999999994, 4.400000000000006, 4.0, 3.700000000000003, 3.299999999999997, 3.0999999999999943, 2.9000000000000057, 2.700000000000003, 2.4000000000000057, 2.200000000000003, 2.0, 0.29999999999999716, 0.0, -0.20000000000000284], "x": [730, 862, 875, 880, 902, 912, 923, 928, 932, 949, 950, 955, 958, 964, 966, 969, 999, 1000, 1013, 1019, 1020, 1023, 1028, 1034, 1035, 1040, 1047, 1051, 1057, 1060, 1063, 1064, 1078, 1079, 1083, 1087, 1088, 1089, 1091, 1092, 1098, 1100, 1102, 1103, 1105, 1106, 1114, 1118, 1120, 1122, 1124, 1128, 1135, 1138, 1141, 1143, 1144, 1145, 1146, 1148, 1151, 1152, 1153, 1158, 1159, 1162, 1164, 1166, 1167, 1168, 1170, 1171, 1174, 1177, 1179, 1181, 1184, 1185, 1186, 1187, 1189, 1190, 1193, 1194, 1199, 1200, 1201, 1202, 1203, 1204, 1205, 1206, 1207, 1208, 1209, 1210, 1211, 1212, 1213, 1214, 1215, 1216, 1217, 1218, 1219, 1220, 1221, 1222, 1223, 1224, 1225, 1226, 1227, 1228, 1229, 1230, 1231, 1232, 1233, 1234, 1235, 1236, 1237, 1238, 1239, 1240, 1241, 1242, 1243, 1244, 1245, 1246, 1247, 1248, 1249, 1250, 1251, 1252, 1253, 1254, 1255, 1256, 1257, 1258, 1259, 1260, 1261, 1262, 1263, 1264, 1265, 1266, 1268, 1269, 1270, 1271, 1272, 1273, 1274, 1275, 1276, 1277, 1278, 1279, 1280, 1281, 1284, 1285, 1286, 1287, 1288, 1289, 1290, 1293, 1295, 1296, 1298, 1300, 1301, 1302, 1303, 1304, 1307, 1308, 1309, 1310, 1311, 1320, 1322, 1335, 1340, 1365, 1400, 1412, 1415, 1421, 1424]}}