{"percentile": {"x": [812, 832, 851, 882, 898, 903, 904, 905, 909, 913, 914, 920, 925, 926, 929, 930, 941, 942, 943, 944, 946, 950, 953, 963, 967, 975, 984, 991, 992, 995, 1000, 1003, 1007, 1010, 1013, 1014, 1015, 1017, 1020, 1021, 1023, 1024, 1047, 1049, 1050, 1052, 1062, 1067, 1070, 1071, 1072, 1073, 1074, 1078, 1079, 1081, 1082, 1089, 1091, 1098, 1101, 1102, 1105, 1109, 1110, 1113, 1115, 1122, 1126, 1127, 1129, 1132, 1134, 1136, 1137, 1143, 1146, 1149, 1153, 1154, 1155, 1160, 1161, 1168, 1169, 1171, 1172, 1173, 1175, 1177, 1179, 1181, 1185, 1186, 1187, 1189, 1192, 1193, 1194, 1197, 1201, 1202, 1204, 1205, 1206, 1208, 1209, 1210, 1211, 1212, 1213, 1214, 1215, 1216, 1217, 1218, 1220, 1222, 1223, 1224, 1226, 1227, 1229, 1230, 1231, 1233, 1234, 1235, 1237, 1238, 1240, 1241, 1242, 1243, 1244, 1246, 1247, 1248, 1250, 1252, 1254, 1257, 1258, 1259, 1260, 1261, 1265, 1266, 1267, 1268, 1270, 1274, 1275, 1276, 1277, 1278, 1287, 1302, 1320, 1330, 1365, 1424], "y": [99.6, 99.2, 98.7, 98.3, 97.8, 97.4, 97.0, 96.5, 96.1, 95.6, 95.2, 94.8, 94.3, 93.9, 93.4, 93.0, 92.6, 92.1, 91.7, 91.2, 90.8, 90.4, 89.9, 89.5, 89.0, 88.6, 88.2, 87.7, 87.3, 86.8, 86.4, 86.0, 85.5, 85.1, 84.6, 84.2, 83.8, 83.3, 82.9, 82.4, 82.0, 81.5, 81.1, 80.7, 80.2, 79.8, 79.3, 78.9, 78.5, 78.0, 77.6, 77.1, 76.7, 76.3, 75.8, 75.4, 74.9, 74.5, 74.1, 73.6, 73.2, 72.7, 71.9, 71.4, 71.0, 70.1, 69.7, 68.8, 68.3, 67.9, 67.0, 66.6, 66.1, 65.7, 65.2, 64.8, 63.9, 63.5, 63.0, 62.6, 62.2, 61.7, 60.8, 60.0, 59.5, 58.6, 58.2, 57.8, 56.9, 56.0, 55.1, 54.7, 53.8, 52.9, 52.5, 52.0, 51.6, 51.2, 50.3, 49.4, 48.9, 48.5, 48.1, 46.7, 45.4, 44.1, 43.7, 42.3, 38.4, 37.5, 35.3, 34.400000000000006, 32.2, 31.799999999999997, 30.900000000000006, 30.400000000000006, 29.099999999999994, 28.700000000000003, 27.400000000000006, 26.900000000000006, 26.0, 25.599999999999994, 25.200000000000003, 24.700000000000003, 23.799999999999997, 22.5, 21.599999999999994, 20.299999999999997, 19.400000000000006, 18.099999999999994, 17.200000000000003, 16.799999999999997, 16.299999999999997, 15.900000000000006, 15.5, 15.0, 14.599999999999994, 14.099999999999994, 13.700000000000003, 13.299999999999997, 12.799999999999997, 12.400000000000006, 11.5, 11.099999999999994, 10.200000000000003, 9.700000000000003, 8.400000000000006, 7.5, 7.099999999999994, 6.200000000000003, 5.299999999999997, 4.5, 4.0, 3.5999999999999943, 2.700000000000003, 2.299999999999997, 1.7999999999999972, 1.4000000000000057, 0.9000000000000057, 0.5, 0.0, -0.4000000000000057]}, "histogram": {"x": [810.0, 825.0, 840.0, 855.0, 870.0, 885.0, 900.0, 915.0, 930.0, 945.0, 960.0, 975.0, 990.0, 1005.0, 1020.0, 1035.0, 1050.0, 1065.0, 1080.0, 1095.0, 1110.0, 1125.0, 1140.0, 1155.0, 1170.0, 1185.0, 1200.0, 1215.0, 1230.0, 1245.0, 1260.0, 1275.0, 1290.0, 1305.0, 1320.0, 1335.0, 1350.0, 1365.0, 1380.0, 1395.0, 1410.0, 1425.0], "y": [1, 1, 1, 0, 1, 1, 6, 4, 5, 3, 2, 2, 5, 6, 4, 2, 3, 8, 4, 6, 6, 8, 6, 7, 11, 12, 34, 21, 22, 10, 15, 6, 1, 0, 2, 0, 0, 1, 0, 0, 1, 0]}}