{"histogram": {"x": [795.0, 810.0, 825.0, 840.0, 855.0, 870.0, 885.0, 900.0, 915.0, 930.0, 945.0, 960.0, 975.0, 990.0, 1005.0, 1020.0, 1035.0, 1050.0, 1065.0, 1080.0, 1095.0, 1110.0, 1125.0, 1140.0, 1155.0, 1170.0, 1185.0, 1200.0, 1215.0, 1230.0, 1245.0, 1260.0, 1275.0, 1290.0, 1305.0, 1320.0, 1335.0, 1350.0, 1365.0, 1380.0, 1395.0, 1410.0, 1425.0], "y": [1, 1, 1, 1, 0, 2, 1, 0, 3, 1, 3, 4, 3, 4, 2, 9, 8, 11, 8, 5, 7, 6, 5, 7, 8, 9, 6, 61, 35, 33, 20, 28, 10, 6, 1, 0, 0, 0, 0, 0, 0, 2, 0]}, "percentile": {"x": [804, 814, 834, 852, 881, 883, 886, 927, 929, 940, 948, 958, 959, 966, 973, 974, 977, 985, 989, 995, 997, 1002, 1007, 1019, 1020, 1023, 1024, 1026, 1027, 1028, 1033, 1037, 1038, 1040, 1042, 1045, 1046, 1047, 1050, 1051, 1054, 1055, 1057, 1060, 1061, 1062, 1063, 1066, 1072, 1075, 1078, 1079, 1083, 1088, 1094, 1096, 1098, 1104, 1107, 1108, 1109, 1110, 1117, 1118, 1121, 1122, 1124, 1125, 1132, 1134, 1135, 1137, 1145, 1148, 1152, 1153, 1156, 1161, 1162, 1165, 1166, 1168, 1170, 1175, 1177, 1179, 1181, 1182, 1185, 1187, 1188, 1189, 1193, 1200, 1201, 1202, 1203, 1204, 1205, 1206, 1207, 1208, 1209, 1210, 1211, 1212, 1213, 1214, 1215, 1219, 1220, 1221, 1222, 1223, 1225, 1226, 1227, 1228, 1229, 1230, 1231, 1232, 1233, 1234, 1235, 1237, 1238, 1239, 1240, 1241, 1242, 1244, 1246, 1248, 1252, 1253, 1254, 1255, 1257, 1258, 1260, 1261, 1262, 1264, 1265, 1266, 1267, 1268, 1269, 1270, 1272, 1273, 1274, 1275, 1276, 1277, 1278, 1282, 1283, 1285, 1293, 1294, 1296, 1300, 1302, 1313, 1424], "y": [99.7, 99.4, 99.1, 98.8, 98.4, 98.1, 97.8, 97.5, 96.8, 96.5, 96.2, 95.9, 95.5, 95.2, 94.9, 94.3, 93.9, 93.6, 93.3, 93.0, 92.7, 92.0, 91.7, 91.4, 90.7, 90.4, 90.1, 89.8, 89.1, 88.8, 88.5, 88.2, 87.5, 87.2, 86.9, 86.5, 86.2, 85.9, 85.6, 85.3, 84.9, 84.6, 84.3, 84.0, 83.3, 83.0, 82.4, 82.0, 81.4, 81.1, 80.4, 79.8, 79.5, 78.8, 78.2, 77.9, 77.2, 76.9, 76.6, 76.3, 75.9, 75.6, 75.3, 75.0, 74.6, 74.3, 74.0, 73.7, 73.4, 73.0, 72.7, 72.4, 72.1, 71.8, 70.8, 70.1, 69.8, 69.2, 68.9, 68.2, 67.9, 67.6, 67.3, 66.6, 66.0, 65.6, 65.0, 64.7, 64.4, 64.0, 63.7, 63.1, 62.8, 62.4, 62.1, 61.5, 60.8, 60.2, 59.2, 57.9, 57.3, 56.0, 52.5, 50.9, 48.9, 47.3, 44.4, 43.1, 40.2, 39.9, 39.3, 38.3, 37.0, 36.1, 35.099999999999994, 34.5, 33.5, 32.2, 31.900000000000006, 31.599999999999994, 31.200000000000003, 30.0, 28.700000000000003, 28.0, 26.700000000000003, 25.799999999999997, 24.799999999999997, 23.799999999999997, 22.900000000000006, 22.200000000000003, 21.599999999999994, 21.299999999999997, 20.299999999999997, 19.299999999999997, 18.700000000000003, 17.700000000000003, 16.400000000000006, 15.799999999999997, 15.200000000000003, 14.799999999999997, 14.200000000000003, 13.599999999999994, 13.200000000000003, 12.299999999999997, 10.299999999999997, 10.0, 9.400000000000006, 9.099999999999994, 8.400000000000006, 7.799999999999997, 6.5, 6.200000000000003, 5.799999999999997, 5.5, 4.900000000000006, 4.599999999999994, 3.5999999999999943, 3.299999999999997, 2.9000000000000057, 2.5999999999999943, 2.299999999999997, 2.0, 1.7000000000000028, 1.0, 0.7000000000000028, 0.4000000000000057, -0.29999999999999716]}}