{"percentile": {"y": [98.9, 97.7, 96.5, 95.3, 94.1, 92.9, 91.7, 90.5, 89.3, 88.1, 87.0, 85.8, 83.4, 82.2, 79.8, 78.6, 77.4, 76.2, 75.0, 73.9, 72.7, 71.5, 70.3, 69.1, 67.9, 65.5, 64.3, 63.1, 62.0, 60.8, 59.6, 58.4, 57.2, 54.8, 53.6, 52.4, 51.2, 50.0, 48.9, 45.3, 42.9, 41.7, 40.5, 39.3, 38.1, 37.0, 35.8, 34.599999999999994, 31.0, 28.599999999999994, 27.400000000000006, 26.200000000000003, 25.0, 23.900000000000006, 21.5, 20.299999999999997, 19.099999999999994, 16.700000000000003, 15.5, 14.299999999999997, 13.099999999999994, 12.0, 10.799999999999997, 9.599999999999994, 8.400000000000006, 7.200000000000003, 6.0, 4.799999999999997, 3.5999999999999943, 2.4000000000000057, 1.2000000000000028, 0.0, -1.0999999999999943], "x": [719, 831, 859, 890, 911, 926, 953, 955, 971, 979, 980, 984, 1000, 1009, 1017, 1019, 1030, 1038, 1041, 1050, 1072, 1073, 1075, 1093, 1097, 1103, 1108, 1111, 1118, 1124, 1134, 1158, 1165, 1167, 1179, 1187, 1192, 1193, 1195, 1196, 1199, 1200, 1202, 1205, 1208, 1209, 1210, 1211, 1212, 1214, 1223, 1224, 1225, 1226, 1229, 1231, 1240, 1243, 1248, 1250, 1256, 1259, 1265, 1266, 1267, 1270, 1272, 1273, 1278, 1280, 1288, 1302, 1330]}, "histogram": {"y": [1, 0, 0, 0, 0, 0, 0, 0, 1, 0, 1, 0, 1, 1, 1, 0, 2, 1, 3, 2, 4, 1, 2, 1, 3, 1, 4, 3, 1, 0, 4, 1, 9, 12, 6, 4, 4, 6, 3, 1, 0, 1], "x": [705.0, 720.0, 735.0, 750.0, 765.0, 780.0, 795.0, 810.0, 825.0, 840.0, 855.0, 870.0, 885.0, 900.0, 915.0, 930.0, 945.0, 960.0, 975.0, 990.0, 1005.0, 1020.0, 1035.0, 1050.0, 1065.0, 1080.0, 1095.0, 1110.0, 1125.0, 1140.0, 1155.0, 1170.0, 1185.0, 1200.0, 1215.0, 1230.0, 1245.0, 1260.0, 1275.0, 1290.0, 1305.0, 1320.0]}}