{"histogram": {"y": [1, 0, 0, 1, 1, 5, 1, 2, 6, 7, 2, 4, 3, 4, 5, 4, 3, 7, 5, 6, 10, 40, 44, 56, 43, 21, 9, 3, 0], "x": [800.0, 820.0, 840.0, 860.0, 880.0, 900.0, 920.0, 940.0, 960.0, 980.0, 1000.0, 1020.0, 1040.0, 1060.0, 1080.0, 1100.0, 1120.0, 1140.0, 1160.0, 1180.0, 1200.0, 1220.0, 1240.0, 1260.0, 1280.0, 1300.0, 1320.0, 1340.0]}, "percentile": {"y": [99.7, 99.4, 99.0, 98.3, 97.7, 97.3, 97.0, 96.6, 96.3, 95.9, 95.6, 95.3, 94.6, 94.2, 93.9, 93.5, 93.2, 92.9, 92.5, 92.2, 91.8, 91.5, 91.1, 90.8, 90.5, 90.1, 89.8, 89.4, 89.1, 88.7, 88.4, 88.1, 87.7, 87.4, 86.7, 86.4, 86.0, 85.7, 85.3, 85.0, 84.6, 84.3, 84.0, 83.6, 83.3, 82.9, 82.6, 82.2, 81.9, 81.6, 80.9, 80.5, 80.2, 79.8, 79.5, 79.2, 78.8, 78.5, 78.1, 77.4, 77.1, 76.8, 76.4, 76.1, 75.7, 75.4, 75.0, 74.4, 73.7, 73.3, 72.7, 72.3, 71.3, 70.6, 70.3, 69.9, 69.2, 67.9, 67.5, 66.5, 65.1, 64.4, 63.4, 62.4, 62.0, 61.0, 60.0, 59.3, 57.9, 57.6, 56.9, 56.6, 55.9, 55.5, 54.8, 52.8, 52.4, 51.8, 50.7, 50.0, 49.7, 48.3, 47.3, 47.0, 46.3, 44.9, 44.2, 42.5, 41.8, 41.1, 40.8, 39.4, 39.1, 37.0, 36.4, 36.0, 35.3, 33.3, 32.599999999999994, 31.900000000000006, 30.5, 29.200000000000003, 28.799999999999997, 27.400000000000006, 26.799999999999997, 25.700000000000003, 24.700000000000003, 24.400000000000006, 23.299999999999997, 23.0, 22.299999999999997, 19.200000000000003, 18.5, 17.900000000000006, 16.799999999999997, 16.099999999999994, 15.799999999999997, 14.799999999999997, 13.700000000000003, 13.099999999999994, 12.700000000000003, 12.400000000000006, 11.400000000000006, 11.0, 10.299999999999997, 10.0, 9.0, 8.599999999999994, 7.900000000000006, 7.200000000000003, 6.900000000000006, 6.599999999999994, 5.900000000000006, 5.5, 5.200000000000003, 4.799999999999997, 4.200000000000003, 3.799999999999997, 2.799999999999997, 2.0999999999999943, 1.7999999999999972, 1.0999999999999943, 0.7000000000000028, 0.4000000000000057, 0.0, -0.29999999999999716], "x": [783, 848, 879, 886, 894, 898, 910, 927, 934, 940, 942, 943, 945, 950, 960, 962, 966, 968, 969, 972, 979, 982, 984, 1006, 1007, 1008, 1016, 1022, 1031, 1038, 1042, 1052, 1055, 1056, 1068, 1076, 1077, 1078, 1085, 1086, 1095, 1098, 1100, 1101, 1115, 1120, 1128, 1129, 1130, 1137, 1138, 1140, 1145, 1149, 1152, 1153, 1160, 1169, 1172, 1177, 1178, 1180, 1186, 1187, 1193, 1194, 1195, 1197, 1198, 1201, 1202, 1203, 1204, 1205, 1206, 1207, 1209, 1210, 1211, 1212, 1213, 1214, 1215, 1216, 1217, 1218, 1219, 1220, 1222, 1223, 1224, 1225, 1226, 1227, 1228, 1229, 1230, 1231, 1232, 1233, 1234, 1235, 1236, 1237, 1238, 1239, 1240, 1241, 1242, 1243, 1244, 1245, 1246, 1247, 1248, 1249, 1250, 1251, 1252, 1253, 1254, 1255, 1256, 1257, 1258, 1259, 1260, 1261, 1262, 1263, 1264, 1265, 1266, 1267, 1268, 1270, 1271, 1272, 1273, 1274, 1275, 1277, 1278, 1279, 1280, 1281, 1282, 1283, 1285, 1286, 1289, 1290, 1293, 1294, 1296, 1297, 1298, 1299, 1300, 1301, 1302, 1309, 1315, 1320, 1323, 1335]}}