{"histogram": {"y": [1, 1, 0, 0, 1, 0, 0, 0, 1, 0, 1, 1, 2, 3, 1, 1, 0, 2, 1, 1, 0, 0, 1, 1, 0, 1, 1, 3, 2, 2, 1, 16, 5, 4, 4, 1, 1, 0, 0, 0, 0, 0, 0, 0, 0, 1, 0], "x": [735.0, 750.0, 765.0, 780.0, 795.0, 810.0, 825.0, 840.0, 855.0, 870.0, 885.0, 900.0, 915.0, 930.0, 945.0, 960.0, 975.0, 990.0, 1005.0, 1020.0, 1035.0, 1050.0, 1065.0, 1080.0, 1095.0, 1110.0, 1125.0, 1140.0, 1155.0, 1170.0, 1185.0, 1200.0, 1215.0, 1230.0, 1245.0, 1260.0, 1275.0, 1290.0, 1305.0, 1320.0, 1335.0, 1350.0, 1365.0, 1380.0, 1395.0, 1410.0, 1425.0]}, "percentile": {"y": [98.4, 96.7, 95.0, 93.4, 91.7, 90.0, 88.4, 86.7, 85.0, 83.4, 81.7, 80.0, 78.4, 76.7, 75.0, 73.4, 71.7, 70.0, 68.4, 66.7, 65.0, 63.4, 61.7, 60.0, 58.4, 56.7, 55.0, 53.4, 51.7, 50.0, 46.7, 45.0, 38.4, 36.7, 33.400000000000006, 31.700000000000003, 30.0, 26.700000000000003, 25.0, 23.400000000000006, 21.700000000000003, 20.0, 16.700000000000003, 15.0, 13.400000000000006, 11.700000000000003, 10.0, 8.400000000000006, 6.700000000000003, 5.0, 3.4000000000000057, 1.7000000000000028, 0.0, -1.5999999999999943], "x": [745, 761, 804, 856, 897, 902, 918, 922, 931, 939, 942, 949, 974, 992, 996, 1015, 1031, 1077, 1089, 1121, 1135, 1142, 1147, 1152, 1156, 1167, 1174, 1182, 1192, 1200, 1201, 1203, 1206, 1208, 1209, 1210, 1211, 1212, 1214, 1217, 1218, 1223, 1225, 1230, 1234, 1240, 1243, 1247, 1251, 1252, 1253, 1269, 1277, 1424]}}