{"histogram": {"y": [3, 0, 0, 0, 1, 2, 1, 0, 2, 2, 1, 1, 1, 4, 1, 0, 2, 2, 0, 1, 1, 2, 5, 7, 9, 6, 2, 4, 1, 0], "x": [855.0, 870.0, 885.0, 900.0, 915.0, 930.0, 945.0, 960.0, 975.0, 990.0, 1005.0, 1020.0, 1035.0, 1050.0, 1065.0, 1080.0, 1095.0, 1110.0, 1125.0, 1140.0, 1155.0, 1170.0, 1185.0, 1200.0, 1215.0, 1230.0, 1245.0, 1260.0, 1275.0, 1290.0]}, "percentile": {"y": [98.4, 96.7, 95.0, 93.4, 91.7, 90.0, 88.4, 86.7, 85.0, 83.4, 81.7, 80.0, 78.4, 76.7, 75.0, 73.4, 71.7, 70.0, 68.4, 66.7, 65.0, 63.4, 61.7, 60.0, 58.4, 56.7, 55.0, 53.4, 51.7, 50.0, 48.4, 46.7, 45.0, 43.4, 41.7, 40.0, 36.7, 35.0, 30.0, 28.400000000000006, 26.700000000000003, 23.400000000000006, 20.0, 18.400000000000006, 16.700000000000003, 15.0, 13.400000000000006, 10.0, 8.400000000000006, 6.700000000000003, 5.0, 3.4000000000000057, 1.7000000000000028, 0.0, -1.5999999999999943], "x": [855, 856, 864, 920, 930, 943, 949, 982, 984, 990, 991, 1017, 1020, 1036, 1052, 1058, 1062, 1063, 1079, 1098, 1099, 1114, 1116, 1147, 1166, 1174, 1179, 1185, 1186, 1193, 1196, 1199, 1203, 1205, 1208, 1210, 1213, 1214, 1215, 1218, 1219, 1220, 1225, 1233, 1234, 1237, 1240, 1242, 1247, 1255, 1260, 1262, 1265, 1269, 1282]}}