{"histogram": {"y": [1, 0, 0, 0, 0, 0, 0, 0, 0, 0, 1, 0, 0, 0, 0, 0, 0, 0, 0, 1, 1, 0, 0, 0, 2, 0, 1, 1, 2, 1, 1, 0, 1, 1, 4, 2, 4, 1, 2], "x": [690.0, 705.0, 720.0, 735.0, 750.0, 765.0, 780.0, 795.0, 810.0, 825.0, 840.0, 855.0, 870.0, 885.0, 900.0, 915.0, 930.0, 945.0, 960.0, 975.0, 990.0, 1005.0, 1020.0, 1035.0, 1050.0, 1065.0, 1080.0, 1095.0, 1110.0, 1125.0, 1140.0, 1155.0, 1170.0, 1185.0, 1200.0, 1215.0, 1230.0, 1245.0, 1260.0]}, "percentile": {"y": [96.2, 92.4, 88.5, 84.7, 80.8, 77.0, 73.1, 69.3, 65.4, 61.6, 57.7, 53.9, 50.0, 46.2, 42.4, 38.5, 34.7, 30.799999999999997, 27.0, 23.099999999999994, 19.299999999999997, 15.400000000000006, 11.599999999999994, 7.700000000000003, 3.9000000000000057, 0.0, -3.799999999999997], "x": [702, 841, 978, 1003, 1055, 1063, 1088, 1102, 1116, 1123, 1127, 1140, 1180, 1188, 1201, 1206, 1209, 1212, 1215, 1228, 1234, 1235, 1237, 1244, 1250, 1264, 1271]}}