{"percentile": {"y": [98.9, 97.7, 96.5, 95.3, 94.1, 92.9, 91.7, 90.5, 89.3, 88.1, 87.0, 85.8, 83.4, 82.2, 81.0, 79.8, 78.6, 76.2, 75.0, 71.5, 70.3, 69.1, 66.7, 65.5, 64.3, 63.1, 62.0, 59.6, 54.8, 53.6, 52.4, 51.2, 50.0, 48.9, 46.5, 44.1, 42.9, 41.7, 40.5, 39.3, 37.0, 35.8, 34.599999999999994, 32.2, 31.0, 28.599999999999994, 25.0, 23.900000000000006, 22.700000000000003, 21.5, 20.299999999999997, 19.099999999999994, 17.900000000000006, 16.700000000000003, 14.299999999999997, 13.099999999999994, 12.0, 10.799999999999997, 9.599999999999994, 7.200000000000003, 6.0, 4.799999999999997, 3.5999999999999943, 2.4000000000000057, 1.2000000000000028, -1.0999999999999943], "x": [944, 990, 1018, 1061, 1075, 1093, 1120, 1129, 1131, 1138, 1158, 1170, 1172, 1195, 1196, 1199, 1205, 1209, 1210, 1212, 1214, 1215, 1216, 1221, 1222, 1223, 1224, 1225, 1228, 1231, 1232, 1233, 1235, 1236, 1237, 1238, 1239, 1240, 1243, 1247, 1249, 1250, 1251, 1255, 1257, 1258, 1262, 1263, 1265, 1266, 1269, 1270, 1273, 1274, 1275, 1280, 1281, 1288, 1289, 1290, 1300, 1307, 1326, 1362, 1415, 1424]}, "histogram": {"y": [1, 0, 1, 1, 0, 0, 2, 1, 0, 4, 1, 3, 3, 11, 20, 12, 12, 6, 2, 1, 0, 1, 0, 1, 2, 0], "x": [960.0, 980.0, 1000.0, 1020.0, 1040.0, 1060.0, 1080.0, 1100.0, 1120.0, 1140.0, 1160.0, 1180.0, 1200.0, 1220.0, 1240.0, 1260.0, 1280.0, 1300.0, 1320.0, 1340.0, 1360.0, 1380.0, 1400.0, 1420.0, 1440.0]}}