{"histogram": {"y": [1, 2, 0, 0, 1, 0, 3, 2, 1, 4, 3, 4, 4, 7, 4, 6, 15, 7, 5, 9, 11, 6, 11, 12, 22, 14, 9, 19, 27, 27, 63, 52, 36, 38, 29, 11, 4, 3, 3, 0, 0, 1, 0, 0, 2, 0], "x": [750.0, 765.0, 780.0, 795.0, 810.0, 825.0, 840.0, 855.0, 870.0, 885.0, 900.0, 915.0, 930.0, 945.0, 960.0, 975.0, 990.0, 1005.0, 1020.0, 1035.0, 1050.0, 1065.0, 1080.0, 1095.0, 1110.0, 1125.0, 1140.0, 1155.0, 1170.0, 1185.0, 1200.0, 1215.0, 1230.0, 1245.0, 1260.0, 1275.0, 1290.0, 1305.0, 1320.0, 1335.0, 1350.0, 1365.0, 1380.0, 1395.0, 1410.0, 1425.0]}, "percentile": {"y": [99.8, 99.6, 99.4, 99.2, 99.0, 98.8, 98.6, 98.4, 98.2, 98.0, 97.7, 97.5, 97.3, 97.1, 96.9, 96.7, 96.5, 96.3, 95.9, 95.6, 95.4, 95.2, 95.0, 94.8, 94.6, 94.2, 94.0, 93.6, 93.3, 93.1, 92.9, 92.7, 92.5, 92.3, 92.1, 91.9, 91.5, 91.2, 90.4, 90.2, 90.0, 89.6, 88.9, 88.7, 88.1, 87.9, 87.5, 87.3, 86.8, 86.6, 86.2, 86.0, 85.8, 85.6, 85.4, 85.2, 85.0, 84.7, 84.5, 84.3, 84.1, 83.7, 83.5, 83.3, 83.1, 82.6, 82.4, 82.2, 82.0, 81.8, 81.4, 81.2, 81.0, 80.8, 80.6, 80.3, 80.1, 79.5, 79.1, 78.5, 78.2, 78.0, 77.8, 77.6, 77.4, 77.2, 77.0, 76.6, 76.2, 75.7, 75.3, 75.1, 74.5, 74.3, 73.6, 73.4, 73.0, 72.4, 72.0, 71.7, 71.1, 70.7, 70.3, 70.1, 69.9, 69.7, 69.2, 69.0, 68.4, 68.2, 68.0, 67.8, 67.3, 66.9, 66.7, 66.5, 66.3, 65.9, 65.5, 65.2, 64.4, 64.2, 63.8, 63.4, 62.9, 62.5, 62.3, 61.9, 61.7, 61.1, 60.2, 60.0, 59.6, 59.2, 58.1, 57.7, 57.1, 56.9, 56.7, 56.2, 55.8, 55.4, 54.8, 54.3, 53.9, 53.5, 53.3, 53.1, 52.7, 52.3, 51.8, 51.4, 50.8, 50.6, 50.4, 50.2, 49.5, 49.1, 48.1, 47.2, 46.0, 44.7, 43.4, 42.2, 41.6, 40.7, 39.5, 38.6, 37.4, 35.5, 35.099999999999994, 34.599999999999994, 33.8, 33.599999999999994, 33.400000000000006, 33.2, 32.8, 32.099999999999994, 31.099999999999994, 29.400000000000006, 29.200000000000003, 28.599999999999994, 27.299999999999997, 26.5, 25.599999999999994, 25.0, 24.799999999999997, 24.200000000000003, 23.700000000000003, 23.5, 22.900000000000006, 22.5, 22.099999999999994, 21.0, 20.799999999999997, 20.200000000000003, 19.299999999999997, 18.900000000000006, 18.5, 17.700000000000003, 17.0, 16.799999999999997, 16.200000000000003, 15.400000000000006, 14.5, 13.900000000000006, 12.799999999999997, 12.200000000000003, 12.0, 11.599999999999994, 11.0, 10.700000000000003, 10.299999999999997, 8.400000000000006, 7.799999999999997, 7.200000000000003, 7.0, 6.5, 5.900000000000006, 5.5, 5.299999999999997, 4.900000000000006, 4.5, 3.5999999999999943, 3.4000000000000057, 2.799999999999997, 2.5999999999999943, 2.4000000000000057, 2.0999999999999943, 1.7000000000000028, 1.5, 1.2999999999999972, 1.0999999999999943, 0.7000000000000028, 0.5, 0.29999999999999716, 0.0, -0.20000000000000284], "x": [752, 775, 778, 822, 841, 848, 849, 855, 864, 870, 886, 888, 894, 898, 903, 904, 912, 915, 919, 923, 933, 938, 943, 944, 949, 950, 954, 955, 957, 962, 968, 971, 972, 978, 979, 983, 985, 988, 990, 993, 996, 998, 999, 1001, 1002, 1005, 1013, 1015, 1017, 1018, 1020, 1025, 1026, 1031, 1036, 1039, 1040, 1041, 1043, 1044, 1046, 1048, 1050, 1054, 1057, 1059, 1060, 1061, 1062, 1063, 1064, 1065, 1067, 1073, 1075, 1078, 1079, 1080, 1082, 1083, 1088, 1089, 1091, 1095, 1097, 1098, 1101, 1103, 1104, 1105, 1109, 1111, 1112, 1114, 1115, 1117, 1118, 1120, 1121, 1122, 1123, 1124, 1125, 1126, 1127, 1129, 1130, 1132, 1133, 1134, 1136, 1139, 1142, 1143, 1147, 1148, 1149, 1153, 1155, 1157, 1158, 1160, 1161, 1162, 1165, 1167, 1168, 1169, 1172, 1173, 1174, 1175, 1176, 1177, 1178, 1180, 1181, 1182, 1183, 1184, 1185, 1186, 1187, 1188, 1189, 1190, 1191, 1193, 1194, 1195, 1196, 1197, 1198, 1199, 1200, 1201, 1202, 1203, 1204, 1205, 1206, 1207, 1208, 1209, 1210, 1211, 1212, 1213, 1214, 1215, 1216, 1217, 1218, 1219, 1220, 1221, 1222, 1223, 1224, 1225, 1226, 1227, 1228, 1229, 1230, 1232, 1233, 1234, 1235, 1236, 1237, 1238, 1239, 1240, 1241, 1242, 1243, 1244, 1245, 1246, 1247, 1248, 1249, 1250, 1251, 1252, 1253, 1254, 1255, 1256, 1259, 1260, 1261, 1265, 1266, 1268, 1269, 1270, 1271, 1272, 1273, 1274, 1275, 1277, 1279, 1280, 1284, 1294, 1295, 1300, 1305, 1307, 1318, 1320, 1326, 1370, 1421, 1424]}}