{"histogram": {"y": [1, 0, 0, 0, 0, 0, 0, 0, 0, 0, 0, 2, 0, 0, 3, 0, 0, 2, 1, 0, 2, 1, 1, 0, 4, 2, 11, 5, 3, 1, 0], "x": [720.0, 740.0, 760.0, 780.0, 800.0, 820.0, 840.0, 860.0, 880.0, 900.0, 920.0, 940.0, 960.0, 980.0, 1000.0, 1020.0, 1040.0, 1060.0, 1080.0, 1100.0, 1120.0, 1140.0, 1160.0, 1180.0, 1200.0, 1220.0, 1240.0, 1260.0, 1280.0, 1300.0]}, "percentile": {"y": [97.4, 94.8, 92.2, 89.5, 86.9, 84.3, 81.6, 79.0, 76.4, 71.1, 68.5, 65.8, 60.6, 57.9, 55.3, 52.7, 50.0, 42.2, 39.5, 36.9, 34.3, 31.599999999999994, 29.0, 26.400000000000006, 23.700000000000003, 21.099999999999994, 18.5, 15.799999999999997, 13.200000000000003, 10.599999999999994, 7.900000000000006, 5.299999999999997, 2.700000000000003, 0.0, -2.5999999999999943], "x": [700, 928, 938, 984, 996, 998, 1048, 1050, 1061, 1106, 1137, 1142, 1184, 1195, 1197, 1204, 1211, 1225, 1227, 1228, 1232, 1233, 1234, 1235, 1236, 1238, 1240, 1245, 1254, 1255, 1257, 1270, 1274, 1279, 1295]}}