{"histogram": {"y": [1, 0, 1, 2, 0, 2, 1, 2, 3, 0, 1, 2, 0, 1, 2, 2, 3, 6, 16, 6, 2, 3, 0, 1], "x": [860.0, 880.0, 900.0, 920.0, 940.0, 960.0, 980.0, 1000.0, 1020.0, 1040.0, 1060.0, 1080.0, 1100.0, 1120.0, 1140.0, 1160.0, 1180.0, 1200.0, 1220.0, 1240.0, 1260.0, 1280.0, 1300.0]}, "percentile": {"y": [98.3, 96.5, 94.7, 92.9, 91.1, 89.3, 87.5, 85.8, 84.0, 82.2, 80.4, 78.6, 76.8, 75.0, 73.3, 71.5, 69.7, 67.9, 66.1, 64.3, 62.5, 60.8, 59.0, 57.2, 55.4, 51.8, 50.0, 48.3, 46.5, 44.7, 42.9, 41.1, 39.3, 37.5, 35.8, 30.400000000000006, 28.599999999999994, 23.299999999999997, 19.700000000000003, 17.900000000000006, 16.099999999999994, 12.5, 10.799999999999997, 9.0, 7.200000000000003, 5.400000000000006, 3.5999999999999943, 1.7999999999999972, 0.0, -1.7000000000000028], "x": [854, 888, 909, 911, 946, 954, 965, 987, 999, 1005, 1014, 1016, 1047, 1068, 1076, 1118, 1129, 1132, 1140, 1158, 1160, 1166, 1179, 1181, 1182, 1188, 1190, 1193, 1200, 1201, 1203, 1204, 1205, 1207, 1208, 1210, 1211, 1215, 1218, 1220, 1221, 1223, 1225, 1233, 1243, 1244, 1267, 1268, 1270, 1301]}}