{"percentile": {"y": [99.9, 99.7, 99.5, 99.3, 99.1, 98.9, 98.7, 98.5, 98.3, 98.1, 97.9, 97.7, 97.5, 97.3, 96.9, 96.7, 96.5, 96.4, 96.2, 96.0, 95.8, 95.6, 95.4, 95.2, 95.0, 94.6, 94.4, 94.2, 94.0, 93.8, 93.6, 93.4, 93.2, 93.0, 92.9, 92.7, 92.5, 92.3, 92.1, 91.7, 91.5, 91.3, 91.1, 90.9, 90.5, 89.7, 89.3, 89.2, 88.8, 88.4, 88.2, 88.0, 87.6, 87.4, 87.2, 87.0, 86.8, 86.6, 86.2, 86.0, 85.7, 85.5, 85.3, 84.9, 84.5, 84.1, 83.7, 83.5, 83.1, 82.9, 82.3, 82.0, 81.6, 81.4, 81.2, 81.0, 80.8, 80.6, 80.4, 80.0, 79.6, 79.4, 79.2, 79.0, 78.5, 78.3, 78.1, 77.7, 77.5, 77.3, 77.1, 76.9, 76.7, 76.5, 76.3, 76.1, 75.9, 75.7, 75.5, 75.3, 75.1, 74.8, 74.4, 74.2, 73.4, 73.2, 73.0, 72.8, 72.6, 72.2, 72.0, 71.8, 71.6, 71.5, 71.1, 70.7, 70.5, 69.9, 69.3, 68.9, 68.7, 68.5, 68.1, 67.6, 67.4, 67.0, 66.6, 66.4, 65.8, 65.6, 65.2, 65.0, 64.6, 64.4, 64.3, 64.1, 63.9, 63.7, 63.5, 63.1, 62.7, 62.5, 62.1, 61.9, 61.7, 61.5, 61.3, 60.8, 60.6, 60.4, 60.0, 59.8, 59.6, 59.4, 59.2, 59.0, 58.2, 58.0, 57.8, 57.1, 56.3, 55.7, 55.5, 55.1, 54.7, 54.5, 54.3, 54.1, 53.9, 53.6, 53.2, 53.0, 52.6, 52.4, 52.0, 51.8, 51.0, 50.2, 50.0, 49.1, 48.7, 48.5, 47.9, 47.7, 47.1, 46.9, 45.4, 45.2, 43.6, 42.7, 41.9, 40.7, 40.5, 38.6, 37.2, 34.900000000000006, 33.7, 32.3, 31.0, 30.799999999999997, 30.200000000000003, 29.799999999999997, 29.599999999999994, 29.200000000000003, 28.799999999999997, 28.5, 28.299999999999997, 27.900000000000006, 27.5, 27.299999999999997, 26.900000000000006, 25.900000000000006, 24.799999999999997, 23.599999999999994, 23.0, 22.799999999999997, 21.799999999999997, 21.599999999999994, 21.299999999999997, 20.299999999999997, 18.900000000000006, 18.299999999999997, 17.599999999999994, 17.400000000000006, 17.200000000000003, 17.0, 16.799999999999997, 16.400000000000006, 15.799999999999997, 15.0, 14.799999999999997, 14.400000000000006, 14.099999999999994, 13.900000000000006, 13.5, 13.099999999999994, 12.5, 12.299999999999997, 11.900000000000006, 11.700000000000003, 10.599999999999994, 9.200000000000003, 9.0, 8.599999999999994, 8.200000000000003, 7.400000000000006, 6.900000000000006, 6.299999999999997, 5.900000000000006, 5.299999999999997, 4.299999999999997, 3.700000000000003, 3.4000000000000057, 2.799999999999997, 2.200000000000003, 2.0, 1.5999999999999943, 1.4000000000000057, 1.2000000000000028, 1.0, 0.7999999999999972, 0.5999999999999943, 0.4000000000000057, 0.20000000000000284, 0.0, -0.09999999999999432], "x": [719, 763, 778, 789, 796, 820, 823, 831, 832, 833, 837, 840, 850, 852, 859, 860, 861, 862, 874, 877, 878, 879, 880, 886, 889, 890, 896, 899, 900, 902, 904, 906, 911, 915, 921, 925, 926, 927, 928, 931, 938, 941, 946, 948, 953, 954, 955, 959, 965, 971, 979, 980, 981, 982, 984, 986, 990, 992, 993, 999, 1000, 1001, 1003, 1008, 1009, 1010, 1014, 1016, 1017, 1018, 1019, 1020, 1025, 1026, 1028, 1029, 1030, 1033, 1034, 1035, 1037, 1038, 1039, 1040, 1041, 1042, 1048, 1049, 1050, 1051, 1052, 1054, 1055, 1059, 1060, 1061, 1063, 1064, 1065, 1068, 1070, 1072, 1073, 1074, 1075, 1077, 1078, 1079, 1082, 1086, 1092, 1093, 1094, 1095, 1096, 1097, 1099, 1100, 1102, 1103, 1105, 1106, 1107, 1108, 1110, 1111, 1113, 1115, 1116, 1117, 1118, 1120, 1123, 1124, 1127, 1128, 1130, 1131, 1133, 1134, 1135, 1136, 1137, 1138, 1140, 1141, 1143, 1144, 1145, 1150, 1151, 1152, 1153, 1155, 1158, 1159, 1160, 1161, 1164, 1165, 1166, 1167, 1168, 1170, 1174, 1175, 1176, 1177, 1178, 1179, 1180, 1182, 1183, 1185, 1187, 1189, 1192, 1193, 1195, 1196, 1197, 1198, 1199, 1200, 1201, 1202, 1203, 1204, 1205, 1206, 1207, 1208, 1209, 1210, 1211, 1212, 1213, 1214, 1215, 1216, 1217, 1218, 1219, 1220, 1222, 1223, 1224, 1225, 1226, 1227, 1228, 1229, 1230, 1231, 1232, 1234, 1235, 1236, 1238, 1239, 1240, 1242, 1243, 1244, 1245, 1246, 1247, 1248, 1250, 1251, 1252, 1253, 1255, 1256, 1258, 1259, 1260, 1261, 1262, 1263, 1265, 1266, 1267, 1268, 1269, 1270, 1271, 1272, 1273, 1274, 1275, 1276, 1277, 1278, 1280, 1283, 1288, 1290, 1295, 1302, 1312, 1327, 1330, 1331, 1416, 1424]}, "histogram": {"y": [1, 0, 0, 2, 2, 0, 6, 5, 7, 7, 6, 8, 12, 5, 11, 19, 16, 14, 19, 12, 27, 17, 15, 28, 29, 94, 48, 37, 53, 8, 2, 3, 0, 0, 0, 1, 1], "x": [720.0, 740.0, 760.0, 780.0, 800.0, 820.0, 840.0, 860.0, 880.0, 900.0, 920.0, 940.0, 960.0, 980.0, 1000.0, 1020.0, 1040.0, 1060.0, 1080.0, 1100.0, 1120.0, 1140.0, 1160.0, 1180.0, 1200.0, 1220.0, 1240.0, 1260.0, 1280.0, 1300.0, 1320.0, 1340.0, 1360.0, 1380.0, 1400.0, 1420.0]}}