{"histogram": {"y": [1, 0, 3, 2, 3, 0, 4, 1, 3, 9, 1, 6, 6, 3, 6, 11, 5, 6, 13, 52, 38, 21, 36, 11, 1, 0, 0, 0, 0, 1, 1], "x": [840.0, 860.0, 880.0, 900.0, 920.0, 940.0, 960.0, 980.0, 1000.0, 1020.0, 1040.0, 1060.0, 1080.0, 1100.0, 1120.0, 1140.0, 1160.0, 1180.0, 1200.0, 1220.0, 1240.0, 1260.0, 1280.0, 1300.0, 1320.0, 1340.0, 1360.0, 1380.0, 1400.0, 1420.0]}, "percentile": {"y": [99.6, 99.2, 98.8, 98.4, 98.0, 97.6, 97.2, 96.8, 96.3, 95.9, 95.5, 95.1, 94.7, 94.3, 93.9, 93.5, 93.1, 92.6, 92.2, 91.8, 91.4, 91.0, 90.6, 90.2, 89.8, 89.4, 88.9, 87.7, 87.3, 86.9, 86.5, 86.1, 85.2, 84.8, 84.4, 84.0, 83.6, 83.2, 82.8, 82.4, 81.9, 81.5, 81.1, 80.7, 80.3, 79.5, 79.1, 78.7, 78.2, 77.8, 77.0, 76.6, 76.2, 75.8, 75.4, 74.9, 74.5, 74.1, 73.7, 73.3, 72.9, 72.5, 72.1, 71.7, 71.2, 70.8, 70.4, 70.0, 69.6, 69.2, 68.4, 68.0, 67.5, 67.1, 66.7, 65.9, 65.1, 64.2, 63.0, 62.6, 60.5, 59.7, 58.9, 57.3, 56.0, 54.0, 51.1, 50.3, 49.0, 47.8, 46.1, 45.7, 44.9, 44.5, 43.3, 42.4, 42.0, 40.8, 39.6, 38.3, 37.9, 37.1, 35.0, 34.599999999999994, 33.400000000000006, 32.599999999999994, 31.700000000000003, 30.900000000000006, 30.099999999999994, 29.299999999999997, 28.900000000000006, 28.0, 26.799999999999997, 26.400000000000006, 25.599999999999994, 24.299999999999997, 23.099999999999994, 22.700000000000003, 22.299999999999997, 21.400000000000006, 21.0, 20.599999999999994, 20.200000000000003, 19.799999999999997, 19.400000000000006, 19.0, 18.200000000000003, 15.700000000000003, 15.299999999999997, 14.0, 13.599999999999994, 12.0, 11.599999999999994, 9.900000000000006, 8.299999999999997, 7.5, 6.200000000000003, 5.400000000000006, 2.5, 2.0999999999999943, 1.7000000000000028, 1.2999999999999972, 0.9000000000000057, 0.5, 0.0, -0.4000000000000057], "x": [828, 865, 873, 874, 892, 899, 903, 905, 915, 950, 954, 956, 958, 978, 981, 990, 995, 1002, 1005, 1006, 1012, 1014, 1015, 1016, 1018, 1019, 1030, 1044, 1046, 1052, 1056, 1061, 1065, 1070, 1076, 1077, 1082, 1093, 1095, 1100, 1103, 1109, 1112, 1114, 1117, 1120, 1124, 1125, 1127, 1129, 1130, 1131, 1133, 1137, 1140, 1142, 1145, 1146, 1149, 1164, 1165, 1170, 1171, 1172, 1174, 1180, 1182, 1183, 1184, 1186, 1187, 1194, 1195, 1196, 1197, 1199, 1200, 1201, 1202, 1203, 1205, 1206, 1207, 1208, 1209, 1210, 1211, 1212, 1213, 1214, 1215, 1216, 1217, 1218, 1220, 1221, 1222, 1223, 1225, 1227, 1228, 1229, 1230, 1231, 1232, 1233, 1234, 1235, 1236, 1237, 1238, 1240, 1241, 1243, 1248, 1249, 1250, 1252, 1254, 1255, 1257, 1258, 1259, 1260, 1262, 1263, 1264, 1265, 1268, 1269, 1270, 1271, 1273, 1274, 1275, 1277, 1278, 1279, 1280, 1282, 1285, 1287, 1290, 1310, 1414, 1424]}}