{"percentile": {"y": [98.1, 96.1, 94.2, 92.2, 90.2, 88.3, 86.3, 84.4, 82.4, 80.4, 78.5, 76.5, 74.6, 72.6, 70.6, 68.7, 66.7, 64.8, 62.8, 60.8, 58.9, 56.9, 53.0, 51.0, 49.1, 47.1, 45.1, 43.2, 41.2, 37.3, 35.3, 33.400000000000006, 31.400000000000006, 29.5, 27.5, 25.5, 23.599999999999994, 21.599999999999994, 19.700000000000003, 17.700000000000003, 13.799999999999997, 11.799999999999997, 7.900000000000006, 5.900000000000006, 4.0, 2.0, 0.0, -1.9000000000000057], "x": [886, 941, 957, 1009, 1017, 1025, 1034, 1038, 1058, 1059, 1095, 1096, 1099, 1101, 1108, 1109, 1132, 1136, 1139, 1156, 1192, 1200, 1205, 1208, 1212, 1213, 1214, 1216, 1221, 1229, 1235, 1239, 1257, 1260, 1261, 1265, 1266, 1268, 1270, 1274, 1275, 1276, 1280, 1287, 1300, 1308, 1309, 1415]}, "histogram": {"y": [1, 0, 0, 1, 1, 0, 0, 0, 2, 2, 1, 2, 0, 0, 6, 0, 3, 0, 1, 0, 1, 7, 4, 2, 1, 7, 6, 1, 2, 0, 0, 0, 0, 0, 0, 1, 0], "x": [885.0, 900.0, 915.0, 930.0, 945.0, 960.0, 975.0, 990.0, 1005.0, 1020.0, 1035.0, 1050.0, 1065.0, 1080.0, 1095.0, 1110.0, 1125.0, 1140.0, 1155.0, 1170.0, 1185.0, 1200.0, 1215.0, 1230.0, 1245.0, 1260.0, 1275.0, 1290.0, 1305.0, 1320.0, 1335.0, 1350.0, 1365.0, 1380.0, 1395.0, 1410.0, 1425.0]}}