{"histogram": {"y": [1, 0, 0, 1, 0, 1, 0, 0, 0, 0, 0, 0, 0, 1, 0, 1, 0, 1, 2, 3, 3, 3, 2, 2, 2], "x": [800.0, 820.0, 840.0, 860.0, 880.0, 900.0, 920.0, 940.0, 960.0, 980.0, 1000.0, 1020.0, 1040.0, 1060.0, 1080.0, 1100.0, 1120.0, 1140.0, 1160.0, 1180.0, 1200.0, 1220.0, 1240.0, 1260.0]}, "percentile": {"y": [95.5, 91.0, 86.4, 81.9, 77.3, 72.8, 68.2, 63.7, 59.1, 54.6, 50.0, 45.5, 41.0, 36.4, 31.900000000000006, 27.299999999999997, 22.799999999999997, 18.200000000000003, 13.700000000000003, 9.099999999999994, 4.599999999999994, 0.0, -4.5], "x": [798, 852, 881, 1043, 1097, 1137, 1141, 1158, 1163, 1175, 1178, 1181, 1187, 1192, 1208, 1211, 1215, 1227, 1239, 1252, 1253, 1265, 1270]}}