{"histogram": {"y": [1, 0, 0, 0, 0, 0, 0, 0, 0, 2, 0, 0, 0, 0, 0, 0, 0, 1, 1, 0, 1, 0, 0, 1, 0, 1, 1, 1, 0, 0, 2, 0, 0, 0, 0, 1, 0, 1], "x": [720.0, 735.0, 750.0, 765.0, 780.0, 795.0, 810.0, 825.0, 840.0, 855.0, 870.0, 885.0, 900.0, 915.0, 930.0, 945.0, 960.0, 975.0, 990.0, 1005.0, 1020.0, 1035.0, 1050.0, 1065.0, 1080.0, 1095.0, 1110.0, 1125.0, 1140.0, 1155.0, 1170.0, 1185.0, 1200.0, 1215.0, 1230.0, 1245.0, 1260.0, 1275.0]}, "percentile": {"y": [92.4, 84.7, 77.0, 69.3, 61.6, 53.9, 46.2, 38.5, 30.799999999999997, 23.099999999999994, 15.400000000000006, 7.700000000000003, 0.0, -7.599999999999994], "x": [727, 855, 869, 979, 991, 1022, 1079, 1097, 1114, 1132, 1172, 1177, 1246, 1281]}}