{"percentile": {"y": [99.7, 99.4, 99.1, 98.8, 98.5, 98.2, 97.8, 97.5, 97.2, 96.9, 96.6, 96.3, 96.0, 95.6, 95.3, 95.0, 94.7, 94.4, 93.8, 93.4, 93.1, 92.8, 92.5, 92.2, 91.9, 91.6, 91.2, 90.9, 90.3, 89.7, 89.4, 89.0, 88.7, 87.8, 86.8, 86.5, 86.2, 85.9, 85.6, 85.3, 85.0, 84.6, 84.0, 83.4, 83.1, 82.4, 82.1, 81.5, 81.2, 79.9, 79.6, 79.3, 79.0, 78.7, 78.4, 78.0, 77.7, 77.4, 77.1, 76.5, 75.8, 75.5, 75.2, 74.9, 74.6, 74.3, 73.9, 72.7, 72.4, 71.4, 71.1, 70.8, 70.5, 70.2, 69.5, 68.9, 68.0, 67.7, 67.3, 66.4, 66.1, 65.8, 65.5, 64.8, 63.9, 63.6, 63.3, 62.9, 62.6, 62.3, 62.0, 61.7, 61.4, 61.1, 60.7, 60.1, 59.8, 59.2, 58.9, 58.2, 57.9, 57.3, 57.0, 56.7, 56.3, 56.0, 55.4, 55.1, 54.5, 54.1, 53.5, 52.9, 51.9, 51.3, 50.7, 49.7, 47.8, 45.6, 44.7, 42.2, 39.7, 38.4, 37.2, 36.8, 36.2, 35.599999999999994, 35.3, 35.0, 34.599999999999994, 34.3, 34.0, 32.8, 31.799999999999997, 30.900000000000006, 29.599999999999994, 28.400000000000006, 28.0, 27.400000000000006, 26.799999999999997, 26.200000000000003, 25.5, 24.900000000000006, 23.900000000000006, 23.0, 22.099999999999994, 21.700000000000003, 21.400000000000006, 20.799999999999997, 20.5, 19.5, 18.599999999999994, 18.0, 17.299999999999997, 16.700000000000003, 16.099999999999994, 14.5, 12.900000000000006, 12.0, 11.700000000000003, 11.099999999999994, 10.700000000000003, 10.400000000000006, 7.900000000000006, 7.599999999999994, 7.299999999999997, 6.0, 5.700000000000003, 5.099999999999994, 4.5, 4.099999999999994, 3.799999999999997, 3.5, 3.200000000000003, 2.9000000000000057, 2.5999999999999943, 2.299999999999997, 1.9000000000000057, 1.5999999999999943, 1.0, 0.7000000000000028, 0.4000000000000057, 0.0, -0.29999999999999716], "x": [776, 797, 820, 828, 839, 857, 886, 896, 906, 917, 926, 927, 938, 945, 947, 950, 952, 953, 957, 966, 971, 974, 975, 983, 994, 996, 999, 1003, 1015, 1019, 1021, 1022, 1024, 1025, 1029, 1030, 1033, 1041, 1047, 1052, 1054, 1058, 1059, 1060, 1061, 1066, 1073, 1075, 1081, 1082, 1086, 1088, 1090, 1092, 1093, 1095, 1099, 1102, 1103, 1105, 1106, 1108, 1112, 1118, 1120, 1121, 1124, 1125, 1127, 1128, 1131, 1132, 1133, 1134, 1135, 1136, 1137, 1139, 1140, 1144, 1145, 1147, 1148, 1149, 1150, 1156, 1159, 1161, 1162, 1163, 1164, 1165, 1169, 1171, 1172, 1173, 1174, 1175, 1176, 1179, 1181, 1186, 1189, 1191, 1192, 1196, 1197, 1198, 1201, 1202, 1203, 1204, 1205, 1206, 1207, 1208, 1209, 1210, 1211, 1212, 1213, 1214, 1215, 1216, 1217, 1219, 1220, 1221, 1222, 1223, 1225, 1226, 1227, 1228, 1229, 1230, 1231, 1232, 1233, 1235, 1236, 1237, 1238, 1239, 1240, 1241, 1242, 1243, 1245, 1246, 1247, 1248, 1249, 1250, 1251, 1255, 1256, 1257, 1258, 1259, 1261, 1262, 1265, 1266, 1268, 1271, 1272, 1274, 1275, 1277, 1278, 1280, 1284, 1287, 1288, 1292, 1293, 1307, 1320, 1329, 1355, 1390, 1424]}, "histogram": {"y": [1, 0, 1, 1, 2, 0, 1, 0, 2, 1, 3, 1, 7, 3, 2, 4, 4, 11, 2, 8, 5, 10, 9, 5, 20, 12, 8, 11, 9, 53, 28, 28, 31, 19, 8, 2, 1, 3, 0, 1, 0, 1, 0, 1, 0], "x": [765.0, 780.0, 795.0, 810.0, 825.0, 840.0, 855.0, 870.0, 885.0, 900.0, 915.0, 930.0, 945.0, 960.0, 975.0, 990.0, 1005.0, 1020.0, 1035.0, 1050.0, 1065.0, 1080.0, 1095.0, 1110.0, 1125.0, 1140.0, 1155.0, 1170.0, 1185.0, 1200.0, 1215.0, 1230.0, 1245.0, 1260.0, 1275.0, 1290.0, 1305.0, 1320.0, 1335.0, 1350.0, 1365.0, 1380.0, 1395.0, 1410.0, 1425.0]}}