{"histogram": {"x": [680.0, 700.0, 720.0, 740.0, 760.0, 780.0, 800.0, 820.0, 840.0, 860.0, 880.0, 900.0, 920.0, 940.0, 960.0, 980.0, 1000.0, 1020.0, 1040.0, 1060.0, 1080.0, 1100.0, 1120.0, 1140.0, 1160.0, 1180.0, 1200.0, 1220.0, 1240.0, 1260.0, 1280.0, 1300.0, 1320.0, 1340.0], "y": [1, 0, 0, 1, 0, 0, 1, 2, 2, 1, 1, 2, 3, 4, 1, 1, 2, 1, 1, 1, 5, 2, 4, 2, 3, 4, 11, 5, 4, 3, 0, 1, 1, 0]}, "percentile": {"x": [686, 750, 815, 833, 834, 845, 858, 874, 889, 910, 912, 930, 931, 934, 940, 953, 957, 958, 974, 989, 1004, 1017, 1020, 1043, 1074, 1082, 1091, 1092, 1095, 1096, 1102, 1107, 1125, 1134, 1135, 1136, 1146, 1148, 1168, 1173, 1177, 1180, 1186, 1196, 1202, 1208, 1209, 1212, 1214, 1215, 1219, 1225, 1227, 1229, 1232, 1234, 1240, 1256, 1257, 1259, 1266, 1269, 1270, 1300, 1329], "y": [98.6, 97.2, 95.7, 94.3, 92.8, 91.4, 89.9, 88.5, 87.0, 85.6, 84.1, 82.7, 81.2, 79.8, 78.3, 76.9, 75.4, 74.0, 72.5, 71.1, 69.6, 68.2, 66.7, 65.3, 63.8, 62.4, 60.9, 59.5, 58.0, 56.6, 55.1, 53.7, 52.2, 50.8, 49.3, 47.9, 46.4, 45.0, 43.5, 42.1, 40.6, 39.2, 36.3, 34.8, 31.900000000000006, 30.5, 29.0, 27.599999999999994, 24.700000000000003, 20.299999999999997, 18.900000000000006, 17.400000000000006, 16.0, 14.5, 13.099999999999994, 11.599999999999994, 10.200000000000003, 8.700000000000003, 7.299999999999997, 5.799999999999997, 4.400000000000006, 2.9000000000000057, 1.5, 0.0, -1.4000000000000057]}}