{"histogram": {"y": [1, 0, 0, 0, 1, 0, 1, 2, 0, 0, 1, 3, 2, 0, 0, 3, 7, 1, 3, 4, 1], "x": [900.0, 920.0, 940.0, 960.0, 980.0, 1000.0, 1020.0, 1040.0, 1060.0, 1080.0, 1100.0, 1120.0, 1140.0, 1160.0, 1180.0, 1200.0, 1220.0, 1240.0, 1260.0, 1280.0]}, "percentile": {"y": [96.6, 93.2, 89.7, 86.3, 82.8, 79.4, 75.9, 69.0, 65.6, 62.1, 55.2, 51.8, 48.3, 44.9, 41.4, 34.5, 31.099999999999994, 27.599999999999994, 24.200000000000003, 20.700000000000003, 17.299999999999997, 13.799999999999997, 10.400000000000006, 6.900000000000006, 3.5, 0.0, -3.4000000000000057], "x": [893, 963, 1008, 1020, 1027, 1083, 1100, 1108, 1132, 1139, 1185, 1199, 1202, 1206, 1207, 1208, 1211, 1214, 1228, 1245, 1246, 1250, 1265, 1267, 1271, 1277, 1280]}}