{"histogram": {"y": [1, 3, 1, 0, 0, 1, 3, 1, 1, 1, 0, 2, 1, 2, 2, 1, 0, 1, 4, 4, 1, 0, 2, 4, 0, 1, 4, 1], "x": [760.0, 780.0, 800.0, 820.0, 840.0, 860.0, 880.0, 900.0, 920.0, 940.0, 960.0, 980.0, 1000.0, 1020.0, 1040.0, 1060.0, 1080.0, 1100.0, 1120.0, 1140.0, 1160.0, 1180.0, 1200.0, 1220.0, 1240.0, 1260.0, 1280.0]}, "percentile": {"y": [97.6, 95.2, 92.7, 90.3, 87.9, 85.4, 83.0, 80.5, 78.1, 75.7, 73.2, 70.8, 68.3, 65.9, 63.5, 61.0, 58.6, 56.1, 53.7, 51.3, 48.8, 46.4, 44.0, 41.5, 39.1, 36.6, 34.2, 31.799999999999997, 29.299999999999997, 26.900000000000006, 24.400000000000006, 22.0, 19.599999999999994, 17.099999999999994, 14.700000000000003, 12.200000000000003, 9.799999999999997, 7.400000000000006, 4.900000000000006, 2.5, 0.0, -2.4000000000000057], "x": [759, 770, 772, 779, 798, 844, 869, 870, 878, 892, 918, 936, 962, 963, 986, 1000, 1011, 1026, 1033, 1044, 1088, 1105, 1110, 1117, 1118, 1123, 1132, 1133, 1137, 1154, 1182, 1184, 1205, 1209, 1211, 1215, 1250, 1264, 1267, 1273, 1279, 1291]}}