{"percentile": {"x": [700, 807, 924, 928, 931, 939, 952, 957, 1001, 1009, 1015, 1018, 1022, 1023, 1031, 1034, 1049, 1076, 1079, 1090, 1097, 1101, 1103, 1106, 1118, 1119, 1131, 1135, 1153, 1161, 1162, 1173, 1174, 1176, 1179, 1180, 1182, 1193, 1197, 1199, 1205, 1207, 1210, 1211, 1212, 1213, 1214, 1215, 1224, 1228, 1233, 1234, 1236, 1238, 1240, 1242, 1243, 1251, 1254, 1258, 1259, 1260, 1261, 1265, 1272, 1276, 1277, 1280, 1308, 1348], "y": [98.8, 97.5, 96.2, 94.9, 93.6, 92.4, 91.1, 89.8, 88.5, 87.2, 85.9, 84.7, 83.4, 82.1, 79.5, 78.3, 77.0, 75.7, 74.4, 73.1, 71.8, 70.6, 69.3, 68.0, 66.7, 65.4, 64.2, 62.9, 61.6, 60.3, 59.0, 57.7, 56.5, 55.2, 53.9, 51.3, 50.0, 48.8, 47.5, 46.2, 44.9, 43.6, 42.4, 39.8, 38.5, 37.2, 34.7, 32.099999999999994, 29.5, 28.299999999999997, 27.0, 25.700000000000003, 23.099999999999994, 21.799999999999997, 19.299999999999997, 18.0, 16.700000000000003, 15.400000000000006, 14.200000000000003, 12.900000000000006, 11.599999999999994, 10.299999999999997, 9.0, 7.700000000000003, 6.5, 3.9000000000000057, 2.5999999999999943, 1.2999999999999972, 0.0, -1.2000000000000028]}, "histogram": {"x": [690.0, 705.0, 720.0, 735.0, 750.0, 765.0, 780.0, 795.0, 810.0, 825.0, 840.0, 855.0, 870.0, 885.0, 900.0, 915.0, 930.0, 945.0, 960.0, 975.0, 990.0, 1005.0, 1020.0, 1035.0, 1050.0, 1065.0, 1080.0, 1095.0, 1110.0, 1125.0, 1140.0, 1155.0, 1170.0, 1185.0, 1200.0, 1215.0, 1230.0, 1245.0, 1260.0, 1275.0, 1290.0, 1305.0, 1320.0, 1335.0, 1350.0], "y": [1, 0, 0, 0, 0, 0, 0, 1, 0, 0, 0, 0, 0, 0, 0, 2, 2, 2, 0, 0, 1, 3, 5, 1, 0, 2, 1, 4, 2, 2, 1, 2, 7, 3, 9, 5, 9, 4, 4, 4, 0, 1, 0, 1, 0]}}