{"histogram": {"x": [740.0, 760.0, 780.0, 800.0, 820.0, 840.0, 860.0, 880.0, 900.0, 920.0, 940.0, 960.0, 980.0, 1000.0, 1020.0, 1040.0, 1060.0, 1080.0, 1100.0, 1120.0, 1140.0, 1160.0, 1180.0, 1200.0, 1220.0, 1240.0, 1260.0, 1280.0, 1300.0, 1320.0, 1340.0], "y": [1, 0, 0, 0, 0, 0, 0, 1, 0, 2, 0, 0, 0, 2, 1, 1, 0, 1, 0, 1, 1, 0, 0, 1, 6, 8, 1, 2, 1, 0, 2, 0]}, "percentile": {"x": [729, 864, 900, 910, 987, 991, 1019, 1027, 1064, 1107, 1130, 1191, 1205, 1207, 1212, 1215, 1216, 1218, 1220, 1221, 1231, 1232, 1234, 1238, 1240, 1264, 1275, 1290, 1320, 1335], "y": [96.8, 93.6, 90.4, 87.1, 83.9, 80.7, 77.5, 74.2, 71.0, 67.8, 64.6, 61.3, 58.1, 54.9, 51.7, 48.4, 45.2, 42.0, 38.8, 32.3, 29.099999999999994, 25.900000000000006, 22.599999999999994, 16.200000000000003, 13.0, 9.700000000000003, 6.5, 3.299999999999997, 0.0, -3.200000000000003]}}