{"percentile": {"y": [99.2, 98.4, 97.6, 96.8, 96.0, 95.2, 94.4, 93.5, 92.7, 91.1, 90.3, 89.5, 88.7, 87.9, 87.0, 86.2, 84.6, 83.8, 83.0, 82.2, 80.5, 79.7, 78.9, 78.1, 77.3, 76.5, 75.7, 74.8, 74.0, 73.2, 72.4, 71.6, 70.8, 70.0, 69.2, 68.3, 67.5, 66.7, 65.9, 65.1, 64.3, 63.5, 62.7, 61.0, 60.2, 58.6, 57.8, 57.0, 56.1, 55.3, 54.5, 53.7, 52.1, 51.3, 50.5, 49.6, 48.8, 48.0, 47.2, 46.4, 45.6, 44.8, 44.0, 41.5, 39.1, 35.8, 35.0, 34.2, 32.599999999999994, 31.799999999999997, 30.099999999999994, 29.299999999999997, 28.5, 26.900000000000006, 26.099999999999994, 25.299999999999997, 24.400000000000006, 23.599999999999994, 22.799999999999997, 22.0, 21.200000000000003, 18.700000000000003, 17.900000000000006, 16.299999999999997, 14.700000000000003, 13.900000000000006, 13.099999999999994, 12.200000000000003, 11.400000000000006, 10.599999999999994, 9.799999999999997, 9.0, 8.200000000000003, 7.400000000000006, 6.599999999999994, 5.700000000000003, 4.900000000000006, 4.099999999999994, 3.299999999999997, 2.5, 1.7000000000000028, 0.9000000000000057, 0.0, -0.7999999999999972], "x": [836, 837, 838, 853, 867, 872, 888, 930, 933, 939, 958, 960, 972, 976, 988, 991, 995, 999, 1005, 1012, 1015, 1017, 1031, 1046, 1052, 1059, 1063, 1072, 1074, 1085, 1089, 1098, 1102, 1104, 1105, 1108, 1113, 1115, 1116, 1119, 1120, 1122, 1123, 1125, 1128, 1137, 1148, 1149, 1154, 1156, 1157, 1160, 1161, 1162, 1163, 1168, 1176, 1180, 1183, 1184, 1185, 1188, 1201, 1202, 1203, 1204, 1205, 1206, 1207, 1210, 1212, 1213, 1217, 1218, 1219, 1222, 1223, 1224, 1226, 1227, 1228, 1230, 1232, 1235, 1236, 1237, 1241, 1242, 1243, 1245, 1250, 1252, 1253, 1254, 1255, 1261, 1264, 1272, 1275, 1278, 1280, 1317, 1325, 1424]}, "histogram": {"y": [3, 1, 2, 1, 0, 4, 1, 3, 5, 5, 1, 3, 3, 3, 8, 8, 5, 7, 5, 23, 15, 9, 5, 1, 1, 1, 0, 0, 0, 0, 1], "x": [820.0, 840.0, 860.0, 880.0, 900.0, 920.0, 940.0, 960.0, 980.0, 1000.0, 1020.0, 1040.0, 1060.0, 1080.0, 1100.0, 1120.0, 1140.0, 1160.0, 1180.0, 1200.0, 1220.0, 1240.0, 1260.0, 1280.0, 1300.0, 1320.0, 1340.0, 1360.0, 1380.0, 1400.0, 1420.0]}}