{"percentile": {"y": [98.6, 97.2, 95.8, 94.4, 93.0, 91.6, 90.2, 88.8, 87.4, 86.0, 84.6, 83.1, 81.7, 80.3, 78.9, 77.5, 76.1, 74.7, 73.3, 71.9, 70.5, 69.1, 67.7, 66.2, 64.8, 63.4, 62.0, 60.6, 59.2, 57.8, 56.4, 55.0, 52.2, 47.9, 46.5, 42.3, 40.9, 38.1, 36.7, 35.3, 33.900000000000006, 32.400000000000006, 31.0, 29.599999999999994, 28.200000000000003, 25.400000000000006, 24.0, 22.599999999999994, 21.200000000000003, 18.400000000000006, 17.0, 14.099999999999994, 12.700000000000003, 11.299999999999997, 9.900000000000006, 8.5, 5.700000000000003, 4.299999999999997, 2.9000000000000057, 1.5, 0.0, -1.4000000000000057], "x": [761, 855, 908, 915, 948, 950, 956, 1009, 1019, 1032, 1044, 1053, 1055, 1066, 1071, 1072, 1074, 1087, 1094, 1102, 1105, 1113, 1120, 1123, 1138, 1152, 1163, 1168, 1175, 1185, 1186, 1200, 1207, 1210, 1211, 1213, 1215, 1225, 1232, 1233, 1235, 1237, 1241, 1242, 1244, 1245, 1252, 1253, 1263, 1265, 1269, 1270, 1275, 1276, 1280, 1286, 1287, 1291, 1315, 1320, 1330, 1424]}, "histogram": {"y": [1, 0, 0, 0, 0, 0, 0, 1, 0, 0, 1, 1, 0, 3, 0, 0, 0, 2, 1, 1, 2, 4, 2, 2, 3, 1, 1, 2, 1, 2, 10, 3, 7, 4, 6, 6, 1, 1, 2, 0, 0, 0, 0, 0, 1, 0], "x": [750.0, 765.0, 780.0, 795.0, 810.0, 825.0, 840.0, 855.0, 870.0, 885.0, 900.0, 915.0, 930.0, 945.0, 960.0, 975.0, 990.0, 1005.0, 1020.0, 1035.0, 1050.0, 1065.0, 1080.0, 1095.0, 1110.0, 1125.0, 1140.0, 1155.0, 1170.0, 1185.0, 1200.0, 1215.0, 1230.0, 1245.0, 1260.0, 1275.0, 1290.0, 1305.0, 1320.0, 1335.0, 1350.0, 1365.0, 1380.0, 1395.0, 1410.0, 1425.0]}}