{"percentile": {"x": [743, 767, 837, 864, 876, 885, 886, 914, 915, 920, 922, 944, 951, 953, 990, 1006, 1013, 1024, 1030, 1045, 1049, 1053, 1076, 1095, 1097, 1104, 1112, 1115, 1121, 1122, 1125, 1127, 1130, 1132, 1134, 1139, 1144, 1146, 1149, 1150, 1164, 1166, 1171, 1183, 1186, 1194, 1195, 1201, 1202, 1205, 1206, 1207, 1208, 1209, 1210, 1211, 1212, 1213, 1214, 1215, 1217, 1218, 1223, 1224, 1225, 1226, 1227, 1228, 1230, 1231, 1232, 1234, 1235, 1237, 1238, 1240, 1241, 1242, 1245, 1246, 1247, 1250, 1251, 1255, 1256, 1259, 1261, 1263, 1265, 1268, 1270, 1271, 1274, 1276, 1278, 1280, 1293, 1298, 1308], "y": [99.3, 98.5, 97.8, 97.0, 96.3, 95.5, 94.8, 94.0, 93.3, 92.5, 91.8, 91.0, 90.3, 88.8, 88.0, 87.3, 85.8, 85.0, 84.3, 83.5, 82.8, 82.0, 81.3, 80.5, 79.7, 79.0, 78.2, 76.0, 75.2, 74.5, 73.7, 73.0, 72.2, 71.5, 70.7, 70.0, 69.2, 68.5, 67.7, 67.0, 66.2, 65.5, 64.7, 64.0, 63.2, 62.5, 61.7, 61.0, 60.2, 57.9, 56.4, 55.7, 54.2, 52.7, 51.9, 49.7, 48.2, 45.2, 43.7, 40.7, 39.1, 38.4, 37.6, 36.9, 35.400000000000006, 33.900000000000006, 32.400000000000006, 31.599999999999994, 30.900000000000006, 30.099999999999994, 28.599999999999994, 27.900000000000006, 27.099999999999994, 26.400000000000006, 24.900000000000006, 24.099999999999994, 22.599999999999994, 21.900000000000006, 21.099999999999994, 19.599999999999994, 18.799999999999997, 18.099999999999994, 17.299999999999997, 16.599999999999994, 15.799999999999997, 13.599999999999994, 12.099999999999994, 11.299999999999997, 9.099999999999994, 8.299999999999997, 6.799999999999997, 6.099999999999994, 5.299999999999997, 3.799999999999997, 2.299999999999997, 1.5999999999999943, 0.7999999999999972, 0.0, -0.7000000000000028]}, "histogram": {"x": [760.0, 780.0, 800.0, 820.0, 840.0, 860.0, 880.0, 900.0, 920.0, 940.0, 960.0, 980.0, 1000.0, 1020.0, 1040.0, 1060.0, 1080.0, 1100.0, 1120.0, 1140.0, 1160.0, 1180.0, 1200.0, 1220.0, 1240.0, 1260.0, 1280.0, 1300.0, 1320.0], "y": [1, 1, 0, 0, 1, 0, 2, 2, 2, 2, 4, 0, 1, 3, 2, 3, 1, 2, 5, 8, 4, 3, 4, 31, 18, 15, 15, 3, 1, 0]}}