{"histogram": {"y": [1, 0, 2, 2, 1, 2, 1, 6, 2, 5, 3, 7, 11, 14, 14, 13, 20, 14, 15, 14, 17, 22, 20, 19, 14, 19, 17, 21, 17, 60, 27, 23, 33, 8, 2, 1, 1, 0, 0, 1, 1], "x": [640.0, 660.0, 680.0, 700.0, 720.0, 740.0, 760.0, 780.0, 800.0, 820.0, 840.0, 860.0, 880.0, 900.0, 920.0, 940.0, 960.0, 980.0, 1000.0, 1020.0, 1040.0, 1060.0, 1080.0, 1100.0, 1120.0, 1140.0, 1160.0, 1180.0, 1200.0, 1220.0, 1240.0, 1260.0, 1280.0, 1300.0, 1320.0, 1340.0, 1360.0, 1380.0, 1400.0, 1420.0]}, "percentile": {"y": [99.8, 99.6, 99.4, 99.2, 99.0, 98.8, 98.6, 98.3, 98.1, 97.9, 97.7, 97.5, 97.3, 97.1, 96.9, 96.6, 96.4, 96.2, 96.0, 95.8, 95.4, 95.1, 94.9, 94.7, 94.5, 94.3, 93.9, 93.7, 93.4, 93.2, 93.0, 92.6, 92.4, 92.2, 91.9, 91.7, 91.3, 91.1, 90.9, 90.5, 90.2, 89.8, 89.6, 89.4, 89.2, 89.0, 88.5, 87.9, 87.7, 87.5, 87.3, 87.0, 86.6, 86.2, 85.8, 85.6, 85.3, 85.1, 84.9, 84.5, 84.3, 84.1, 83.6, 83.4, 83.0, 82.4, 82.1, 81.9, 81.5, 81.3, 81.1, 80.9, 80.6, 80.2, 80.0, 79.6, 78.9, 78.5, 78.3, 77.9, 77.2, 77.0, 76.8, 76.6, 76.4, 76.2, 76.0, 75.7, 75.3, 74.9, 74.7, 74.5, 74.3, 73.6, 73.2, 73.0, 72.5, 72.3, 71.9, 71.7, 71.3, 71.1, 70.6, 70.4, 70.0, 69.3, 69.1, 68.9, 68.7, 68.1, 67.9, 67.6, 67.2, 66.8, 66.4, 66.1, 65.9, 65.7, 65.5, 65.3, 65.1, 64.7, 64.0, 63.4, 62.9, 62.1, 61.9, 61.5, 61.0, 60.8, 60.6, 60.4, 60.2, 60.0, 59.8, 59.3, 59.1, 58.5, 58.3, 58.0, 57.4, 57.2, 57.0, 56.8, 56.6, 56.3, 56.1, 55.9, 55.7, 55.5, 55.3, 54.8, 54.4, 54.2, 54.0, 53.8, 53.4, 53.1, 52.5, 52.3, 52.1, 51.6, 51.4, 51.2, 51.0, 50.8, 50.6, 50.4, 50.2, 49.7, 49.3, 49.1, 48.5, 48.0, 47.8, 47.6, 47.2, 46.7, 46.5, 46.1, 45.9, 45.5, 45.0, 44.4, 44.2, 44.0, 43.8, 43.5, 43.1, 42.7, 42.3, 42.1, 41.6, 41.4, 41.0, 40.8, 40.3, 40.1, 39.5, 39.1, 38.9, 38.4, 38.0, 37.6, 37.4, 36.9, 36.7, 36.5, 35.900000000000006, 35.7, 35.2, 35.0, 34.599999999999994, 34.2, 34.0, 33.5, 33.3, 32.7, 31.799999999999997, 30.299999999999997, 29.900000000000006, 28.599999999999994, 28.0, 26.700000000000003, 26.299999999999997, 25.599999999999994, 24.400000000000006, 23.900000000000006, 23.700000000000003, 23.099999999999994, 21.599999999999994, 21.200000000000003, 20.900000000000006, 20.5, 20.099999999999994, 19.700000000000003, 19.200000000000003, 18.599999999999994, 18.200000000000003, 17.299999999999997, 16.900000000000006, 16.5, 16.299999999999997, 15.799999999999997, 15.200000000000003, 15.0, 14.799999999999997, 14.299999999999997, 14.099999999999994, 13.700000000000003, 13.299999999999997, 12.799999999999997, 12.400000000000006, 11.799999999999997, 11.099999999999994, 10.700000000000003, 10.5, 10.299999999999997, 10.099999999999994, 9.900000000000006, 9.400000000000006, 9.200000000000003, 8.799999999999997, 8.599999999999994, 7.900000000000006, 7.099999999999994, 6.900000000000006, 6.400000000000006, 5.599999999999994, 5.400000000000006, 5.0, 4.5, 3.200000000000003, 3.0, 2.799999999999997, 2.4000000000000057, 2.200000000000003, 2.0, 1.7999999999999972, 1.5, 1.2999999999999972, 1.0999999999999943, 0.9000000000000057, 0.7000000000000028, 0.5, 0.29999999999999716, 0.0, -0.20000000000000284], "x": [635, 675, 676, 695, 696, 712, 726, 730, 759, 770, 771, 772, 773, 775, 779, 788, 798, 802, 807, 816, 818, 825, 829, 837, 844, 846, 847, 854, 857, 858, 860, 864, 869, 870, 873, 875, 877, 878, 879, 884, 887, 888, 891, 892, 894, 895, 896, 899, 900, 901, 904, 905, 907, 908, 910, 911, 915, 918, 919, 920, 925, 928, 932, 934, 935, 936, 939, 943, 944, 945, 946, 947, 948, 950, 952, 953, 956, 957, 958, 959, 962, 963, 966, 967, 968, 969, 971, 974, 976, 977, 980, 982, 983, 985, 986, 988, 989, 990, 992, 996, 1000, 1001, 1004, 1006, 1007, 1008, 1011, 1014, 1016, 1020, 1021, 1024, 1025, 1026, 1027, 1028, 1029, 1030, 1032, 1033, 1034, 1042, 1043, 1044, 1047, 1049, 1052, 1055, 1056, 1057, 1058, 1059, 1060, 1062, 1063, 1064, 1065, 1066, 1067, 1069, 1070, 1071, 1072, 1074, 1077, 1078, 1079, 1080, 1082, 1083, 1085, 1086, 1088, 1089, 1090, 1092, 1093, 1094, 1095, 1096, 1098, 1101, 1104, 1105, 1108, 1109, 1110, 1111, 1112, 1117, 1118, 1119, 1121, 1123, 1124, 1125, 1126, 1130, 1132, 1133, 1135, 1137, 1139, 1141, 1143, 1145, 1146, 1151, 1152, 1153, 1154, 1155, 1156, 1157, 1162, 1163, 1164, 1167, 1168, 1170, 1171, 1172, 1173, 1174, 1177, 1178, 1180, 1181, 1182, 1183, 1184, 1187, 1188, 1189, 1190, 1197, 1199, 1201, 1202, 1203, 1204, 1205, 1206, 1207, 1208, 1209, 1211, 1212, 1213, 1214, 1215, 1216, 1217, 1219, 1222, 1223, 1224, 1225, 1226, 1227, 1228, 1229, 1232, 1233, 1234, 1235, 1239, 1241, 1242, 1243, 1244, 1245, 1246, 1247, 1249, 1250, 1251, 1253, 1254, 1255, 1260, 1261, 1262, 1263, 1264, 1265, 1266, 1267, 1270, 1271, 1272, 1273, 1275, 1277, 1279, 1280, 1281, 1282, 1283, 1284, 1291, 1294, 1301, 1318, 1333, 1345, 1400, 1424]}}