{"histogram": {"y": [1, 1, 0, 1, 1, 1, 1, 1, 3, 0, 0, 0, 1, 1, 2, 4, 2, 4, 1, 1, 0, 1, 0, 1, 4, 2, 13, 5, 6, 0, 3, 4, 2, 0, 1, 0], "x": [810.0, 825.0, 840.0, 855.0, 870.0, 885.0, 900.0, 915.0, 930.0, 945.0, 960.0, 975.0, 990.0, 1005.0, 1020.0, 1035.0, 1050.0, 1065.0, 1080.0, 1095.0, 1110.0, 1125.0, 1140.0, 1155.0, 1170.0, 1185.0, 1200.0, 1215.0, 1230.0, 1245.0, 1260.0, 1275.0, 1290.0, 1305.0, 1320.0, 1335.0]}, "percentile": {"y": [98.6, 97.1, 95.6, 94.1, 92.6, 91.1, 89.6, 88.1, 86.6, 85.1, 83.6, 82.1, 80.6, 79.2, 77.7, 74.7, 73.2, 71.7, 70.2, 68.7, 67.2, 65.7, 64.2, 62.7, 61.2, 59.8, 58.3, 56.8, 55.3, 53.8, 52.3, 50.8, 49.3, 47.8, 46.3, 44.8, 40.3, 38.9, 35.900000000000006, 32.900000000000006, 31.400000000000006, 29.900000000000006, 26.900000000000006, 25.400000000000006, 23.900000000000006, 22.400000000000006, 19.5, 18.0, 16.5, 15.0, 13.5, 12.0, 10.5, 9.0, 7.5, 6.0, 4.5, 3.0, 0.0, -1.4000000000000057], "x": [814, 829, 868, 882, 886, 905, 921, 933, 939, 940, 990, 1016, 1023, 1029, 1037, 1042, 1046, 1050, 1051, 1065, 1072, 1073, 1074, 1081, 1097, 1138, 1167, 1171, 1172, 1173, 1179, 1195, 1196, 1201, 1202, 1203, 1206, 1207, 1209, 1210, 1211, 1212, 1215, 1217, 1220, 1227, 1231, 1235, 1236, 1240, 1241, 1262, 1268, 1270, 1276, 1277, 1278, 1280, 1290, 1332]}}