{"percentile": {"y": [98.8, 97.5, 96.2, 94.9, 93.6, 92.3, 91.0, 89.7, 88.4, 87.1, 84.5, 83.2, 81.9, 80.6, 79.3, 78.0, 76.7, 75.4, 74.1, 72.8, 71.5, 68.9, 67.6, 66.3, 65.0, 63.7, 62.4, 59.8, 58.5, 57.2, 55.9, 52.0, 50.7, 49.4, 48.1, 46.8, 42.9, 41.6, 40.3, 39.0, 36.4, 35.099999999999994, 32.5, 28.599999999999994, 27.299999999999997, 26.0, 24.700000000000003, 23.400000000000006, 22.099999999999994, 20.799999999999997, 19.5, 18.200000000000003, 15.599999999999994, 14.299999999999997, 13.0, 11.700000000000003, 9.099999999999994, 7.799999999999997, 6.5, 5.200000000000003, 3.9000000000000057, 2.5999999999999943, 1.2999999999999972, 0.0, -1.2000000000000028], "x": [861, 871, 908, 922, 931, 943, 964, 983, 990, 994, 1006, 1013, 1021, 1070, 1071, 1106, 1134, 1155, 1159, 1164, 1168, 1169, 1186, 1188, 1189, 1190, 1196, 1198, 1199, 1202, 1204, 1205, 1206, 1208, 1209, 1210, 1212, 1213, 1214, 1215, 1217, 1222, 1225, 1227, 1229, 1230, 1231, 1234, 1236, 1240, 1243, 1244, 1245, 1251, 1252, 1255, 1263, 1265, 1268, 1269, 1272, 1273, 1277, 1297, 1324]}, "histogram": {"y": [1, 1, 0, 1, 1, 2, 0, 1, 1, 2, 3, 1, 0, 0, 2, 0, 1, 0, 1, 0, 6, 0, 8, 14, 10, 7, 5, 7, 1, 1, 0, 1], "x": [855.0, 870.0, 885.0, 900.0, 915.0, 930.0, 945.0, 960.0, 975.0, 990.0, 1005.0, 1020.0, 1035.0, 1050.0, 1065.0, 1080.0, 1095.0, 1110.0, 1125.0, 1140.0, 1155.0, 1170.0, 1185.0, 1200.0, 1215.0, 1230.0, 1245.0, 1260.0, 1275.0, 1290.0, 1305.0, 1320.0]}}