{"histogram": {"x": [820.0, 840.0, 860.0, 880.0, 900.0, 920.0, 940.0, 960.0, 980.0, 1000.0, 1020.0, 1040.0, 1060.0, 1080.0, 1100.0, 1120.0, 1140.0, 1160.0, 1180.0, 1200.0, 1220.0, 1240.0, 1260.0], "y": [1, 1, 0, 0, 1, 3, 0, 1, 1, 0, 0, 1, 1, 1, 1, 0, 0, 2, 1, 2, 10, 1, 3, 1]}, "percentile": {"x": [814, 830, 884, 906, 912, 918, 949, 978, 1030, 1048, 1068, 1084, 1140, 1149, 1166, 1186, 1198, 1200, 1207, 1210, 1211, 1213, 1214, 1216, 1218, 1238, 1242, 1246, 1247, 1270], "y": [96.8, 93.6, 90.4, 87.1, 83.9, 80.7, 77.5, 74.2, 71.0, 67.8, 64.6, 61.3, 58.1, 54.9, 51.7, 48.4, 45.2, 42.0, 32.3, 29.099999999999994, 25.900000000000006, 22.599999999999994, 19.400000000000006, 16.200000000000003, 13.0, 9.700000000000003, 6.5, 3.299999999999997, 0.0, -3.200000000000003]}}