{"histogram": {"x": [600.0, 620.0, 640.0, 660.0, 680.0, 700.0, 720.0, 740.0, 760.0, 780.0, 800.0, 820.0, 840.0, 860.0, 880.0, 900.0, 920.0, 940.0, 960.0, 980.0, 1000.0, 1020.0, 1040.0, 1060.0, 1080.0, 1100.0, 1120.0, 1140.0, 1160.0, 1180.0, 1200.0, 1220.0, 1240.0, 1260.0, 1280.0, 1300.0, 1320.0, 1340.0, 1360.0, 1380.0, 1400.0], "y": [1, 0, 0, 1, 1, 2, 4, 1, 5, 2, 3, 4, 2, 7, 7, 8, 6, 6, 9, 10, 5, 6, 10, 7, 4, 7, 6, 10, 8, 16, 25, 7, 8, 9, 4, 4, 0, 0, 0, 1, 0]}, "percentile": {"x": [601, 679, 682, 702, 708, 725, 727, 735, 736, 753, 767, 768, 770, 776, 779, 780, 809, 810, 817, 820, 821, 826, 837, 844, 855, 862, 865, 869, 871, 875, 879, 880, 885, 891, 895, 897, 898, 900, 901, 902, 904, 905, 907, 916, 925, 927, 929, 930, 936, 938, 945, 950, 952, 955, 956, 958, 960, 962, 966, 969, 973, 975, 976, 979, 984, 985, 989, 991, 992, 993, 995, 996, 1003, 1007, 1008, 1015, 1018, 1020, 1022, 1023, 1024, 1035, 1042, 1043, 1044, 1046, 1047, 1052, 1053, 1058, 1063, 1065, 1071, 1073, 1075, 1077, 1079, 1081, 1085, 1088, 1097, 1101, 1106, 1109, 1110, 1114, 1119, 1120, 1132, 1134, 1139, 1141, 1143, 1144, 1146, 1147, 1149, 1157, 1158, 1168, 1169, 1170, 1171, 1172, 1177, 1179, 1180, 1181, 1182, 1185, 1190, 1192, 1194, 1195, 1198, 1199, 1201, 1202, 1203, 1204, 1205, 1207, 1208, 1211, 1212, 1213, 1214, 1215, 1216, 1221, 1225, 1226, 1229, 1234, 1237, 1238, 1241, 1243, 1245, 1246, 1257, 1262, 1263, 1265, 1272, 1274, 1275, 1279, 1280, 1281, 1284, 1291, 1310, 1312, 1318, 1319, 1390], "y": [99.6, 99.1, 98.7, 98.2, 97.7, 97.3, 96.8, 96.3, 95.9, 95.4, 94.9, 94.5, 94.0, 93.5, 93.1, 92.1, 91.7, 91.2, 90.7, 90.3, 89.8, 89.4, 88.9, 88.4, 88.0, 87.0, 86.6, 86.1, 85.6, 85.2, 84.7, 83.8, 83.3, 82.8, 82.4, 81.9, 81.4, 81.0, 80.5, 80.0, 79.6, 79.1, 78.7, 77.7, 77.3, 76.8, 76.3, 75.9, 75.4, 74.9, 74.5, 74.0, 73.5, 73.1, 72.6, 72.1, 71.2, 70.7, 70.3, 69.8, 69.4, 68.9, 68.4, 68.0, 67.5, 66.6, 66.1, 65.6, 64.7, 64.2, 63.8, 63.3, 62.8, 62.4, 61.9, 61.4, 61.0, 60.0, 59.6, 59.1, 58.7, 58.2, 57.7, 57.3, 56.8, 56.3, 55.4, 54.9, 54.0, 53.5, 53.1, 52.6, 52.1, 51.7, 51.2, 50.7, 50.3, 49.8, 49.4, 48.9, 48.4, 48.0, 47.0, 46.6, 46.1, 45.6, 45.2, 44.7, 44.2, 43.8, 42.4, 41.9, 41.4, 41.0, 40.5, 39.6, 38.7, 38.2, 37.7, 37.3, 36.8, 36.3, 35.900000000000006, 34.900000000000006, 34.5, 34.0, 33.5, 32.599999999999994, 32.099999999999994, 31.200000000000003, 29.799999999999997, 28.900000000000006, 28.400000000000006, 27.5, 27.0, 26.599999999999994, 26.099999999999994, 25.200000000000003, 24.700000000000003, 22.799999999999997, 21.400000000000006, 21.0, 20.0, 19.599999999999994, 17.700000000000003, 17.299999999999997, 16.799999999999997, 15.900000000000006, 14.900000000000006, 14.5, 14.0, 13.5, 13.099999999999994, 12.599999999999994, 12.099999999999994, 11.700000000000003, 10.700000000000003, 9.799999999999997, 9.400000000000006, 8.400000000000006, 8.0, 7.5, 7.0, 6.099999999999994, 5.599999999999994, 5.200000000000003, 4.200000000000003, 3.799999999999997, 3.299999999999997, 2.799999999999997, 2.4000000000000057, 1.9000000000000057, 1.4000000000000057, 1.0, 0.5, 0.0, -0.4000000000000057]}}