{"percentile": {"y": [98.4, 96.7, 95.0, 93.4, 91.7, 90.0, 88.4, 86.7, 85.0, 83.4, 81.7, 80.0, 78.4, 76.7, 75.0, 71.7, 68.4, 66.7, 65.0, 63.4, 58.4, 55.0, 53.4, 51.7, 50.0, 48.4, 46.7, 45.0, 43.4, 41.7, 40.0, 36.7, 35.0, 31.700000000000003, 30.0, 28.400000000000006, 26.700000000000003, 25.0, 21.700000000000003, 20.0, 18.400000000000006, 16.700000000000003, 15.0, 13.400000000000006, 11.700000000000003, 10.0, 6.700000000000003, 5.0, 3.4000000000000057, 1.7000000000000028, 0.0, -1.5999999999999943], "x": [848, 903, 953, 1032, 1036, 1048, 1072, 1079, 1111, 1136, 1137, 1146, 1154, 1170, 1176, 1203, 1205, 1208, 1210, 1212, 1213, 1214, 1215, 1219, 1222, 1225, 1227, 1230, 1235, 1238, 1241, 1242, 1244, 1245, 1246, 1252, 1256, 1258, 1265, 1269, 1270, 1271, 1272, 1274, 1275, 1279, 1280, 1287, 1291, 1314, 1321, 1415]}, "histogram": {"y": [1, 0, 0, 1, 0, 1, 0, 0, 0, 2, 1, 2, 0, 1, 2, 2, 2, 0, 14, 6, 10, 9, 4, 1, 1, 0, 0, 0, 1, 0], "x": [840.0, 860.0, 880.0, 900.0, 920.0, 940.0, 960.0, 980.0, 1000.0, 1020.0, 1040.0, 1060.0, 1080.0, 1100.0, 1120.0, 1140.0, 1160.0, 1180.0, 1200.0, 1220.0, 1240.0, 1260.0, 1280.0, 1300.0, 1320.0, 1340.0, 1360.0, 1380.0, 1400.0, 1420.0]}}