{"percentile": {"y": [99.0, 97.9, 96.8, 95.7, 94.7, 93.6, 92.5, 91.4, 90.4, 89.3, 88.2, 87.1, 86.1, 85.0, 83.9, 82.8, 81.8, 80.7, 79.6, 78.5, 77.5, 76.4, 75.3, 74.2, 73.2, 71.0, 69.9, 68.9, 67.8, 64.6, 63.5, 61.3, 59.2, 58.1, 57.0, 53.8, 50.6, 49.5, 47.4, 46.3, 45.2, 44.1, 43.1, 40.9, 38.8, 37.7, 36.6, 35.5, 34.5, 33.400000000000006, 31.200000000000003, 30.200000000000003, 28.0, 26.900000000000006, 25.900000000000006, 23.700000000000003, 21.599999999999994, 20.5, 19.400000000000006, 17.299999999999997, 15.099999999999994, 13.0, 11.900000000000006, 9.700000000000003, 8.700000000000003, 7.599999999999994, 6.5, 5.400000000000006, 4.400000000000006, 2.200000000000003, 1.0999999999999943, 0.0, -1.0], "x": [867, 869, 912, 916, 951, 953, 954, 991, 1009, 1034, 1038, 1043, 1113, 1115, 1153, 1157, 1161, 1190, 1195, 1197, 1200, 1203, 1204, 1206, 1208, 1209, 1212, 1213, 1214, 1215, 1221, 1225, 1226, 1227, 1228, 1229, 1231, 1233, 1235, 1239, 1240, 1241, 1242, 1246, 1247, 1248, 1250, 1254, 1255, 1257, 1259, 1260, 1261, 1265, 1267, 1268, 1270, 1271, 1272, 1273, 1274, 1275, 1276, 1277, 1278, 1280, 1289, 1290, 1292, 1295, 1307, 1312, 1320]}, "histogram": {"y": [2, 0, 0, 1, 1, 0, 3, 0, 0, 1, 1, 1, 2, 0, 0, 0, 0, 2, 0, 1, 2, 0, 3, 10, 13, 10, 11, 15, 8, 4, 2, 1], "x": [855.0, 870.0, 885.0, 900.0, 915.0, 930.0, 945.0, 960.0, 975.0, 990.0, 1005.0, 1020.0, 1035.0, 1050.0, 1065.0, 1080.0, 1095.0, 1110.0, 1125.0, 1140.0, 1155.0, 1170.0, 1185.0, 1200.0, 1215.0, 1230.0, 1245.0, 1260.0, 1275.0, 1290.0, 1305.0, 1320.0]}}