{"histogram": {"y": [1, 0, 0, 0, 1, 1, 1, 0, 2, 1, 2, 5, 1, 1, 4, 8, 5, 0, 5, 4, 5, 5, 6, 7, 7, 6, 6, 8, 12, 27, 23, 14, 13, 12, 3, 3, 2, 1, 0, 0, 0, 0, 1, 1, 0], "x": [765.0, 780.0, 795.0, 810.0, 825.0, 840.0, 855.0, 870.0, 885.0, 900.0, 915.0, 930.0, 945.0, 960.0, 975.0, 990.0, 1005.0, 1020.0, 1035.0, 1050.0, 1065.0, 1080.0, 1095.0, 1110.0, 1125.0, 1140.0, 1155.0, 1170.0, 1185.0, 1200.0, 1215.0, 1230.0, 1245.0, 1260.0, 1275.0, 1290.0, 1305.0, 1320.0, 1335.0, 1350.0, 1365.0, 1380.0, 1395.0, 1410.0, 1425.0]}, "percentile": {"y": [99.6, 99.1, 98.6, 98.1, 97.6, 97.1, 96.6, 96.1, 95.6, 95.1, 94.1, 93.6, 93.2, 92.7, 92.2, 91.7, 91.2, 90.7, 90.2, 89.7, 89.2, 88.2, 87.2, 86.7, 86.3, 85.8, 85.3, 84.8, 84.3, 83.8, 83.3, 82.8, 82.3, 81.8, 81.3, 80.8, 80.3, 79.9, 79.4, 78.9, 78.4, 77.9, 77.4, 76.9, 75.4, 74.9, 74.4, 73.4, 73.0, 72.5, 71.5, 70.5, 70.0, 69.5, 68.0, 67.5, 67.0, 66.6, 66.1, 65.6, 65.1, 64.6, 64.1, 63.6, 63.1, 62.1, 61.6, 60.6, 60.1, 59.7, 59.2, 58.7, 58.2, 56.2, 55.7, 55.2, 54.7, 54.2, 53.3, 52.8, 51.8, 51.3, 50.8, 48.8, 47.8, 46.8, 46.4, 45.9, 44.4, 42.9, 42.4, 40.9, 40.0, 38.0, 37.5, 37.0, 35.5, 32.599999999999994, 31.599999999999994, 31.099999999999994, 30.599999999999994, 29.599999999999994, 29.099999999999994, 28.599999999999994, 27.099999999999994, 25.700000000000003, 24.700000000000003, 24.200000000000003, 23.700000000000003, 23.200000000000003, 22.700000000000003, 21.700000000000003, 21.200000000000003, 20.700000000000003, 19.799999999999997, 19.299999999999997, 18.799999999999997, 17.299999999999997, 16.799999999999997, 16.299999999999997, 15.799999999999997, 15.299999999999997, 14.299999999999997, 13.799999999999997, 13.400000000000006, 12.900000000000006, 10.900000000000006, 9.900000000000006, 9.400000000000006, 8.400000000000006, 7.900000000000006, 7.400000000000006, 6.0, 5.5, 5.0, 4.5, 4.0, 3.5, 3.0, 2.5, 2.0, 1.5, 1.0, 0.5, 0.0, -0.4000000000000057], "x": [770, 835, 848, 856, 889, 893, 905, 923, 928, 935, 937, 939, 942, 957, 972, 983, 984, 985, 986, 990, 997, 999, 1000, 1001, 1003, 1008, 1009, 1010, 1013, 1014, 1038, 1041, 1042, 1045, 1047, 1050, 1052, 1055, 1060, 1068, 1074, 1075, 1077, 1079, 1080, 1082, 1092, 1095, 1103, 1104, 1105, 1112, 1114, 1119, 1124, 1126, 1127, 1128, 1129, 1130, 1131, 1139, 1140, 1148, 1151, 1152, 1153, 1157, 1162, 1164, 1165, 1167, 1170, 1172, 1173, 1175, 1180, 1186, 1187, 1188, 1190, 1196, 1197, 1199, 1200, 1201, 1202, 1204, 1205, 1206, 1207, 1208, 1210, 1211, 1212, 1213, 1214, 1215, 1217, 1218, 1219, 1221, 1222, 1223, 1225, 1226, 1228, 1229, 1230, 1231, 1233, 1235, 1237, 1238, 1239, 1241, 1243, 1244, 1245, 1246, 1247, 1248, 1249, 1253, 1256, 1257, 1259, 1260, 1264, 1265, 1268, 1270, 1271, 1273, 1274, 1279, 1281, 1284, 1291, 1299, 1304, 1308, 1311, 1321, 1400, 1424]}}