{"histogram": {"y": [1, 0, 0, 0, 0, 0, 0, 1, 0, 0, 1, 1, 0, 3, 0, 0, 0, 2, 1, 1, 2, 4, 2, 2, 3, 1, 1, 2, 2, 2, 10, 3, 8, 4, 7, 6, 1, 1, 2, 0, 0, 0, 0, 0, 1, 0], "x": [750.0, 765.0, 780.0, 795.0, 810.0, 825.0, 840.0, 855.0, 870.0, 885.0, 900.0, 915.0, 930.0, 945.0, 960.0, 975.0, 990.0, 1005.0, 1020.0, 1035.0, 1050.0, 1065.0, 1080.0, 1095.0, 1110.0, 1125.0, 1140.0, 1155.0, 1170.0, 1185.0, 1200.0, 1215.0, 1230.0, 1245.0, 1260.0, 1275.0, 1290.0, 1305.0, 1320.0, 1335.0, 1350.0, 1365.0, 1380.0, 1395.0, 1410.0, 1425.0]}, "percentile": {"y": [98.7, 97.3, 96.0, 94.6, 93.3, 91.9, 90.6, 89.2, 87.9, 86.5, 85.2, 83.8, 82.5, 81.1, 79.8, 78.4, 77.1, 75.7, 74.4, 73.0, 71.7, 70.3, 69.0, 67.6, 66.3, 64.9, 63.6, 62.2, 60.9, 59.5, 58.2, 56.8, 55.5, 52.8, 48.7, 47.3, 43.3, 41.9, 39.2, 37.9, 36.5, 35.2, 33.8, 32.5, 31.099999999999994, 29.799999999999997, 28.400000000000006, 25.700000000000003, 24.400000000000006, 23.0, 21.700000000000003, 20.299999999999997, 17.599999999999994, 16.299999999999997, 13.599999999999994, 12.200000000000003, 10.900000000000006, 9.5, 8.200000000000003, 5.5, 4.099999999999994, 2.799999999999997, 1.4000000000000057, 0.0, -1.2999999999999972], "x": [761, 855, 908, 915, 948, 950, 956, 1009, 1019, 1032, 1044, 1053, 1055, 1066, 1071, 1072, 1074, 1087, 1094, 1102, 1105, 1113, 1120, 1123, 1138, 1152, 1163, 1168, 1170, 1175, 1185, 1186, 1200, 1207, 1210, 1211, 1213, 1215, 1225, 1232, 1233, 1235, 1237, 1238, 1241, 1242, 1244, 1245, 1252, 1253, 1261, 1263, 1265, 1269, 1270, 1275, 1276, 1280, 1286, 1287, 1291, 1315, 1320, 1330, 1424]}}