{"percentile": {"y": [96.3, 92.6, 88.9, 85.2, 81.5, 77.8, 74.1, 70.4, 66.7, 63.0, 59.3, 55.6, 48.2, 44.5, 40.8, 33.400000000000006, 29.700000000000003, 26.0, 18.599999999999994, 14.900000000000006, 11.200000000000003, 7.5, 3.799999999999997, 0.0, -3.700000000000003], "x": [845, 892, 916, 936, 937, 1006, 1036, 1037, 1054, 1087, 1123, 1136, 1203, 1205, 1207, 1210, 1213, 1223, 1243, 1253, 1258, 1265, 1277, 1290, 1400]}, "histogram": {"y": [1, 0, 1, 1, 2, 0, 0, 0, 1, 2, 1, 0, 1, 0, 2, 0, 0, 0, 7, 1, 4, 2, 1, 0, 0, 0, 0, 0, 1], "x": [840.0, 860.0, 880.0, 900.0, 920.0, 940.0, 960.0, 980.0, 1000.0, 1020.0, 1040.0, 1060.0, 1080.0, 1100.0, 1120.0, 1140.0, 1160.0, 1180.0, 1200.0, 1220.0, 1240.0, 1260.0, 1280.0, 1300.0, 1320.0, 1340.0, 1360.0, 1380.0, 1400.0]}}