{"percentile": {"y": [99.8, 99.5, 99.3, 99.0, 98.8, 98.5, 98.3, 98.0, 97.8, 97.5, 97.3, 97.0, 96.7, 96.5, 96.2, 96.0, 95.7, 95.5, 94.7, 94.5, 94.2, 93.7, 93.4, 93.2, 92.9, 92.4, 92.2, 91.9, 91.7, 91.1, 90.9, 90.6, 90.4, 90.1, 89.6, 89.4, 89.1, 88.9, 88.6, 88.3, 88.1, 87.8, 87.3, 87.1, 86.6, 86.3, 85.8, 85.5, 85.3, 84.8, 84.5, 84.3, 84.0, 83.8, 83.3, 83.0, 82.7, 82.5, 82.2, 82.0, 81.7, 81.0, 80.7, 80.5, 79.7, 78.9, 78.7, 78.4, 78.2, 77.9, 77.4, 76.9, 76.6, 76.4, 76.1, 75.9, 75.6, 75.4, 75.1, 74.6, 74.4, 74.1, 73.8, 73.3, 73.1, 72.6, 72.3, 72.1, 71.8, 71.6, 71.3, 71.0, 70.8, 70.5, 70.3, 69.8, 69.5, 69.3, 68.8, 68.5, 67.7, 67.2, 66.5, 66.2, 66.0, 65.4, 64.9, 64.4, 64.2, 63.7, 63.4, 63.2, 62.6, 61.6, 61.4, 60.9, 60.4, 60.1, 59.8, 59.3, 59.1, 58.6, 58.3, 57.8, 57.3, 57.0, 56.8, 56.5, 56.3, 56.0, 55.8, 55.5, 55.0, 54.8, 53.7, 53.5, 53.0, 52.7, 52.5, 52.0, 51.7, 51.4, 51.2, 50.9, 50.7, 50.4, 50.2, 49.9, 49.7, 49.4, 48.9, 48.7, 48.1, 47.4, 46.6, 46.4, 46.1, 45.9, 45.6, 45.3, 44.8, 44.6, 44.3, 44.1, 43.3, 43.1, 41.8, 41.3, 40.5, 40.0, 39.5, 39.0, 38.7, 38.5, 38.0, 37.7, 37.5, 36.9, 36.7, 36.2, 35.900000000000006, 35.7, 34.7, 34.099999999999994, 33.900000000000006, 33.599999999999994, 33.099999999999994, 32.599999999999994, 32.099999999999994, 31.900000000000006, 31.599999999999994, 29.599999999999994, 29.299999999999997, 28.299999999999997, 27.0, 26.5, 25.700000000000003, 24.700000000000003, 24.200000000000003, 23.700000000000003, 23.200000000000003, 22.400000000000006, 21.700000000000003, 20.400000000000006, 18.900000000000006, 17.900000000000006, 17.400000000000006, 17.099999999999994, 16.799999999999997, 16.099999999999994, 15.299999999999997, 15.099999999999994, 14.799999999999997, 13.5, 13.299999999999997, 12.5, 12.299999999999997, 11.5, 11.200000000000003, 10.700000000000003, 10.200000000000003, 9.0, 7.900000000000006, 7.400000000000006, 7.200000000000003, 6.900000000000006, 6.700000000000003, 6.400000000000006, 6.200000000000003, 5.599999999999994, 5.400000000000006, 5.099999999999994, 4.599999999999994, 4.099999999999994, 3.5999999999999943, 3.0999999999999943, 2.799999999999997, 2.5999999999999943, 2.299999999999997, 2.0999999999999943, 1.7999999999999972, 1.2999999999999972, 1.0999999999999943, 0.7999999999999972, 0.29999999999999716, 0.0, -0.20000000000000284], "x": [715, 721, 725, 750, 758, 779, 781, 784, 790, 796, 801, 813, 814, 816, 821, 823, 825, 828, 849, 857, 860, 861, 862, 864, 867, 870, 879, 882, 883, 886, 887, 889, 891, 894, 896, 897, 899, 902, 906, 907, 908, 909, 910, 912, 920, 926, 928, 935, 936, 938, 939, 941, 942, 944, 946, 950, 953, 954, 955, 956, 957, 959, 962, 963, 965, 969, 971, 973, 980, 982, 983, 988, 989, 991, 993, 1000, 1002, 1003, 1005, 1008, 1009, 1011, 1012, 1013, 1014, 1018, 1021, 1022, 1023, 1024, 1026, 1028, 1030, 1033, 1035, 1041, 1044, 1045, 1047, 1048, 1049, 1050, 1053, 1054, 1055, 1056, 1057, 1062, 1064, 1067, 1070, 1074, 1075, 1076, 1077, 1079, 1080, 1081, 1084, 1085, 1086, 1088, 1090, 1091, 1093, 1095, 1097, 1098, 1099, 1100, 1102, 1107, 1108, 1109, 1110, 1111, 1112, 1115, 1117, 1119, 1120, 1122, 1124, 1130, 1131, 1133, 1135, 1137, 1138, 1139, 1140, 1141, 1143, 1144, 1145, 1146, 1148, 1149, 1150, 1151, 1152, 1153, 1154, 1156, 1157, 1158, 1159, 1160, 1163, 1164, 1165, 1166, 1171, 1172, 1174, 1180, 1181, 1183, 1184, 1186, 1188, 1189, 1190, 1191, 1192, 1193, 1197, 1198, 1199, 1200, 1201, 1202, 1203, 1204, 1205, 1206, 1207, 1208, 1209, 1210, 1211, 1212, 1213, 1214, 1215, 1216, 1217, 1219, 1220, 1221, 1222, 1223, 1224, 1225, 1227, 1232, 1233, 1235, 1237, 1238, 1239, 1240, 1244, 1245, 1246, 1247, 1249, 1250, 1251, 1252, 1254, 1256, 1260, 1261, 1264, 1265, 1268, 1270, 1271, 1272, 1274, 1275, 1276, 1277, 1278, 1295, 1296]}, "histogram": {"y": [1, 2, 0, 2, 1, 3, 2, 5, 2, 3, 7, 5, 10, 8, 5, 8, 11, 10, 7, 5, 11, 8, 11, 14, 13, 14, 10, 14, 7, 20, 21, 9, 18, 46, 28, 21, 11, 13, 6, 2], "x": [705.0, 720.0, 735.0, 750.0, 765.0, 780.0, 795.0, 810.0, 825.0, 840.0, 855.0, 870.0, 885.0, 900.0, 915.0, 930.0, 945.0, 960.0, 975.0, 990.0, 1005.0, 1020.0, 1035.0, 1050.0, 1065.0, 1080.0, 1095.0, 1110.0, 1125.0, 1140.0, 1155.0, 1170.0, 1185.0, 1200.0, 1215.0, 1230.0, 1245.0, 1260.0, 1275.0, 1290.0]}}