{"histogram": {"y": [1, 1, 0, 0, 1, 1, 0, 1, 2, 1, 1, 5, 1, 2, 3, 0, 2, 2, 3, 1, 1, 1, 1, 3, 0, 3, 2, 0, 7, 2, 4, 1, 6, 0], "x": [780.0, 795.0, 810.0, 825.0, 840.0, 855.0, 870.0, 885.0, 900.0, 915.0, 930.0, 945.0, 960.0, 975.0, 990.0, 1005.0, 1020.0, 1035.0, 1050.0, 1065.0, 1080.0, 1095.0, 1110.0, 1125.0, 1140.0, 1155.0, 1170.0, 1185.0, 1200.0, 1215.0, 1230.0, 1245.0, 1260.0, 1275.0]}, "percentile": {"y": [98.3, 96.6, 94.9, 93.2, 91.4, 89.7, 88.0, 86.3, 84.5, 82.8, 81.1, 77.6, 75.9, 74.2, 72.5, 70.7, 69.0, 67.3, 65.6, 63.8, 62.1, 60.4, 58.7, 56.9, 55.2, 53.5, 51.8, 50.0, 48.3, 46.6, 44.9, 43.2, 41.4, 39.7, 38.0, 36.3, 32.8, 31.099999999999994, 27.599999999999994, 25.900000000000006, 24.200000000000003, 20.700000000000003, 19.0, 17.299999999999997, 15.599999999999994, 13.799999999999997, 10.400000000000006, 8.700000000000003, 6.900000000000006, 5.200000000000003, 3.5, 1.7999999999999972, 0.0, -1.7000000000000028], "x": [793, 805, 847, 866, 891, 909, 912, 926, 943, 949, 951, 954, 956, 966, 976, 986, 991, 1000, 1004, 1020, 1023, 1037, 1045, 1051, 1052, 1063, 1070, 1081, 1105, 1114, 1130, 1134, 1138, 1158, 1165, 1167, 1170, 1200, 1205, 1206, 1209, 1212, 1215, 1218, 1234, 1236, 1243, 1257, 1261, 1264, 1269, 1270, 1272, 1273]}}