{"histogram": {"y": [1, 1, 0, 0, 0, 0, 0, 0, 0, 1, 0, 1, 2, 1, 4, 3, 3, 2, 0, 2, 5, 0, 4, 4, 5, 4, 3, 6, 10, 32, 19, 17, 14, 20, 11, 4, 2], "x": [765.0, 780.0, 795.0, 810.0, 825.0, 840.0, 855.0, 870.0, 885.0, 900.0, 915.0, 930.0, 945.0, 960.0, 975.0, 990.0, 1005.0, 1020.0, 1035.0, 1050.0, 1065.0, 1080.0, 1095.0, 1110.0, 1125.0, 1140.0, 1155.0, 1170.0, 1185.0, 1200.0, 1215.0, 1230.0, 1245.0, 1260.0, 1275.0, 1290.0, 1305.0]}, "percentile": {"y": [99.5, 98.9, 98.4, 97.8, 97.3, 96.7, 96.2, 95.0, 94.5, 93.9, 93.4, 92.8, 92.3, 91.7, 91.2, 90.6, 90.0, 89.5, 88.9, 88.4, 87.8, 87.3, 86.7, 86.2, 85.6, 85.0, 84.5, 83.9, 83.4, 82.8, 82.3, 81.7, 81.2, 80.6, 80.0, 78.9, 78.4, 77.8, 77.3, 76.2, 75.6, 75.0, 74.5, 73.4, 72.8, 72.3, 71.7, 71.2, 70.6, 68.4, 67.8, 67.3, 66.7, 66.2, 65.6, 64.5, 63.9, 62.3, 61.7, 60.6, 60.0, 58.4, 57.8, 55.6, 53.9, 50.6, 50.0, 48.4, 47.8, 46.2, 45.6, 45.0, 44.5, 41.7, 41.2, 40.6, 38.9, 37.8, 37.3, 36.2, 35.599999999999994, 35.0, 33.400000000000006, 32.8, 32.3, 30.599999999999994, 30.0, 28.900000000000006, 28.400000000000006, 27.799999999999997, 27.299999999999997, 26.200000000000003, 25.599999999999994, 25.0, 24.5, 23.900000000000006, 23.400000000000006, 22.299999999999997, 21.700000000000003, 21.200000000000003, 20.0, 19.5, 18.900000000000006, 18.400000000000006, 15.0, 14.5, 13.400000000000006, 12.799999999999997, 10.599999999999994, 8.900000000000006, 8.400000000000006, 7.299999999999997, 6.200000000000003, 5.599999999999994, 5.0, 2.799999999999997, 1.7000000000000028, 0.5999999999999943, 0.0, -0.5], "x": [774, 780, 914, 941, 947, 954, 966, 978, 986, 989, 996, 998, 1000, 1008, 1011, 1017, 1028, 1034, 1054, 1064, 1065, 1067, 1069, 1074, 1078, 1097, 1098, 1107, 1109, 1112, 1113, 1115, 1120, 1126, 1128, 1131, 1138, 1147, 1151, 1153, 1155, 1158, 1164, 1170, 1171, 1173, 1178, 1182, 1188, 1191, 1192, 1193, 1195, 1196, 1198, 1201, 1202, 1203, 1204, 1205, 1206, 1207, 1208, 1209, 1210, 1211, 1212, 1213, 1214, 1215, 1218, 1220, 1221, 1222, 1225, 1226, 1227, 1228, 1229, 1230, 1232, 1234, 1235, 1236, 1237, 1238, 1239, 1240, 1242, 1243, 1245, 1246, 1247, 1248, 1249, 1251, 1252, 1253, 1254, 1255, 1257, 1260, 1261, 1264, 1265, 1268, 1270, 1271, 1272, 1274, 1275, 1276, 1277, 1278, 1279, 1280, 1290, 1295, 1305, 1306]}}