{"percentile": {"x": [860, 882, 935, 936, 954, 955, 967, 973, 975, 986, 992, 998, 1002, 1008, 1019, 1028, 1040, 1045, 1053, 1078, 1083, 1088, 1097, 1103, 1107, 1108, 1110, 1118, 1126, 1135, 1148, 1168, 1170, 1171, 1174, 1175, 1176, 1177, 1178, 1181, 1182, 1183, 1187, 1188, 1190, 1195, 1199, 1205, 1206, 1207, 1208, 1211, 1212, 1213, 1214, 1215, 1216, 1219, 1220, 1221, 1222, 1224, 1225, 1227, 1228, 1231, 1232, 1235, 1236, 1237, 1239, 1240, 1241, 1242, 1243, 1244, 1245, 1246, 1247, 1248, 1250, 1251, 1252, 1253, 1254, 1255, 1257, 1258, 1259, 1260, 1261, 1264, 1265, 1267, 1268, 1269, 1270, 1272, 1274, 1275, 1278, 1279, 1280, 1283, 1297, 1299, 1302, 1305, 1312, 1325], "y": [99.4, 98.8, 98.2, 97.6, 96.4, 95.8, 95.2, 94.6, 93.4, 92.8, 92.2, 91.6, 91.0, 90.4, 89.7, 89.1, 88.5, 87.9, 87.3, 86.7, 86.1, 85.5, 84.9, 84.3, 83.7, 82.5, 81.3, 80.7, 80.0, 78.8, 77.0, 75.8, 75.2, 74.6, 74.0, 73.4, 72.2, 71.6, 70.4, 69.7, 69.1, 68.5, 67.3, 66.7, 66.1, 65.5, 64.9, 63.7, 61.3, 60.0, 57.6, 57.0, 55.2, 52.8, 51.6, 48.5, 47.3, 46.1, 44.9, 43.7, 43.1, 42.5, 41.9, 40.7, 40.0, 38.2, 37.6, 37.0, 36.4, 35.2, 34.599999999999994, 33.400000000000006, 32.8, 32.2, 31.0, 29.700000000000003, 29.099999999999994, 28.5, 26.700000000000003, 26.099999999999994, 24.299999999999997, 23.700000000000003, 23.099999999999994, 21.900000000000006, 21.299999999999997, 20.700000000000003, 20.0, 19.400000000000006, 18.799999999999997, 15.799999999999997, 15.200000000000003, 14.0, 11.0, 10.400000000000006, 9.700000000000003, 9.099999999999994, 8.5, 7.299999999999997, 6.700000000000003, 6.099999999999994, 5.5, 4.900000000000006, 4.299999999999997, 3.700000000000003, 3.0999999999999943, 2.5, 1.9000000000000057, 1.2999999999999972, 0.0, -0.5999999999999943]}, "histogram": {"x": [855.0, 870.0, 885.0, 900.0, 915.0, 930.0, 945.0, 960.0, 975.0, 990.0, 1005.0, 1020.0, 1035.0, 1050.0, 1065.0, 1080.0, 1095.0, 1110.0, 1125.0, 1140.0, 1155.0, 1170.0, 1185.0, 1200.0, 1215.0, 1230.0, 1245.0, 1260.0, 1275.0, 1290.0, 1305.0, 1320.0, 1335.0], "y": [1, 1, 0, 0, 0, 2, 3, 2, 3, 3, 2, 1, 2, 1, 1, 2, 5, 3, 3, 3, 2, 12, 6, 22, 19, 17, 18, 20, 5, 3, 3, 1, 0]}}