{"percentile": {"x": [789, 847, 855, 870, 921, 935, 956, 960, 975, 978, 986, 999, 1002, 1004, 1010, 1011, 1020, 1026, 1032, 1036, 1054, 1056, 1062, 1066, 1072, 1079, 1090, 1092, 1097, 1108, 1110, 1122, 1126, 1128, 1142, 1162, 1166, 1172, 1176, 1177, 1184, 1187, 1190, 1192, 1198, 1200, 1201, 1202, 1203, 1205, 1209, 1210, 1212, 1214, 1218, 1222, 1223, 1224, 1227, 1235, 1241, 1242, 1244, 1255, 1260, 1265, 1273, 1275, 1284, 1295, 1297, 1299], "y": [98.8, 97.5, 96.3, 95.0, 93.7, 92.5, 91.2, 89.9, 88.7, 87.4, 86.1, 84.9, 83.6, 82.3, 81.1, 79.8, 78.5, 77.3, 76.0, 74.7, 73.5, 72.2, 70.9, 69.7, 68.4, 67.1, 65.9, 64.6, 63.3, 62.1, 60.8, 59.5, 58.3, 57.0, 55.7, 54.5, 53.2, 51.9, 50.7, 49.4, 48.2, 46.9, 45.6, 43.1, 40.6, 38.0, 35.5, 34.2, 33.0, 31.700000000000003, 30.400000000000006, 27.900000000000006, 25.400000000000006, 24.099999999999994, 22.799999999999997, 21.599999999999994, 20.299999999999997, 19.0, 16.5, 15.200000000000003, 12.700000000000003, 11.400000000000006, 10.200000000000003, 8.900000000000006, 7.599999999999994, 6.400000000000006, 5.099999999999994, 3.799999999999997, 2.5999999999999943, 1.2999999999999972, 0.0, -1.2000000000000028]}, "histogram": {"x": [780.0, 795.0, 810.0, 825.0, 840.0, 855.0, 870.0, 885.0, 900.0, 915.0, 930.0, 945.0, 960.0, 975.0, 990.0, 1005.0, 1020.0, 1035.0, 1050.0, 1065.0, 1080.0, 1095.0, 1110.0, 1125.0, 1140.0, 1155.0, 1170.0, 1185.0, 1200.0, 1215.0, 1230.0, 1245.0, 1260.0, 1275.0, 1290.0, 1305.0], "y": [1, 0, 0, 0, 1, 1, 1, 0, 0, 1, 1, 1, 1, 3, 3, 2, 3, 1, 3, 3, 2, 2, 2, 2, 1, 2, 4, 6, 13, 6, 5, 1, 3, 2, 3, 0]}}