{"histogram": {"x": [705.0, 720.0, 735.0, 750.0, 765.0, 780.0, 795.0, 810.0, 825.0, 840.0, 855.0, 870.0, 885.0, 900.0, 915.0, 930.0, 945.0, 960.0, 975.0, 990.0, 1005.0, 1020.0, 1035.0, 1050.0, 1065.0, 1080.0, 1095.0, 1110.0, 1125.0, 1140.0, 1155.0, 1170.0, 1185.0, 1200.0, 1215.0, 1230.0, 1245.0, 1260.0, 1275.0, 1290.0, 1305.0, 1320.0, 1335.0, 1350.0, 1365.0, 1380.0, 1395.0, 1410.0, 1425.0], "y": [1, 0, 0, 0, 1, 0, 1, 1, 2, 2, 3, 2, 4, 3, 1, 1, 4, 2, 2, 7, 4, 4, 10, 4, 3, 6, 6, 6, 14, 5, 8, 9, 14, 40, 15, 16, 11, 15, 10, 0, 1, 3, 0, 0, 1, 0, 0, 5, 0]}, "percentile": {"x": [718, 771, 802, 822, 829, 833, 844, 850, 856, 858, 868, 875, 877, 887, 895, 896, 900, 909, 912, 928, 932, 951, 957, 958, 966, 971, 981, 982, 990, 994, 995, 1001, 1002, 1004, 1005, 1009, 1012, 1019, 1021, 1022, 1025, 1028, 1039, 1040, 1041, 1044, 1045, 1047, 1048, 1049, 1054, 1057, 1058, 1061, 1072, 1075, 1081, 1083, 1085, 1089, 1092, 1096, 1099, 1100, 1102, 1103, 1107, 1111, 1115, 1118, 1119, 1120, 1124, 1125, 1127, 1130, 1132, 1133, 1134, 1136, 1138, 1142, 1149, 1150, 1151, 1155, 1157, 1161, 1163, 1168, 1169, 1171, 1175, 1176, 1177, 1179, 1180, 1182, 1183, 1185, 1186, 1187, 1188, 1189, 1190, 1191, 1192, 1194, 1195, 1198, 1199, 1202, 1203, 1205, 1206, 1207, 1208, 1209, 1210, 1211, 1212, 1213, 1214, 1216, 1217, 1219, 1221, 1222, 1223, 1226, 1227, 1228, 1229, 1233, 1234, 1235, 1236, 1237, 1238, 1239, 1240, 1241, 1242, 1243, 1244, 1245, 1246, 1247, 1250, 1254, 1256, 1257, 1265, 1267, 1268, 1270, 1271, 1272, 1273, 1274, 1275, 1276, 1278, 1280, 1283, 1309, 1322, 1324, 1325, 1365, 1415, 1424], "y": [99.6, 99.2, 98.8, 98.4, 98.0, 97.6, 97.2, 96.8, 96.4, 96.0, 95.6, 95.2, 94.8, 94.4, 93.5, 93.1, 92.7, 92.3, 91.9, 91.5, 91.1, 90.3, 89.9, 89.5, 89.1, 88.7, 88.3, 87.9, 87.0, 86.6, 86.2, 85.8, 85.4, 85.0, 84.6, 84.2, 83.8, 83.4, 83.0, 82.6, 82.2, 81.8, 81.4, 80.9, 80.1, 79.7, 78.9, 78.5, 78.1, 77.7, 77.3, 76.9, 76.5, 76.1, 75.7, 74.8, 74.4, 74.0, 73.6, 72.8, 72.4, 72.0, 71.6, 71.2, 70.8, 70.4, 70.0, 69.6, 69.2, 68.7, 68.3, 67.9, 67.5, 67.1, 65.9, 65.5, 65.1, 64.7, 64.3, 63.1, 61.8, 61.4, 61.0, 60.6, 59.8, 59.4, 58.6, 58.2, 57.8, 57.4, 56.6, 56.1, 55.7, 55.3, 54.9, 54.5, 53.7, 53.3, 52.9, 52.5, 52.1, 51.7, 51.3, 50.9, 50.5, 50.0, 49.6, 49.2, 48.4, 48.0, 47.2, 46.4, 45.6, 44.4, 43.1, 40.3, 39.5, 37.4, 36.6, 35.8, 33.8, 31.799999999999997, 30.900000000000006, 30.5, 30.099999999999994, 29.700000000000003, 29.299999999999997, 28.900000000000006, 28.5, 27.700000000000003, 27.299999999999997, 25.700000000000003, 24.799999999999997, 24.0, 23.599999999999994, 22.799999999999997, 22.400000000000006, 22.0, 21.599999999999994, 21.200000000000003, 20.400000000000006, 20.0, 19.200000000000003, 18.700000000000003, 18.299999999999997, 17.900000000000006, 17.099999999999994, 16.700000000000003, 15.099999999999994, 14.700000000000003, 14.299999999999997, 13.900000000000006, 13.5, 12.700000000000003, 12.200000000000003, 10.599999999999994, 10.200000000000003, 9.799999999999997, 8.200000000000003, 7.799999999999997, 6.599999999999994, 6.099999999999994, 4.5, 4.099999999999994, 3.700000000000003, 3.299999999999997, 2.9000000000000057, 2.5, 2.0999999999999943, 1.7000000000000028, 0.9000000000000057, -0.4000000000000057]}}