{"percentile": {"x": [735, 864, 994, 1017, 1022, 1042, 1056, 1071, 1074, 1088, 1106, 1114, 1115, 1120, 1139, 1162, 1172, 1201, 1204, 1206, 1209, 1210, 1211, 1215, 1224, 1230, 1233, 1235, 1237, 1243, 1250, 1257, 1259, 1268, 1272, 1275, 1278, 1279, 1288], "y": [97.6, 95.2, 92.7, 90.3, 87.9, 85.4, 83.0, 80.5, 78.1, 75.7, 73.2, 70.8, 68.3, 65.9, 63.5, 61.0, 58.6, 56.1, 53.7, 51.3, 48.8, 46.4, 44.0, 39.1, 36.6, 34.2, 31.799999999999997, 29.299999999999997, 24.400000000000006, 22.0, 17.099999999999994, 14.700000000000003, 12.200000000000003, 9.799999999999997, 7.400000000000006, 4.900000000000006, 2.5, 0.0, -2.4000000000000057]}, "histogram": {"x": [720.0, 740.0, 760.0, 780.0, 800.0, 820.0, 840.0, 860.0, 880.0, 900.0, 920.0, 940.0, 960.0, 980.0, 1000.0, 1020.0, 1040.0, 1060.0, 1080.0, 1100.0, 1120.0, 1140.0, 1160.0, 1180.0, 1200.0, 1220.0, 1240.0, 1260.0, 1280.0], "y": [1, 0, 0, 0, 0, 0, 0, 1, 0, 0, 0, 0, 0, 1, 1, 1, 2, 2, 1, 3, 2, 0, 2, 0, 8, 6, 5, 5, 1]}}