{"histogram": {"x": [840.0, 860.0, 880.0, 900.0, 920.0, 940.0, 960.0, 980.0, 1000.0, 1020.0, 1040.0, 1060.0, 1080.0, 1100.0, 1120.0, 1140.0, 1160.0, 1180.0, 1200.0, 1220.0, 1240.0, 1260.0, 1280.0, 1300.0, 1320.0, 1340.0, 1360.0, 1380.0, 1400.0, 1420.0], "y": [2, 0, 1, 3, 2, 0, 1, 3, 2, 4, 2, 3, 4, 10, 2, 1, 3, 6, 5, 21, 16, 16, 19, 5, 3, 1, 0, 1, 0, 0, 2]}, "percentile": {"x": [831, 872, 891, 895, 898, 908, 911, 949, 963, 972, 977, 987, 993, 1014, 1017, 1018, 1020, 1036, 1045, 1053, 1059, 1063, 1070, 1075, 1081, 1082, 1083, 1088, 1090, 1092, 1095, 1096, 1098, 1105, 1111, 1131, 1145, 1146, 1150, 1164, 1168, 1171, 1172, 1176, 1178, 1185, 1186, 1190, 1192, 1202, 1203, 1206, 1207, 1208, 1209, 1210, 1211, 1212, 1213, 1215, 1217, 1219, 1221, 1222, 1223, 1224, 1225, 1227, 1230, 1233, 1235, 1237, 1239, 1240, 1242, 1245, 1247, 1248, 1250, 1252, 1254, 1255, 1256, 1257, 1261, 1262, 1265, 1267, 1268, 1270, 1272, 1273, 1274, 1275, 1277, 1280, 1288, 1292, 1295, 1297, 1300, 1305, 1307, 1320, 1360, 1423, 1424], "y": [98.6, 97.9, 97.1, 96.4, 95.7, 94.9, 94.2, 93.5, 92.8, 92.0, 91.3, 90.6, 89.8, 88.4, 87.6, 86.9, 86.2, 85.5, 84.7, 84.0, 83.3, 81.8, 81.1, 80.3, 78.9, 78.2, 77.4, 76.7, 76.0, 75.2, 74.5, 73.8, 73.0, 72.3, 71.6, 70.9, 70.1, 69.4, 68.7, 67.9, 67.2, 66.5, 65.7, 65.0, 64.3, 63.6, 62.1, 61.4, 60.6, 59.9, 57.7, 57.0, 56.3, 55.5, 54.8, 53.3, 52.6, 51.1, 49.7, 46.8, 46.0, 45.3, 44.6, 43.8, 42.4, 41.7, 40.2, 39.5, 38.0, 36.5, 35.099999999999994, 34.400000000000006, 33.599999999999994, 32.900000000000006, 32.2, 30.700000000000003, 30.0, 29.200000000000003, 27.799999999999997, 26.299999999999997, 25.599999999999994, 23.400000000000006, 22.700000000000003, 21.900000000000006, 21.200000000000003, 19.799999999999997, 17.599999999999994, 16.799999999999997, 15.400000000000006, 13.200000000000003, 11.700000000000003, 11.0, 10.299999999999997, 8.799999999999997, 8.099999999999994, 7.299999999999997, 6.599999999999994, 5.900000000000006, 5.200000000000003, 4.400000000000006, 3.700000000000003, 3.0, 2.200000000000003, 1.5, 0.7999999999999972, 0.0, -0.7000000000000028]}}