{"percentile": {"y": [97.9, 95.8, 93.7, 91.5, 89.4, 87.3, 85.2, 83.0, 80.9, 78.8, 76.6, 74.5, 72.4, 70.3, 68.1, 66.0, 63.9, 61.8, 59.6, 55.4, 53.2, 49.0, 46.9, 44.7, 42.6, 40.5, 38.3, 36.2, 34.099999999999994, 32.0, 29.799999999999997, 27.700000000000003, 25.599999999999994, 23.5, 21.299999999999997, 19.200000000000003, 17.099999999999994, 14.900000000000006, 12.799999999999997, 10.700000000000003, 8.599999999999994, 6.400000000000006, 4.299999999999997, 2.200000000000003, 0.0, -2.0999999999999943], "x": [898, 899, 955, 1003, 1007, 1026, 1038, 1045, 1065, 1069, 1080, 1084, 1089, 1090, 1092, 1103, 1106, 1109, 1111, 1120, 1145, 1149, 1159, 1164, 1183, 1200, 1201, 1202, 1204, 1206, 1208, 1209, 1210, 1211, 1217, 1223, 1230, 1231, 1243, 1258, 1259, 1270, 1285, 1292, 1296, 1318]}, "histogram": {"y": [2, 0, 0, 1, 0, 0, 2, 2, 1, 2, 5, 4, 2, 4, 1, 1, 10, 3, 3, 1, 3, 1, 0], "x": [900.0, 920.0, 940.0, 960.0, 980.0, 1000.0, 1020.0, 1040.0, 1060.0, 1080.0, 1100.0, 1120.0, 1140.0, 1160.0, 1180.0, 1200.0, 1220.0, 1240.0, 1260.0, 1280.0, 1300.0, 1320.0]}}