{"histogram": {"x": [780.0, 800.0, 820.0, 840.0, 860.0, 880.0, 900.0, 920.0, 940.0, 960.0, 980.0, 1000.0, 1020.0, 1040.0, 1060.0, 1080.0, 1100.0, 1120.0, 1140.0, 1160.0, 1180.0, 1200.0, 1220.0, 1240.0, 1260.0, 1280.0, 1300.0], "y": [2, 2, 0, 0, 0, 3, 2, 4, 5, 4, 5, 3, 1, 3, 4, 2, 4, 4, 4, 5, 3, 16, 10, 6, 2, 4, 0]}, "percentile": {"x": [786, 796, 800, 815, 881, 887, 894, 907, 913, 925, 929, 931, 933, 940, 949, 953, 956, 960, 972, 977, 979, 983, 988, 990, 996, 998, 1006, 1014, 1026, 1042, 1044, 1045, 1061, 1067, 1076, 1079, 1089, 1091, 1106, 1107, 1108, 1111, 1122, 1125, 1129, 1149, 1151, 1155, 1159, 1160, 1170, 1175, 1176, 1178, 1181, 1183, 1196, 1200, 1202, 1203, 1206, 1207, 1208, 1210, 1211, 1213, 1214, 1215, 1216, 1218, 1219, 1220, 1224, 1225, 1226, 1228, 1230, 1232, 1239, 1241, 1244, 1246, 1247, 1257, 1270, 1274, 1280, 1288, 1292], "y": [99.0, 98.0, 97.0, 95.9, 94.9, 93.9, 92.8, 91.8, 90.8, 89.7, 88.7, 87.7, 86.6, 84.6, 83.6, 82.5, 81.5, 80.5, 79.4, 78.4, 77.4, 76.3, 75.3, 74.3, 73.2, 72.2, 71.2, 69.1, 68.1, 67.1, 66.0, 65.0, 64.0, 62.9, 61.9, 60.9, 59.8, 58.8, 57.8, 56.8, 55.7, 54.7, 53.7, 52.6, 50.6, 49.5, 48.5, 47.5, 46.4, 45.4, 44.4, 43.3, 42.3, 41.3, 40.3, 39.2, 38.2, 37.2, 36.1, 35.099999999999994, 33.0, 32.0, 31.0, 29.900000000000006, 28.900000000000006, 27.900000000000006, 26.900000000000006, 25.799999999999997, 24.799999999999997, 22.700000000000003, 21.700000000000003, 20.700000000000003, 18.599999999999994, 17.599999999999994, 16.5, 15.5, 14.5, 12.400000000000006, 11.400000000000006, 10.400000000000006, 8.299999999999997, 7.299999999999997, 6.200000000000003, 5.200000000000003, 4.200000000000003, 3.0999999999999943, 1.0999999999999943, 0.0, -1.0]}}