{"histogram": {"y": [1, 0, 0, 0, 0, 2, 1, 1, 2, 2, 1, 5, 2, 1, 4, 2, 1, 5, 5, 5, 6, 5, 3, 5, 4, 6, 5, 3, 5, 6, 5, 6, 3, 5, 4, 5, 6, 4, 10, 12, 20, 8, 7, 4, 6, 6, 1, 4, 0, 0, 0, 0, 1, 0], "x": [600.0, 615.0, 630.0, 645.0, 660.0, 675.0, 690.0, 705.0, 720.0, 735.0, 750.0, 765.0, 780.0, 795.0, 810.0, 825.0, 840.0, 855.0, 870.0, 885.0, 900.0, 915.0, 930.0, 945.0, 960.0, 975.0, 990.0, 1005.0, 1020.0, 1035.0, 1050.0, 1065.0, 1080.0, 1095.0, 1110.0, 1125.0, 1140.0, 1155.0, 1170.0, 1185.0, 1200.0, 1215.0, 1230.0, 1245.0, 1260.0, 1275.0, 1290.0, 1305.0, 1320.0, 1335.0, 1350.0, 1365.0, 1380.0, 1395.0]}, "percentile": {"y": [99.6, 99.1, 98.6, 98.1, 97.6, 97.1, 96.6, 96.1, 95.6, 95.1, 94.7, 94.2, 93.7, 93.2, 92.7, 91.7, 91.2, 90.7, 90.2, 89.8, 89.3, 88.8, 88.3, 87.8, 87.3, 86.3, 85.8, 85.3, 84.9, 84.4, 83.9, 82.9, 82.4, 81.9, 81.4, 80.9, 80.4, 80.0, 79.5, 79.0, 78.5, 78.0, 77.5, 76.5, 76.0, 75.5, 75.0, 74.6, 74.1, 73.6, 73.1, 72.6, 72.1, 71.6, 71.1, 70.6, 70.1, 69.7, 69.2, 68.7, 68.2, 67.7, 66.7, 66.2, 65.7, 64.8, 64.3, 63.8, 63.3, 62.8, 62.3, 61.3, 60.8, 60.3, 59.9, 59.4, 58.9, 58.4, 57.9, 56.9, 56.4, 55.4, 55.0, 54.5, 54.0, 53.5, 53.0, 52.5, 52.0, 51.5, 51.0, 50.5, 50.0, 49.6, 49.1, 48.1, 47.6, 47.1, 46.6, 46.1, 45.6, 45.1, 44.7, 43.2, 42.7, 42.2, 41.7, 41.2, 40.7, 40.2, 39.8, 39.3, 38.8, 38.3, 37.8, 37.3, 36.3, 35.8, 35.3, 34.900000000000006, 33.900000000000006, 33.400000000000006, 32.400000000000006, 31.900000000000006, 30.900000000000006, 30.0, 29.5, 28.5, 28.0, 27.5, 27.0, 26.0, 25.5, 23.599999999999994, 22.099999999999994, 21.599999999999994, 20.599999999999994, 20.099999999999994, 18.200000000000003, 17.700000000000003, 16.700000000000003, 15.700000000000003, 15.200000000000003, 14.799999999999997, 14.299999999999997, 13.799999999999997, 13.299999999999997, 12.799999999999997, 12.299999999999997, 11.299999999999997, 10.299999999999997, 9.900000000000006, 8.900000000000006, 8.400000000000006, 7.900000000000006, 7.400000000000006, 6.400000000000006, 5.900000000000006, 5.400000000000006, 4.5, 4.0, 3.5, 3.0, 2.5, 2.0, 1.5, 1.0, 0.5, 0.0, -0.4000000000000057], "x": [601, 679, 682, 702, 708, 725, 727, 735, 736, 753, 767, 768, 770, 776, 779, 780, 809, 810, 817, 820, 821, 826, 837, 844, 855, 862, 865, 869, 871, 875, 879, 880, 885, 891, 895, 897, 898, 900, 901, 902, 904, 905, 907, 916, 925, 927, 929, 930, 936, 938, 945, 950, 952, 956, 958, 960, 962, 969, 973, 975, 976, 979, 985, 989, 991, 992, 995, 1003, 1007, 1008, 1015, 1020, 1022, 1023, 1024, 1035, 1043, 1044, 1046, 1047, 1052, 1053, 1058, 1063, 1065, 1071, 1073, 1075, 1077, 1079, 1081, 1085, 1088, 1097, 1101, 1106, 1109, 1110, 1114, 1119, 1120, 1132, 1134, 1139, 1141, 1143, 1144, 1146, 1147, 1149, 1157, 1158, 1168, 1169, 1170, 1171, 1172, 1177, 1179, 1180, 1181, 1182, 1185, 1187, 1190, 1192, 1194, 1195, 1198, 1199, 1201, 1202, 1203, 1204, 1205, 1207, 1208, 1211, 1212, 1214, 1215, 1216, 1221, 1225, 1226, 1229, 1234, 1237, 1238, 1241, 1243, 1245, 1246, 1257, 1262, 1263, 1265, 1272, 1274, 1275, 1279, 1280, 1281, 1284, 1291, 1310, 1312, 1318, 1319, 1390]}}