{"histogram": {"y": [1, 1, 0, 0, 0, 1, 1, 2, 2, 1, 0, 0, 4, 4, 2, 3, 2, 2, 4, 2, 3, 20, 13, 10, 10, 0, 1, 1, 0, 0, 0, 2, 0], "x": [800.0, 820.0, 840.0, 860.0, 880.0, 900.0, 920.0, 940.0, 960.0, 980.0, 1000.0, 1020.0, 1040.0, 1060.0, 1080.0, 1100.0, 1120.0, 1140.0, 1160.0, 1180.0, 1200.0, 1220.0, 1240.0, 1260.0, 1280.0, 1300.0, 1320.0, 1340.0, 1360.0, 1380.0, 1400.0, 1420.0]}, "percentile": {"y": [99.0, 97.9, 96.8, 95.7, 94.6, 93.5, 92.4, 91.3, 90.2, 89.1, 88.0, 85.8, 84.7, 82.5, 81.4, 80.3, 79.2, 78.1, 77.0, 75.9, 74.8, 73.7, 72.6, 71.5, 70.4, 69.3, 68.2, 67.1, 66.0, 64.9, 63.8, 62.7, 61.6, 60.5, 58.3, 57.2, 56.1, 53.9, 51.7, 50.6, 49.5, 48.4, 45.1, 44.0, 42.9, 40.7, 39.6, 38.5, 37.4, 36.3, 34.099999999999994, 33.0, 30.799999999999997, 29.700000000000003, 27.5, 25.299999999999997, 24.200000000000003, 23.099999999999994, 22.0, 20.900000000000006, 19.799999999999997, 18.700000000000003, 16.5, 15.400000000000006, 14.299999999999997, 12.099999999999994, 11.0, 9.900000000000006, 8.799999999999997, 7.700000000000003, 6.599999999999994, 4.400000000000006, 3.299999999999997, 2.200000000000003, 1.0999999999999943, 0.0, -1.0], "x": [785, 805, 889, 916, 930, 939, 954, 955, 979, 1023, 1028, 1038, 1044, 1055, 1057, 1078, 1079, 1088, 1095, 1098, 1108, 1117, 1120, 1135, 1144, 1146, 1153, 1154, 1163, 1178, 1196, 1198, 1199, 1200, 1201, 1202, 1204, 1205, 1206, 1207, 1208, 1210, 1211, 1212, 1213, 1214, 1219, 1222, 1223, 1225, 1230, 1231, 1233, 1234, 1235, 1238, 1240, 1241, 1243, 1246, 1251, 1252, 1253, 1255, 1258, 1261, 1263, 1269, 1270, 1271, 1272, 1273, 1274, 1307, 1324, 1407, 1415]}}