{"histogram": {"x": [885.0, 900.0, 915.0, 930.0, 945.0, 960.0, 975.0, 990.0, 1005.0, 1020.0, 1035.0, 1050.0, 1065.0, 1080.0, 1095.0, 1110.0, 1125.0, 1140.0, 1155.0, 1170.0, 1185.0, 1200.0, 1215.0, 1230.0, 1245.0, 1260.0, 1275.0, 1290.0, 1305.0, 1320.0, 1335.0, 1350.0, 1365.0, 1380.0, 1395.0, 1410.0, 1425.0], "y": [1, 0, 0, 0, 0, 0, 1, 2, 0, 0, 1, 0, 0, 0, 2, 0, 1, 1, 2, 1, 3, 5, 8, 8, 19, 13, 5, 3, 1, 2, 0, 0, 0, 0, 0, 2, 0]}, "percentile": {"x": [892, 978, 996, 999, 1048, 1100, 1105, 1129, 1142, 1162, 1165, 1173, 1186, 1187, 1194, 1204, 1205, 1206, 1213, 1215, 1218, 1223, 1224, 1226, 1227, 1229, 1234, 1236, 1237, 1238, 1239, 1240, 1246, 1248, 1249, 1250, 1251, 1252, 1253, 1255, 1256, 1258, 1259, 1260, 1261, 1262, 1263, 1265, 1266, 1269, 1270, 1271, 1272, 1277, 1278, 1279, 1289, 1290, 1295, 1300, 1313, 1331, 1332, 1424], "y": [98.8, 97.5, 96.3, 95.0, 93.8, 92.5, 91.3, 90.0, 88.8, 87.5, 86.3, 85.0, 83.8, 82.5, 81.3, 80.0, 78.8, 76.3, 75.0, 73.8, 72.5, 71.3, 70.0, 67.5, 66.3, 65.0, 63.8, 62.5, 61.3, 58.8, 57.5, 55.0, 52.5, 50.0, 47.5, 46.3, 43.8, 41.3, 40.0, 36.3, 35.0, 32.5, 31.299999999999997, 30.0, 28.799999999999997, 27.5, 26.299999999999997, 25.0, 23.799999999999997, 22.5, 18.799999999999997, 16.299999999999997, 15.0, 13.799999999999997, 12.5, 11.299999999999997, 8.799999999999997, 7.5, 6.299999999999997, 5.0, 3.799999999999997, 2.5, 1.2999999999999972, -1.2000000000000028]}}