{"histogram": {"y": [1, 1, 0, 0, 0, 0, 1, 1, 1, 1, 0, 0, 1, 1], "x": [1095.0, 1110.0, 1125.0, 1140.0, 1155.0, 1170.0, 1185.0, 1200.0, 1215.0, 1230.0, 1245.0, 1260.0, 1275.0, 1290.0]}, "percentile": {"y": [85.8, 71.5, 57.2, 42.9, 28.599999999999994, 14.299999999999997, 0.0, -14.200000000000003], "x": [1100, 1115, 1195, 1207, 1216, 1230, 1280, 1290]}}