{"histogram": {"x": [780.0, 800.0, 820.0, 840.0, 860.0, 880.0, 900.0, 920.0, 940.0, 960.0, 980.0, 1000.0, 1020.0, 1040.0, 1060.0, 1080.0, 1100.0, 1120.0, 1140.0, 1160.0, 1180.0, 1200.0, 1220.0, 1240.0, 1260.0, 1280.0, 1300.0, 1320.0, 1340.0, 1360.0, 1380.0, 1400.0, 1420.0], "y": [1, 0, 0, 0, 0, 0, 0, 0, 0, 1, 0, 1, 0, 0, 0, 0, 3, 2, 0, 0, 2, 2, 8, 7, 7, 10, 2, 2, 2, 0, 1, 1, 1, 0]}, "percentile": {"x": [773, 956, 989, 1084, 1087, 1093, 1110, 1111, 1169, 1171, 1183, 1197, 1206, 1211, 1212, 1213, 1214, 1216, 1217, 1218, 1223, 1225, 1231, 1234, 1235, 1237, 1238, 1240, 1253, 1254, 1255, 1257, 1265, 1268, 1272, 1273, 1274, 1275, 1288, 1291, 1304, 1311, 1327, 1334, 1363, 1399, 1415], "y": [98.1, 96.2, 94.3, 92.4, 90.4, 88.5, 86.6, 84.7, 82.7, 80.8, 78.9, 77.0, 75.0, 73.1, 71.2, 69.3, 67.4, 65.4, 63.5, 61.6, 59.7, 57.7, 55.8, 53.9, 52.0, 50.0, 48.1, 46.2, 44.3, 38.5, 36.6, 34.7, 32.7, 28.900000000000006, 21.200000000000003, 19.299999999999997, 17.400000000000006, 15.400000000000006, 13.5, 11.599999999999994, 9.700000000000003, 7.700000000000003, 5.799999999999997, 3.9000000000000057, 2.0, 0.0, -1.9000000000000057]}}