{"histogram": {"y": [1, 0, 1, 3, 4, 1, 3, 9, 9, 11, 13, 15, 14, 15, 23, 31, 29, 21, 21, 31, 26, 29, 41, 37, 53, 174, 95, 80, 66, 14, 5, 8, 1, 1, 0, 1, 4], "x": [720.0, 740.0, 760.0, 780.0, 800.0, 820.0, 840.0, 860.0, 880.0, 900.0, 920.0, 940.0, 960.0, 980.0, 1000.0, 1020.0, 1040.0, 1060.0, 1080.0, 1100.0, 1120.0, 1140.0, 1160.0, 1180.0, 1200.0, 1220.0, 1240.0, 1260.0, 1280.0, 1300.0, 1320.0, 1340.0, 1360.0, 1380.0, 1400.0, 1420.0]}, "percentile": {"y": [99.9, 99.8, 99.7, 99.6, 99.5, 99.4, 99.3, 99.2, 99.0, 98.9, 98.8, 98.7, 98.6, 98.4, 98.3, 98.1, 98.0, 97.9, 97.8, 97.7, 97.6, 97.5, 97.4, 97.0, 96.8, 96.7, 96.6, 96.5, 96.2, 96.0, 95.9, 95.8, 95.7, 95.6, 95.4, 95.3, 95.2, 95.1, 95.0, 94.8, 94.5, 94.4, 94.3, 94.1, 94.0, 93.9, 93.6, 93.5, 93.4, 93.3, 93.2, 93.1, 93.0, 92.9, 92.6, 92.5, 92.3, 92.2, 92.1, 91.8, 91.7, 91.6, 91.4, 91.2, 90.9, 90.8, 90.6, 90.5, 90.4, 90.3, 90.2, 89.8, 89.7, 89.5, 89.4, 89.1, 88.9, 88.8, 88.7, 88.6, 88.5, 88.2, 87.7, 87.6, 87.5, 87.3, 87.2, 87.1, 87.0, 86.9, 86.3, 86.1, 86.0, 85.8, 85.4, 85.2, 85.0, 84.9, 84.8, 84.6, 84.5, 84.4, 84.3, 84.1, 83.7, 83.5, 83.1, 82.8, 82.6, 82.5, 82.4, 82.2, 81.9, 81.8, 81.7, 81.4, 81.2, 80.9, 80.6, 80.3, 80.1, 80.0, 79.8, 79.7, 79.6, 79.4, 79.2, 79.1, 79.0, 78.7, 78.5, 78.2, 78.1, 78.0, 77.7, 77.6, 77.4, 77.3, 77.2, 77.0, 76.9, 76.8, 76.5, 76.3, 76.2, 76.1, 75.9, 75.6, 75.5, 75.4, 75.2, 74.9, 74.3, 74.2, 74.1, 73.8, 73.5, 73.3, 73.1, 72.9, 72.8, 72.6, 72.4, 72.3, 71.8, 71.6, 71.4, 71.3, 71.0, 70.7, 70.4, 70.1, 70.0, 69.9, 69.7, 69.1, 69.0, 68.9, 68.7, 68.6, 68.4, 68.3, 68.2, 67.8, 67.3, 67.1, 66.9, 66.5, 66.3, 66.2, 65.7, 65.6, 65.5, 65.4, 65.3, 65.2, 64.8, 64.6, 64.2, 64.1, 63.8, 63.5, 63.0, 62.7, 62.6, 62.4, 62.1, 61.7, 61.4, 61.1, 60.8, 60.7, 60.6, 60.5, 60.2, 60.0, 59.9, 59.7, 59.6, 59.3, 59.2, 59.0, 58.9, 58.5, 57.9, 57.8, 57.6, 57.0, 56.7, 56.6, 56.4, 56.2, 56.0, 55.7, 55.6, 55.4, 55.2, 54.7, 54.5, 54.4, 53.8, 53.7, 53.5, 52.8, 52.7, 52.4, 52.1, 51.7, 50.4, 50.0, 49.1, 48.8, 47.6, 47.2, 45.8, 44.6, 43.0, 41.9, 41.1, 39.8, 38.7, 36.9, 36.0, 35.400000000000006, 32.900000000000006, 32.599999999999994, 32.2, 31.700000000000003, 30.900000000000006, 30.200000000000003, 30.0, 29.900000000000006, 29.400000000000006, 29.0, 28.200000000000003, 27.799999999999997, 27.299999999999997, 26.700000000000003, 26.299999999999997, 25.700000000000003, 25.400000000000006, 24.900000000000006, 24.599999999999994, 24.099999999999994, 22.5, 22.0, 21.299999999999997, 20.200000000000003, 19.400000000000006, 18.400000000000006, 18.200000000000003, 17.400000000000006, 16.5, 16.400000000000006, 15.700000000000003, 15.5, 15.0, 14.700000000000003, 14.599999999999994, 14.200000000000003, 13.900000000000006, 13.400000000000006, 13.099999999999994, 12.599999999999994, 12.200000000000003, 11.599999999999994, 11.200000000000003, 10.700000000000003, 10.299999999999997, 9.799999999999997, 9.599999999999994, 8.400000000000006, 7.900000000000006, 7.700000000000003, 7.599999999999994, 7.099999999999994, 6.700000000000003, 6.099999999999994, 6.0, 5.400000000000006, 5.200000000000003, 5.0, 4.5, 4.400000000000006, 4.0, 3.799999999999997, 3.5999999999999943, 3.4000000000000057, 3.200000000000003, 3.0999999999999943, 3.0, 2.9000000000000057, 2.700000000000003, 2.5999999999999943, 2.5, 2.4000000000000057, 2.200000000000003, 2.0999999999999943, 2.0, 1.7000000000000028, 1.5999999999999943, 1.2999999999999972, 1.2000000000000028, 1.0999999999999943, 0.9000000000000057, 0.7999999999999972, 0.7000000000000028, 0.5999999999999943, 0.5, 0.4000000000000057, 0.29999999999999716, -0.09999999999999432], "x": [708, 752, 770, 771, 774, 782, 788, 789, 795, 811, 823, 830, 835, 847, 848, 849, 850, 854, 855, 856, 857, 865, 867, 868, 870, 875, 876, 880, 883, 884, 887, 889, 891, 893, 896, 899, 901, 902, 905, 906, 907, 909, 913, 914, 916, 919, 921, 922, 923, 925, 926, 928, 929, 932, 935, 936, 937, 939, 940, 942, 946, 948, 950, 956, 957, 958, 959, 960, 961, 963, 970, 972, 974, 975, 976, 978, 979, 980, 981, 983, 984, 985, 986, 990, 991, 993, 994, 995, 996, 998, 999, 1000, 1001, 1002, 1003, 1004, 1005, 1006, 1007, 1008, 1009, 1010, 1011, 1013, 1014, 1016, 1017, 1018, 1020, 1022, 1023, 1024, 1025, 1026, 1027, 1028, 1030, 1031, 1032, 1033, 1034, 1035, 1036, 1037, 1038, 1040, 1041, 1042, 1049, 1050, 1051, 1052, 1053, 1054, 1055, 1056, 1057, 1058, 1059, 1060, 1061, 1062, 1066, 1067, 1068, 1071, 1072, 1074, 1075, 1076, 1077, 1079, 1080, 1081, 1082, 1084, 1085, 1089, 1090, 1092, 1093, 1094, 1095, 1096, 1097, 1098, 1099, 1100, 1103, 1104, 1105, 1106, 1107, 1108, 1110, 1112, 1113, 1114, 1115, 1116, 1119, 1120, 1121, 1122, 1123, 1124, 1125, 1126, 1128, 1129, 1130, 1133, 1134, 1135, 1136, 1139, 1140, 1141, 1142, 1143, 1144, 1145, 1146, 1147, 1148, 1149, 1150, 1152, 1153, 1154, 1157, 1158, 1159, 1160, 1161, 1162, 1163, 1164, 1165, 1166, 1167, 1168, 1169, 1171, 1172, 1173, 1174, 1175, 1176, 1177, 1178, 1180, 1181, 1183, 1184, 1185, 1186, 1187, 1188, 1189, 1190, 1191, 1192, 1193, 1194, 1196, 1197, 1198, 1199, 1200, 1201, 1202, 1203, 1204, 1205, 1206, 1207, 1208, 1209, 1210, 1211, 1212, 1213, 1214, 1215, 1216, 1217, 1218, 1219, 1220, 1221, 1222, 1223, 1224, 1225, 1226, 1227, 1228, 1229, 1230, 1231, 1232, 1233, 1234, 1235, 1237, 1238, 1239, 1240, 1241, 1242, 1243, 1244, 1245, 1246, 1247, 1248, 1249, 1250, 1251, 1252, 1253, 1254, 1255, 1256, 1257, 1259, 1260, 1261, 1262, 1264, 1265, 1266, 1267, 1268, 1269, 1270, 1271, 1272, 1273, 1274, 1275, 1276, 1277, 1278, 1279, 1281, 1284, 1285, 1287, 1288, 1291, 1292, 1294, 1295, 1297, 1299, 1308, 1311, 1316, 1319, 1320, 1321, 1328, 1329, 1334, 1335, 1349, 1365, 1400, 1423, 1424]}}