{"percentile": {"y": [99.3, 98.5, 97.7, 96.9, 96.1, 95.3, 94.5, 92.9, 92.1, 91.3, 90.5, 89.7, 88.9, 88.1, 87.4, 84.2, 83.4, 81.0, 80.2, 79.4, 77.8, 77.0, 76.2, 75.4, 74.7, 73.9, 71.5, 70.7, 69.9, 68.3, 65.9, 64.3, 62.0, 61.2, 59.6, 58.0, 56.4, 55.6, 54.8, 53.2, 52.4, 50.8, 50.0, 48.5, 46.9, 44.5, 42.1, 41.3, 40.5, 39.7, 38.9, 38.1, 35.8, 34.2, 33.400000000000006, 31.0, 29.400000000000006, 27.799999999999997, 25.400000000000006, 24.700000000000003, 23.900000000000006, 23.099999999999994, 22.299999999999997, 20.700000000000003, 19.900000000000006, 18.299999999999997, 17.5, 15.900000000000006, 15.099999999999994, 14.299999999999997, 13.5, 12.700000000000003, 10.400000000000006, 9.599999999999994, 8.799999999999997, 8.0, 7.200000000000003, 6.400000000000006, 5.599999999999994, 4.799999999999997, 4.0, 3.200000000000003, 2.4000000000000057, 1.5999999999999943, 0.7999999999999972, -0.7000000000000028], "x": [998, 1038, 1053, 1063, 1077, 1121, 1138, 1145, 1151, 1152, 1178, 1179, 1189, 1195, 1198, 1202, 1207, 1209, 1210, 1212, 1213, 1214, 1215, 1218, 1221, 1224, 1225, 1227, 1228, 1231, 1232, 1234, 1235, 1236, 1237, 1239, 1240, 1242, 1244, 1245, 1246, 1247, 1249, 1251, 1254, 1255, 1259, 1260, 1261, 1262, 1263, 1268, 1270, 1271, 1272, 1273, 1274, 1275, 1276, 1277, 1279, 1280, 1283, 1285, 1286, 1287, 1288, 1290, 1296, 1300, 1304, 1309, 1313, 1315, 1317, 1320, 1322, 1324, 1335, 1340, 1341, 1355, 1378, 1380, 1400, 1415]}, "histogram": {"y": [1, 0, 1, 1, 2, 0, 0, 2, 4, 2, 3, 15, 22, 20, 23, 11, 8, 4, 3, 1, 1, 3], "x": [1000.0, 1020.0, 1040.0, 1060.0, 1080.0, 1100.0, 1120.0, 1140.0, 1160.0, 1180.0, 1200.0, 1220.0, 1240.0, 1260.0, 1280.0, 1300.0, 1320.0, 1340.0, 1360.0, 1380.0, 1400.0]}}