{"percentile": {"y": [99.8, 99.6, 99.3, 99.1, 98.9, 98.4, 98.2, 97.9, 97.7, 97.5, 97.2, 97.0, 96.8, 96.5, 96.3, 96.1, 95.8, 95.6, 95.4, 95.1, 94.7, 94.4, 94.2, 94.0, 93.5, 93.3, 93.0, 92.8, 92.6, 92.3, 92.1, 91.6, 91.4, 90.9, 90.7, 90.4, 90.2, 90.0, 89.7, 89.5, 89.3, 89.0, 88.8, 88.3, 87.9, 87.6, 87.4, 86.9, 86.7, 86.2, 86.0, 85.8, 85.5, 84.8, 84.6, 84.4, 84.1, 83.9, 83.7, 83.4, 83.0, 82.3, 81.5, 81.1, 80.8, 80.6, 80.1, 79.7, 79.2, 79.0, 78.5, 78.3, 77.8, 77.6, 77.3, 77.1, 76.9, 76.6, 76.4, 76.2, 75.7, 75.5, 75.2, 75.0, 74.8, 74.5, 74.1, 73.8, 73.4, 73.1, 72.9, 72.4, 72.2, 71.9, 71.7, 71.5, 71.2, 71.0, 70.8, 70.5, 70.1, 69.8, 69.6, 69.4, 68.9, 68.7, 68.4, 67.7, 67.3, 67.0, 66.8, 65.9, 65.4, 64.9, 64.7, 64.2, 64.0, 63.8, 63.5, 63.3, 62.8, 62.1, 61.4, 61.2, 60.9, 60.7, 60.2, 59.8, 59.1, 58.8, 58.6, 58.4, 58.1, 57.9, 57.7, 57.0, 56.7, 56.3, 56.0, 55.6, 55.3, 55.1, 54.6, 54.4, 53.7, 53.2, 53.0, 52.7, 52.5, 51.8, 51.6, 51.3, 51.1, 50.9, 50.6, 50.2, 49.9, 49.2, 49.0, 48.8, 48.5, 48.3, 48.1, 47.8, 47.4, 47.1, 46.4, 46.2, 46.0, 45.7, 45.2, 45.0, 44.8, 44.5, 44.1, 43.8, 43.4, 43.1, 42.9, 42.7, 42.4, 42.0, 41.3, 41.0, 40.8, 40.6, 40.1, 39.9, 39.4, 38.7, 38.5, 38.2, 38.0, 37.5, 37.3, 37.1, 35.400000000000006, 34.0, 32.400000000000006, 31.400000000000006, 30.700000000000003, 28.599999999999994, 27.900000000000006, 27.0, 26.0, 25.099999999999994, 23.700000000000003, 22.799999999999997, 22.5, 20.900000000000006, 20.400000000000006, 19.700000000000003, 19.0, 18.799999999999997, 18.299999999999997, 17.599999999999994, 17.400000000000006, 17.099999999999994, 16.700000000000003, 16.400000000000006, 16.200000000000003, 15.700000000000003, 15.5, 14.799999999999997, 14.599999999999994, 14.299999999999997, 14.099999999999994, 13.900000000000006, 13.400000000000006, 12.900000000000006, 12.700000000000003, 12.0, 11.799999999999997, 11.5, 11.299999999999997, 11.099999999999994, 10.799999999999997, 10.400000000000006, 9.900000000000006, 9.700000000000003, 9.400000000000006, 9.200000000000003, 8.700000000000003, 8.5, 8.200000000000003, 7.799999999999997, 7.5, 6.799999999999997, 6.599999999999994, 6.400000000000006, 5.700000000000003, 5.0, 4.5, 4.299999999999997, 4.0, 3.299999999999997, 2.9000000000000057, 2.5999999999999943, 2.4000000000000057, 2.200000000000003, 1.9000000000000057, 1.7000000000000028, 1.5, 1.2000000000000028, 1.0, 0.7999999999999972, 0.5, 0.29999999999999716, -0.20000000000000284], "x": [676, 678, 736, 752, 763, 767, 771, 779, 788, 795, 797, 799, 803, 809, 811, 833, 839, 846, 847, 849, 854, 858, 859, 864, 866, 870, 873, 876, 877, 883, 887, 890, 896, 897, 898, 900, 901, 903, 904, 909, 911, 913, 915, 916, 917, 920, 921, 923, 924, 925, 926, 931, 932, 936, 940, 941, 943, 944, 946, 947, 952, 954, 955, 956, 958, 959, 960, 964, 965, 967, 968, 970, 971, 974, 978, 980, 982, 983, 984, 988, 989, 991, 992, 993, 995, 996, 998, 999, 1000, 1002, 1006, 1007, 1008, 1009, 1010, 1015, 1016, 1017, 1019, 1020, 1021, 1025, 1027, 1028, 1029, 1030, 1034, 1035, 1036, 1042, 1045, 1047, 1048, 1050, 1052, 1054, 1056, 1057, 1058, 1060, 1063, 1065, 1066, 1067, 1070, 1071, 1073, 1074, 1075, 1076, 1080, 1081, 1082, 1083, 1084, 1085, 1086, 1087, 1088, 1089, 1090, 1091, 1092, 1093, 1094, 1096, 1098, 1101, 1102, 1108, 1110, 1116, 1118, 1122, 1124, 1127, 1131, 1132, 1134, 1135, 1136, 1137, 1138, 1139, 1141, 1142, 1145, 1147, 1149, 1152, 1153, 1154, 1159, 1162, 1163, 1164, 1165, 1166, 1167, 1168, 1169, 1171, 1173, 1175, 1176, 1177, 1182, 1183, 1187, 1188, 1189, 1192, 1194, 1196, 1197, 1198, 1202, 1203, 1204, 1205, 1206, 1207, 1208, 1209, 1210, 1211, 1212, 1213, 1214, 1215, 1216, 1217, 1218, 1219, 1220, 1221, 1222, 1223, 1224, 1227, 1229, 1230, 1233, 1234, 1235, 1236, 1237, 1239, 1240, 1241, 1242, 1244, 1245, 1247, 1249, 1250, 1251, 1253, 1254, 1257, 1259, 1260, 1261, 1264, 1265, 1266, 1267, 1268, 1269, 1271, 1273, 1274, 1276, 1277, 1279, 1280, 1284, 1286, 1301, 1306, 1320, 1329, 1333, 1340, 1347, 1380, 1390, 1400, 1415]}, "histogram": {"y": [2, 0, 0, 1, 1, 5, 4, 3, 2, 7, 7, 8, 12, 13, 18, 14, 15, 13, 15, 16, 20, 25, 8, 14, 13, 18, 15, 78, 21, 19, 23, 6, 2, 3, 2, 0, 2, 3], "x": [660.0, 680.0, 700.0, 720.0, 740.0, 760.0, 780.0, 800.0, 820.0, 840.0, 860.0, 880.0, 900.0, 920.0, 940.0, 960.0, 980.0, 1000.0, 1020.0, 1040.0, 1060.0, 1080.0, 1100.0, 1120.0, 1140.0, 1160.0, 1180.0, 1200.0, 1220.0, 1240.0, 1260.0, 1280.0, 1300.0, 1320.0, 1340.0, 1360.0, 1380.0, 1400.0]}}