{"percentile": {"y": [96.6, 93.2, 89.7, 86.3, 82.8, 79.4, 75.9, 72.5, 69.0, 65.6, 62.1, 58.7, 55.2, 51.8, 48.3, 41.4, 38.0, 31.099999999999994, 27.599999999999994, 20.700000000000003, 17.299999999999997, 13.799999999999997, 10.400000000000006, 6.900000000000006, 3.5, 0.0, -3.4000000000000057], "x": [944, 973, 975, 1001, 1014, 1032, 1034, 1043, 1069, 1108, 1127, 1130, 1138, 1151, 1186, 1198, 1206, 1210, 1215, 1218, 1221, 1225, 1227, 1257, 1264, 1271, 1287]}, "histogram": {"y": [1, 0, 1, 1, 1, 1, 2, 1, 0, 1, 0, 1, 0, 3, 1, 0, 0, 3, 3, 6, 0, 1, 2, 1], "x": [930.0, 945.0, 960.0, 975.0, 990.0, 1005.0, 1020.0, 1035.0, 1050.0, 1065.0, 1080.0, 1095.0, 1110.0, 1125.0, 1140.0, 1155.0, 1170.0, 1185.0, 1200.0, 1215.0, 1230.0, 1245.0, 1260.0, 1275.0]}}