{"histogram": {"y": [1, 0, 0, 1, 1, 0, 2, 0, 1, 1, 1, 3, 2, 2, 1, 2, 2, 2, 2, 4, 8, 4, 2, 2, 1, 3, 4, 1, 6, 3, 5, 5, 2, 4, 18, 11, 10, 6, 6, 2, 0, 0, 0, 0, 0, 0, 1], "x": [690.0, 705.0, 720.0, 735.0, 750.0, 765.0, 780.0, 795.0, 810.0, 825.0, 840.0, 855.0, 870.0, 885.0, 900.0, 915.0, 930.0, 945.0, 960.0, 975.0, 990.0, 1005.0, 1020.0, 1035.0, 1050.0, 1065.0, 1080.0, 1095.0, 1110.0, 1125.0, 1140.0, 1155.0, 1170.0, 1185.0, 1200.0, 1215.0, 1230.0, 1245.0, 1260.0, 1275.0, 1290.0, 1305.0, 1320.0, 1335.0, 1350.0, 1365.0, 1380.0]}, "percentile": {"y": [99.3, 98.5, 97.8, 97.0, 96.2, 95.5, 94.7, 93.9, 93.2, 92.4, 91.7, 90.9, 90.1, 89.4, 88.6, 87.8, 86.3, 85.5, 84.8, 84.0, 83.3, 82.5, 81.7, 81.0, 79.4, 78.7, 76.4, 74.9, 74.1, 73.3, 72.6, 71.8, 71.0, 70.3, 69.5, 68.8, 68.0, 67.2, 66.5, 65.7, 64.9, 64.2, 63.4, 62.6, 61.1, 60.4, 59.6, 58.8, 57.3, 56.5, 55.8, 55.0, 54.2, 53.5, 52.7, 52.0, 51.2, 50.4, 48.9, 48.1, 47.4, 46.6, 45.1, 44.3, 43.6, 42.8, 42.0, 41.3, 40.5, 39.7, 39.0, 37.5, 36.7, 35.900000000000006, 34.400000000000006, 32.099999999999994, 30.599999999999994, 29.799999999999997, 27.5, 26.799999999999997, 26.0, 24.5, 23.700000000000003, 23.0, 22.200000000000003, 20.700000000000003, 19.900000000000006, 18.400000000000006, 17.599999999999994, 16.099999999999994, 14.599999999999994, 13.0, 12.299999999999997, 11.5, 10.700000000000003, 10.0, 9.200000000000003, 7.700000000000003, 6.900000000000006, 6.200000000000003, 5.400000000000006, 4.599999999999994, 3.0999999999999943, 2.299999999999997, 1.5999999999999943, 0.7999999999999972, 0.0, -0.7000000000000028], "x": [702, 738, 753, 784, 790, 814, 835, 848, 860, 862, 867, 881, 882, 886, 896, 900, 924, 939, 941, 946, 957, 960, 971, 977, 981, 989, 990, 993, 996, 1000, 1003, 1006, 1011, 1015, 1019, 1022, 1031, 1042, 1045, 1064, 1067, 1070, 1079, 1081, 1082, 1086, 1106, 1111, 1115, 1117, 1120, 1122, 1131, 1135, 1137, 1141, 1145, 1147, 1153, 1156, 1160, 1164, 1168, 1175, 1183, 1187, 1188, 1191, 1199, 1202, 1204, 1205, 1206, 1207, 1209, 1210, 1211, 1212, 1213, 1214, 1215, 1217, 1218, 1222, 1223, 1224, 1225, 1226, 1234, 1235, 1236, 1238, 1240, 1241, 1243, 1246, 1250, 1253, 1257, 1259, 1261, 1268, 1269, 1270, 1271, 1275, 1284, 1390]}}