{"histogram": {"x": [820.0, 840.0, 860.0, 880.0, 900.0, 920.0, 940.0, 960.0, 980.0, 1000.0, 1020.0, 1040.0, 1060.0, 1080.0, 1100.0, 1120.0, 1140.0, 1160.0, 1180.0, 1200.0, 1220.0, 1240.0, 1260.0, 1280.0, 1300.0, 1320.0, 1340.0, 1360.0, 1380.0, 1400.0, 1420.0], "y": [1, 2, 0, 1, 1, 3, 1, 4, 3, 4, 5, 5, 8, 4, 5, 3, 6, 5, 9, 9, 53, 42, 41, 32, 9, 4, 1, 1, 0, 0, 1, 1]}, "percentile": {"x": [812, 826, 829, 872, 895, 911, 912, 914, 931, 949, 954, 956, 959, 965, 971, 977, 988, 991, 994, 1000, 1007, 1013, 1015, 1019, 1020, 1022, 1026, 1029, 1032, 1041, 1042, 1043, 1045, 1047, 1050, 1063, 1072, 1077, 1082, 1084, 1085, 1089, 1091, 1102, 1108, 1111, 1130, 1131, 1135, 1137, 1139, 1140, 1142, 1148, 1150, 1157, 1160, 1161, 1165, 1167, 1169, 1170, 1175, 1176, 1177, 1180, 1184, 1187, 1188, 1191, 1194, 1202, 1203, 1204, 1205, 1206, 1207, 1208, 1209, 1210, 1211, 1212, 1213, 1214, 1215, 1216, 1217, 1218, 1219, 1220, 1221, 1222, 1223, 1227, 1229, 1230, 1231, 1232, 1233, 1234, 1235, 1237, 1238, 1239, 1240, 1241, 1243, 1244, 1245, 1246, 1247, 1248, 1249, 1250, 1251, 1252, 1253, 1255, 1257, 1258, 1259, 1260, 1262, 1264, 1265, 1266, 1267, 1268, 1269, 1272, 1273, 1274, 1275, 1276, 1278, 1279, 1280, 1284, 1286, 1289, 1293, 1295, 1297, 1299, 1301, 1308, 1309, 1318, 1325, 1355, 1415, 1422], "y": [99.7, 99.3, 98.9, 98.5, 98.1, 97.8, 97.4, 97.0, 96.6, 96.2, 95.9, 95.5, 95.1, 94.7, 94.3, 94.0, 93.6, 93.2, 92.4, 92.1, 91.7, 91.3, 90.9, 90.5, 90.2, 89.8, 89.4, 89.0, 88.6, 87.9, 87.5, 86.7, 86.4, 86.0, 85.6, 85.2, 84.5, 84.1, 83.7, 83.3, 82.9, 82.6, 82.2, 81.8, 81.4, 81.0, 80.3, 79.9, 79.5, 79.1, 78.8, 78.4, 78.0, 77.6, 77.2, 76.9, 76.5, 76.1, 75.7, 75.3, 75.0, 74.6, 74.2, 73.8, 73.4, 73.1, 72.3, 71.5, 70.8, 70.4, 70.0, 69.6, 68.1, 67.0, 66.6, 66.2, 65.1, 62.8, 60.5, 59.4, 57.8, 57.5, 57.1, 54.4, 52.1, 51.0, 50.6, 50.2, 49.9, 48.0, 47.6, 44.9, 44.2, 43.8, 43.4, 42.6, 41.9, 41.1, 39.2, 38.8, 37.3, 35.8, 35.0, 33.900000000000006, 33.5, 33.099999999999994, 32.0, 30.5, 30.099999999999994, 29.299999999999997, 28.200000000000003, 27.400000000000006, 26.700000000000003, 26.299999999999997, 24.400000000000006, 23.200000000000003, 22.5, 21.299999999999997, 20.599999999999994, 19.099999999999994, 18.299999999999997, 17.200000000000003, 16.799999999999997, 16.400000000000006, 15.599999999999994, 15.299999999999997, 14.5, 13.400000000000006, 12.599999999999994, 11.799999999999997, 10.299999999999997, 8.799999999999997, 8.400000000000006, 8.0, 6.900000000000006, 6.099999999999994, 5.799999999999997, 5.0, 4.599999999999994, 4.200000000000003, 3.9000000000000057, 3.5, 3.0999999999999943, 2.700000000000003, 2.299999999999997, 2.0, 1.5999999999999943, 1.2000000000000028, 0.7999999999999972, 0.4000000000000057, 0.0, -0.29999999999999716]}}