{"percentile": {"y": [99.7, 99.3, 99.0, 98.6, 98.3, 97.9, 97.6, 97.2, 96.9, 96.5, 96.2, 95.8, 95.5, 95.1, 94.8, 94.4, 94.1, 93.7, 93.4, 93.0, 92.7, 92.3, 92.0, 91.6, 91.2, 90.5, 90.2, 89.8, 89.5, 89.1, 88.4, 88.1, 87.7, 87.4, 86.7, 85.6, 85.3, 84.9, 84.6, 84.2, 83.9, 83.1, 82.8, 82.4, 82.1, 81.7, 81.4, 81.0, 80.3, 79.6, 79.3, 78.9, 78.6, 78.2, 77.9, 77.5, 76.8, 75.4, 75.0, 74.0, 71.9, 70.8, 69.4, 69.1, 68.4, 66.6, 65.2, 64.5, 63.4, 62.4, 61.0, 60.6, 60.3, 59.9, 58.9, 58.5, 56.0, 55.7, 55.0, 54.3, 53.9, 52.2, 50.8, 49.7, 48.6, 48.3, 45.8, 45.5, 44.8, 44.4, 44.1, 43.7, 43.4, 42.3, 41.6, 41.2, 40.2, 39.1, 37.7, 36.3, 36.0, 35.599999999999994, 33.900000000000006, 32.8, 32.099999999999994, 31.700000000000003, 31.400000000000006, 30.0, 29.299999999999997, 28.599999999999994, 24.700000000000003, 22.900000000000006, 22.599999999999994, 21.5, 21.200000000000003, 20.099999999999994, 19.099999999999994, 18.700000000000003, 15.200000000000003, 14.799999999999997, 12.700000000000003, 12.400000000000006, 11.700000000000003, 10.599999999999994, 10.299999999999997, 9.900000000000006, 9.200000000000003, 8.900000000000006, 8.5, 8.099999999999994, 7.400000000000006, 7.099999999999994, 6.700000000000003, 6.0, 5.700000000000003, 5.299999999999997, 5.0, 4.599999999999994, 4.299999999999997, 3.9000000000000057, 3.200000000000003, 2.9000000000000057, 2.5, 2.200000000000003, 1.7999999999999972, 1.5, 1.0999999999999943, 0.4000000000000057, 0.0, -0.29999999999999716], "x": [814, 883, 894, 910, 919, 925, 937, 943, 965, 966, 977, 984, 994, 1001, 1018, 1019, 1030, 1035, 1036, 1040, 1045, 1055, 1061, 1062, 1070, 1071, 1078, 1082, 1096, 1101, 1106, 1110, 1115, 1116, 1118, 1122, 1136, 1138, 1139, 1141, 1148, 1153, 1158, 1160, 1162, 1164, 1168, 1175, 1180, 1188, 1190, 1193, 1194, 1196, 1197, 1199, 1201, 1202, 1203, 1204, 1205, 1206, 1207, 1208, 1209, 1210, 1211, 1212, 1213, 1214, 1215, 1217, 1218, 1220, 1222, 1224, 1225, 1226, 1227, 1228, 1229, 1230, 1231, 1232, 1233, 1234, 1235, 1236, 1237, 1238, 1239, 1240, 1241, 1242, 1243, 1244, 1245, 1246, 1248, 1250, 1251, 1252, 1253, 1255, 1257, 1258, 1259, 1260, 1262, 1264, 1265, 1266, 1267, 1268, 1269, 1270, 1271, 1272, 1273, 1274, 1275, 1276, 1277, 1278, 1279, 1280, 1281, 1282, 1283, 1284, 1285, 1287, 1288, 1289, 1292, 1293, 1294, 1296, 1298, 1305, 1310, 1311, 1312, 1330, 1345, 1352, 1393, 1415, 1423, 1424]}, "histogram": {"y": [1, 0, 0, 0, 2, 2, 2, 1, 3, 2, 3, 3, 3, 6, 2, 8, 6, 5, 5, 10, 49, 46, 36, 60, 17, 5, 1, 2, 0, 1, 2, 2], "x": [820.0, 840.0, 860.0, 880.0, 900.0, 920.0, 940.0, 960.0, 980.0, 1000.0, 1020.0, 1040.0, 1060.0, 1080.0, 1100.0, 1120.0, 1140.0, 1160.0, 1180.0, 1200.0, 1220.0, 1240.0, 1260.0, 1280.0, 1300.0, 1320.0, 1340.0, 1360.0, 1380.0, 1400.0, 1420.0]}}