{"percentile": {"y": [98.8, 97.6, 96.4, 95.2, 94.0, 92.8, 91.6, 90.4, 89.2, 88.0, 86.8, 85.6, 83.2, 82.0, 80.8, 79.6, 78.4, 76.0, 74.7, 73.5, 71.1, 69.9, 68.7, 67.5, 66.3, 65.1, 62.7, 60.3, 59.1, 57.9, 56.7, 54.3, 53.1, 51.9, 50.7, 49.4, 48.2, 45.8, 44.6, 43.4, 42.2, 41.0, 39.8, 38.6, 37.4, 36.2, 33.8, 32.599999999999994, 31.400000000000006, 29.0, 27.799999999999997, 25.400000000000006, 21.700000000000003, 20.5, 19.299999999999997, 16.900000000000006, 14.5, 13.299999999999997, 12.099999999999994, 10.900000000000006, 9.700000000000003, 8.5, 6.099999999999994, 4.900000000000006, 3.700000000000003, 2.5, 1.2999999999999972, 0.0, -1.2000000000000028], "x": [874, 910, 975, 978, 998, 999, 1072, 1105, 1134, 1146, 1153, 1159, 1168, 1174, 1184, 1191, 1197, 1198, 1200, 1202, 1203, 1207, 1208, 1209, 1212, 1213, 1214, 1215, 1216, 1219, 1220, 1225, 1228, 1229, 1230, 1231, 1232, 1234, 1235, 1237, 1238, 1242, 1246, 1250, 1252, 1253, 1255, 1256, 1257, 1259, 1260, 1262, 1265, 1267, 1269, 1271, 1273, 1275, 1276, 1277, 1279, 1280, 1290, 1293, 1299, 1301, 1305, 1320, 1384]}, "histogram": {"y": [1, 0, 1, 0, 0, 0, 0, 2, 2, 0, 0, 0, 0, 1, 0, 1, 0, 1, 2, 3, 2, 4, 11, 9, 9, 10, 12, 5, 5, 1, 1, 0, 0, 0, 1, 0], "x": [870.0, 885.0, 900.0, 915.0, 930.0, 945.0, 960.0, 975.0, 990.0, 1005.0, 1020.0, 1035.0, 1050.0, 1065.0, 1080.0, 1095.0, 1110.0, 1125.0, 1140.0, 1155.0, 1170.0, 1185.0, 1200.0, 1215.0, 1230.0, 1245.0, 1260.0, 1275.0, 1290.0, 1305.0, 1320.0, 1335.0, 1350.0, 1365.0, 1380.0, 1395.0]}}