{"histogram": {"y": [1, 0, 1, 2, 1, 0, 2, 4, 0, 4, 0, 2, 5, 3, 7, 10, 8, 50, 57, 76, 78, 24, 7, 6, 1, 1, 0, 0, 1, 0], "x": [860.0, 880.0, 900.0, 920.0, 940.0, 960.0, 980.0, 1000.0, 1020.0, 1040.0, 1060.0, 1080.0, 1100.0, 1120.0, 1140.0, 1160.0, 1180.0, 1200.0, 1220.0, 1240.0, 1260.0, 1280.0, 1300.0, 1320.0, 1340.0, 1360.0, 1380.0, 1400.0, 1420.0, 1440.0]}, "percentile": {"y": [99.8, 99.5, 99.2, 98.9, 98.6, 98.3, 98.0, 97.5, 96.9, 96.6, 96.3, 96.0, 95.8, 95.5, 95.2, 94.6, 94.3, 94.0, 93.8, 93.5, 93.2, 92.9, 92.6, 92.3, 92.0, 91.8, 91.5, 91.2, 90.9, 90.6, 90.3, 90.0, 89.8, 89.2, 88.6, 88.3, 88.0, 87.2, 86.9, 86.6, 86.3, 86.0, 85.8, 85.5, 84.9, 84.3, 83.5, 82.9, 82.3, 82.0, 80.6, 80.3, 78.9, 76.9, 75.8, 74.6, 73.5, 73.2, 72.3, 71.8, 71.5, 70.3, 69.5, 68.6, 68.0, 66.0, 65.5, 64.0, 63.5, 63.2, 62.9, 62.0, 61.5, 61.2, 59.5, 58.0, 57.8, 57.2, 56.3, 55.2, 53.2, 52.9, 51.5, 50.6, 49.5, 47.5, 46.9, 46.3, 45.8, 45.2, 43.8, 42.9, 42.0, 41.5, 40.3, 38.3, 36.9, 35.2, 34.3, 33.5, 32.900000000000006, 31.799999999999997, 30.900000000000006, 30.599999999999994, 29.799999999999997, 27.5, 26.599999999999994, 26.299999999999997, 25.799999999999997, 25.200000000000003, 23.5, 22.599999999999994, 20.900000000000006, 19.200000000000003, 17.5, 16.299999999999997, 14.599999999999994, 13.5, 11.200000000000003, 10.0, 9.200000000000003, 8.299999999999997, 7.799999999999997, 7.5, 7.200000000000003, 6.900000000000006, 6.599999999999994, 5.799999999999997, 5.200000000000003, 4.599999999999994, 4.299999999999997, 4.0, 3.799999999999997, 3.5, 2.9000000000000057, 2.299999999999997, 2.0, 1.7999999999999972, 1.5, 1.2000000000000028, 0.9000000000000057, 0.5999999999999943, 0.29999999999999716, 0.0, -0.20000000000000284], "x": [864, 903, 929, 939, 941, 992, 996, 1011, 1015, 1041, 1044, 1048, 1058, 1088, 1090, 1109, 1112, 1115, 1118, 1131, 1132, 1137, 1141, 1143, 1145, 1149, 1154, 1155, 1156, 1160, 1164, 1168, 1170, 1175, 1177, 1178, 1179, 1180, 1186, 1187, 1188, 1196, 1197, 1201, 1202, 1203, 1204, 1205, 1206, 1207, 1208, 1209, 1210, 1211, 1212, 1213, 1214, 1215, 1217, 1218, 1219, 1220, 1222, 1223, 1224, 1225, 1226, 1227, 1228, 1229, 1230, 1231, 1232, 1233, 1234, 1235, 1236, 1237, 1238, 1239, 1240, 1241, 1242, 1243, 1244, 1245, 1246, 1247, 1248, 1249, 1250, 1251, 1252, 1253, 1254, 1255, 1256, 1257, 1258, 1259, 1260, 1261, 1262, 1263, 1264, 1265, 1266, 1267, 1268, 1269, 1270, 1272, 1273, 1274, 1275, 1276, 1277, 1278, 1279, 1280, 1284, 1285, 1288, 1289, 1290, 1291, 1292, 1295, 1296, 1297, 1299, 1304, 1307, 1309, 1311, 1313, 1321, 1324, 1327, 1328, 1329, 1332, 1343, 1365, 1424]}}