{"histogram": {"x": [880.0, 900.0, 920.0, 940.0, 960.0, 980.0, 1000.0, 1020.0, 1040.0, 1060.0, 1080.0, 1100.0, 1120.0, 1140.0, 1160.0, 1180.0, 1200.0, 1220.0, 1240.0, 1260.0, 1280.0], "y": [3, 0, 1, 0, 1, 1, 1, 1, 1, 0, 1, 1, 0, 2, 1, 2, 4, 3, 4, 3, 0]}, "percentile": {"x": [883, 891, 899, 928, 961, 998, 1017, 1036, 1055, 1093, 1115, 1144, 1145, 1171, 1180, 1193, 1209, 1213, 1214, 1219, 1228, 1234, 1237, 1243, 1247, 1253, 1255, 1261, 1264, 1269], "y": [96.6, 93.2, 89.7, 86.3, 82.8, 79.4, 75.9, 72.5, 69.0, 65.6, 62.1, 58.7, 55.2, 51.8, 48.3, 44.9, 41.4, 38.0, 34.5, 31.099999999999994, 27.599999999999994, 24.200000000000003, 20.700000000000003, 17.299999999999997, 13.799999999999997, 10.400000000000006, 6.900000000000006, 3.5, 0.0, -3.4000000000000057]}}