{"histogram": {"y": [1, 0, 0, 0, 0, 2, 0, 0, 0, 0, 0, 2, 0, 0, 0, 0, 0, 1, 1, 0, 0, 2, 1, 0, 1, 0, 1, 3, 4, 1, 2, 7, 1, 2, 0, 2, 2], "x": [780.0, 795.0, 810.0, 825.0, 840.0, 855.0, 870.0, 885.0, 900.0, 915.0, 930.0, 945.0, 960.0, 975.0, 990.0, 1005.0, 1020.0, 1035.0, 1050.0, 1065.0, 1080.0, 1095.0, 1110.0, 1125.0, 1140.0, 1155.0, 1170.0, 1185.0, 1200.0, 1215.0, 1230.0, 1245.0, 1260.0, 1275.0, 1290.0, 1305.0, 1320.0]}, "percentile": {"y": [97.2, 94.3, 91.5, 88.6, 85.8, 82.9, 80.0, 77.2, 74.3, 71.5, 68.6, 65.8, 62.9, 60.0, 57.2, 54.3, 51.5, 48.6, 45.8, 42.9, 40.0, 37.2, 34.3, 28.599999999999994, 25.799999999999997, 22.900000000000006, 20.0, 17.200000000000003, 14.299999999999997, 11.5, 8.599999999999994, 5.799999999999997, 2.9000000000000057, 0.0, -2.799999999999997], "x": [788, 856, 857, 951, 953, 1045, 1064, 1097, 1098, 1118, 1146, 1180, 1192, 1194, 1196, 1200, 1205, 1211, 1214, 1229, 1233, 1244, 1245, 1246, 1250, 1254, 1256, 1259, 1267, 1276, 1277, 1308, 1314, 1320, 1322]}}