{"percentile": {"x": [767, 842, 850, 851, 869, 876, 907, 926, 928, 946, 956, 966, 969, 975, 982, 983, 988, 990, 992, 993, 994, 995, 998, 999, 1000, 1007, 1013, 1015, 1020, 1028, 1032, 1036, 1038, 1044, 1048, 1049, 1050, 1052, 1056, 1063, 1064, 1068, 1070, 1082, 1083, 1084, 1086, 1092, 1094, 1104, 1106, 1109, 1115, 1116, 1117, 1119, 1121, 1124, 1126, 1127, 1128, 1133, 1136, 1145, 1146, 1151, 1158, 1160, 1161, 1162, 1163, 1164, 1165, 1167, 1169, 1170, 1173, 1175, 1178, 1180, 1181, 1182, 1188, 1189, 1190, 1191, 1192, 1194, 1196, 1198, 1200, 1202, 1203, 1204, 1205, 1206, 1207, 1208, 1209, 1210, 1211, 1212, 1213, 1214, 1215, 1216, 1217, 1218, 1220, 1221, 1223, 1224, 1225, 1227, 1228, 1229, 1230, 1231, 1232, 1233, 1234, 1235, 1236, 1237, 1238, 1239, 1240, 1242, 1243, 1244, 1245, 1246, 1248, 1249, 1250, 1251, 1252, 1253, 1255, 1256, 1257, 1258, 1259, 1260, 1261, 1262, 1263, 1264, 1265, 1266, 1267, 1268, 1269, 1273, 1275, 1276, 1278, 1279, 1280, 1284, 1286, 1290, 1293, 1297, 1302, 1308, 1424], "y": [99.7, 99.4, 99.0, 98.7, 98.3, 98.0, 97.7, 97.3, 97.0, 96.6, 96.0, 95.6, 95.3, 94.9, 94.6, 94.2, 93.9, 93.6, 92.9, 92.5, 92.2, 91.9, 91.2, 90.8, 90.5, 90.2, 89.5, 88.8, 88.1, 87.8, 87.4, 87.1, 86.7, 86.4, 86.1, 85.7, 85.4, 85.0, 84.7, 84.4, 83.7, 83.0, 82.6, 82.3, 82.0, 81.3, 80.6, 79.9, 79.6, 79.2, 78.9, 78.5, 78.2, 77.9, 77.5, 77.2, 76.8, 76.5, 76.2, 75.8, 75.1, 74.5, 74.1, 73.8, 73.4, 73.1, 72.7, 72.1, 71.4, 71.0, 70.0, 69.7, 69.3, 69.0, 68.7, 68.3, 68.0, 67.6, 66.9, 66.3, 65.9, 65.2, 64.9, 64.6, 63.9, 63.5, 63.2, 62.8, 62.2, 61.5, 60.8, 60.5, 59.4, 59.1, 58.1, 56.4, 55.7, 53.6, 52.3, 49.2, 47.5, 47.1, 45.4, 42.0, 40.0, 39.6, 39.3, 39.0, 38.3, 37.9, 37.6, 36.9, 36.6, 35.5, 35.2, 34.5, 32.5, 31.099999999999994, 30.099999999999994, 29.700000000000003, 29.400000000000006, 28.400000000000006, 28.0, 27.0, 26.0, 25.0, 24.299999999999997, 23.599999999999994, 23.299999999999997, 22.900000000000006, 22.200000000000003, 20.900000000000006, 20.200000000000003, 19.799999999999997, 18.5, 18.099999999999994, 17.799999999999997, 17.5, 16.799999999999997, 16.400000000000006, 16.099999999999994, 15.099999999999994, 14.700000000000003, 14.0, 13.400000000000006, 12.0, 11.700000000000003, 11.299999999999997, 9.900000000000006, 9.599999999999994, 8.900000000000006, 8.599999999999994, 7.900000000000006, 7.200000000000003, 6.5, 5.900000000000006, 4.5, 3.799999999999997, 2.4000000000000057, 2.0999999999999943, 1.7999999999999972, 1.4000000000000057, 1.0999999999999943, 0.7000000000000028, 0.4000000000000057, 0.0, -0.29999999999999716]}, "histogram": {"x": [760.0, 780.0, 800.0, 820.0, 840.0, 860.0, 880.0, 900.0, 920.0, 940.0, 960.0, 980.0, 1000.0, 1020.0, 1040.0, 1060.0, 1080.0, 1100.0, 1120.0, 1140.0, 1160.0, 1180.0, 1200.0, 1220.0, 1240.0, 1260.0, 1280.0, 1300.0, 1320.0, 1340.0, 1360.0, 1380.0, 1400.0, 1420.0], "y": [1, 0, 0, 0, 3, 2, 0, 1, 2, 3, 3, 12, 6, 6, 6, 6, 9, 7, 9, 4, 17, 16, 66, 41, 30, 32, 9, 2, 0, 0, 0, 0, 0, 1]}}