{"histogram": {"y": [1, 0, 2, 0, 4, 1, 2, 1, 0, 6, 4, 7, 4, 4, 4, 9, 3, 9, 6, 8, 4, 5, 6, 13, 6, 7, 14, 11, 13, 13, 14, 9, 58, 20, 22, 15, 12, 6, 1, 1, 1, 1, 0, 1, 0, 1, 2], "x": [720.0, 735.0, 750.0, 765.0, 780.0, 795.0, 810.0, 825.0, 840.0, 855.0, 870.0, 885.0, 900.0, 915.0, 930.0, 945.0, 960.0, 975.0, 990.0, 1005.0, 1020.0, 1035.0, 1050.0, 1065.0, 1080.0, 1095.0, 1110.0, 1125.0, 1140.0, 1155.0, 1170.0, 1185.0, 1200.0, 1215.0, 1230.0, 1245.0, 1260.0, 1275.0, 1290.0, 1305.0, 1320.0, 1335.0, 1350.0, 1365.0, 1380.0, 1395.0, 1410.0]}, "percentile": {"y": [99.7, 99.4, 99.1, 98.8, 98.5, 98.2, 97.9, 97.6, 97.3, 97.0, 96.7, 96.4, 95.8, 95.5, 95.2, 94.9, 94.6, 94.3, 94.0, 93.7, 93.4, 93.1, 92.5, 92.2, 91.9, 91.6, 91.0, 90.7, 90.4, 90.0, 89.7, 89.4, 89.1, 88.8, 88.5, 87.9, 87.6, 87.3, 87.0, 86.4, 86.1, 85.8, 85.5, 85.2, 84.9, 84.6, 84.3, 83.7, 83.4, 83.1, 82.8, 82.5, 82.2, 81.9, 81.6, 81.3, 81.0, 80.4, 80.0, 79.7, 79.1, 78.8, 78.2, 77.9, 77.6, 77.3, 76.7, 76.4, 76.1, 75.8, 75.5, 75.2, 74.6, 74.3, 74.0, 73.4, 73.1, 72.8, 72.2, 71.6, 71.3, 71.0, 70.7, 70.4, 70.0, 69.4, 68.8, 68.5, 68.2, 67.9, 67.6, 67.3, 67.0, 66.7, 65.8, 65.5, 65.2, 64.9, 64.6, 64.3, 63.7, 63.4, 63.1, 62.8, 62.5, 61.6, 61.0, 60.7, 60.4, 60.0, 59.7, 59.4, 59.1, 58.8, 58.5, 57.9, 57.3, 56.4, 56.1, 55.5, 54.9, 54.6, 54.3, 54.0, 53.7, 53.4, 53.1, 52.8, 52.5, 51.9, 51.6, 50.4, 50.0, 49.4, 48.8, 48.2, 47.6, 47.3, 47.0, 46.7, 46.1, 45.5, 45.2, 44.6, 44.3, 44.0, 43.7, 43.1, 42.8, 42.5, 42.2, 41.6, 40.4, 39.7, 38.8, 37.6, 35.8, 34.3, 32.5, 31.599999999999994, 29.700000000000003, 28.200000000000003, 26.099999999999994, 24.900000000000006, 23.400000000000006, 22.799999999999997, 22.5, 22.200000000000003, 21.299999999999997, 21.0, 20.400000000000006, 20.0, 19.700000000000003, 18.799999999999997, 17.0, 16.099999999999994, 15.799999999999997, 14.900000000000006, 14.299999999999997, 13.700000000000003, 13.400000000000006, 12.5, 12.200000000000003, 11.299999999999997, 11.0, 10.400000000000006, 10.0, 9.700000000000003, 9.400000000000006, 9.099999999999994, 8.799999999999997, 8.5, 8.200000000000003, 7.599999999999994, 7.299999999999997, 6.700000000000003, 6.400000000000006, 6.099999999999994, 5.5, 4.900000000000006, 4.599999999999994, 4.0, 3.0999999999999943, 2.5, 2.200000000000003, 1.9000000000000057, 1.5999999999999943, 1.2999999999999972, 1.0, 0.7000000000000028, 0.4000000000000057, 0.0, -0.29999999999999716], "x": [732, 758, 759, 782, 787, 790, 792, 804, 810, 816, 827, 856, 859, 860, 866, 869, 871, 874, 875, 878, 885, 894, 895, 897, 898, 899, 903, 911, 913, 921, 922, 925, 926, 932, 938, 939, 945, 949, 952, 954, 955, 957, 958, 959, 966, 972, 974, 978, 979, 980, 982, 983, 984, 985, 988, 990, 994, 999, 1000, 1003, 1006, 1008, 1010, 1014, 1018, 1019, 1022, 1027, 1032, 1035, 1039, 1042, 1045, 1050, 1051, 1053, 1055, 1062, 1065, 1066, 1068, 1069, 1070, 1072, 1076, 1078, 1079, 1082, 1085, 1086, 1088, 1090, 1092, 1095, 1104, 1105, 1106, 1108, 1110, 1111, 1113, 1115, 1117, 1118, 1120, 1122, 1123, 1124, 1125, 1127, 1129, 1130, 1132, 1134, 1137, 1138, 1139, 1140, 1141, 1143, 1144, 1145, 1146, 1147, 1148, 1154, 1155, 1158, 1159, 1160, 1161, 1164, 1166, 1167, 1171, 1173, 1174, 1176, 1179, 1180, 1181, 1182, 1184, 1185, 1186, 1187, 1190, 1193, 1195, 1199, 1200, 1202, 1203, 1204, 1205, 1206, 1207, 1208, 1209, 1210, 1211, 1212, 1213, 1214, 1215, 1217, 1219, 1220, 1222, 1223, 1225, 1227, 1228, 1229, 1230, 1231, 1232, 1235, 1236, 1238, 1239, 1240, 1241, 1245, 1246, 1247, 1248, 1249, 1250, 1253, 1255, 1256, 1257, 1258, 1262, 1265, 1266, 1267, 1268, 1269, 1271, 1274, 1276, 1280, 1289, 1299, 1305, 1320, 1348, 1365, 1400, 1415, 1421]}}