{"histogram": {"y": [1, 0, 0, 0, 1, 1, 0, 2, 2, 4, 0, 1, 2, 2, 2, 3, 4, 5, 7, 4, 6, 7, 5, 2, 4, 6, 8, 9, 5, 5, 6, 7, 8, 7, 31, 11, 9, 6, 11, 4, 1, 0, 0, 0, 0, 0, 1], "x": [690.0, 705.0, 720.0, 735.0, 750.0, 765.0, 780.0, 795.0, 810.0, 825.0, 840.0, 855.0, 870.0, 885.0, 900.0, 915.0, 930.0, 945.0, 960.0, 975.0, 990.0, 1005.0, 1020.0, 1035.0, 1050.0, 1065.0, 1080.0, 1095.0, 1110.0, 1125.0, 1140.0, 1155.0, 1170.0, 1185.0, 1200.0, 1215.0, 1230.0, 1245.0, 1260.0, 1275.0, 1290.0, 1305.0, 1320.0, 1335.0, 1350.0, 1365.0, 1380.0]}, "percentile": {"y": [99.5, 99.0, 98.5, 98.0, 97.5, 96.5, 96.0, 95.0, 94.5, 94.0, 93.5, 93.0, 92.5, 92.0, 91.5, 91.0, 90.5, 90.0, 89.5, 89.0, 88.5, 87.5, 87.0, 86.5, 86.0, 85.5, 85.0, 84.5, 84.0, 83.5, 83.0, 82.0, 81.5, 81.0, 80.5, 79.4, 78.9, 78.4, 77.9, 77.4, 76.9, 76.4, 75.9, 75.4, 73.9, 73.4, 72.9, 72.4, 71.9, 71.4, 70.9, 70.4, 69.9, 69.4, 68.4, 67.4, 66.9, 66.4, 65.9, 65.4, 64.9, 64.4, 63.9, 63.4, 62.9, 62.4, 61.4, 60.4, 59.3, 58.8, 58.3, 57.3, 56.3, 55.8, 55.3, 54.8, 54.3, 53.8, 53.3, 52.3, 51.8, 51.3, 50.8, 50.3, 49.8, 49.3, 48.8, 48.3, 47.8, 47.3, 46.3, 45.8, 45.3, 44.8, 44.3, 43.8, 43.3, 42.8, 42.3, 41.8, 40.8, 40.3, 39.7, 39.2, 38.7, 38.2, 37.2, 36.7, 36.2, 35.2, 33.2, 31.700000000000003, 30.700000000000003, 30.200000000000003, 28.200000000000003, 27.200000000000003, 25.700000000000003, 24.200000000000003, 23.200000000000003, 22.700000000000003, 21.200000000000003, 20.200000000000003, 19.599999999999994, 19.099999999999994, 18.599999999999994, 17.099999999999994, 16.599999999999994, 16.099999999999994, 15.599999999999994, 14.599999999999994, 14.099999999999994, 13.099999999999994, 12.599999999999994, 11.599999999999994, 11.099999999999994, 10.599999999999994, 10.099999999999994, 9.599999999999994, 9.099999999999994, 8.599999999999994, 8.099999999999994, 7.599999999999994, 6.599999999999994, 6.099999999999994, 5.099999999999994, 4.099999999999994, 3.5999999999999943, 3.0999999999999943, 2.5999999999999943, 2.0999999999999943, 1.0999999999999943, 0.5999999999999943, 0.0, -0.5], "x": [697, 762, 776, 798, 808, 820, 826, 828, 829, 856, 871, 883, 895, 896, 909, 914, 918, 919, 926, 933, 939, 942, 946, 948, 951, 952, 958, 960, 962, 963, 971, 973, 974, 985, 988, 989, 990, 994, 997, 999, 1003, 1004, 1010, 1014, 1015, 1017, 1018, 1021, 1028, 1030, 1031, 1032, 1036, 1047, 1050, 1064, 1065, 1066, 1067, 1070, 1077, 1079, 1080, 1085, 1086, 1087, 1092, 1093, 1097, 1098, 1101, 1102, 1105, 1109, 1114, 1115, 1118, 1122, 1124, 1127, 1135, 1137, 1138, 1142, 1146, 1147, 1148, 1149, 1152, 1155, 1158, 1159, 1163, 1166, 1167, 1171, 1173, 1175, 1177, 1180, 1181, 1182, 1186, 1187, 1189, 1197, 1198, 1199, 1200, 1201, 1202, 1203, 1204, 1205, 1207, 1208, 1209, 1210, 1211, 1213, 1214, 1215, 1216, 1218, 1219, 1220, 1223, 1225, 1229, 1235, 1236, 1239, 1240, 1241, 1243, 1245, 1246, 1248, 1250, 1253, 1255, 1260, 1265, 1268, 1269, 1270, 1271, 1272, 1273, 1277, 1280, 1289, 1297, 1380]}}