{"histogram": {"y": [1, 0, 0, 0, 0, 0, 0, 0, 0, 0, 1, 4, 1, 2, 2, 1, 3, 0, 1, 3, 3, 3, 4, 11, 6, 8, 1, 1, 0, 2, 0, 1, 0, 1], "x": [760.0, 780.0, 800.0, 820.0, 840.0, 860.0, 880.0, 900.0, 920.0, 940.0, 960.0, 980.0, 1000.0, 1020.0, 1040.0, 1060.0, 1080.0, 1100.0, 1120.0, 1140.0, 1160.0, 1180.0, 1200.0, 1220.0, 1240.0, 1260.0, 1280.0, 1300.0, 1320.0, 1340.0, 1360.0, 1380.0, 1400.0]}, "percentile": {"y": [98.4, 96.7, 93.3, 91.6, 89.9, 88.2, 86.5, 84.8, 83.1, 81.4, 79.7, 78.0, 76.3, 74.6, 72.9, 71.2, 67.8, 66.2, 62.8, 61.1, 59.4, 57.7, 56.0, 54.3, 52.6, 50.9, 49.2, 47.5, 45.8, 42.4, 39.0, 37.3, 35.599999999999994, 33.900000000000006, 32.3, 30.599999999999994, 28.900000000000006, 27.200000000000003, 25.5, 23.799999999999997, 22.099999999999994, 20.400000000000006, 18.700000000000003, 17.0, 15.299999999999997, 13.599999999999994, 10.200000000000003, 8.5, 6.799999999999997, 5.099999999999994, 3.4000000000000057, 1.7000000000000028, 0.0, -1.5999999999999943], "x": [757, 942, 963, 968, 976, 997, 1000, 1018, 1022, 1032, 1048, 1065, 1066, 1072, 1116, 1120, 1123, 1144, 1148, 1161, 1167, 1171, 1180, 1182, 1196, 1198, 1204, 1205, 1207, 1208, 1209, 1210, 1213, 1215, 1216, 1220, 1221, 1228, 1230, 1236, 1239, 1241, 1242, 1243, 1244, 1254, 1258, 1259, 1263, 1287, 1324, 1327, 1362, 1415]}}