{"histogram": {"x": [690.0, 705.0, 720.0, 735.0, 750.0, 765.0, 780.0, 795.0, 810.0, 825.0, 840.0, 855.0, 870.0, 885.0, 900.0, 915.0, 930.0, 945.0, 960.0, 975.0, 990.0, 1005.0, 1020.0, 1035.0, 1050.0, 1065.0, 1080.0, 1095.0, 1110.0, 1125.0, 1140.0, 1155.0, 1170.0, 1185.0, 1200.0, 1215.0, 1230.0, 1245.0, 1260.0, 1275.0, 1290.0, 1305.0, 1320.0, 1335.0, 1350.0, 1365.0, 1380.0, 1395.0, 1410.0, 1425.0], "y": [1, 0, 0, 1, 3, 2, 1, 3, 3, 4, 2, 4, 1, 5, 3, 2, 6, 7, 2, 10, 10, 6, 5, 8, 7, 6, 7, 6, 11, 10, 7, 7, 8, 6, 28, 11, 10, 6, 9, 2, 0, 0, 1, 0, 0, 0, 0, 0, 1, 0]}, "percentile": {"x": [701, 746, 750, 760, 762, 776, 778, 785, 795, 798, 806, 810, 814, 823, 826, 833, 835, 837, 849, 851, 856, 858, 866, 869, 875, 890, 895, 896, 898, 906, 908, 913, 918, 921, 934, 936, 938, 940, 941, 945, 946, 947, 953, 958, 959, 960, 972, 975, 976, 977, 981, 982, 985, 988, 989, 990, 999, 1000, 1001, 1002, 1003, 1005, 1007, 1012, 1015, 1016, 1022, 1023, 1025, 1031, 1035, 1037, 1039, 1041, 1044, 1049, 1052, 1054, 1056, 1057, 1058, 1060, 1064, 1065, 1069, 1071, 1073, 1074, 1078, 1081, 1082, 1084, 1093, 1094, 1096, 1102, 1104, 1107, 1109, 1110, 1111, 1113, 1114, 1116, 1122, 1125, 1126, 1128, 1131, 1133, 1135, 1138, 1139, 1140, 1147, 1148, 1149, 1150, 1153, 1157, 1158, 1160, 1164, 1165, 1167, 1171, 1174, 1175, 1176, 1179, 1184, 1185, 1190, 1192, 1196, 1199, 1201, 1203, 1204, 1205, 1208, 1209, 1210, 1212, 1213, 1214, 1215, 1217, 1218, 1219, 1220, 1221, 1223, 1225, 1227, 1228, 1232, 1233, 1234, 1235, 1236, 1239, 1240, 1243, 1244, 1245, 1247, 1253, 1258, 1260, 1262, 1264, 1266, 1269, 1271, 1272, 1274, 1275, 1287, 1330, 1424], "y": [99.6, 99.2, 98.8, 98.3, 97.9, 97.5, 97.0, 96.6, 96.2, 95.7, 95.3, 94.9, 94.4, 94.0, 93.6, 93.1, 92.7, 92.3, 91.8, 91.4, 91.0, 90.5, 90.1, 89.7, 89.2, 88.8, 87.9, 87.5, 87.1, 86.6, 86.2, 85.8, 85.3, 84.9, 84.5, 84.0, 83.6, 82.7, 82.3, 81.9, 81.4, 81.0, 80.1, 79.7, 79.3, 78.8, 78.4, 78.0, 77.5, 77.1, 76.7, 75.8, 74.9, 74.5, 74.1, 73.6, 73.2, 72.8, 71.9, 70.6, 69.7, 69.3, 68.9, 68.4, 68.0, 67.1, 66.3, 65.9, 65.4, 65.0, 64.1, 63.3, 62.8, 62.4, 62.0, 61.5, 61.1, 60.7, 60.2, 59.8, 59.4, 58.9, 58.5, 58.1, 57.6, 57.2, 56.8, 56.3, 55.9, 55.0, 54.2, 53.7, 53.3, 52.9, 52.4, 52.0, 51.6, 51.1, 50.3, 49.4, 49.0, 47.7, 46.8, 45.9, 45.5, 45.1, 44.6, 44.2, 43.3, 42.9, 42.0, 41.6, 41.2, 40.7, 40.3, 39.9, 39.4, 39.0, 38.1, 37.7, 37.3, 36.8, 36.4, 35.5, 35.099999999999994, 34.7, 33.400000000000006, 33.0, 32.5, 32.099999999999994, 31.700000000000003, 31.200000000000003, 30.799999999999997, 30.400000000000006, 29.900000000000006, 29.099999999999994, 28.200000000000003, 26.5, 25.599999999999994, 23.400000000000006, 20.799999999999997, 20.0, 18.700000000000003, 18.200000000000003, 17.799999999999997, 16.900000000000006, 16.099999999999994, 15.599999999999994, 15.200000000000003, 14.799999999999997, 14.299999999999997, 13.900000000000006, 13.5, 13.0, 12.599999999999994, 12.200000000000003, 11.700000000000003, 10.900000000000006, 10.400000000000006, 10.0, 9.599999999999994, 9.099999999999994, 8.700000000000003, 8.299999999999997, 7.799999999999997, 6.5, 6.099999999999994, 5.700000000000003, 5.200000000000003, 4.400000000000006, 3.9000000000000057, 3.5, 3.0999999999999943, 2.5999999999999943, 2.200000000000003, 1.7999999999999972, 1.2999999999999972, 0.9000000000000057, 0.5, 0.0, -0.4000000000000057]}}