{"percentile": {"y": [99.1, 98.1, 97.1, 96.1, 95.1, 94.1, 93.1, 92.1, 91.1, 90.1, 89.2, 88.2, 87.2, 86.2, 85.2, 84.2, 83.2, 82.2, 81.2, 80.2, 79.3, 78.3, 77.3, 76.3, 75.3, 74.3, 73.3, 72.3, 70.3, 69.4, 68.4, 67.4, 66.4, 65.4, 64.4, 63.4, 62.4, 61.4, 60.4, 58.5, 57.5, 56.5, 55.5, 54.5, 53.5, 52.5, 51.5, 50.5, 49.6, 48.6, 47.6, 46.6, 45.6, 44.6, 43.6, 42.6, 40.6, 39.7, 38.7, 36.7, 34.7, 33.7, 31.700000000000003, 29.799999999999997, 28.799999999999997, 27.799999999999997, 25.799999999999997, 24.799999999999997, 23.799999999999997, 22.799999999999997, 21.799999999999997, 20.799999999999997, 19.900000000000006, 18.900000000000006, 16.900000000000006, 15.900000000000006, 14.900000000000006, 13.900000000000006, 12.900000000000006, 11.900000000000006, 9.0, 8.0, 6.0, 5.0, 3.0, 2.0, 1.0, 0.0, -0.9000000000000057], "x": [598, 712, 733, 744, 783, 793, 813, 819, 829, 833, 850, 858, 863, 872, 902, 908, 918, 944, 947, 948, 956, 960, 981, 985, 999, 1001, 1005, 1047, 1048, 1055, 1065, 1070, 1078, 1090, 1092, 1093, 1097, 1106, 1110, 1116, 1118, 1120, 1121, 1125, 1127, 1140, 1146, 1152, 1158, 1166, 1169, 1172, 1173, 1174, 1175, 1176, 1182, 1184, 1188, 1190, 1201, 1204, 1205, 1207, 1209, 1210, 1212, 1214, 1225, 1227, 1228, 1229, 1230, 1234, 1237, 1238, 1239, 1242, 1250, 1251, 1253, 1254, 1265, 1274, 1276, 1289, 1312, 1319, 1320]}, "histogram": {"y": [1, 0, 0, 0, 0, 0, 1, 1, 1, 0, 2, 2, 2, 2, 2, 0, 3, 0, 4, 1, 3, 2, 0, 4, 3, 4, 5, 4, 4, 7, 6, 12, 10, 7, 5, 1, 2, 1], "x": [600.0, 620.0, 640.0, 660.0, 680.0, 700.0, 720.0, 740.0, 760.0, 780.0, 800.0, 820.0, 840.0, 860.0, 880.0, 900.0, 920.0, 940.0, 960.0, 980.0, 1000.0, 1020.0, 1040.0, 1060.0, 1080.0, 1100.0, 1120.0, 1140.0, 1160.0, 1180.0, 1200.0, 1220.0, 1240.0, 1260.0, 1280.0, 1300.0, 1320.0]}}