{"histogram": {"x": [735.0, 750.0, 765.0, 780.0, 795.0, 810.0, 825.0, 840.0, 855.0, 870.0, 885.0, 900.0, 915.0, 930.0, 945.0, 960.0, 975.0, 990.0, 1005.0, 1020.0, 1035.0, 1050.0, 1065.0, 1080.0, 1095.0, 1110.0, 1125.0, 1140.0, 1155.0, 1170.0, 1185.0, 1200.0, 1215.0, 1230.0, 1245.0, 1260.0, 1275.0, 1290.0, 1305.0, 1320.0, 1335.0, 1350.0, 1365.0, 1380.0, 1395.0, 1410.0, 1425.0], "y": [1, 0, 0, 0, 0, 0, 0, 1, 1, 1, 2, 5, 3, 2, 2, 4, 3, 5, 5, 3, 3, 3, 6, 8, 5, 4, 8, 3, 11, 9, 5, 38, 26, 17, 11, 19, 11, 3, 2, 2, 0, 0, 0, 0, 0, 1, 0]}, "percentile": {"x": [736, 849, 865, 874, 890, 893, 902, 905, 908, 910, 916, 918, 927, 940, 943, 955, 957, 963, 965, 968, 971, 975, 982, 989, 990, 992, 996, 1001, 1003, 1008, 1010, 1013, 1019, 1020, 1030, 1031, 1040, 1041, 1046, 1058, 1059, 1064, 1067, 1070, 1075, 1076, 1078, 1081, 1083, 1085, 1087, 1089, 1091, 1094, 1098, 1104, 1105, 1106, 1108, 1115, 1116, 1118, 1123, 1129, 1130, 1133, 1136, 1138, 1139, 1140, 1148, 1156, 1157, 1159, 1160, 1162, 1164, 1167, 1171, 1173, 1178, 1179, 1180, 1184, 1186, 1189, 1195, 1198, 1200, 1201, 1202, 1203, 1204, 1205, 1206, 1207, 1209, 1210, 1211, 1212, 1213, 1214, 1215, 1216, 1217, 1219, 1223, 1224, 1225, 1227, 1228, 1230, 1231, 1233, 1234, 1235, 1236, 1237, 1238, 1239, 1240, 1241, 1243, 1248, 1249, 1251, 1253, 1255, 1256, 1257, 1258, 1260, 1261, 1263, 1264, 1265, 1266, 1267, 1268, 1269, 1270, 1271, 1272, 1275, 1276, 1279, 1280, 1285, 1286, 1289, 1294, 1295, 1305, 1318, 1321, 1325, 1414], "y": [99.6, 99.2, 98.8, 98.3, 97.9, 97.5, 97.0, 96.6, 95.7, 95.3, 94.9, 94.4, 94.0, 93.6, 93.2, 92.7, 92.3, 91.9, 91.4, 91.0, 90.6, 90.1, 89.7, 89.3, 88.8, 88.4, 88.0, 87.5, 87.1, 86.7, 85.8, 85.4, 85.0, 84.5, 84.1, 83.7, 83.2, 82.8, 82.4, 81.9, 81.5, 81.1, 80.7, 80.2, 79.4, 78.9, 78.5, 78.1, 77.2, 76.8, 76.3, 75.9, 75.5, 75.0, 74.6, 74.2, 73.8, 73.3, 72.9, 72.5, 72.0, 71.6, 71.2, 70.7, 69.9, 69.4, 69.0, 68.6, 67.7, 66.9, 66.4, 65.6, 64.7, 64.3, 63.4, 63.0, 62.1, 61.7, 60.8, 60.0, 59.5, 59.1, 58.7, 57.8, 57.4, 56.5, 56.1, 55.7, 55.2, 54.4, 53.9, 52.6, 50.9, 49.6, 48.3, 47.0, 46.2, 44.0, 43.6, 42.3, 40.1, 39.3, 35.8, 35.400000000000006, 34.5, 33.2, 31.099999999999994, 30.200000000000003, 28.900000000000006, 28.5, 28.099999999999994, 26.799999999999997, 26.299999999999997, 25.5, 25.0, 24.200000000000003, 23.799999999999997, 22.900000000000006, 22.5, 22.0, 21.599999999999994, 21.200000000000003, 20.700000000000003, 20.299999999999997, 19.900000000000006, 19.0, 18.599999999999994, 17.700000000000003, 17.299999999999997, 16.400000000000006, 16.0, 15.599999999999994, 15.099999999999994, 14.700000000000003, 14.299999999999997, 13.400000000000006, 13.0, 12.5, 11.299999999999997, 10.400000000000006, 9.099999999999994, 8.700000000000003, 7.799999999999997, 6.900000000000006, 5.700000000000003, 5.200000000000003, 4.400000000000006, 3.9000000000000057, 3.5, 3.0999999999999943, 2.200000000000003, 1.7999999999999972, 1.2999999999999972, 0.9000000000000057, 0.5, 0.0, -0.4000000000000057]}}