{"percentile": {"x": [991, 1021, 1073, 1077, 1080, 1089, 1107, 1108, 1112, 1141, 1157, 1177, 1188, 1202, 1204, 1205, 1209, 1210, 1211, 1215, 1216, 1250, 1252, 1264, 1265, 1270, 1271, 1273, 1274, 1277, 1279, 1280, 1305, 1415, 1424], "y": [97.5, 94.9, 92.4, 89.8, 87.2, 84.7, 82.1, 79.5, 77.0, 74.4, 71.8, 69.3, 66.7, 61.6, 59.0, 53.9, 51.3, 48.8, 46.2, 43.6, 38.5, 35.900000000000006, 33.400000000000006, 30.799999999999997, 28.299999999999997, 25.700000000000003, 23.099999999999994, 20.599999999999994, 18.0, 15.400000000000006, 12.900000000000006, 10.299999999999997, 7.700000000000003, 0.0, -2.5]}, "histogram": {"x": [1000.0, 1020.0, 1040.0, 1060.0, 1080.0, 1100.0, 1120.0, 1140.0, 1160.0, 1180.0, 1200.0, 1220.0, 1240.0, 1260.0, 1280.0, 1300.0, 1320.0, 1340.0, 1360.0, 1380.0, 1400.0, 1420.0], "y": [1, 0, 1, 0, 2, 2, 3, 0, 2, 1, 1, 11, 0, 2, 8, 1, 1, 0, 0, 0, 0, 3, 1]}}