{"percentile": {"x": [776, 797, 820, 828, 839, 843, 857, 862, 868, 885, 886, 896, 906, 917, 926, 927, 934, 938, 945, 947, 949, 950, 951, 952, 953, 957, 966, 967, 971, 974, 975, 980, 983, 993, 994, 996, 998, 999, 1003, 1006, 1015, 1019, 1020, 1021, 1022, 1024, 1025, 1029, 1030, 1033, 1041, 1047, 1049, 1052, 1054, 1055, 1058, 1059, 1060, 1061, 1062, 1066, 1070, 1073, 1075, 1080, 1081, 1082, 1086, 1088, 1089, 1090, 1092, 1093, 1094, 1095, 1099, 1102, 1103, 1105, 1106, 1107, 1108, 1109, 1111, 1112, 1115, 1116, 1117, 1118, 1120, 1121, 1123, 1124, 1125, 1127, 1128, 1131, 1132, 1133, 1134, 1135, 1136, 1137, 1139, 1140, 1141, 1142, 1144, 1145, 1147, 1148, 1149, 1150, 1156, 1159, 1160, 1161, 1162, 1163, 1164, 1165, 1169, 1170, 1171, 1172, 1173, 1174, 1175, 1176, 1178, 1179, 1180, 1181, 1184, 1186, 1189, 1190, 1191, 1192, 1196, 1197, 1198, 1199, 1201, 1202, 1203, 1204, 1205, 1206, 1207, 1208, 1209, 1210, 1211, 1212, 1213, 1214, 1215, 1216, 1217, 1218, 1219, 1220, 1221, 1222, 1223, 1225, 1226, 1227, 1228, 1229, 1230, 1231, 1232, 1233, 1234, 1235, 1236, 1237, 1238, 1239, 1240, 1241, 1242, 1243, 1244, 1245, 1246, 1247, 1248, 1249, 1250, 1251, 1255, 1256, 1257, 1258, 1259, 1260, 1261, 1262, 1264, 1265, 1266, 1268, 1271, 1272, 1274, 1275, 1276, 1277, 1278, 1280, 1284, 1287, 1288, 1292, 1293, 1307, 1318, 1320, 1329, 1355, 1390, 1424], "y": [99.8, 99.6, 99.3, 99.1, 98.8, 98.6, 98.4, 98.1, 97.9, 97.6, 97.4, 97.2, 96.9, 96.7, 96.4, 96.2, 96.0, 95.7, 95.5, 95.2, 95.0, 94.7, 94.5, 94.3, 94.0, 93.3, 93.1, 92.8, 92.6, 92.3, 92.1, 91.9, 91.6, 91.4, 91.1, 90.9, 90.7, 90.4, 89.9, 89.7, 89.2, 88.7, 88.5, 88.2, 87.8, 87.3, 86.6, 85.8, 85.6, 85.4, 85.1, 84.9, 84.6, 84.4, 84.1, 83.9, 83.7, 83.2, 82.7, 82.5, 82.2, 81.7, 81.5, 81.3, 80.8, 80.5, 80.3, 79.3, 79.1, 78.8, 78.6, 78.4, 78.1, 77.9, 77.6, 77.4, 77.2, 76.7, 76.4, 76.0, 75.5, 75.2, 75.0, 74.7, 74.5, 74.0, 73.8, 73.5, 73.3, 72.8, 72.6, 72.3, 72.1, 71.9, 70.9, 70.7, 69.9, 69.7, 69.4, 69.0, 68.7, 68.2, 67.8, 67.0, 66.8, 66.3, 66.1, 65.8, 64.9, 64.6, 64.1, 63.9, 63.4, 62.7, 62.5, 62.2, 61.7, 61.5, 61.3, 61.0, 60.8, 60.5, 60.0, 59.8, 59.6, 59.1, 58.6, 58.4, 57.9, 57.6, 57.2, 56.4, 56.2, 56.0, 55.7, 55.2, 54.7, 54.5, 54.3, 53.8, 53.3, 52.6, 52.3, 51.9, 51.4, 51.1, 50.2, 49.4, 48.5, 47.8, 47.3, 46.1, 44.4, 42.5, 41.7, 39.1, 37.2, 35.7, 34.3, 34.0, 33.5, 33.3, 32.8, 32.599999999999994, 32.099999999999994, 31.599999999999994, 31.400000000000006, 31.099999999999994, 29.900000000000006, 29.200000000000003, 28.5, 27.5, 26.099999999999994, 25.799999999999997, 25.400000000000006, 24.900000000000006, 24.599999999999994, 23.900000000000006, 23.200000000000003, 22.700000000000003, 22.0, 21.299999999999997, 20.5, 20.299999999999997, 20.0, 19.299999999999997, 19.099999999999994, 18.400000000000006, 17.599999999999994, 16.900000000000006, 16.400000000000006, 16.0, 15.200000000000003, 14.700000000000003, 13.5, 12.299999999999997, 11.599999999999994, 11.400000000000006, 10.900000000000006, 10.700000000000003, 10.400000000000006, 9.900000000000006, 9.700000000000003, 6.799999999999997, 6.599999999999994, 6.299999999999997, 5.400000000000006, 4.900000000000006, 4.400000000000006, 3.9000000000000057, 3.700000000000003, 3.4000000000000057, 3.200000000000003, 2.9000000000000057, 2.700000000000003, 2.5, 2.200000000000003, 2.0, 1.7000000000000028, 1.5, 1.2999999999999972, 0.7999999999999972, 0.5, 0.29999999999999716, 0.0, -0.20000000000000284]}, "histogram": {"x": [765.0, 780.0, 795.0, 810.0, 825.0, 840.0, 855.0, 870.0, 885.0, 900.0, 915.0, 930.0, 945.0, 960.0, 975.0, 990.0, 1005.0, 1020.0, 1035.0, 1050.0, 1065.0, 1080.0, 1095.0, 1110.0, 1125.0, 1140.0, 1155.0, 1170.0, 1185.0, 1200.0, 1215.0, 1230.0, 1245.0, 1260.0, 1275.0, 1290.0, 1305.0, 1320.0, 1335.0, 1350.0, 1365.0, 1380.0, 1395.0, 1410.0, 1425.0], "y": [1, 0, 1, 1, 2, 1, 3, 0, 3, 1, 3, 2, 10, 4, 3, 7, 5, 14, 3, 10, 6, 13, 12, 12, 21, 17, 11, 18, 16, 67, 34, 35, 34, 27, 9, 2, 2, 3, 0, 1, 0, 1, 0, 1, 0]}}