{"histogram": {"x": [870.0, 885.0, 900.0, 915.0, 930.0, 945.0, 960.0, 975.0, 990.0, 1005.0, 1020.0, 1035.0, 1050.0, 1065.0, 1080.0, 1095.0, 1110.0, 1125.0, 1140.0, 1155.0, 1170.0, 1185.0, 1200.0, 1215.0, 1230.0, 1245.0, 1260.0, 1275.0, 1290.0, 1305.0, 1320.0, 1335.0], "y": [1, 0, 1, 0, 0, 1, 0, 0, 2, 0, 0, 0, 1, 2, 0, 0, 1, 3, 1, 2, 3, 3, 13, 10, 9, 17, 19, 11, 7, 2, 1, 1]}, "percentile": {"x": [878, 904, 945, 992, 998, 1059, 1068, 1071, 1123, 1128, 1133, 1146, 1159, 1168, 1172, 1178, 1181, 1190, 1192, 1201, 1202, 1205, 1207, 1208, 1210, 1212, 1215, 1218, 1221, 1222, 1225, 1226, 1228, 1233, 1234, 1235, 1237, 1240, 1242, 1244, 1246, 1247, 1248, 1249, 1250, 1253, 1254, 1255, 1256, 1257, 1258, 1260, 1261, 1263, 1264, 1265, 1267, 1269, 1270, 1271, 1273, 1274, 1275, 1278, 1279, 1285, 1287, 1289, 1290, 1291, 1295, 1296, 1300, 1303, 1306, 1320, 1335], "y": [99.1, 98.2, 97.3, 96.4, 95.5, 94.6, 93.7, 92.8, 91.9, 90.0, 89.1, 88.2, 87.3, 86.4, 85.5, 84.6, 83.7, 81.9, 81.0, 79.1, 77.3, 75.5, 74.6, 73.7, 70.0, 69.1, 67.3, 66.4, 65.5, 64.6, 61.9, 61.0, 60.0, 59.1, 57.3, 56.4, 55.5, 54.6, 52.8, 51.9, 51.0, 50.0, 49.1, 48.2, 45.5, 44.6, 43.7, 41.9, 40.0, 37.3, 36.4, 33.7, 32.8, 30.0, 29.099999999999994, 28.200000000000003, 27.299999999999997, 26.400000000000006, 25.5, 24.599999999999994, 21.0, 19.099999999999994, 17.299999999999997, 14.599999999999994, 12.799999999999997, 11.0, 10.0, 9.099999999999994, 7.299999999999997, 6.400000000000006, 5.5, 4.599999999999994, 3.700000000000003, 2.799999999999997, 1.0, 0.0, -0.9000000000000057]}}