{"histogram": {"y": [1, 0, 0, 0, 1, 0, 3, 3, 2, 7, 5, 0, 4, 4, 6, 5, 6, 5, 7, 11, 6, 11, 10, 7, 16, 9, 20, 22, 13, 14, 16, 20, 29, 28, 23, 118, 76, 62, 57, 57, 32, 12, 5, 4, 0, 1, 0, 0, 1, 5, 0], "x": [675.0, 690.0, 705.0, 720.0, 735.0, 750.0, 765.0, 780.0, 795.0, 810.0, 825.0, 840.0, 855.0, 870.0, 885.0, 900.0, 915.0, 930.0, 945.0, 960.0, 975.0, 990.0, 1005.0, 1020.0, 1035.0, 1050.0, 1065.0, 1080.0, 1095.0, 1110.0, 1125.0, 1140.0, 1155.0, 1170.0, 1185.0, 1200.0, 1215.0, 1230.0, 1245.0, 1260.0, 1275.0, 1290.0, 1305.0, 1320.0, 1335.0, 1350.0, 1365.0, 1380.0, 1395.0, 1410.0, 1425.0]}, "percentile": {"y": [99.9, 99.8, 99.6, 99.4, 99.1, 99.0, 98.8, 98.7, 98.6, 98.4, 98.3, 98.2, 98.0, 97.9, 97.8, 97.6, 97.5, 97.4, 97.2, 97.1, 97.0, 96.8, 96.7, 96.6, 96.4, 96.3, 96.1, 96.0, 95.7, 95.6, 95.5, 95.3, 95.2, 95.1, 94.9, 94.8, 94.7, 94.5, 94.4, 94.3, 94.1, 94.0, 93.9, 93.7, 93.6, 93.3, 93.2, 93.1, 92.9, 92.8, 92.5, 92.4, 92.2, 92.1, 92.0, 91.8, 91.4, 91.2, 91.0, 90.8, 90.6, 90.5, 90.2, 90.0, 89.8, 89.7, 89.4, 89.1, 89.0, 88.9, 88.5, 88.3, 88.2, 88.1, 87.8, 87.5, 87.4, 87.3, 87.1, 87.0, 86.9, 86.7, 86.6, 86.5, 86.3, 86.2, 86.1, 85.8, 85.6, 85.4, 85.0, 84.8, 84.7, 84.4, 84.3, 83.9, 83.6, 83.5, 83.2, 83.1, 83.0, 82.7, 82.1, 82.0, 81.7, 81.5, 81.3, 81.1, 80.8, 80.7, 80.3, 80.1, 80.0, 79.9, 79.7, 79.5, 79.3, 79.1, 78.9, 78.7, 78.2, 78.1, 77.8, 77.7, 77.2, 77.0, 76.6, 76.4, 76.2, 76.1, 76.0, 75.6, 75.4, 75.3, 75.2, 74.9, 74.5, 74.2, 73.9, 73.8, 73.7, 73.4, 73.3, 73.0, 72.7, 72.6, 72.2, 72.1, 71.9, 71.8, 71.5, 71.4, 71.2, 71.1, 71.0, 70.7, 70.3, 70.2, 70.0, 69.9, 69.8, 69.6, 69.4, 69.1, 68.6, 68.3, 68.2, 67.7, 67.5, 67.2, 66.8, 66.5, 66.3, 66.1, 65.9, 65.7, 65.3, 65.1, 64.7, 64.4, 63.8, 63.6, 63.4, 63.2, 62.9, 62.1, 61.8, 61.7, 61.3, 61.2, 61.0, 60.9, 60.7, 60.5, 60.3, 60.1, 59.9, 59.8, 59.7, 59.1, 59.0, 58.5, 57.9, 57.8, 57.5, 56.4, 55.6, 53.9, 52.5, 51.3, 50.3, 49.6, 48.2, 47.6, 46.1, 45.0, 43.8, 41.9, 40.0, 39.9, 39.5, 38.7, 38.3, 37.9, 37.3, 36.9, 36.7, 35.900000000000006, 34.599999999999994, 34.400000000000006, 33.599999999999994, 32.599999999999994, 31.700000000000003, 30.900000000000006, 30.5, 29.700000000000003, 29.299999999999997, 29.099999999999994, 28.200000000000003, 27.900000000000006, 27.0, 26.299999999999997, 25.799999999999997, 25.400000000000006, 25.099999999999994, 24.5, 23.900000000000006, 23.299999999999997, 22.799999999999997, 22.400000000000006, 21.900000000000006, 21.599999999999994, 21.0, 20.099999999999994, 19.700000000000003, 19.200000000000003, 18.900000000000006, 18.5, 17.700000000000003, 17.400000000000006, 16.700000000000003, 16.5, 15.700000000000003, 15.5, 15.299999999999997, 15.0, 14.599999999999994, 13.900000000000006, 13.0, 12.599999999999994, 12.400000000000006, 12.200000000000003, 11.599999999999994, 10.400000000000006, 10.0, 9.099999999999994, 8.0, 7.599999999999994, 7.0, 6.5, 6.099999999999994, 5.700000000000003, 5.400000000000006, 5.299999999999997, 5.0, 4.400000000000006, 4.099999999999994, 4.0, 3.799999999999997, 3.700000000000003, 3.4000000000000057, 3.0999999999999943, 3.0, 2.700000000000003, 2.5, 2.299999999999997, 2.200000000000003, 2.0999999999999943, 1.9000000000000057, 1.7999999999999972, 1.7000000000000028, 1.5, 1.4000000000000057, 1.0999999999999943, 1.0, 0.9000000000000057, 0.7000000000000028, 0.5999999999999943, 0.20000000000000284, -0.09999999999999432], "x": [689, 749, 766, 777, 781, 784, 805, 808, 810, 812, 818, 820, 821, 822, 824, 827, 828, 831, 832, 834, 855, 856, 860, 869, 870, 876, 879, 881, 885, 886, 888, 895, 899, 900, 902, 905, 910, 911, 915, 919, 920, 921, 922, 923, 931, 935, 938, 940, 947, 953, 954, 956, 957, 959, 961, 964, 965, 967, 969, 970, 972, 977, 983, 984, 987, 990, 991, 992, 993, 996, 998, 1004, 1006, 1007, 1008, 1009, 1011, 1012, 1018, 1019, 1021, 1025, 1027, 1028, 1029, 1031, 1032, 1035, 1038, 1039, 1040, 1041, 1043, 1044, 1045, 1047, 1051, 1054, 1055, 1058, 1059, 1061, 1065, 1068, 1069, 1070, 1072, 1073, 1074, 1075, 1076, 1077, 1078, 1080, 1081, 1082, 1083, 1084, 1085, 1086, 1087, 1088, 1089, 1090, 1093, 1094, 1095, 1096, 1097, 1099, 1101, 1102, 1103, 1104, 1110, 1113, 1115, 1116, 1117, 1119, 1122, 1124, 1126, 1127, 1128, 1130, 1131, 1132, 1133, 1136, 1137, 1138, 1139, 1140, 1141, 1142, 1143, 1144, 1147, 1148, 1149, 1150, 1151, 1152, 1153, 1155, 1156, 1157, 1158, 1159, 1160, 1162, 1163, 1164, 1165, 1166, 1167, 1168, 1169, 1170, 1171, 1172, 1173, 1175, 1176, 1178, 1179, 1180, 1181, 1182, 1183, 1184, 1185, 1186, 1187, 1188, 1191, 1192, 1194, 1195, 1196, 1197, 1198, 1199, 1201, 1202, 1203, 1204, 1205, 1206, 1207, 1208, 1209, 1210, 1211, 1212, 1213, 1214, 1215, 1216, 1217, 1218, 1219, 1220, 1221, 1222, 1223, 1224, 1225, 1226, 1227, 1228, 1229, 1230, 1231, 1232, 1233, 1234, 1235, 1236, 1237, 1238, 1239, 1240, 1241, 1242, 1243, 1244, 1245, 1246, 1247, 1248, 1249, 1250, 1251, 1252, 1253, 1254, 1255, 1256, 1257, 1258, 1259, 1260, 1261, 1262, 1263, 1264, 1265, 1266, 1267, 1268, 1270, 1271, 1272, 1273, 1274, 1275, 1276, 1277, 1278, 1279, 1280, 1282, 1283, 1285, 1286, 1287, 1288, 1289, 1290, 1291, 1292, 1293, 1294, 1298, 1299, 1300, 1307, 1311, 1314, 1316, 1318, 1325, 1327, 1328, 1357, 1400, 1415, 1424]}}