{"histogram": {"y": [1, 2, 1, 3, 1, 2, 4, 2, 3, 4, 1, 0, 2, 8, 2, 3, 4, 0, 0, 2, 0], "x": [960.0, 980.0, 1000.0, 1020.0, 1040.0, 1060.0, 1080.0, 1100.0, 1120.0, 1140.0, 1160.0, 1180.0, 1200.0, 1220.0, 1240.0, 1260.0, 1280.0, 1300.0, 1320.0, 1340.0]}, "percentile": {"y": [97.8, 95.5, 93.2, 91.0, 88.7, 86.4, 84.1, 81.9, 79.6, 77.3, 75.0, 72.8, 70.5, 68.2, 66.0, 63.7, 61.4, 59.1, 56.9, 54.6, 50.0, 47.8, 45.5, 43.2, 41.0, 38.7, 36.4, 31.900000000000006, 29.599999999999994, 27.299999999999997, 25.0, 22.799999999999997, 20.5, 18.200000000000003, 16.0, 13.700000000000003, 11.400000000000006, 6.900000000000006, 4.599999999999994, 2.299999999999997, 0.0, -2.200000000000003], "x": [946, 967, 969, 981, 1012, 1015, 1017, 1026, 1048, 1053, 1072, 1073, 1077, 1078, 1091, 1092, 1101, 1114, 1115, 1121, 1127, 1135, 1150, 1189, 1198, 1202, 1207, 1208, 1209, 1210, 1212, 1215, 1222, 1225, 1240, 1241, 1248, 1265, 1275, 1278, 1321, 1331]}}