{"percentile": {"y": [99.9, 99.8, 99.7, 99.6, 99.5, 99.4, 99.3, 99.2, 99.1, 99.0, 98.9, 98.5, 98.4, 98.3, 98.2, 98.1, 98.0, 97.9, 97.8, 97.7, 97.5, 97.4, 97.3, 97.2, 97.1, 97.0, 96.9, 96.8, 96.6, 96.5, 96.4, 96.2, 96.1, 96.0, 95.7, 95.6, 95.4, 95.3, 95.2, 94.8, 94.7, 94.6, 94.4, 94.3, 94.2, 94.1, 93.9, 93.6, 93.5, 93.4, 93.3, 93.2, 93.1, 92.9, 92.8, 92.5, 92.4, 92.3, 92.0, 91.8, 91.7, 91.5, 91.4, 91.2, 90.8, 90.6, 90.5, 90.4, 90.3, 90.0, 89.9, 89.7, 89.6, 89.4, 89.3, 89.2, 89.1, 89.0, 88.6, 88.5, 88.4, 88.3, 88.2, 88.1, 88.0, 87.8, 87.5, 87.4, 87.3, 87.0, 86.9, 86.5, 86.2, 86.0, 85.9, 85.8, 85.6, 85.4, 85.3, 85.0, 84.8, 84.5, 84.4, 84.0, 83.9, 83.7, 83.4, 83.1, 83.0, 82.7, 82.4, 82.3, 82.2, 82.0, 81.8, 81.6, 81.5, 81.2, 80.9, 80.8, 80.4, 80.2, 79.9, 79.7, 79.6, 79.5, 79.2, 79.0, 78.9, 78.6, 78.4, 78.0, 77.4, 76.7, 76.2, 75.3, 74.9, 74.3, 73.0, 71.8, 70.9, 69.0, 68.0, 66.7, 64.9, 64.0, 63.9, 63.3, 62.5, 62.2, 61.2, 60.8, 60.5, 59.9, 58.9, 57.4, 56.6, 55.4, 54.7, 53.7, 52.8, 52.0, 51.5, 50.2, 48.9, 47.4, 46.5, 45.6, 44.5, 43.3, 42.0, 41.6, 40.7, 39.4, 38.7, 37.2, 36.2, 35.0, 34.5, 33.7, 32.5, 31.900000000000006, 31.200000000000003, 30.0, 29.5, 28.0, 27.400000000000006, 26.700000000000003, 26.0, 25.200000000000003, 24.299999999999997, 22.700000000000003, 21.5, 20.700000000000003, 19.900000000000006, 18.900000000000006, 18.200000000000003, 17.799999999999997, 16.799999999999997, 15.700000000000003, 14.700000000000003, 14.0, 12.799999999999997, 11.700000000000003, 10.799999999999997, 9.900000000000006, 9.599999999999994, 9.299999999999997, 8.400000000000006, 8.099999999999994, 6.900000000000006, 6.700000000000003, 6.5, 5.799999999999997, 5.5, 5.400000000000006, 5.0, 4.5, 4.299999999999997, 4.0, 3.9000000000000057, 3.4000000000000057, 3.0999999999999943, 3.0, 2.799999999999997, 2.700000000000003, 2.4000000000000057, 2.200000000000003, 2.0, 1.9000000000000057, 1.7000000000000028, 1.5999999999999943, 1.4000000000000057, 1.0999999999999943, 1.0, 0.7999999999999972, 0.7000000000000028, 0.5999999999999943, 0.5, 0.4000000000000057, 0.29999999999999716, -0.09999999999999432], "x": [774, 783, 849, 852, 888, 895, 920, 926, 942, 944, 954, 963, 966, 968, 969, 975, 977, 981, 986, 991, 993, 1001, 1002, 1005, 1012, 1019, 1023, 1027, 1030, 1033, 1042, 1044, 1045, 1048, 1049, 1051, 1052, 1054, 1058, 1062, 1065, 1068, 1071, 1072, 1074, 1076, 1078, 1080, 1084, 1086, 1087, 1090, 1092, 1095, 1096, 1099, 1100, 1101, 1102, 1103, 1104, 1105, 1106, 1107, 1108, 1111, 1112, 1114, 1116, 1118, 1120, 1122, 1124, 1125, 1126, 1130, 1131, 1132, 1133, 1135, 1138, 1141, 1142, 1143, 1144, 1145, 1146, 1147, 1148, 1150, 1152, 1153, 1155, 1156, 1157, 1158, 1159, 1161, 1162, 1163, 1164, 1166, 1167, 1169, 1170, 1171, 1172, 1173, 1174, 1175, 1176, 1178, 1179, 1180, 1181, 1182, 1184, 1185, 1186, 1187, 1188, 1189, 1191, 1192, 1193, 1194, 1195, 1196, 1197, 1199, 1200, 1201, 1202, 1203, 1204, 1205, 1206, 1207, 1208, 1209, 1210, 1211, 1212, 1213, 1214, 1215, 1216, 1217, 1218, 1219, 1220, 1221, 1222, 1223, 1224, 1225, 1226, 1227, 1228, 1229, 1230, 1231, 1232, 1233, 1234, 1235, 1236, 1237, 1238, 1239, 1240, 1241, 1242, 1243, 1244, 1245, 1246, 1247, 1248, 1249, 1250, 1251, 1252, 1253, 1254, 1255, 1256, 1257, 1258, 1259, 1260, 1261, 1262, 1263, 1264, 1265, 1266, 1267, 1268, 1269, 1270, 1271, 1272, 1273, 1274, 1275, 1276, 1277, 1278, 1279, 1280, 1281, 1282, 1284, 1285, 1286, 1287, 1289, 1290, 1292, 1293, 1297, 1298, 1299, 1300, 1303, 1304, 1308, 1309, 1310, 1313, 1315, 1316, 1317, 1318, 1320, 1354, 1361, 1405, 1415, 1422, 1424]}, "histogram": {"y": [1, 1, 0, 0, 2, 0, 2, 0, 2, 3, 8, 4, 5, 5, 12, 12, 12, 23, 15, 26, 31, 33, 151, 174, 167, 157, 47, 18, 2, 1, 1, 0, 2, 4], "x": [780.0, 800.0, 820.0, 840.0, 860.0, 880.0, 900.0, 920.0, 940.0, 960.0, 980.0, 1000.0, 1020.0, 1040.0, 1060.0, 1080.0, 1100.0, 1120.0, 1140.0, 1160.0, 1180.0, 1200.0, 1220.0, 1240.0, 1260.0, 1280.0, 1300.0, 1320.0, 1340.0, 1360.0, 1380.0, 1400.0, 1420.0]}}