{"histogram": {"y": [1, 2, 0, 1, 0, 0, 1, 0, 1, 1, 0, 1, 1, 0, 1, 0, 1, 0, 2, 0, 2, 1, 2, 2, 2, 3, 3], "x": [870.0, 885.0, 900.0, 915.0, 930.0, 945.0, 960.0, 975.0, 990.0, 1005.0, 1020.0, 1035.0, 1050.0, 1065.0, 1080.0, 1095.0, 1110.0, 1125.0, 1140.0, 1155.0, 1170.0, 1185.0, 1200.0, 1215.0, 1230.0, 1245.0, 1260.0]}, "percentile": {"y": [96.3, 92.6, 88.9, 85.2, 81.5, 77.8, 74.1, 70.4, 66.7, 63.0, 59.3, 55.6, 51.9, 48.2, 44.5, 40.8, 37.1, 33.400000000000006, 29.700000000000003, 26.0, 22.299999999999997, 18.599999999999994, 14.900000000000006, 11.200000000000003, 7.5, 3.799999999999997, 0.0, -3.700000000000003], "x": [883, 891, 899, 928, 961, 998, 1017, 1036, 1055, 1093, 1115, 1144, 1145, 1171, 1180, 1193, 1213, 1214, 1219, 1228, 1237, 1243, 1247, 1253, 1255, 1261, 1264, 1269]}}