{"percentile": {"y": [99.8, 99.5, 99.2, 98.9, 98.3, 98.1, 97.8, 97.5, 97.2, 96.9, 96.6, 96.3, 96.1, 95.8, 95.2, 94.9, 94.6, 94.4, 94.1, 93.8, 93.2, 92.9, 92.6, 92.4, 92.1, 91.8, 91.5, 91.2, 90.9, 90.6, 90.4, 89.8, 89.5, 89.2, 88.9, 88.7, 88.4, 88.1, 87.8, 87.2, 86.9, 86.7, 86.1, 85.8, 85.5, 85.2, 85.0, 84.4, 84.1, 83.8, 83.2, 83.0, 82.4, 82.1, 81.8, 81.5, 81.0, 80.7, 80.4, 79.8, 79.5, 79.3, 79.0, 78.7, 78.4, 78.1, 77.8, 77.5, 77.3, 76.4, 76.1, 75.5, 75.0, 74.7, 74.4, 74.1, 73.8, 73.6, 73.0, 72.1, 71.6, 71.3, 71.0, 70.7, 70.1, 69.9, 69.6, 69.3, 69.0, 68.7, 68.4, 67.9, 67.6, 67.3, 66.4, 65.9, 65.0, 64.4, 64.2, 63.0, 62.7, 62.4, 62.2, 61.9, 61.6, 61.3, 61.0, 60.7, 60.4, 60.2, 59.9, 59.6, 59.3, 59.0, 58.7, 58.2, 57.9, 57.0, 56.7, 56.2, 55.9, 55.3, 55.0, 54.8, 54.5, 54.2, 53.9, 53.3, 52.8, 51.6, 51.0, 50.8, 49.6, 47.9, 45.6, 45.3, 44.2, 43.1, 41.9, 41.4, 40.8, 39.7, 39.1, 37.1, 36.8, 36.2, 35.900000000000006, 35.7, 34.5, 33.7, 33.099999999999994, 32.2, 31.700000000000003, 28.799999999999997, 28.299999999999997, 28.0, 27.099999999999994, 26.5, 26.0, 25.700000000000003, 23.400000000000006, 23.099999999999994, 22.599999999999994, 21.400000000000006, 21.099999999999994, 20.799999999999997, 20.299999999999997, 19.700000000000003, 19.400000000000006, 19.099999999999994, 18.299999999999997, 18.0, 17.700000000000003, 16.599999999999994, 15.700000000000003, 15.400000000000006, 14.900000000000006, 14.599999999999994, 14.299999999999997, 13.700000000000003, 13.200000000000003, 12.599999999999994, 12.299999999999997, 10.900000000000006, 10.0, 8.599999999999994, 8.0, 7.700000000000003, 7.5, 7.200000000000003, 6.299999999999997, 5.700000000000003, 5.200000000000003, 4.599999999999994, 4.299999999999997, 3.799999999999997, 3.5, 3.200000000000003, 2.9000000000000057, 2.5999999999999943, 2.299999999999997, 2.0, 1.2000000000000028, 0.9000000000000057, 0.5999999999999943, 0.29999999999999716, -0.20000000000000284], "x": [736, 764, 796, 814, 833, 857, 866, 867, 868, 879, 880, 883, 894, 895, 902, 908, 913, 921, 928, 930, 935, 941, 944, 947, 948, 952, 968, 973, 977, 979, 980, 981, 982, 987, 990, 991, 992, 993, 1001, 1002, 1004, 1011, 1014, 1015, 1019, 1023, 1024, 1028, 1029, 1035, 1036, 1037, 1038, 1040, 1048, 1052, 1053, 1055, 1056, 1057, 1058, 1061, 1062, 1064, 1065, 1066, 1067, 1068, 1074, 1076, 1077, 1084, 1092, 1093, 1094, 1095, 1096, 1098, 1101, 1102, 1103, 1112, 1114, 1115, 1120, 1121, 1122, 1123, 1126, 1127, 1128, 1129, 1130, 1131, 1136, 1137, 1138, 1140, 1142, 1147, 1148, 1150, 1151, 1152, 1155, 1159, 1160, 1161, 1162, 1163, 1164, 1166, 1167, 1168, 1169, 1176, 1178, 1181, 1183, 1185, 1186, 1188, 1189, 1194, 1195, 1196, 1197, 1198, 1199, 1201, 1202, 1203, 1204, 1205, 1206, 1207, 1208, 1209, 1210, 1211, 1212, 1213, 1214, 1215, 1216, 1217, 1218, 1219, 1221, 1222, 1223, 1224, 1225, 1226, 1227, 1228, 1229, 1230, 1232, 1234, 1235, 1236, 1237, 1239, 1240, 1241, 1242, 1243, 1244, 1246, 1247, 1249, 1250, 1255, 1256, 1258, 1259, 1260, 1261, 1264, 1265, 1266, 1267, 1268, 1269, 1270, 1272, 1273, 1275, 1276, 1277, 1278, 1280, 1285, 1288, 1296, 1299, 1300, 1304, 1310, 1315, 1318, 1320, 1321, 1323, 1380, 1414]}, "histogram": {"y": [1, 1, 0, 0, 1, 1, 2, 0, 4, 3, 2, 4, 2, 5, 3, 2, 7, 8, 5, 5, 8, 11, 9, 6, 10, 8, 15, 11, 11, 7, 14, 48, 42, 27, 16, 25, 12, 5, 3, 5, 0, 0, 0, 1, 0, 2, 0], "x": [735.0, 750.0, 765.0, 780.0, 795.0, 810.0, 825.0, 840.0, 855.0, 870.0, 885.0, 900.0, 915.0, 930.0, 945.0, 960.0, 975.0, 990.0, 1005.0, 1020.0, 1035.0, 1050.0, 1065.0, 1080.0, 1095.0, 1110.0, 1125.0, 1140.0, 1155.0, 1170.0, 1185.0, 1200.0, 1215.0, 1230.0, 1245.0, 1260.0, 1275.0, 1290.0, 1305.0, 1320.0, 1335.0, 1350.0, 1365.0, 1380.0, 1395.0, 1410.0, 1425.0]}}