{"percentile": {"y": [99.8, 99.5, 99.2, 99.0, 98.7, 98.4, 98.2, 97.9, 97.6, 97.3, 97.1, 96.8, 96.5, 96.3, 96.0, 95.7, 95.4, 95.2, 94.9, 94.6, 94.4, 94.1, 93.8, 93.5, 93.3, 93.0, 92.7, 92.2, 91.9, 91.4, 90.8, 90.3, 90.0, 89.8, 89.5, 89.2, 88.9, 88.7, 88.4, 88.1, 87.6, 87.3, 86.8, 86.5, 86.2, 86.0, 85.4, 85.1, 84.6, 84.3, 83.8, 83.5, 83.0, 82.4, 82.2, 81.9, 81.6, 81.4, 80.5, 80.3, 80.0, 79.7, 79.2, 78.9, 78.4, 78.1, 77.8, 77.6, 77.0, 76.5, 76.2, 75.9, 75.1, 74.8, 74.6, 74.0, 73.5, 73.2, 72.9, 72.4, 72.1, 71.6, 71.1, 70.8, 70.5, 70.2, 70.0, 69.7, 69.4, 68.9, 68.6, 68.3, 68.1, 67.8, 67.5, 67.3, 66.4, 66.2, 65.6, 65.1, 64.5, 64.3, 64.0, 63.7, 63.5, 63.2, 62.7, 61.8, 60.5, 60.2, 58.6, 57.8, 56.1, 54.5, 53.7, 52.9, 52.4, 50.7, 49.6, 48.8, 46.9, 45.6, 44.2, 44.0, 43.7, 43.4, 42.9, 42.6, 42.1, 41.8, 39.9, 39.1, 38.0, 37.2, 36.1, 33.900000000000006, 33.400000000000006, 33.099999999999994, 32.8, 32.3, 30.400000000000006, 29.299999999999997, 28.799999999999997, 27.200000000000003, 25.5, 25.299999999999997, 24.400000000000006, 23.599999999999994, 22.5, 22.0, 21.700000000000003, 21.200000000000003, 20.400000000000006, 19.599999999999994, 18.5, 18.200000000000003, 17.700000000000003, 16.599999999999994, 16.299999999999997, 16.0, 15.5, 14.400000000000006, 13.599999999999994, 13.299999999999997, 12.5, 11.200000000000003, 10.900000000000006, 9.799999999999997, 9.299999999999997, 8.700000000000003, 7.900000000000006, 7.400000000000006, 6.799999999999997, 6.0, 5.200000000000003, 3.799999999999997, 3.5999999999999943, 3.0, 2.5, 2.200000000000003, 1.9000000000000057, 1.7000000000000028, 1.0999999999999943, 0.5999999999999943, 0.29999999999999716, 0.0, -0.20000000000000284], "x": [754, 784, 823, 824, 831, 845, 850, 866, 881, 884, 893, 896, 898, 905, 914, 918, 925, 949, 952, 960, 968, 969, 974, 978, 979, 990, 991, 993, 995, 1007, 1013, 1014, 1015, 1020, 1022, 1024, 1029, 1032, 1033, 1037, 1038, 1041, 1045, 1055, 1057, 1059, 1069, 1071, 1073, 1074, 1075, 1076, 1077, 1078, 1084, 1086, 1088, 1089, 1093, 1104, 1106, 1108, 1112, 1113, 1115, 1121, 1122, 1123, 1127, 1128, 1130, 1131, 1138, 1139, 1140, 1144, 1153, 1154, 1155, 1157, 1158, 1159, 1160, 1162, 1163, 1167, 1168, 1169, 1171, 1172, 1176, 1179, 1180, 1181, 1184, 1185, 1186, 1188, 1190, 1191, 1192, 1193, 1194, 1195, 1196, 1197, 1199, 1200, 1201, 1202, 1203, 1204, 1205, 1206, 1207, 1208, 1209, 1210, 1211, 1212, 1213, 1214, 1215, 1217, 1218, 1220, 1221, 1222, 1223, 1224, 1225, 1226, 1227, 1228, 1229, 1230, 1231, 1232, 1233, 1234, 1235, 1236, 1237, 1238, 1239, 1241, 1242, 1243, 1244, 1247, 1248, 1250, 1251, 1252, 1253, 1254, 1255, 1256, 1257, 1258, 1259, 1260, 1262, 1263, 1264, 1265, 1266, 1267, 1268, 1269, 1270, 1271, 1272, 1273, 1274, 1275, 1276, 1277, 1279, 1291, 1294, 1295, 1300, 1302, 1306, 1313, 1365]}, "histogram": {"y": [1, 0, 1, 0, 3, 2, 1, 5, 3, 1, 2, 6, 5, 7, 9, 6, 13, 7, 8, 13, 12, 12, 21, 70, 67, 37, 48, 3, 6, 0, 0, 1], "x": [760.0, 780.0, 800.0, 820.0, 840.0, 860.0, 880.0, 900.0, 920.0, 940.0, 960.0, 980.0, 1000.0, 1020.0, 1040.0, 1060.0, 1080.0, 1100.0, 1120.0, 1140.0, 1160.0, 1180.0, 1200.0, 1220.0, 1240.0, 1260.0, 1280.0, 1300.0, 1320.0, 1340.0, 1360.0]}}