{"histogram": {"y": [1, 0, 0, 0, 0, 0, 0, 1, 0, 0, 0, 1, 0, 0, 1, 0, 2, 0, 0, 0, 1, 0, 1, 1, 1, 0, 1, 0, 0, 0, 0, 0, 0, 0, 1, 0, 2, 0, 1, 0, 0, 0, 1], "x": [675.0, 690.0, 705.0, 720.0, 735.0, 750.0, 765.0, 780.0, 795.0, 810.0, 825.0, 840.0, 855.0, 870.0, 885.0, 900.0, 915.0, 930.0, 945.0, 960.0, 975.0, 990.0, 1005.0, 1020.0, 1035.0, 1050.0, 1065.0, 1080.0, 1095.0, 1110.0, 1125.0, 1140.0, 1155.0, 1170.0, 1185.0, 1200.0, 1215.0, 1230.0, 1245.0, 1260.0, 1275.0, 1290.0, 1305.0]}, "percentile": {"y": [93.4, 86.7, 80.0, 73.4, 66.7, 60.0, 53.4, 46.7, 40.0, 33.400000000000006, 26.700000000000003, 20.0, 13.400000000000006, 6.700000000000003, 0.0, -6.599999999999994], "x": [682, 780, 844, 898, 925, 927, 989, 1015, 1024, 1047, 1075, 1185, 1216, 1226, 1257, 1310]}}