{"percentile": {"y": [99.1, 98.1, 97.1, 96.1, 95.1, 94.1, 93.1, 92.1, 91.1, 90.1, 89.2, 88.2, 87.2, 86.2, 85.2, 84.2, 82.2, 80.2, 79.3, 78.3, 77.3, 76.3, 75.3, 74.3, 73.3, 72.3, 71.3, 70.3, 69.4, 68.4, 67.4, 65.4, 63.4, 61.4, 60.4, 58.5, 57.5, 56.5, 54.5, 53.5, 52.5, 51.5, 50.5, 48.6, 47.6, 46.6, 45.6, 43.6, 41.6, 39.7, 38.7, 37.7, 36.7, 35.7, 34.7, 31.700000000000003, 30.700000000000003, 29.799999999999997, 28.799999999999997, 25.799999999999997, 23.799999999999997, 22.799999999999997, 20.799999999999997, 19.900000000000006, 18.900000000000006, 17.900000000000006, 16.900000000000006, 13.900000000000006, 11.900000000000006, 10.0, 8.0, 7.0, 6.0, 5.0, 4.0, 3.0, 2.0, 1.0, 0.0, -0.9000000000000057], "x": [860, 863, 873, 935, 950, 969, 984, 1001, 1009, 1031, 1069, 1079, 1090, 1100, 1104, 1143, 1154, 1163, 1170, 1174, 1176, 1188, 1195, 1205, 1207, 1211, 1213, 1214, 1215, 1217, 1218, 1219, 1220, 1221, 1226, 1227, 1228, 1229, 1230, 1234, 1235, 1236, 1239, 1241, 1242, 1244, 1245, 1246, 1248, 1251, 1252, 1258, 1259, 1260, 1261, 1262, 1263, 1265, 1266, 1269, 1271, 1274, 1275, 1276, 1278, 1280, 1287, 1288, 1289, 1290, 1292, 1294, 1298, 1299, 1305, 1308, 1312, 1313, 1340, 1354]}, "histogram": {"y": [3, 0, 0, 1, 1, 1, 1, 2, 1, 0, 2, 1, 2, 0, 3, 5, 2, 10, 15, 14, 18, 14, 4, 0, 2, 0], "x": [880.0, 900.0, 920.0, 940.0, 960.0, 980.0, 1000.0, 1020.0, 1040.0, 1060.0, 1080.0, 1100.0, 1120.0, 1140.0, 1160.0, 1180.0, 1200.0, 1220.0, 1240.0, 1260.0, 1280.0, 1300.0, 1320.0, 1340.0, 1360.0]}}