{"histogram": {"y": [1, 0, 0, 2, 3, 0, 0, 1, 2, 0, 2, 4, 1, 1, 2, 2, 1, 3, 6, 4, 4, 3, 5, 22, 9, 8, 8, 2, 2, 0, 0, 0, 0, 1, 1], "x": [760.0, 780.0, 800.0, 820.0, 840.0, 860.0, 880.0, 900.0, 920.0, 940.0, 960.0, 980.0, 1000.0, 1020.0, 1040.0, 1060.0, 1080.0, 1100.0, 1120.0, 1140.0, 1160.0, 1180.0, 1200.0, 1220.0, 1240.0, 1260.0, 1280.0, 1300.0, 1320.0, 1340.0, 1360.0, 1380.0, 1400.0, 1420.0]}, "percentile": {"y": [99.0, 98.0, 97.0, 96.0, 95.0, 94.0, 93.0, 92.0, 91.0, 89.9, 88.9, 85.9, 84.9, 83.9, 82.9, 81.9, 80.9, 79.8, 78.8, 77.8, 76.8, 75.8, 74.8, 72.8, 71.8, 70.8, 69.7, 68.7, 67.7, 66.7, 65.7, 64.7, 63.7, 62.7, 61.7, 60.7, 59.6, 58.6, 57.6, 56.6, 55.6, 54.6, 53.6, 52.6, 51.6, 49.5, 47.5, 45.5, 44.5, 43.5, 41.5, 39.4, 38.4, 37.4, 36.4, 35.400000000000006, 33.400000000000006, 31.400000000000006, 30.400000000000006, 29.299999999999997, 28.299999999999997, 27.299999999999997, 26.299999999999997, 24.299999999999997, 23.299999999999997, 22.299999999999997, 21.299999999999997, 20.299999999999997, 19.200000000000003, 18.200000000000003, 16.200000000000003, 15.200000000000003, 13.200000000000003, 12.200000000000003, 11.200000000000003, 10.200000000000003, 9.099999999999994, 7.099999999999994, 6.099999999999994, 5.099999999999994, 4.099999999999994, 3.0999999999999943, 2.0999999999999943, 1.0999999999999943, 0.0, -1.0], "x": [746, 805, 810, 820, 823, 830, 886, 912, 915, 940, 942, 964, 978, 993, 1007, 1034, 1039, 1043, 1053, 1076, 1086, 1087, 1092, 1105, 1106, 1107, 1114, 1119, 1125, 1126, 1128, 1129, 1140, 1149, 1151, 1158, 1160, 1162, 1168, 1186, 1191, 1194, 1196, 1199, 1200, 1201, 1202, 1203, 1205, 1206, 1207, 1208, 1209, 1210, 1211, 1213, 1214, 1215, 1217, 1220, 1223, 1225, 1229, 1230, 1232, 1235, 1238, 1240, 1241, 1246, 1250, 1251, 1256, 1261, 1262, 1267, 1271, 1272, 1276, 1277, 1280, 1294, 1300, 1306, 1415, 1422]}}