{"percentile": {"y": [96.6, 93.2, 89.7, 86.3, 82.8, 79.4, 75.9, 72.5, 69.0, 65.6, 62.1, 58.7, 55.2, 48.3, 44.9, 41.4, 38.0, 34.5, 31.099999999999994, 27.599999999999994, 24.200000000000003, 20.700000000000003, 17.299999999999997, 10.400000000000006, 6.900000000000006, 3.5, 0.0, -3.4000000000000057], "x": [992, 1034, 1081, 1102, 1119, 1180, 1201, 1205, 1206, 1213, 1214, 1215, 1219, 1223, 1227, 1232, 1236, 1237, 1238, 1242, 1252, 1262, 1270, 1272, 1291, 1298, 1308, 1326]}, "histogram": {"y": [1, 0, 1, 0, 0, 0, 1, 1, 1, 0, 0, 0, 1, 0, 5, 5, 5, 1, 4, 0, 2, 1, 1, 0], "x": [990.0, 1005.0, 1020.0, 1035.0, 1050.0, 1065.0, 1080.0, 1095.0, 1110.0, 1125.0, 1140.0, 1155.0, 1170.0, 1185.0, 1200.0, 1215.0, 1230.0, 1245.0, 1260.0, 1275.0, 1290.0, 1305.0, 1320.0, 1335.0]}}