{"percentile": {"x": [877, 934, 961, 973, 1055, 1058, 1081, 1096, 1112, 1138, 1143, 1144, 1163, 1170, 1173, 1183, 1186, 1189, 1201, 1203, 1204, 1206, 1208, 1209, 1210, 1211, 1212, 1214, 1215, 1218, 1223, 1225, 1226, 1229, 1231, 1232, 1233, 1234, 1235, 1239, 1240, 1241, 1244, 1245, 1246, 1248, 1249, 1250, 1252, 1255, 1263, 1268, 1272, 1273, 1275, 1276, 1278, 1279, 1280, 1281, 1285, 1286, 1288, 1289, 1290, 1295, 1297, 1310, 1319, 1328, 1329, 1415, 1424], "y": [99.0, 98.0, 96.9, 95.9, 94.8, 93.8, 92.8, 91.7, 90.7, 89.6, 88.6, 87.5, 86.5, 85.5, 84.4, 83.4, 82.3, 81.3, 80.3, 78.2, 77.1, 75.0, 74.0, 73.0, 71.9, 69.8, 66.7, 65.7, 63.6, 61.5, 60.5, 59.4, 58.4, 57.3, 54.2, 53.2, 52.1, 48.0, 46.9, 45.9, 44.8, 40.7, 39.6, 38.6, 37.5, 36.5, 35.5, 34.400000000000006, 33.400000000000006, 31.299999999999997, 29.200000000000003, 27.099999999999994, 24.0, 23.0, 20.900000000000006, 19.799999999999997, 18.799999999999997, 16.700000000000003, 15.700000000000003, 14.599999999999994, 13.599999999999994, 11.5, 10.5, 9.400000000000006, 8.400000000000006, 7.299999999999997, 6.299999999999997, 5.299999999999997, 4.200000000000003, 3.200000000000003, 2.0999999999999943, 0.0, -1.0]}, "histogram": {"x": [870.0, 885.0, 900.0, 915.0, 930.0, 945.0, 960.0, 975.0, 990.0, 1005.0, 1020.0, 1035.0, 1050.0, 1065.0, 1080.0, 1095.0, 1110.0, 1125.0, 1140.0, 1155.0, 1170.0, 1185.0, 1200.0, 1215.0, 1230.0, 1245.0, 1260.0, 1275.0, 1290.0, 1305.0, 1320.0, 1335.0, 1350.0, 1365.0, 1380.0, 1395.0, 1410.0, 1425.0], "y": [1, 0, 0, 0, 1, 0, 2, 0, 0, 0, 0, 0, 2, 0, 1, 1, 1, 1, 2, 1, 3, 2, 15, 8, 17, 8, 8, 13, 3, 2, 2, 0, 0, 0, 0, 0, 3, 0]}}