{"percentile": {"y": [99.8, 99.5, 99.3, 99.0, 98.8, 98.5, 98.2, 98.0, 97.7, 97.5, 97.2, 97.0, 96.7, 96.4, 96.2, 95.9, 95.7, 95.2, 94.6, 94.4, 94.1, 93.9, 93.6, 93.3, 93.1, 92.8, 92.6, 92.3, 92.1, 91.8, 91.5, 91.0, 90.8, 90.5, 90.3, 90.0, 89.7, 89.5, 89.2, 89.0, 88.7, 88.5, 87.7, 86.9, 86.6, 86.4, 85.9, 85.6, 85.4, 85.1, 84.8, 84.6, 83.8, 83.6, 83.0, 82.8, 82.5, 81.8, 81.5, 81.0, 80.7, 79.9, 78.9, 78.7, 78.4, 78.1, 77.9, 77.6, 77.4, 77.1, 76.9, 76.3, 75.8, 75.3, 75.0, 74.8, 74.3, 74.0, 73.8, 73.5, 73.2, 73.0, 72.7, 72.2, 72.0, 71.4, 71.2, 70.9, 70.7, 70.4, 70.2, 69.6, 69.1, 68.9, 68.6, 68.3, 67.8, 67.6, 67.3, 67.1, 66.3, 65.8, 65.5, 65.3, 65.0, 64.7, 64.2, 63.5, 63.2, 62.9, 62.7, 62.4, 62.2, 61.6, 61.4, 61.1, 60.6, 60.4, 60.1, 59.8, 59.6, 59.3, 59.1, 58.6, 58.0, 57.8, 57.5, 57.3, 57.0, 56.8, 56.2, 55.2, 54.9, 54.7, 54.4, 54.2, 53.7, 53.4, 53.1, 52.9, 52.6, 52.4, 51.9, 51.3, 51.1, 50.6, 50.3, 50.0, 49.8, 49.5, 48.8, 48.0, 47.7, 46.7, 45.4, 44.1, 43.1, 41.5, 40.3, 38.5, 36.9, 35.599999999999994, 35.099999999999994, 33.8, 31.799999999999997, 28.700000000000003, 28.400000000000006, 28.099999999999994, 27.400000000000006, 26.900000000000006, 26.599999999999994, 26.099999999999994, 25.599999999999994, 24.799999999999997, 23.799999999999997, 23.5, 22.700000000000003, 22.5, 22.200000000000003, 21.400000000000006, 20.400000000000006, 19.400000000000006, 18.900000000000006, 18.099999999999994, 17.299999999999997, 16.799999999999997, 16.5, 16.299999999999997, 15.799999999999997, 15.299999999999997, 14.700000000000003, 14.0, 13.5, 13.200000000000003, 12.900000000000006, 12.400000000000006, 11.900000000000006, 11.400000000000006, 11.099999999999994, 10.599999999999994, 10.400000000000006, 10.099999999999994, 9.799999999999997, 9.599999999999994, 8.599999999999994, 7.799999999999997, 7.5, 7.299999999999997, 6.799999999999997, 5.5, 4.700000000000003, 3.700000000000003, 3.4000000000000057, 2.5999999999999943, 2.4000000000000057, 2.0999999999999943, 1.9000000000000057, 1.5999999999999943, 1.2999999999999972, 1.0999999999999943, 0.5999999999999943, 0.29999999999999716, 0.0, -0.20000000000000284], "x": [761, 804, 806, 822, 827, 831, 836, 838, 843, 852, 860, 866, 877, 880, 881, 882, 886, 889, 892, 893, 899, 902, 913, 914, 918, 924, 927, 929, 936, 939, 940, 942, 944, 950, 955, 960, 962, 963, 965, 967, 969, 970, 971, 975, 979, 987, 994, 996, 1003, 1006, 1008, 1009, 1010, 1012, 1013, 1018, 1019, 1022, 1023, 1029, 1031, 1034, 1035, 1040, 1042, 1045, 1046, 1048, 1050, 1052, 1053, 1055, 1056, 1057, 1060, 1061, 1064, 1068, 1070, 1072, 1073, 1074, 1075, 1076, 1077, 1080, 1081, 1082, 1084, 1085, 1086, 1087, 1090, 1091, 1092, 1094, 1095, 1098, 1099, 1101, 1102, 1103, 1106, 1108, 1112, 1113, 1115, 1116, 1119, 1120, 1124, 1127, 1128, 1130, 1131, 1136, 1137, 1138, 1140, 1141, 1142, 1143, 1145, 1146, 1147, 1155, 1156, 1158, 1161, 1162, 1166, 1170, 1171, 1172, 1175, 1176, 1178, 1180, 1181, 1182, 1184, 1186, 1187, 1188, 1192, 1193, 1195, 1196, 1197, 1198, 1199, 1201, 1202, 1203, 1204, 1205, 1206, 1207, 1208, 1209, 1210, 1211, 1212, 1213, 1214, 1215, 1216, 1217, 1218, 1219, 1220, 1223, 1224, 1225, 1226, 1228, 1230, 1231, 1233, 1235, 1237, 1238, 1239, 1240, 1241, 1242, 1243, 1244, 1245, 1247, 1248, 1249, 1250, 1251, 1252, 1253, 1254, 1255, 1256, 1257, 1259, 1261, 1263, 1264, 1265, 1266, 1267, 1269, 1270, 1271, 1272, 1275, 1276, 1277, 1280, 1281, 1293, 1295, 1296, 1298, 1303, 1338, 1415, 1424]}, "histogram": {"y": [1, 0, 2, 5, 2, 3, 10, 4, 5, 6, 14, 4, 12, 14, 14, 13, 18, 16, 11, 12, 14, 19, 85, 31, 33, 30, 6, 2, 1, 0, 0, 0, 1, 1, 0], "x": [780.0, 800.0, 820.0, 840.0, 860.0, 880.0, 900.0, 920.0, 940.0, 960.0, 980.0, 1000.0, 1020.0, 1040.0, 1060.0, 1080.0, 1100.0, 1120.0, 1140.0, 1160.0, 1180.0, 1200.0, 1220.0, 1240.0, 1260.0, 1280.0, 1300.0, 1320.0, 1340.0, 1360.0, 1380.0, 1400.0, 1420.0, 1440.0]}}