{"histogram": {"y": [1, 1, 0, 0, 1, 0, 0, 4, 2, 2, 5, 7, 5, 6, 3, 6, 6, 5, 5, 9, 9, 2, 10, 11, 9, 6, 6, 13, 9, 14, 48, 38, 40, 35, 33, 18, 3, 0, 2, 0, 0, 1, 1, 0, 3, 0], "x": [750.0, 765.0, 780.0, 795.0, 810.0, 825.0, 840.0, 855.0, 870.0, 885.0, 900.0, 915.0, 930.0, 945.0, 960.0, 975.0, 990.0, 1005.0, 1020.0, 1035.0, 1050.0, 1065.0, 1080.0, 1095.0, 1110.0, 1125.0, 1140.0, 1155.0, 1170.0, 1185.0, 1200.0, 1215.0, 1230.0, 1245.0, 1260.0, 1275.0, 1290.0, 1305.0, 1320.0, 1335.0, 1350.0, 1365.0, 1380.0, 1395.0, 1410.0, 1425.0]}, "percentile": {"y": [99.8, 99.5, 99.3, 99.0, 98.7, 98.2, 97.9, 97.7, 97.4, 97.1, 96.9, 96.6, 96.3, 95.8, 95.3, 94.2, 94.0, 93.7, 93.4, 93.2, 92.9, 92.6, 92.4, 92.1, 91.8, 91.6, 91.3, 91.1, 90.8, 90.3, 90.0, 89.7, 89.5, 88.9, 88.7, 88.4, 88.1, 87.9, 87.6, 87.4, 87.1, 86.8, 86.6, 86.3, 85.8, 85.5, 85.2, 85.0, 84.4, 84.2, 83.9, 83.6, 83.1, 82.9, 82.6, 82.1, 81.8, 81.0, 80.7, 80.5, 80.2, 79.7, 79.4, 79.2, 78.9, 78.1, 77.6, 77.3, 77.0, 76.8, 76.5, 76.2, 76.0, 75.2, 74.7, 74.1, 73.9, 73.6, 73.3, 73.1, 72.8, 72.5, 72.3, 72.0, 71.5, 71.2, 70.7, 70.4, 70.2, 69.9, 69.6, 69.4, 68.8, 68.6, 68.3, 68.0, 67.8, 67.5, 67.0, 66.5, 66.2, 65.1, 64.9, 64.6, 64.1, 63.5, 63.3, 62.7, 62.2, 62.0, 61.7, 61.4, 61.2, 60.9, 60.4, 60.1, 59.3, 59.0, 58.5, 57.7, 57.2, 56.4, 54.3, 53.2, 52.7, 51.4, 50.8, 50.3, 50.0, 49.8, 48.5, 46.6, 45.8, 43.7, 42.6, 41.8, 41.3, 40.8, 40.5, 40.0, 38.9, 38.4, 37.9, 37.1, 35.8, 35.5, 35.2, 34.7, 34.400000000000006, 33.599999999999994, 33.099999999999994, 32.599999999999994, 32.3, 30.200000000000003, 29.200000000000003, 28.099999999999994, 27.799999999999997, 27.299999999999997, 26.5, 25.200000000000003, 24.400000000000006, 23.599999999999994, 23.299999999999997, 23.099999999999994, 22.5, 21.700000000000003, 20.900000000000006, 20.700000000000003, 20.200000000000003, 19.400000000000006, 18.599999999999994, 17.200000000000003, 17.0, 16.5, 15.900000000000006, 15.400000000000006, 14.599999999999994, 14.099999999999994, 13.799999999999997, 12.700000000000003, 12.200000000000003, 11.400000000000006, 10.900000000000006, 10.099999999999994, 9.599999999999994, 9.0, 8.0, 7.700000000000003, 7.200000000000003, 6.099999999999994, 5.299999999999997, 4.5, 4.0, 3.200000000000003, 3.0, 2.700000000000003, 2.4000000000000057, 2.200000000000003, 1.9000000000000057, 1.5999999999999943, 1.0999999999999943, 0.7999999999999972, 0.5999999999999943, 0.29999999999999716, -0.20000000000000284], "x": [750, 770, 817, 856, 861, 868, 871, 874, 891, 894, 902, 905, 909, 912, 916, 924, 927, 930, 937, 941, 942, 943, 945, 946, 951, 955, 957, 958, 971, 974, 976, 977, 978, 985, 986, 990, 995, 996, 999, 1001, 1003, 1008, 1011, 1013, 1015, 1025, 1029, 1031, 1034, 1038, 1040, 1042, 1045, 1046, 1048, 1049, 1057, 1058, 1060, 1061, 1062, 1064, 1067, 1076, 1080, 1082, 1083, 1086, 1087, 1090, 1093, 1096, 1098, 1104, 1105, 1106, 1107, 1109, 1110, 1111, 1113, 1114, 1116, 1117, 1120, 1123, 1126, 1129, 1132, 1138, 1139, 1140, 1146, 1148, 1149, 1154, 1155, 1158, 1161, 1164, 1165, 1166, 1167, 1168, 1170, 1172, 1174, 1180, 1182, 1185, 1187, 1188, 1190, 1191, 1193, 1194, 1195, 1197, 1198, 1201, 1202, 1203, 1204, 1205, 1206, 1207, 1208, 1209, 1210, 1211, 1212, 1213, 1214, 1215, 1217, 1219, 1220, 1221, 1222, 1223, 1224, 1225, 1226, 1227, 1228, 1230, 1231, 1232, 1233, 1234, 1235, 1236, 1237, 1238, 1239, 1240, 1241, 1242, 1243, 1244, 1245, 1246, 1247, 1248, 1249, 1250, 1251, 1252, 1253, 1254, 1255, 1256, 1257, 1258, 1259, 1260, 1261, 1262, 1263, 1265, 1266, 1267, 1268, 1269, 1270, 1271, 1272, 1273, 1274, 1275, 1276, 1277, 1278, 1280, 1285, 1286, 1289, 1298, 1299, 1302, 1320, 1365, 1388, 1414, 1415]}}