{"percentile": {"y": [99.6, 99.2, 98.7, 98.3, 97.9, 97.4, 97.0, 96.5, 96.1, 95.7, 95.2, 94.8, 94.3, 93.9, 93.5, 93.0, 92.6, 92.2, 91.7, 91.3, 90.8, 90.4, 90.0, 89.5, 89.1, 88.6, 88.2, 87.3, 86.9, 86.5, 86.0, 85.6, 85.1, 84.7, 84.3, 83.8, 83.4, 82.9, 82.5, 82.1, 81.6, 81.2, 80.8, 79.9, 79.4, 78.6, 78.1, 77.7, 76.8, 75.9, 75.5, 75.0, 74.6, 74.2, 73.7, 73.3, 72.9, 72.4, 72.0, 71.5, 71.1, 70.7, 70.2, 69.8, 69.3, 68.5, 68.0, 67.6, 67.2, 66.7, 65.4, 65.0, 64.5, 64.1, 63.6, 63.2, 62.8, 62.3, 61.5, 61.0, 60.1, 59.7, 59.3, 58.4, 57.9, 57.1, 56.6, 56.2, 55.8, 55.3, 54.9, 54.4, 54.0, 53.6, 53.1, 52.2, 51.8, 51.4, 50.9, 50.5, 50.0, 49.6, 49.2, 48.7, 48.3, 47.9, 47.4, 46.5, 46.1, 45.7, 44.8, 43.9, 43.5, 43.0, 41.7, 40.4, 39.1, 38.6, 36.5, 33.8, 32.900000000000006, 32.099999999999994, 29.900000000000006, 29.0, 27.200000000000003, 26.400000000000006, 25.0, 24.200000000000003, 22.900000000000006, 22.400000000000006, 22.0, 21.099999999999994, 20.200000000000003, 19.799999999999997, 19.299999999999997, 18.5, 18.0, 17.599999999999994, 16.700000000000003, 16.299999999999997, 15.799999999999997, 15.400000000000006, 15.0, 14.5, 14.099999999999994, 13.599999999999994, 13.200000000000003, 11.900000000000006, 11.5, 11.0, 10.599999999999994, 10.099999999999994, 9.299999999999997, 8.799999999999997, 8.400000000000006, 7.5, 6.599999999999994, 6.200000000000003, 4.400000000000006, 4.0, 3.5999999999999943, 3.0999999999999943, 2.200000000000003, 1.7999999999999972, 1.4000000000000057, 0.9000000000000057, 0.5, 0.0, -0.4000000000000057], "x": [715, 755, 805, 818, 819, 821, 849, 856, 868, 881, 884, 897, 903, 905, 920, 927, 928, 929, 933, 942, 946, 948, 951, 956, 968, 970, 976, 980, 982, 989, 990, 991, 996, 1007, 1009, 1010, 1011, 1012, 1013, 1015, 1017, 1022, 1026, 1033, 1035, 1037, 1038, 1039, 1041, 1048, 1052, 1054, 1055, 1056, 1060, 1061, 1065, 1067, 1070, 1080, 1082, 1083, 1087, 1092, 1093, 1094, 1096, 1097, 1099, 1100, 1104, 1106, 1107, 1110, 1111, 1112, 1115, 1116, 1117, 1126, 1133, 1134, 1135, 1136, 1140, 1142, 1145, 1146, 1148, 1149, 1150, 1160, 1161, 1162, 1165, 1169, 1170, 1171, 1175, 1178, 1179, 1180, 1183, 1185, 1188, 1194, 1195, 1196, 1198, 1200, 1201, 1202, 1203, 1204, 1205, 1206, 1207, 1208, 1209, 1210, 1211, 1212, 1213, 1214, 1215, 1216, 1220, 1221, 1222, 1224, 1225, 1226, 1227, 1228, 1230, 1231, 1232, 1234, 1235, 1239, 1240, 1241, 1244, 1245, 1249, 1250, 1251, 1253, 1254, 1255, 1261, 1262, 1265, 1266, 1268, 1269, 1270, 1271, 1273, 1275, 1277, 1278, 1280, 1284, 1300, 1310, 1317, 1320, 1365]}, "histogram": {"y": [1, 0, 1, 0, 0, 3, 1, 2, 1, 3, 2, 5, 5, 3, 7, 8, 9, 8, 5, 11, 13, 7, 8, 11, 9, 45, 23, 12, 18, 3, 3, 1, 0, 1], "x": [720.0, 740.0, 760.0, 780.0, 800.0, 820.0, 840.0, 860.0, 880.0, 900.0, 920.0, 940.0, 960.0, 980.0, 1000.0, 1020.0, 1040.0, 1060.0, 1080.0, 1100.0, 1120.0, 1140.0, 1160.0, 1180.0, 1200.0, 1220.0, 1240.0, 1260.0, 1280.0, 1300.0, 1320.0, 1340.0, 1360.0]}}