{"histogram": {"y": [1, 0, 0, 1, 0, 1, 1, 0, 0, 2, 2, 1, 0, 4, 0, 3, 1, 2, 5, 12, 25, 26, 18, 9, 2, 1, 0, 0, 0, 1], "x": [820.0, 840.0, 860.0, 880.0, 900.0, 920.0, 940.0, 960.0, 980.0, 1000.0, 1020.0, 1040.0, 1060.0, 1080.0, 1100.0, 1120.0, 1140.0, 1160.0, 1180.0, 1200.0, 1220.0, 1240.0, 1260.0, 1280.0, 1300.0, 1320.0, 1340.0, 1360.0, 1380.0, 1400.0]}, "percentile": {"y": [99.2, 98.3, 97.5, 96.6, 94.9, 94.1, 93.2, 92.4, 91.5, 90.6, 89.8, 88.9, 88.1, 87.2, 86.4, 85.5, 84.7, 83.8, 83.0, 82.1, 81.2, 80.4, 79.5, 78.7, 77.8, 77.0, 76.1, 74.4, 73.6, 72.7, 71.8, 71.0, 70.1, 69.3, 66.7, 65.9, 65.0, 62.4, 60.7, 59.0, 57.3, 56.5, 55.6, 53.9, 51.3, 50.5, 47.9, 47.1, 45.3, 44.5, 43.6, 41.1, 39.4, 38.5, 37.7, 35.900000000000006, 35.099999999999994, 33.400000000000006, 32.5, 31.700000000000003, 30.0, 29.099999999999994, 28.299999999999997, 26.5, 25.700000000000003, 24.799999999999997, 22.299999999999997, 18.900000000000006, 16.299999999999997, 15.400000000000006, 12.900000000000006, 11.200000000000003, 10.299999999999997, 9.5, 7.700000000000003, 6.900000000000006, 6.0, 5.200000000000003, 4.299999999999997, 3.5, 2.5999999999999943, 1.7999999999999972, 0.9000000000000057, 0.0, -0.7999999999999972], "x": [839, 882, 930, 957, 1007, 1028, 1030, 1043, 1080, 1084, 1088, 1090, 1121, 1131, 1135, 1158, 1166, 1174, 1181, 1184, 1196, 1198, 1199, 1200, 1201, 1203, 1205, 1206, 1207, 1208, 1210, 1214, 1216, 1219, 1220, 1221, 1224, 1225, 1226, 1227, 1229, 1231, 1233, 1234, 1235, 1237, 1239, 1240, 1241, 1242, 1243, 1245, 1246, 1247, 1248, 1249, 1250, 1251, 1253, 1254, 1255, 1256, 1257, 1258, 1259, 1261, 1263, 1265, 1267, 1269, 1270, 1274, 1277, 1280, 1284, 1287, 1290, 1292, 1293, 1295, 1299, 1300, 1306, 1329, 1415]}}