{"histogram": {"y": [1, 0, 0, 0, 0, 0, 0, 2, 2, 0, 1, 0, 2, 1, 4, 1, 2, 2, 1, 2, 2, 1, 0, 1, 1, 1, 2, 1, 3, 7, 2, 4, 4, 1, 1, 0, 0, 0, 0, 2, 0], "x": [765.0, 780.0, 795.0, 810.0, 825.0, 840.0, 855.0, 870.0, 885.0, 900.0, 915.0, 930.0, 945.0, 960.0, 975.0, 990.0, 1005.0, 1020.0, 1035.0, 1050.0, 1065.0, 1080.0, 1095.0, 1110.0, 1125.0, 1140.0, 1155.0, 1170.0, 1185.0, 1200.0, 1215.0, 1230.0, 1245.0, 1260.0, 1275.0, 1290.0, 1305.0, 1320.0, 1335.0, 1350.0, 1365.0]}, "percentile": {"y": [98.2, 96.3, 94.4, 92.5, 90.6, 88.7, 86.8, 85.0, 83.1, 81.2, 79.3, 77.4, 75.5, 73.6, 71.7, 69.9, 68.0, 66.1, 64.2, 62.3, 60.4, 58.5, 56.7, 54.8, 52.9, 51.0, 49.1, 47.2, 45.3, 43.4, 41.6, 37.8, 34.0, 32.099999999999994, 28.400000000000006, 24.599999999999994, 22.700000000000003, 20.799999999999997, 18.900000000000006, 17.0, 15.099999999999994, 13.299999999999997, 11.400000000000006, 7.599999999999994, 5.700000000000003, 3.799999999999997, 1.9000000000000057, 0.0, -1.7999999999999972], "x": [771, 873, 876, 892, 898, 928, 947, 948, 972, 977, 982, 984, 988, 998, 1009, 1014, 1027, 1030, 1038, 1051, 1061, 1067, 1069, 1090, 1121, 1134, 1153, 1159, 1167, 1179, 1186, 1189, 1205, 1208, 1211, 1212, 1215, 1220, 1233, 1234, 1235, 1241, 1245, 1246, 1256, 1260, 1275, 1351, 1356]}}