{"percentile": {"x": [755, 801, 808, 821, 837, 844, 856, 889, 893, 908, 910, 911, 915, 916, 930, 934, 938, 942, 943, 947, 951, 952, 957, 960, 963, 967, 969, 972, 976, 978, 982, 985, 990, 1003, 1008, 1012, 1017, 1019, 1021, 1024, 1026, 1031, 1033, 1037, 1038, 1039, 1042, 1043, 1044, 1056, 1058, 1062, 1064, 1067, 1069, 1070, 1072, 1074, 1077, 1078, 1080, 1081, 1082, 1083, 1085, 1092, 1098, 1101, 1104, 1105, 1113, 1114, 1120, 1122, 1123, 1124, 1128, 1132, 1133, 1135, 1137, 1140, 1142, 1143, 1144, 1146, 1149, 1153, 1155, 1157, 1158, 1160, 1164, 1166, 1169, 1170, 1174, 1177, 1183, 1184, 1185, 1187, 1190, 1192, 1196, 1198, 1199, 1200, 1201, 1202, 1203, 1204, 1205, 1206, 1207, 1208, 1209, 1210, 1211, 1213, 1215, 1216, 1218, 1220, 1221, 1222, 1223, 1224, 1226, 1227, 1228, 1229, 1230, 1232, 1233, 1234, 1236, 1237, 1238, 1239, 1240, 1242, 1243, 1244, 1245, 1247, 1248, 1250, 1251, 1252, 1253, 1254, 1258, 1260, 1262, 1265, 1266, 1267, 1268, 1269, 1270, 1272, 1273, 1275, 1277, 1278, 1279, 1287, 1290, 1291, 1299, 1300, 1302, 1313, 1318, 1320, 1334, 1415, 1424], "y": [99.7, 99.3, 99.0, 98.6, 98.3, 97.9, 97.6, 97.2, 96.9, 96.5, 96.2, 95.8, 95.5, 95.1, 94.7, 94.4, 94.0, 93.7, 93.3, 93.0, 92.6, 92.3, 91.9, 91.6, 91.2, 90.9, 90.5, 90.2, 89.8, 89.4, 89.1, 88.7, 88.4, 88.0, 87.7, 87.3, 86.6, 85.2, 84.9, 84.5, 84.1, 83.8, 83.4, 83.1, 82.7, 82.4, 82.0, 81.7, 81.3, 80.6, 80.3, 79.9, 79.6, 79.2, 78.8, 78.5, 78.1, 77.8, 77.4, 77.1, 76.7, 76.4, 75.7, 75.3, 75.0, 73.9, 73.5, 72.8, 72.1, 71.8, 71.1, 70.7, 70.0, 69.7, 68.6, 68.2, 67.5, 67.2, 66.5, 65.8, 65.4, 65.1, 64.7, 64.4, 63.7, 63.3, 62.9, 62.6, 62.2, 61.9, 61.5, 60.8, 60.5, 60.1, 59.4, 59.1, 58.7, 58.4, 58.0, 56.9, 56.6, 56.2, 55.5, 54.8, 54.1, 53.8, 53.1, 52.0, 50.6, 49.9, 48.5, 47.4, 44.9, 43.9, 42.8, 42.5, 41.7, 40.0, 38.9, 37.9, 36.8, 36.4, 36.1, 35.7, 35.400000000000006, 35.0, 34.3, 34.0, 33.3, 32.599999999999994, 32.2, 31.900000000000006, 31.5, 30.400000000000006, 28.700000000000003, 27.599999999999994, 26.900000000000006, 26.599999999999994, 26.200000000000003, 24.799999999999997, 23.700000000000003, 23.0, 22.299999999999997, 22.0, 21.599999999999994, 20.5, 20.200000000000003, 19.5, 19.099999999999994, 18.799999999999997, 18.400000000000006, 18.099999999999994, 17.700000000000003, 17.400000000000006, 16.700000000000003, 15.200000000000003, 14.200000000000003, 13.5, 13.099999999999994, 12.799999999999997, 11.700000000000003, 11.0, 9.900000000000006, 8.900000000000006, 8.200000000000003, 6.400000000000006, 5.700000000000003, 5.400000000000006, 5.0, 4.599999999999994, 4.299999999999997, 3.5999999999999943, 3.200000000000003, 2.9000000000000057, 2.5, 2.200000000000003, 1.7999999999999972, 0.7999999999999972, -0.29999999999999716]}, "histogram": {"x": [750.0, 765.0, 780.0, 795.0, 810.0, 825.0, 840.0, 855.0, 870.0, 885.0, 900.0, 915.0, 930.0, 945.0, 960.0, 975.0, 990.0, 1005.0, 1020.0, 1035.0, 1050.0, 1065.0, 1080.0, 1095.0, 1110.0, 1125.0, 1140.0, 1155.0, 1170.0, 1185.0, 1200.0, 1215.0, 1230.0, 1245.0, 1260.0, 1275.0, 1290.0, 1305.0, 1320.0, 1335.0, 1350.0, 1365.0, 1380.0, 1395.0, 1410.0, 1425.0], "y": [1, 0, 0, 2, 1, 1, 1, 1, 0, 2, 3, 2, 5, 4, 5, 4, 2, 8, 5, 6, 5, 7, 9, 6, 10, 8, 8, 9, 7, 11, 43, 17, 28, 12, 22, 13, 6, 2, 2, 0, 0, 0, 0, 0, 6, 0]}}