{"histogram": {"y": [1, 1, 0, 1, 0, 0, 0, 1, 0, 0, 0, 0, 0, 1, 0, 0, 1, 0, 1, 2, 1, 1, 2, 0, 0, 2, 3, 0, 0, 0, 1, 0], "x": [810.0, 825.0, 840.0, 855.0, 870.0, 885.0, 900.0, 915.0, 930.0, 945.0, 960.0, 975.0, 990.0, 1005.0, 1020.0, 1035.0, 1050.0, 1065.0, 1080.0, 1095.0, 1110.0, 1125.0, 1140.0, 1155.0, 1170.0, 1185.0, 1200.0, 1215.0, 1230.0, 1245.0, 1260.0, 1275.0]}, "percentile": {"y": [94.5, 88.9, 83.4, 77.8, 72.3, 66.7, 61.2, 55.6, 50.0, 44.5, 38.9, 33.400000000000006, 27.799999999999997, 16.700000000000003, 11.200000000000003, 5.599999999999994, 0.0, -5.5], "x": [810, 825, 855, 920, 1006, 1055, 1082, 1100, 1101, 1116, 1125, 1140, 1153, 1190, 1204, 1209, 1211, 1266]}}