{"histogram": {"x": [735.0, 750.0, 765.0, 780.0, 795.0, 810.0, 825.0, 840.0, 855.0, 870.0, 885.0, 900.0, 915.0, 930.0, 945.0, 960.0, 975.0, 990.0, 1005.0, 1020.0, 1035.0, 1050.0, 1065.0, 1080.0, 1095.0, 1110.0, 1125.0, 1140.0, 1155.0, 1170.0, 1185.0, 1200.0, 1215.0, 1230.0, 1245.0, 1260.0, 1275.0], "y": [1, 0, 0, 0, 0, 0, 2, 0, 0, 0, 0, 0, 1, 2, 0, 0, 1, 3, 1, 0, 1, 0, 0, 1, 0, 2, 2, 1, 2, 0, 1, 9, 4, 5, 5, 1, 0]}, "percentile": {"x": [740, 836, 837, 929, 934, 941, 984, 1000, 1002, 1018, 1042, 1092, 1119, 1124, 1139, 1145, 1160, 1164, 1191, 1201, 1205, 1209, 1210, 1211, 1212, 1214, 1215, 1218, 1221, 1232, 1234, 1242, 1243, 1246, 1248, 1252, 1255, 1272], "y": [97.8, 95.5, 93.2, 91.0, 88.7, 86.4, 84.1, 81.9, 77.3, 75.0, 72.8, 70.5, 68.2, 66.0, 61.4, 59.1, 56.9, 54.6, 52.3, 50.0, 47.8, 45.5, 43.2, 41.0, 36.4, 31.900000000000006, 27.299999999999997, 25.0, 22.799999999999997, 20.5, 18.200000000000003, 16.0, 11.400000000000006, 6.900000000000006, 4.599999999999994, 2.299999999999997, 0.0, -2.200000000000003]}}