{"histogram": {"x": [780.0, 800.0, 820.0, 840.0, 860.0, 880.0, 900.0, 920.0, 940.0, 960.0, 980.0, 1000.0, 1020.0, 1040.0, 1060.0, 1080.0, 1100.0, 1120.0, 1140.0, 1160.0, 1180.0, 1200.0, 1220.0, 1240.0, 1260.0, 1280.0], "y": [1, 1, 1, 1, 1, 1, 0, 3, 0, 1, 0, 0, 0, 0, 4, 4, 0, 1, 2, 1, 1, 3, 5, 3, 1, 5, 2]}, "percentile": {"x": [771, 788, 816, 837, 857, 864, 901, 905, 910, 948, 1042, 1047, 1049, 1059, 1065, 1068, 1071, 1079, 1104, 1126, 1139, 1152, 1164, 1182, 1187, 1199, 1201, 1206, 1207, 1214, 1215, 1225, 1227, 1228, 1246, 1261, 1264, 1265, 1270, 1280, 1282], "y": [97.6, 95.2, 92.7, 90.3, 87.9, 85.4, 83.0, 80.5, 78.1, 75.7, 73.2, 70.8, 68.3, 65.9, 63.5, 61.0, 58.6, 56.1, 53.7, 51.3, 48.8, 46.4, 44.0, 41.5, 39.1, 36.6, 34.2, 31.799999999999997, 29.299999999999997, 26.900000000000006, 24.400000000000006, 22.0, 19.599999999999994, 17.099999999999994, 14.700000000000003, 12.200000000000003, 9.799999999999997, 7.400000000000006, 2.5, 0.0, -2.4000000000000057]}}