{"percentile": {"x": [760, 852, 856, 860, 868, 877, 878, 908, 922, 927, 935, 943, 952, 954, 966, 970, 971, 977, 978, 980, 990, 995, 1000, 1008, 1010, 1011, 1019, 1022, 1030, 1033, 1035, 1039, 1040, 1047, 1048, 1061, 1062, 1063, 1066, 1067, 1071, 1074, 1075, 1077, 1079, 1081, 1086, 1088, 1089, 1090, 1091, 1099, 1101, 1102, 1103, 1104, 1106, 1108, 1111, 1112, 1113, 1117, 1120, 1121, 1125, 1133, 1134, 1135, 1136, 1137, 1138, 1146, 1149, 1150, 1155, 1159, 1163, 1165, 1166, 1167, 1174, 1177, 1178, 1180, 1182, 1184, 1185, 1186, 1189, 1190, 1191, 1192, 1193, 1194, 1195, 1198, 1200, 1202, 1203, 1204, 1205, 1206, 1207, 1208, 1209, 1210, 1211, 1212, 1213, 1214, 1215, 1217, 1218, 1220, 1221, 1222, 1224, 1225, 1227, 1228, 1229, 1231, 1232, 1233, 1235, 1236, 1237, 1238, 1240, 1242, 1244, 1245, 1246, 1248, 1250, 1251, 1252, 1254, 1255, 1260, 1261, 1263, 1264, 1265, 1267, 1268, 1273, 1274, 1275, 1276, 1277, 1279, 1280, 1293, 1297, 1298, 1300, 1307, 1310, 1311, 1320, 1323, 1325, 1330, 1335, 1370, 1375, 1385], "y": [99.6, 99.2, 98.8, 98.4, 98.0, 97.6, 97.2, 96.8, 96.4, 96.0, 95.6, 95.2, 94.8, 94.4, 94.0, 93.6, 93.2, 92.8, 92.4, 92.0, 91.6, 91.2, 90.8, 90.4, 90.0, 89.2, 88.8, 88.4, 87.6, 87.2, 86.8, 86.4, 86.0, 85.6, 84.8, 84.4, 84.0, 83.6, 83.2, 82.8, 82.4, 82.0, 81.6, 81.2, 80.0, 79.6, 78.8, 78.0, 77.6, 76.8, 76.4, 76.0, 75.6, 75.2, 74.7, 74.3, 73.9, 73.5, 72.7, 72.3, 71.5, 70.7, 70.3, 69.9, 69.5, 68.7, 68.3, 67.9, 67.5, 67.1, 66.7, 66.3, 65.9, 65.5, 65.1, 64.7, 64.3, 63.9, 63.5, 63.1, 62.3, 61.9, 61.5, 61.1, 60.7, 60.3, 59.9, 59.5, 59.1, 58.7, 58.3, 57.9, 57.5, 56.3, 55.9, 55.5, 54.3, 53.5, 52.7, 51.1, 50.7, 49.4, 47.8, 47.0, 45.4, 44.2, 42.6, 41.0, 39.4, 38.2, 35.0, 34.599999999999994, 33.8, 33.400000000000006, 32.2, 31.799999999999997, 31.0, 29.799999999999997, 29.400000000000006, 29.0, 28.200000000000003, 27.799999999999997, 27.0, 25.799999999999997, 24.900000000000006, 24.5, 24.099999999999994, 23.700000000000003, 23.299999999999997, 22.5, 22.099999999999994, 21.700000000000003, 21.299999999999997, 20.5, 19.700000000000003, 19.299999999999997, 18.5, 17.700000000000003, 17.299999999999997, 16.900000000000006, 16.5, 15.700000000000003, 15.299999999999997, 14.099999999999994, 13.299999999999997, 12.099999999999994, 10.900000000000006, 10.5, 9.700000000000003, 9.299999999999997, 8.900000000000006, 7.700000000000003, 6.099999999999994, 5.700000000000003, 5.299999999999997, 4.5, 4.099999999999994, 3.700000000000003, 3.299999999999997, 2.9000000000000057, 2.5, 2.0999999999999943, 1.7000000000000028, 1.2999999999999972, 0.9000000000000057, 0.5, 0.0, -0.4000000000000057]}, "histogram": {"x": [760.0, 780.0, 800.0, 820.0, 840.0, 860.0, 880.0, 900.0, 920.0, 940.0, 960.0, 980.0, 1000.0, 1020.0, 1040.0, 1060.0, 1080.0, 1100.0, 1120.0, 1140.0, 1160.0, 1180.0, 1200.0, 1220.0, 1240.0, 1260.0, 1280.0, 1300.0, 1320.0, 1340.0, 1360.0, 1380.0, 1400.0], "y": [1, 0, 0, 0, 2, 4, 0, 1, 3, 3, 5, 3, 6, 6, 4, 12, 10, 13, 10, 5, 8, 15, 54, 25, 16, 24, 8, 4, 5, 0, 2, 1, 0]}}