{"histogram": {"y": [1, 0, 0, 0, 0, 0, 0, 0, 1, 0, 0, 0, 1, 0, 1, 1, 0, 4, 0, 0, 3, 0, 1, 1], "x": [880.0, 900.0, 920.0, 940.0, 960.0, 980.0, 1000.0, 1020.0, 1040.0, 1060.0, 1080.0, 1100.0, 1120.0, 1140.0, 1160.0, 1180.0, 1200.0, 1220.0, 1240.0, 1260.0, 1280.0, 1300.0, 1320.0]}, "percentile": {"y": [92.4, 84.7, 77.0, 69.3, 61.6, 53.9, 46.2, 38.5, 30.799999999999997, 23.099999999999994, 15.400000000000006, 7.700000000000003, 0.0, -7.599999999999994], "x": [870, 1022, 1115, 1143, 1176, 1206, 1212, 1214, 1215, 1265, 1267, 1273, 1313, 1322]}}