{"percentile": {"y": [99.7, 99.3, 98.9, 98.5, 98.1, 97.7, 97.3, 96.9, 96.2, 95.8, 95.4, 95.0, 94.6, 94.2, 93.8, 93.5, 93.1, 92.7, 92.3, 91.9, 91.5, 91.1, 90.7, 90.4, 90.0, 89.6, 89.2, 88.8, 88.0, 87.6, 86.5, 86.1, 85.7, 84.9, 84.5, 84.2, 83.8, 83.0, 82.6, 82.2, 81.8, 81.4, 81.1, 80.7, 80.3, 79.5, 79.1, 78.7, 78.3, 78.0, 77.2, 76.8, 76.4, 76.0, 75.6, 75.2, 74.9, 74.5, 74.1, 73.7, 73.3, 72.9, 72.5, 72.1, 71.8, 71.4, 71.0, 70.6, 70.2, 69.8, 69.4, 69.0, 68.7, 67.9, 67.5, 66.7, 66.3, 65.2, 64.8, 64.4, 64.0, 63.6, 62.8, 62.5, 62.1, 61.7, 61.3, 60.9, 60.5, 59.7, 59.4, 59.0, 58.6, 57.8, 57.0, 56.6, 56.3, 55.9, 55.1, 54.7, 54.3, 53.9, 53.5, 53.2, 52.8, 52.4, 52.0, 51.2, 50.8, 50.4, 49.7, 49.3, 48.9, 48.5, 47.7, 46.9, 46.2, 44.6, 43.5, 42.3, 41.5, 40.4, 38.4, 38.0, 36.5, 34.900000000000006, 34.5, 32.2, 29.900000000000006, 29.099999999999994, 27.200000000000003, 26.0, 25.599999999999994, 25.200000000000003, 24.099999999999994, 22.900000000000006, 22.5, 21.799999999999997, 21.400000000000006, 21.0, 20.200000000000003, 19.799999999999997, 19.400000000000006, 18.299999999999997, 17.900000000000006, 17.099999999999994, 16.700000000000003, 16.299999999999997, 15.599999999999994, 15.200000000000003, 14.799999999999997, 13.599999999999994, 12.5, 12.099999999999994, 10.900000000000006, 10.099999999999994, 9.700000000000003, 9.400000000000006, 9.0, 8.599999999999994, 8.200000000000003, 6.299999999999997, 5.5, 5.099999999999994, 4.700000000000003, 4.299999999999997, 3.5, 3.200000000000003, 2.799999999999997, 2.4000000000000057, 2.0, 1.5999999999999943, 1.2000000000000028, 0.7999999999999972, 0.4000000000000057, 0.0, -0.29999999999999716], "x": [802, 803, 810, 817, 853, 885, 887, 892, 893, 896, 897, 907, 909, 920, 924, 926, 936, 939, 940, 947, 951, 952, 954, 957, 958, 964, 968, 971, 972, 981, 982, 984, 988, 993, 1000, 1005, 1006, 1007, 1010, 1017, 1023, 1027, 1028, 1030, 1034, 1041, 1049, 1051, 1056, 1057, 1058, 1059, 1060, 1061, 1068, 1071, 1073, 1079, 1080, 1083, 1084, 1085, 1087, 1092, 1095, 1097, 1102, 1105, 1110, 1111, 1112, 1114, 1116, 1117, 1118, 1121, 1124, 1126, 1132, 1135, 1136, 1137, 1138, 1139, 1140, 1142, 1147, 1148, 1149, 1150, 1151, 1158, 1159, 1160, 1162, 1165, 1168, 1169, 1170, 1172, 1175, 1178, 1184, 1185, 1186, 1187, 1189, 1190, 1192, 1193, 1194, 1195, 1196, 1197, 1199, 1200, 1201, 1202, 1203, 1204, 1205, 1206, 1207, 1208, 1209, 1210, 1211, 1212, 1213, 1214, 1215, 1217, 1218, 1219, 1220, 1221, 1222, 1225, 1227, 1228, 1229, 1231, 1232, 1234, 1236, 1237, 1238, 1240, 1242, 1243, 1244, 1245, 1247, 1248, 1250, 1253, 1255, 1256, 1259, 1260, 1264, 1265, 1268, 1269, 1271, 1274, 1277, 1279, 1280, 1287, 1295, 1298, 1305, 1318, 1370, 1376, 1406]}, "histogram": {"y": [4, 0, 1, 0, 7, 2, 5, 7, 5, 8, 7, 5, 9, 6, 8, 10, 13, 10, 12, 16, 58, 22, 20, 15, 4, 2, 0, 0, 2, 0, 1, 0], "x": [820.0, 840.0, 860.0, 880.0, 900.0, 920.0, 940.0, 960.0, 980.0, 1000.0, 1020.0, 1040.0, 1060.0, 1080.0, 1100.0, 1120.0, 1140.0, 1160.0, 1180.0, 1200.0, 1220.0, 1240.0, 1260.0, 1280.0, 1300.0, 1320.0, 1340.0, 1360.0, 1380.0, 1400.0, 1420.0]}}