{"histogram": {"y": [1, 0, 0, 0, 1, 0, 1, 2, 0, 0, 1, 2, 2, 0, 0, 3, 7, 1, 3, 4, 1], "x": [900.0, 920.0, 940.0, 960.0, 980.0, 1000.0, 1020.0, 1040.0, 1060.0, 1080.0, 1100.0, 1120.0, 1140.0, 1160.0, 1180.0, 1200.0, 1220.0, 1240.0, 1260.0, 1280.0]}, "percentile": {"y": [96.5, 92.9, 89.3, 85.8, 82.2, 78.6, 75.0, 71.5, 67.9, 64.3, 57.2, 53.6, 50.0, 46.5, 42.9, 35.8, 32.2, 28.599999999999994, 25.0, 21.5, 17.900000000000006, 14.299999999999997, 10.799999999999997, 7.200000000000003, 3.5999999999999943, 0.0, -3.5], "x": [893, 963, 1008, 1020, 1027, 1083, 1100, 1108, 1132, 1139, 1185, 1199, 1202, 1206, 1207, 1208, 1211, 1214, 1228, 1245, 1246, 1250, 1265, 1267, 1271, 1277, 1280]}}