{"histogram": {"x": [675.0, 690.0, 705.0, 720.0, 735.0, 750.0, 765.0, 780.0, 795.0, 810.0, 825.0, 840.0, 855.0, 870.0, 885.0, 900.0, 915.0, 930.0, 945.0, 960.0, 975.0, 990.0, 1005.0, 1020.0, 1035.0, 1050.0, 1065.0, 1080.0, 1095.0, 1110.0, 1125.0, 1140.0, 1155.0, 1170.0, 1185.0, 1200.0, 1215.0, 1230.0, 1245.0, 1260.0, 1275.0, 1290.0, 1305.0, 1320.0, 1335.0, 1350.0, 1365.0, 1380.0, 1395.0, 1410.0], "y": [1, 0, 0, 0, 0, 0, 0, 0, 0, 1, 0, 1, 1, 0, 0, 2, 3, 2, 2, 0, 3, 0, 3, 3, 8, 5, 1, 4, 5, 1, 3, 4, 2, 4, 2, 26, 12, 14, 6, 19, 2, 1, 2, 3, 0, 0, 1, 0, 0, 1]}, "percentile": {"x": [682, 814, 852, 865, 906, 913, 921, 927, 928, 940, 944, 956, 958, 975, 985, 989, 1008, 1016, 1017, 1025, 1032, 1034, 1036, 1037, 1039, 1043, 1045, 1048, 1049, 1050, 1054, 1057, 1062, 1070, 1085, 1089, 1093, 1095, 1100, 1108, 1116, 1133, 1136, 1142, 1144, 1148, 1152, 1164, 1165, 1170, 1171, 1179, 1181, 1188, 1190, 1200, 1201, 1202, 1203, 1206, 1207, 1208, 1209, 1210, 1211, 1212, 1213, 1214, 1215, 1216, 1221, 1222, 1223, 1227, 1228, 1229, 1230, 1233, 1235, 1236, 1237, 1238, 1239, 1241, 1242, 1244, 1248, 1250, 1253, 1255, 1260, 1263, 1264, 1265, 1266, 1267, 1268, 1269, 1270, 1271, 1272, 1273, 1274, 1276, 1285, 1295, 1308, 1310, 1322, 1326, 1327, 1369, 1415], "y": [99.4, 98.7, 98.0, 97.3, 96.6, 96.0, 95.3, 94.6, 93.9, 93.2, 92.6, 91.9, 91.2, 90.5, 89.8, 89.2, 88.5, 87.8, 87.1, 86.4, 85.8, 85.1, 83.7, 83.0, 82.4, 81.7, 81.0, 80.3, 79.6, 79.0, 78.3, 76.9, 76.2, 75.6, 74.9, 73.5, 72.8, 70.8, 70.1, 69.4, 68.8, 68.1, 66.7, 66.0, 65.4, 64.7, 64.0, 63.3, 62.6, 62.0, 61.3, 60.6, 59.9, 59.2, 58.6, 57.9, 56.5, 53.8, 53.1, 50.4, 49.0, 47.7, 46.3, 44.9, 43.6, 42.9, 41.5, 40.9, 38.1, 37.5, 36.8, 36.1, 35.400000000000006, 34.7, 34.099999999999994, 32.7, 32.0, 31.299999999999997, 30.700000000000003, 29.299999999999997, 28.599999999999994, 26.599999999999994, 25.200000000000003, 24.5, 23.900000000000006, 23.200000000000003, 21.799999999999997, 21.099999999999994, 20.5, 19.099999999999994, 18.400000000000006, 16.400000000000006, 15.700000000000003, 14.299999999999997, 13.700000000000003, 12.299999999999997, 11.599999999999994, 10.900000000000006, 9.599999999999994, 8.900000000000006, 8.200000000000003, 7.5, 6.200000000000003, 5.5, 4.799999999999997, 4.099999999999994, 3.5, 2.799999999999997, 2.0999999999999943, 1.4000000000000057, 0.7000000000000028, 0.0, -0.5999999999999943]}}