{"histogram": {"y": [1, 0, 0, 2, 0, 0, 1, 2, 1, 1, 0, 0, 4, 2, 1, 1, 1, 4, 5, 0, 3, 2, 1, 3, 3, 4, 2, 5, 7, 6, 22, 11, 8, 13, 9, 4, 1, 1], "x": [750.0, 765.0, 780.0, 795.0, 810.0, 825.0, 840.0, 855.0, 870.0, 885.0, 900.0, 915.0, 930.0, 945.0, 960.0, 975.0, 990.0, 1005.0, 1020.0, 1035.0, 1050.0, 1065.0, 1080.0, 1095.0, 1110.0, 1125.0, 1140.0, 1155.0, 1170.0, 1185.0, 1200.0, 1215.0, 1230.0, 1245.0, 1260.0, 1275.0, 1290.0, 1305.0]}, "percentile": {"y": [99.3, 98.5, 97.7, 97.0, 96.2, 95.4, 94.7, 93.9, 93.1, 92.4, 91.6, 90.8, 90.0, 89.3, 88.5, 87.7, 87.0, 86.2, 85.4, 84.7, 83.9, 83.1, 82.4, 81.6, 80.8, 80.0, 79.3, 77.7, 77.0, 76.2, 75.4, 73.9, 73.1, 71.6, 70.8, 70.0, 69.3, 68.5, 67.7, 66.2, 65.4, 63.9, 63.1, 62.4, 61.6, 60.0, 59.3, 57.7, 57.0, 56.2, 55.4, 54.7, 53.9, 53.1, 52.4, 51.6, 50.8, 48.5, 47.7, 46.2, 44.7, 43.9, 42.4, 38.5, 37.7, 35.400000000000006, 33.900000000000006, 33.099999999999994, 30.799999999999997, 30.0, 29.299999999999997, 28.5, 27.700000000000003, 27.0, 26.200000000000003, 24.700000000000003, 23.900000000000006, 23.099999999999994, 21.599999999999994, 20.799999999999997, 20.0, 17.700000000000003, 17.0, 16.200000000000003, 14.700000000000003, 13.099999999999994, 12.400000000000006, 11.599999999999994, 10.799999999999997, 10.0, 7.700000000000003, 7.0, 6.200000000000003, 5.400000000000006, 4.700000000000003, 3.9000000000000057, 3.0999999999999943, 1.5999999999999943, 0.7999999999999972, 0.0, -0.7000000000000028], "x": [762, 800, 802, 854, 856, 864, 875, 892, 937, 940, 941, 943, 946, 954, 968, 977, 1002, 1009, 1012, 1015, 1019, 1021, 1024, 1026, 1032, 1034, 1053, 1056, 1067, 1075, 1089, 1098, 1105, 1111, 1112, 1128, 1130, 1135, 1136, 1143, 1157, 1160, 1163, 1167, 1170, 1177, 1178, 1181, 1182, 1187, 1191, 1195, 1197, 1198, 1199, 1201, 1203, 1204, 1205, 1207, 1208, 1209, 1210, 1211, 1213, 1214, 1215, 1219, 1220, 1221, 1224, 1225, 1227, 1229, 1230, 1231, 1233, 1234, 1238, 1242, 1247, 1248, 1249, 1250, 1251, 1253, 1254, 1256, 1258, 1262, 1265, 1267, 1268, 1269, 1270, 1273, 1276, 1279, 1285, 1294, 1315]}}