{"percentile": {"x": [903, 919, 925, 937, 976, 1003, 1006, 1025, 1026, 1031, 1078, 1082, 1085, 1088, 1103, 1105, 1107, 1109, 1111, 1113, 1116, 1119, 1123, 1131, 1134, 1177, 1178, 1183, 1194, 1195, 1198, 1199, 1200, 1201, 1203, 1206, 1207, 1211, 1212, 1213, 1214, 1215, 1217, 1219, 1226, 1239, 1240, 1242, 1249, 1253, 1255, 1265, 1268, 1271, 1272, 1275, 1278, 1279, 1289, 1295, 1302, 1311, 1316, 1386, 1424], "y": [98.8, 97.5, 96.2, 94.9, 93.6, 92.3, 91.0, 89.7, 88.4, 87.1, 85.8, 84.5, 83.2, 81.9, 80.6, 79.3, 78.0, 76.7, 75.4, 74.1, 72.8, 71.5, 70.2, 68.9, 66.3, 65.0, 63.7, 62.4, 61.1, 59.8, 58.5, 57.2, 54.6, 53.3, 52.0, 50.7, 49.4, 44.2, 41.6, 39.0, 37.7, 35.099999999999994, 33.8, 32.5, 31.200000000000003, 28.599999999999994, 27.299999999999997, 24.700000000000003, 23.400000000000006, 22.099999999999994, 20.799999999999997, 16.900000000000006, 15.599999999999994, 14.299999999999997, 13.0, 11.700000000000003, 10.400000000000006, 7.799999999999997, 6.5, 5.200000000000003, 3.9000000000000057, 2.5999999999999943, 1.2999999999999972, 0.0, -1.2000000000000028]}, "histogram": {"x": [900.0, 915.0, 930.0, 945.0, 960.0, 975.0, 990.0, 1005.0, 1020.0, 1035.0, 1050.0, 1065.0, 1080.0, 1095.0, 1110.0, 1125.0, 1140.0, 1155.0, 1170.0, 1185.0, 1200.0, 1215.0, 1230.0, 1245.0, 1260.0, 1275.0, 1290.0, 1305.0, 1320.0, 1335.0, 1350.0, 1365.0, 1380.0, 1395.0, 1410.0, 1425.0], "y": [1, 2, 1, 0, 0, 1, 1, 1, 3, 0, 0, 1, 3, 4, 5, 3, 0, 0, 3, 4, 15, 5, 5, 3, 6, 5, 2, 2, 0, 0, 0, 0, 1, 0, 1, 0]}}