{"histogram": {"x": [980.0, 1000.0, 1020.0, 1040.0, 1060.0, 1080.0, 1100.0, 1120.0, 1140.0, 1160.0, 1180.0, 1200.0, 1220.0, 1240.0, 1260.0, 1280.0], "y": [2, 0, 2, 2, 1, 1, 0, 1, 3, 1, 0, 3, 6, 3, 1, 2, 1]}, "percentile": {"x": [973, 975, 1001, 1014, 1032, 1034, 1043, 1069, 1108, 1127, 1130, 1138, 1151, 1186, 1198, 1206, 1210, 1215, 1218, 1221, 1225, 1227, 1257, 1264, 1271, 1287], "y": [96.5, 92.9, 89.3, 85.8, 82.2, 78.6, 75.0, 71.5, 67.9, 64.3, 60.8, 57.2, 53.6, 50.0, 42.9, 39.3, 32.2, 28.599999999999994, 21.5, 17.900000000000006, 14.299999999999997, 10.799999999999997, 7.200000000000003, 3.5999999999999943, 0.0, -3.5]}}