{"percentile": {"x": [923, 954, 984, 1047, 1060, 1089, 1100, 1102, 1105, 1110, 1115, 1122, 1123, 1125, 1129, 1141, 1148, 1154, 1158, 1160, 1175, 1177, 1184, 1185, 1188, 1189, 1191, 1194, 1195, 1204, 1205, 1206, 1207, 1208, 1210, 1211, 1212, 1213, 1214, 1215, 1216, 1219, 1223, 1225, 1226, 1227, 1228, 1229, 1231, 1232, 1233, 1235, 1236, 1237, 1239, 1240, 1241, 1242, 1243, 1244, 1245, 1246, 1247, 1249, 1251, 1252, 1253, 1254, 1255, 1256, 1257, 1258, 1259, 1260, 1261, 1263, 1264, 1265, 1266, 1267, 1268, 1269, 1270, 1271, 1272, 1273, 1274, 1275, 1276, 1277, 1278, 1279, 1280, 1281, 1285, 1286, 1287, 1290, 1291, 1292, 1293, 1294, 1295, 1296, 1299, 1300, 1307, 1308, 1310, 1312, 1316, 1318, 1320, 1396, 1424], "y": [99.6, 99.1, 98.6, 98.2, 97.7, 97.2, 96.7, 96.3, 95.8, 95.3, 94.8, 94.4, 93.9, 93.4, 92.9, 92.5, 92.0, 91.5, 91.0, 90.6, 90.1, 89.6, 89.1, 88.7, 88.2, 87.7, 87.3, 86.8, 86.3, 85.8, 85.4, 83.5, 82.5, 82.0, 81.1, 79.7, 78.7, 76.8, 75.9, 74.9, 74.5, 73.5, 73.0, 72.6, 72.1, 71.1, 70.2, 68.8, 68.3, 67.8, 66.4, 65.5, 64.5, 64.0, 61.2, 58.3, 57.9, 57.4, 56.9, 56.4, 55.5, 54.6, 53.6, 52.2, 51.7, 51.2, 49.8, 47.9, 46.5, 45.1, 42.7, 40.8, 39.4, 38.9, 38.0, 35.599999999999994, 34.2, 33.2, 32.8, 32.3, 30.900000000000006, 29.900000000000006, 29.400000000000006, 27.5, 24.700000000000003, 22.799999999999997, 21.900000000000006, 21.400000000000006, 20.400000000000006, 19.0, 17.099999999999994, 15.700000000000003, 12.799999999999997, 12.400000000000006, 11.900000000000006, 11.0, 10.5, 9.5, 9.099999999999994, 8.599999999999994, 8.099999999999994, 7.200000000000003, 6.200000000000003, 5.700000000000003, 5.299999999999997, 4.799999999999997, 4.299999999999997, 3.799999999999997, 3.4000000000000057, 2.4000000000000057, 1.5, 1.0, 0.5, 0.0, -0.4000000000000057]}, "histogram": {"x": [915.0, 930.0, 945.0, 960.0, 975.0, 990.0, 1005.0, 1020.0, 1035.0, 1050.0, 1065.0, 1080.0, 1095.0, 1110.0, 1125.0, 1140.0, 1155.0, 1170.0, 1185.0, 1200.0, 1215.0, 1230.0, 1245.0, 1260.0, 1275.0, 1290.0, 1305.0, 1320.0, 1335.0, 1350.0, 1365.0, 1380.0, 1395.0, 1410.0, 1425.0], "y": [1, 0, 1, 0, 1, 0, 0, 0, 1, 1, 0, 1, 3, 4, 2, 3, 2, 3, 6, 22, 15, 26, 36, 37, 24, 12, 8, 1, 0, 0, 0, 0, 1, 1, 0]}}