{"percentile": {"y": [98.6, 97.2, 95.7, 94.3, 92.8, 91.4, 89.9, 88.5, 87.0, 85.6, 84.1, 82.7, 81.2, 79.8, 78.3, 76.9, 75.4, 74.0, 71.1, 69.6, 68.2, 65.3, 63.8, 62.4, 60.9, 59.5, 58.0, 56.6, 55.1, 53.7, 52.2, 50.8, 47.9, 46.4, 45.0, 42.1, 40.6, 39.2, 36.3, 34.8, 33.400000000000006, 31.900000000000006, 30.5, 29.0, 27.599999999999994, 26.099999999999994, 24.700000000000003, 23.200000000000003, 20.299999999999997, 17.400000000000006, 16.0, 14.5, 13.099999999999994, 10.200000000000003, 8.700000000000003, 7.299999999999997, 5.799999999999997, 4.400000000000006, 2.9000000000000057, 1.5, 0.0, -1.4000000000000057], "x": [659, 755, 808, 863, 869, 891, 898, 905, 957, 967, 969, 972, 982, 1011, 1039, 1055, 1064, 1095, 1097, 1099, 1101, 1102, 1105, 1114, 1118, 1140, 1143, 1146, 1161, 1166, 1167, 1184, 1202, 1203, 1204, 1211, 1212, 1213, 1215, 1220, 1221, 1225, 1226, 1227, 1228, 1237, 1239, 1252, 1253, 1265, 1267, 1268, 1270, 1272, 1280, 1290, 1294, 1301, 1305, 1309, 1314, 1330]}, "histogram": {"y": [1, 0, 0, 0, 0, 1, 0, 0, 1, 0, 0, 2, 2, 1, 0, 1, 3, 1, 1, 1, 1, 1, 4, 6, 0, 3, 3, 1, 10, 8, 3, 7, 3, 4, 1], "x": [640.0, 660.0, 680.0, 700.0, 720.0, 740.0, 760.0, 780.0, 800.0, 820.0, 840.0, 860.0, 880.0, 900.0, 920.0, 940.0, 960.0, 980.0, 1000.0, 1020.0, 1040.0, 1060.0, 1080.0, 1100.0, 1120.0, 1140.0, 1160.0, 1180.0, 1200.0, 1220.0, 1240.0, 1260.0, 1280.0, 1300.0, 1320.0]}}