{"percentile": {"y": [96.9, 93.8, 90.7, 87.5, 84.4, 81.3, 78.2, 75.0, 68.8, 65.7, 62.5, 59.4, 56.3, 50.0, 46.9, 40.7, 37.5, 31.299999999999997, 28.200000000000003, 25.0, 21.900000000000006, 18.799999999999997, 15.700000000000003, 12.5, 9.400000000000006, 6.299999999999997, 3.200000000000003, 0.0, -3.0999999999999943], "x": [884, 922, 981, 1013, 1045, 1047, 1049, 1057, 1090, 1110, 1143, 1150, 1183, 1203, 1205, 1206, 1208, 1210, 1213, 1221, 1239, 1256, 1265, 1270, 1271, 1274, 1280, 1298, 1320]}, "histogram": {"y": [1, 0, 1, 0, 0, 1, 1, 0, 4, 0, 2, 1, 0, 2, 0, 1, 9, 2, 1, 4, 2, 0, 1], "x": [900.0, 920.0, 940.0, 960.0, 980.0, 1000.0, 1020.0, 1040.0, 1060.0, 1080.0, 1100.0, 1120.0, 1140.0, 1160.0, 1180.0, 1200.0, 1220.0, 1240.0, 1260.0, 1280.0, 1300.0, 1320.0]}}