{"percentile": {"x": [789, 856, 874, 908, 913, 917, 1009, 1023, 1039, 1052, 1053, 1054, 1068, 1077, 1089, 1099, 1103, 1105, 1115, 1118, 1133, 1147, 1148, 1149, 1157, 1164, 1173, 1182, 1187, 1190, 1199, 1200, 1202, 1205, 1206, 1207, 1208, 1209, 1211, 1215, 1234, 1240, 1249, 1253, 1261, 1262, 1265, 1266, 1268, 1269, 1270, 1275, 1282, 1294, 1298, 1301], "y": [98.4, 96.7, 95.0, 93.3, 91.6, 89.9, 88.2, 86.5, 84.8, 83.1, 81.4, 79.7, 78.0, 76.3, 74.6, 72.9, 71.2, 69.5, 67.8, 66.2, 64.5, 62.8, 61.1, 59.4, 57.7, 56.0, 54.3, 52.6, 50.9, 49.2, 47.5, 45.8, 44.1, 42.4, 40.7, 37.3, 33.900000000000006, 32.3, 30.599999999999994, 27.200000000000003, 25.5, 22.099999999999994, 20.400000000000006, 18.700000000000003, 17.0, 15.299999999999997, 13.599999999999994, 11.900000000000006, 10.200000000000003, 8.5, 6.799999999999997, 5.099999999999994, 3.4000000000000057, 1.7000000000000028, 0.0, -1.5999999999999943]}, "histogram": {"x": [780.0, 795.0, 810.0, 825.0, 840.0, 855.0, 870.0, 885.0, 900.0, 915.0, 930.0, 945.0, 960.0, 975.0, 990.0, 1005.0, 1020.0, 1035.0, 1050.0, 1065.0, 1080.0, 1095.0, 1110.0, 1125.0, 1140.0, 1155.0, 1170.0, 1185.0, 1200.0, 1215.0, 1230.0, 1245.0, 1260.0, 1275.0, 1290.0, 1305.0], "y": [1, 0, 0, 0, 0, 1, 1, 0, 2, 1, 0, 0, 0, 0, 0, 1, 1, 1, 3, 2, 1, 3, 2, 1, 3, 2, 2, 3, 10, 2, 3, 2, 7, 2, 3, 0]}}