{"histogram": {"x": [795.0, 810.0, 825.0, 840.0, 855.0, 870.0, 885.0, 900.0, 915.0, 930.0, 945.0, 960.0, 975.0, 990.0, 1005.0, 1020.0, 1035.0, 1050.0, 1065.0, 1080.0, 1095.0, 1110.0, 1125.0, 1140.0, 1155.0, 1170.0, 1185.0, 1200.0, 1215.0, 1230.0, 1245.0, 1260.0, 1275.0, 1290.0], "y": [1, 0, 0, 0, 0, 0, 1, 0, 0, 0, 1, 0, 2, 0, 2, 2, 0, 1, 1, 0, 0, 2, 4, 1, 1, 0, 1, 4, 2, 2, 1, 4, 0, 1]}, "percentile": {"x": [807, 895, 956, 982, 988, 1007, 1016, 1021, 1030, 1056, 1074, 1121, 1125, 1126, 1130, 1135, 1153, 1163, 1188, 1203, 1205, 1206, 1211, 1228, 1229, 1234, 1244, 1247, 1262, 1263, 1273, 1301], "y": [97.0, 94.0, 91.0, 87.9, 84.9, 81.9, 78.8, 75.8, 72.8, 69.7, 66.7, 60.7, 57.6, 54.6, 51.6, 48.5, 45.5, 42.5, 39.4, 36.4, 33.400000000000006, 30.400000000000006, 27.299999999999997, 24.299999999999997, 21.299999999999997, 18.200000000000003, 15.200000000000003, 12.200000000000003, 6.099999999999994, 3.0999999999999943, 0.0, -3.0]}}