{"percentile": {"y": [98.9, 97.8, 96.7, 95.6, 94.5, 93.4, 92.3, 91.2, 90.0, 88.9, 87.8, 86.7, 85.6, 84.5, 82.3, 81.2, 80.0, 78.9, 77.8, 75.6, 74.5, 73.4, 71.2, 70.0, 68.9, 67.8, 66.7, 65.6, 64.5, 63.4, 62.3, 61.2, 60.0, 58.9, 57.8, 56.7, 55.6, 54.5, 53.4, 51.2, 50.0, 48.9, 46.7, 45.6, 43.4, 41.2, 36.7, 35.599999999999994, 34.5, 33.400000000000006, 32.3, 30.0, 28.900000000000006, 27.799999999999997, 26.700000000000003, 25.599999999999994, 23.400000000000006, 21.200000000000003, 20.0, 18.900000000000006, 17.799999999999997, 16.700000000000003, 15.599999999999994, 14.5, 13.400000000000006, 12.299999999999997, 11.200000000000003, 10.0, 8.900000000000006, 7.799999999999997, 6.700000000000003, 5.599999999999994, 4.5, 3.4000000000000057, 2.299999999999997, 1.2000000000000028, 0.0, -1.0999999999999943], "x": [689, 872, 883, 900, 915, 921, 942, 955, 970, 999, 1000, 1004, 1012, 1014, 1025, 1046, 1050, 1060, 1067, 1073, 1079, 1080, 1092, 1095, 1097, 1098, 1100, 1122, 1124, 1143, 1146, 1150, 1155, 1176, 1179, 1184, 1192, 1198, 1201, 1203, 1206, 1207, 1209, 1211, 1213, 1214, 1215, 1216, 1217, 1221, 1223, 1225, 1227, 1230, 1232, 1234, 1235, 1240, 1242, 1243, 1245, 1248, 1249, 1250, 1255, 1258, 1260, 1264, 1270, 1272, 1274, 1275, 1279, 1284, 1285, 1290, 1309, 1322]}, "histogram": {"y": [1, 0, 0, 0, 0, 0, 0, 0, 0, 1, 1, 2, 1, 2, 1, 1, 4, 2, 2, 5, 6, 1, 2, 4, 2, 3, 18, 10, 10, 7, 3, 1, 1], "x": [680.0, 700.0, 720.0, 740.0, 760.0, 780.0, 800.0, 820.0, 840.0, 860.0, 880.0, 900.0, 920.0, 940.0, 960.0, 980.0, 1000.0, 1020.0, 1040.0, 1060.0, 1080.0, 1100.0, 1120.0, 1140.0, 1160.0, 1180.0, 1200.0, 1220.0, 1240.0, 1260.0, 1280.0, 1300.0, 1320.0]}}