{"histogram": {"y": [1, 0, 1, 0, 2, 0, 0, 1, 5, 1, 2, 4, 4, 8, 8, 5, 4, 7, 6, 8, 9, 19, 64, 36, 22, 31, 11, 2, 1, 0, 1, 0], "x": [760.0, 780.0, 800.0, 820.0, 840.0, 860.0, 880.0, 900.0, 920.0, 940.0, 960.0, 980.0, 1000.0, 1020.0, 1040.0, 1060.0, 1080.0, 1100.0, 1120.0, 1140.0, 1160.0, 1180.0, 1200.0, 1220.0, 1240.0, 1260.0, 1280.0, 1300.0, 1320.0, 1340.0, 1360.0, 1380.0]}, "percentile": {"y": [99.7, 99.3, 98.9, 98.5, 98.1, 97.8, 97.4, 96.6, 96.2, 95.9, 95.5, 95.1, 94.7, 94.3, 93.9, 93.6, 93.2, 92.8, 92.4, 92.0, 91.7, 91.3, 90.9, 90.5, 89.7, 89.4, 89.0, 88.6, 88.2, 87.8, 87.5, 87.1, 86.7, 86.3, 85.9, 85.5, 85.2, 84.8, 84.4, 84.0, 83.6, 83.3, 82.9, 82.5, 82.1, 81.7, 81.3, 81.0, 80.6, 79.8, 79.4, 79.1, 78.3, 77.9, 77.5, 77.1, 76.8, 76.4, 76.0, 75.6, 75.2, 74.5, 74.1, 73.7, 73.3, 73.0, 72.6, 72.2, 71.8, 71.0, 70.3, 69.5, 69.1, 68.8, 68.4, 68.0, 66.8, 66.5, 65.7, 65.3, 64.9, 64.6, 64.2, 63.8, 63.0, 62.3, 61.9, 61.1, 60.0, 59.2, 58.4, 56.5, 55.0, 53.1, 51.6, 48.1, 47.8, 45.5, 42.0, 41.7, 40.9, 40.1, 39.4, 38.6, 37.8, 37.1, 35.900000000000006, 35.2, 34.8, 34.0, 33.3, 32.900000000000006, 30.599999999999994, 29.400000000000006, 27.900000000000006, 27.5, 26.400000000000006, 26.0, 25.599999999999994, 24.900000000000006, 24.5, 24.099999999999994, 23.299999999999997, 22.599999999999994, 21.0, 20.700000000000003, 20.299999999999997, 19.5, 19.099999999999994, 18.799999999999997, 18.400000000000006, 18.0, 17.599999999999994, 17.200000000000003, 16.099999999999994, 15.700000000000003, 15.299999999999997, 14.599999999999994, 13.799999999999997, 13.400000000000006, 13.0, 11.5, 10.0, 9.599999999999994, 8.799999999999997, 7.700000000000003, 7.299999999999997, 6.900000000000006, 6.5, 5.799999999999997, 5.400000000000006, 5.0, 4.599999999999994, 4.200000000000003, 3.9000000000000057, 3.0999999999999943, 2.299999999999997, 2.0, 1.2000000000000028, 0.4000000000000057, 0.0, -0.29999999999999716], "x": [767, 800, 845, 854, 914, 923, 931, 932, 934, 956, 969, 973, 980, 985, 992, 994, 1002, 1007, 1009, 1015, 1020, 1022, 1025, 1031, 1034, 1037, 1039, 1040, 1042, 1045, 1047, 1052, 1053, 1055, 1056, 1060, 1063, 1069, 1070, 1077, 1081, 1088, 1092, 1095, 1100, 1103, 1106, 1110, 1113, 1115, 1122, 1125, 1133, 1134, 1138, 1142, 1143, 1145, 1147, 1151, 1154, 1155, 1162, 1164, 1166, 1168, 1169, 1175, 1177, 1179, 1180, 1181, 1183, 1185, 1186, 1187, 1188, 1189, 1190, 1191, 1192, 1196, 1198, 1199, 1200, 1201, 1203, 1204, 1205, 1206, 1207, 1208, 1209, 1210, 1211, 1212, 1213, 1214, 1215, 1216, 1217, 1218, 1219, 1222, 1223, 1224, 1225, 1226, 1227, 1228, 1230, 1232, 1233, 1234, 1235, 1236, 1237, 1238, 1239, 1240, 1241, 1242, 1243, 1244, 1245, 1246, 1248, 1249, 1250, 1251, 1252, 1255, 1257, 1259, 1260, 1261, 1262, 1263, 1265, 1266, 1269, 1270, 1271, 1272, 1273, 1274, 1275, 1276, 1277, 1278, 1279, 1280, 1281, 1285, 1289, 1290, 1292, 1296, 1297, 1300, 1320, 1377]}}