{"histogram": {"x": [760.0, 780.0, 800.0, 820.0, 840.0, 860.0, 880.0, 900.0, 920.0, 940.0, 960.0, 980.0, 1000.0, 1020.0, 1040.0, 1060.0, 1080.0, 1100.0, 1120.0, 1140.0, 1160.0, 1180.0, 1200.0, 1220.0, 1240.0, 1260.0, 1280.0, 1300.0, 1320.0, 1340.0], "y": [1, 0, 0, 2, 1, 1, 0, 0, 4, 0, 0, 0, 3, 1, 1, 0, 3, 1, 3, 0, 3, 1, 1, 10, 3, 1, 4, 0, 1, 1, 0]}, "percentile": {"x": [740, 811, 818, 822, 854, 901, 903, 905, 917, 983, 993, 1001, 1025, 1069, 1074, 1075, 1097, 1105, 1116, 1118, 1145, 1153, 1160, 1199, 1202, 1203, 1206, 1207, 1211, 1212, 1214, 1215, 1220, 1233, 1236, 1246, 1264, 1265, 1271, 1276, 1317, 1320], "y": [97.8, 95.6, 93.4, 91.2, 88.9, 86.7, 84.5, 82.3, 80.0, 77.8, 73.4, 71.2, 68.9, 66.7, 64.5, 62.3, 60.0, 57.8, 55.6, 53.4, 51.2, 46.7, 44.5, 42.3, 40.0, 35.599999999999994, 33.400000000000006, 31.200000000000003, 28.900000000000006, 26.700000000000003, 24.5, 20.0, 17.799999999999997, 15.599999999999994, 13.400000000000006, 11.200000000000003, 8.900000000000006, 6.700000000000003, 4.5, 2.299999999999997, 0.0, -2.200000000000003]}}