{"percentile": {"x": [742, 782, 795, 813, 825, 857, 859, 869, 873, 875, 876, 881, 884, 887, 901, 914, 920, 924, 926, 930, 933, 942, 949, 956, 957, 963, 965, 968, 969, 970, 977, 987, 988, 997, 999, 1001, 1002, 1008, 1013, 1014, 1017, 1019, 1021, 1027, 1031, 1048, 1050, 1055, 1058, 1064, 1065, 1066, 1067, 1068, 1070, 1072, 1079, 1085, 1086, 1097, 1104, 1105, 1107, 1108, 1111, 1112, 1114, 1117, 1122, 1126, 1130, 1139, 1140, 1141, 1143, 1147, 1151, 1152, 1156, 1161, 1162, 1163, 1169, 1170, 1174, 1175, 1176, 1178, 1181, 1183, 1186, 1187, 1189, 1190, 1191, 1192, 1193, 1198, 1199, 1201, 1202, 1203, 1205, 1208, 1209, 1210, 1212, 1213, 1214, 1215, 1216, 1219, 1220, 1221, 1222, 1223, 1224, 1225, 1226, 1227, 1228, 1229, 1230, 1231, 1232, 1233, 1234, 1235, 1236, 1237, 1238, 1239, 1240, 1241, 1242, 1243, 1244, 1245, 1246, 1247, 1248, 1249, 1250, 1251, 1252, 1253, 1254, 1255, 1256, 1257, 1258, 1259, 1260, 1261, 1262, 1263, 1265, 1266, 1267, 1268, 1269, 1270, 1271, 1272, 1273, 1274, 1275, 1276, 1277, 1278, 1279, 1280, 1284, 1287, 1288, 1289, 1290, 1291, 1293, 1294, 1296, 1299, 1300, 1303, 1305, 1307, 1308, 1309, 1310, 1311, 1313, 1314, 1317, 1346, 1424], "y": [99.7, 99.4, 99.1, 98.8, 98.5, 98.2, 97.9, 97.6, 97.3, 97.0, 96.7, 96.4, 96.0, 95.7, 95.4, 95.1, 94.8, 94.5, 94.2, 93.9, 93.6, 93.0, 92.7, 92.4, 91.7, 91.4, 91.1, 90.5, 89.9, 89.6, 89.3, 89.0, 88.7, 88.4, 88.0, 87.4, 87.1, 86.8, 86.5, 86.2, 85.6, 85.3, 85.0, 84.7, 84.4, 84.0, 83.7, 83.4, 82.8, 82.2, 81.6, 81.3, 80.7, 80.4, 80.0, 79.7, 79.4, 78.8, 78.5, 78.2, 77.9, 77.6, 77.3, 77.0, 76.7, 76.4, 76.0, 75.7, 75.4, 75.1, 74.5, 74.2, 73.9, 73.6, 73.3, 73.0, 72.7, 72.4, 72.0, 71.7, 71.4, 71.1, 70.8, 70.5, 70.2, 69.9, 69.6, 69.0, 68.7, 68.4, 68.0, 67.7, 67.1, 66.2, 65.6, 65.0, 64.7, 64.4, 63.4, 62.5, 61.3, 60.4, 60.0, 59.1, 58.5, 57.6, 57.3, 56.7, 55.1, 53.3, 52.4, 51.7, 51.1, 50.5, 50.2, 49.9, 48.7, 47.1, 46.5, 45.6, 45.3, 44.0, 43.4, 43.1, 42.5, 41.9, 40.7, 40.0, 39.7, 37.9, 37.3, 37.0, 36.4, 36.0, 35.400000000000006, 34.5, 34.2, 33.3, 32.7, 32.400000000000006, 29.900000000000006, 29.0, 28.0, 27.099999999999994, 26.200000000000003, 25.599999999999994, 25.299999999999997, 24.0, 23.400000000000006, 22.799999999999997, 22.200000000000003, 21.299999999999997, 20.700000000000003, 19.700000000000003, 18.5, 17.900000000000006, 17.0, 16.700000000000003, 16.400000000000006, 16.0, 15.700000000000003, 14.5, 13.900000000000006, 13.599999999999994, 13.0, 12.0, 11.400000000000006, 11.099999999999994, 10.200000000000003, 9.900000000000006, 9.299999999999997, 8.700000000000003, 8.400000000000006, 8.0, 7.700000000000003, 7.400000000000006, 6.5, 5.900000000000006, 5.599999999999994, 5.0, 4.700000000000003, 4.0, 3.700000000000003, 3.4000000000000057, 3.0999999999999943, 2.799999999999997, 2.5, 2.200000000000003, 1.9000000000000057, 1.2999999999999972, 1.0, 0.7000000000000028, 0.4000000000000057, 0.0, -0.29999999999999716]}, "histogram": {"x": [760.0, 780.0, 800.0, 820.0, 840.0, 860.0, 880.0, 900.0, 920.0, 940.0, 960.0, 980.0, 1000.0, 1020.0, 1040.0, 1060.0, 1080.0, 1100.0, 1120.0, 1140.0, 1160.0, 1180.0, 1200.0, 1220.0, 1240.0, 1260.0, 1280.0, 1300.0, 1320.0, 1340.0, 1360.0, 1380.0, 1400.0, 1420.0, 1440.0], "y": [1, 0, 2, 1, 1, 2, 4, 3, 2, 5, 6, 8, 4, 9, 3, 5, 11, 4, 8, 5, 7, 10, 18, 38, 48, 51, 39, 17, 12, 0, 1, 0, 0, 0, 1, 0]}}