{"percentile": {"y": [99.4, 98.8, 98.2, 97.6, 97.0, 96.4, 95.1, 94.5, 93.9, 93.3, 92.7, 92.1, 91.5, 90.8, 90.2, 89.6, 89.0, 88.4, 87.8, 87.2, 85.9, 85.3, 84.7, 84.1, 83.5, 82.9, 82.3, 81.6, 81.0, 80.4, 79.8, 79.2, 78.6, 78.0, 77.4, 76.7, 76.1, 74.9, 74.3, 73.7, 73.1, 72.4, 71.8, 71.2, 70.6, 70.0, 69.4, 68.8, 68.1, 67.5, 66.9, 66.3, 65.7, 64.5, 63.9, 62.0, 58.9, 57.7, 57.1, 55.3, 53.4, 52.2, 49.7, 48.5, 47.3, 46.1, 44.8, 44.2, 43.6, 42.4, 41.8, 41.2, 40.5, 39.9, 37.5, 36.9, 36.2, 35.0, 34.400000000000006, 33.8, 33.2, 32.0, 30.099999999999994, 29.5, 28.900000000000006, 27.0, 26.400000000000006, 25.200000000000003, 23.400000000000006, 22.700000000000003, 20.299999999999997, 19.700000000000003, 19.099999999999994, 18.5, 17.799999999999997, 16.599999999999994, 16.0, 15.400000000000006, 14.799999999999997, 13.5, 12.900000000000006, 11.700000000000003, 11.099999999999994, 10.5, 9.900000000000006, 9.299999999999997, 8.599999999999994, 7.400000000000006, 6.799999999999997, 5.599999999999994, 5.0, 3.700000000000003, 3.0999999999999943, 2.5, 1.9000000000000057, 1.2999999999999972, 0.7000000000000028, 0.0, -0.5999999999999943], "x": [843, 852, 892, 913, 936, 938, 953, 961, 970, 977, 987, 988, 989, 995, 1000, 1002, 1005, 1018, 1028, 1030, 1037, 1044, 1045, 1053, 1056, 1065, 1075, 1088, 1091, 1097, 1101, 1122, 1127, 1128, 1137, 1141, 1154, 1155, 1157, 1158, 1159, 1164, 1171, 1173, 1177, 1183, 1186, 1189, 1193, 1194, 1195, 1200, 1201, 1202, 1203, 1206, 1207, 1208, 1209, 1210, 1211, 1212, 1213, 1214, 1215, 1217, 1218, 1221, 1222, 1224, 1225, 1227, 1228, 1229, 1230, 1231, 1232, 1233, 1234, 1235, 1236, 1239, 1240, 1241, 1242, 1243, 1244, 1245, 1246, 1250, 1255, 1256, 1257, 1258, 1260, 1261, 1262, 1264, 1265, 1266, 1267, 1273, 1275, 1276, 1278, 1282, 1288, 1290, 1291, 1293, 1295, 1301, 1303, 1306, 1308, 1318, 1320, 1392, 1400]}, "histogram": {"y": [2, 0, 1, 1, 2, 2, 3, 4, 4, 4, 4, 2, 3, 1, 4, 7, 4, 6, 36, 21, 22, 14, 8, 6, 1, 0, 0, 1, 1], "x": [860.0, 880.0, 900.0, 920.0, 940.0, 960.0, 980.0, 1000.0, 1020.0, 1040.0, 1060.0, 1080.0, 1100.0, 1120.0, 1140.0, 1160.0, 1180.0, 1200.0, 1220.0, 1240.0, 1260.0, 1280.0, 1300.0, 1320.0, 1340.0, 1360.0, 1380.0, 1400.0]}}