{"histogram": {"y": [1, 0, 0, 1, 0, 1, 0, 0, 2, 0, 1, 1, 1, 0, 1, 3, 5, 3, 4, 2, 0, 3, 6, 18, 11, 16, 10, 3, 3, 1, 0, 1], "x": [740.0, 760.0, 780.0, 800.0, 820.0, 840.0, 860.0, 880.0, 900.0, 920.0, 940.0, 960.0, 980.0, 1000.0, 1020.0, 1040.0, 1060.0, 1080.0, 1100.0, 1120.0, 1140.0, 1160.0, 1180.0, 1200.0, 1220.0, 1240.0, 1260.0, 1280.0, 1300.0, 1320.0, 1340.0, 1360.0]}, "percentile": {"y": [99.0, 98.0, 97.0, 95.9, 94.9, 93.9, 92.8, 91.8, 90.8, 89.7, 88.7, 87.7, 86.6, 85.6, 84.6, 82.5, 81.5, 80.5, 79.4, 78.4, 77.4, 76.3, 75.3, 74.3, 73.2, 72.2, 71.2, 70.2, 69.1, 68.1, 67.1, 66.0, 65.0, 64.0, 62.9, 60.9, 59.8, 57.8, 55.7, 54.7, 53.7, 51.6, 50.6, 49.5, 48.5, 45.4, 43.3, 40.3, 39.2, 38.2, 36.1, 35.099999999999994, 34.099999999999994, 33.0, 29.900000000000006, 27.900000000000006, 26.900000000000006, 24.799999999999997, 23.799999999999997, 21.700000000000003, 20.700000000000003, 18.599999999999994, 17.599999999999994, 16.5, 14.5, 13.5, 12.400000000000006, 11.400000000000006, 10.400000000000006, 8.299999999999997, 7.299999999999997, 6.200000000000003, 5.200000000000003, 4.200000000000003, 3.0999999999999943, 2.0999999999999943, 1.0999999999999943, 0.0, -1.0], "x": [757, 806, 845, 900, 913, 959, 966, 986, 1034, 1050, 1051, 1058, 1060, 1069, 1070, 1078, 1085, 1090, 1099, 1101, 1103, 1107, 1114, 1128, 1134, 1173, 1176, 1179, 1180, 1192, 1194, 1195, 1196, 1199, 1201, 1202, 1204, 1205, 1206, 1207, 1209, 1212, 1214, 1215, 1218, 1219, 1220, 1225, 1226, 1228, 1231, 1232, 1239, 1240, 1245, 1246, 1248, 1249, 1251, 1252, 1256, 1258, 1259, 1262, 1263, 1265, 1269, 1271, 1273, 1277, 1278, 1280, 1281, 1283, 1302, 1307, 1313, 1335, 1360]}}