{"percentile": {"y": [99.7, 99.4, 99.1, 98.8, 98.4, 98.1, 97.5, 97.1, 96.8, 96.5, 96.2, 95.9, 95.5, 95.2, 94.9, 94.6, 94.2, 93.9, 93.6, 93.3, 93.0, 92.6, 92.3, 92.0, 91.7, 91.3, 91.0, 90.7, 90.4, 89.7, 89.4, 89.1, 88.8, 88.4, 88.1, 87.8, 86.8, 86.5, 86.2, 85.9, 85.5, 85.2, 84.9, 84.6, 84.2, 83.9, 83.6, 83.3, 82.6, 82.3, 82.0, 81.7, 81.3, 81.0, 80.7, 80.4, 80.0, 79.4, 79.1, 78.8, 78.4, 78.1, 77.1, 76.8, 76.5, 76.2, 75.9, 75.5, 74.9, 74.6, 74.2, 73.9, 73.6, 73.3, 73.0, 72.6, 72.3, 72.0, 71.7, 71.3, 71.0, 70.7, 70.4, 69.7, 69.4, 69.1, 68.8, 68.1, 67.8, 67.1, 66.8, 66.5, 65.2, 63.9, 63.0, 60.7, 60.4, 59.4, 59.1, 57.8, 55.5, 54.9, 53.3, 52.0, 50.0, 47.1, 46.5, 46.2, 44.6, 43.9, 42.6, 41.7, 40.4, 38.8, 37.8, 37.5, 36.8, 35.900000000000006, 35.5, 34.900000000000006, 33.3, 32.3, 30.700000000000003, 30.0, 29.099999999999994, 28.400000000000006, 26.799999999999997, 26.5, 25.5, 24.900000000000006, 23.900000000000006, 23.599999999999994, 23.299999999999997, 23.0, 22.299999999999997, 21.700000000000003, 21.0, 20.700000000000003, 19.400000000000006, 19.099999999999994, 18.099999999999994, 17.799999999999997, 17.5, 16.5, 15.900000000000006, 15.5, 14.200000000000003, 13.900000000000006, 13.599999999999994, 13.0, 12.599999999999994, 11.0, 10.400000000000006, 9.400000000000006, 9.099999999999994, 8.400000000000006, 8.099999999999994, 7.799999999999997, 7.5, 6.200000000000003, 5.900000000000006, 5.5, 5.200000000000003, 4.599999999999994, 4.200000000000003, 3.9000000000000057, 3.5999999999999943, 3.299999999999997, 3.0, 2.5999999999999943, 2.299999999999997, 2.0, 1.2999999999999972, 1.0, 0.7000000000000028, 0.4000000000000057, 0.0, -0.29999999999999716], "x": [803, 852, 889, 893, 897, 913, 917, 927, 928, 929, 933, 936, 949, 952, 975, 981, 986, 993, 994, 1000, 1010, 1011, 1013, 1014, 1016, 1020, 1027, 1034, 1035, 1051, 1056, 1063, 1065, 1067, 1072, 1075, 1078, 1081, 1082, 1087, 1090, 1093, 1096, 1099, 1106, 1107, 1108, 1111, 1112, 1113, 1114, 1115, 1118, 1121, 1124, 1126, 1127, 1129, 1133, 1135, 1137, 1139, 1140, 1141, 1144, 1145, 1146, 1153, 1155, 1156, 1158, 1159, 1160, 1161, 1162, 1164, 1165, 1166, 1170, 1173, 1178, 1182, 1183, 1187, 1189, 1190, 1194, 1196, 1198, 1199, 1200, 1201, 1202, 1203, 1204, 1205, 1206, 1207, 1208, 1209, 1210, 1211, 1212, 1213, 1214, 1215, 1217, 1219, 1221, 1222, 1223, 1224, 1225, 1226, 1227, 1228, 1229, 1230, 1231, 1232, 1233, 1234, 1235, 1236, 1237, 1238, 1239, 1241, 1244, 1245, 1246, 1247, 1248, 1249, 1251, 1252, 1253, 1255, 1256, 1257, 1259, 1260, 1261, 1262, 1263, 1264, 1265, 1266, 1267, 1268, 1269, 1270, 1271, 1272, 1273, 1274, 1275, 1276, 1278, 1280, 1284, 1287, 1288, 1289, 1290, 1292, 1294, 1295, 1298, 1299, 1301, 1303, 1304, 1307, 1318, 1333, 1400, 1424]}, "histogram": {"y": [1, 0, 1, 0, 3, 3, 5, 2, 1, 4, 6, 4, 3, 8, 7, 10, 10, 13, 9, 12, 65, 60, 27, 33, 15, 6, 1, 0, 0, 0, 1, 1, 0], "x": [820.0, 840.0, 860.0, 880.0, 900.0, 920.0, 940.0, 960.0, 980.0, 1000.0, 1020.0, 1040.0, 1060.0, 1080.0, 1100.0, 1120.0, 1140.0, 1160.0, 1180.0, 1200.0, 1220.0, 1240.0, 1260.0, 1280.0, 1300.0, 1320.0, 1340.0, 1360.0, 1380.0, 1400.0, 1420.0, 1440.0]}}