{"histogram": {"x": [940.0, 960.0, 980.0, 1000.0, 1020.0, 1040.0, 1060.0, 1080.0, 1100.0, 1120.0, 1140.0, 1160.0, 1180.0, 1200.0, 1220.0, 1240.0, 1260.0, 1280.0, 1300.0, 1320.0, 1340.0, 1360.0, 1380.0, 1400.0, 1420.0], "y": [1, 1, 0, 0, 0, 0, 1, 1, 0, 0, 3, 2, 1, 12, 10, 17, 15, 5, 5, 2, 1, 1, 0, 2, 2]}, "percentile": {"x": [945, 979, 1076, 1098, 1146, 1155, 1157, 1170, 1175, 1188, 1203, 1206, 1209, 1211, 1213, 1214, 1216, 1218, 1219, 1224, 1225, 1228, 1229, 1230, 1236, 1237, 1238, 1239, 1241, 1242, 1244, 1245, 1246, 1247, 1250, 1251, 1252, 1255, 1257, 1260, 1264, 1267, 1269, 1270, 1273, 1275, 1276, 1277, 1279, 1281, 1284, 1286, 1287, 1293, 1300, 1302, 1305, 1308, 1319, 1331, 1345, 1378, 1400, 1415, 1423, 1424], "y": [98.8, 97.6, 96.3, 95.1, 93.9, 92.6, 91.4, 90.2, 88.9, 87.7, 86.5, 84.0, 82.8, 80.3, 77.8, 76.6, 75.4, 74.1, 72.9, 71.7, 69.2, 68.0, 66.7, 65.5, 64.2, 63.0, 61.8, 60.5, 58.1, 56.8, 54.4, 53.1, 50.7, 49.4, 47.0, 44.5, 43.3, 40.8, 39.6, 35.900000000000006, 34.599999999999994, 32.099999999999994, 30.900000000000006, 29.700000000000003, 28.400000000000006, 27.200000000000003, 24.700000000000003, 23.5, 21.0, 19.799999999999997, 18.599999999999994, 17.299999999999997, 16.099999999999994, 14.900000000000006, 13.599999999999994, 12.400000000000006, 11.200000000000003, 9.900000000000006, 8.700000000000003, 6.200000000000003, 5.0, 3.799999999999997, 2.5, 1.2999999999999972, 0.0, -1.2000000000000028]}}