{"histogram": {"y": [1, 0, 0, 2, 3, 0, 2, 1, 1, 5, 6, 4, 6, 5, 4, 7, 10, 8, 12, 13, 16, 18, 18, 64, 40, 34, 31, 7, 1, 4, 0, 1, 0, 0, 2, 0], "x": [760.0, 780.0, 800.0, 820.0, 840.0, 860.0, 880.0, 900.0, 920.0, 940.0, 960.0, 980.0, 1000.0, 1020.0, 1040.0, 1060.0, 1080.0, 1100.0, 1120.0, 1140.0, 1160.0, 1180.0, 1200.0, 1220.0, 1240.0, 1260.0, 1280.0, 1300.0, 1320.0, 1340.0, 1360.0, 1380.0, 1400.0, 1420.0, 1440.0]}, "percentile": {"y": [99.7, 99.4, 99.1, 98.8, 98.5, 98.2, 97.9, 97.6, 97.3, 97.0, 96.7, 96.4, 96.0, 95.7, 95.4, 94.8, 94.5, 94.2, 93.6, 93.3, 93.0, 92.7, 92.4, 92.0, 91.7, 91.4, 91.1, 90.8, 90.5, 90.2, 89.9, 89.6, 89.3, 89.0, 88.7, 88.4, 88.0, 87.7, 87.4, 87.1, 86.8, 86.5, 85.6, 85.0, 84.7, 84.4, 84.0, 83.7, 83.4, 83.1, 82.8, 82.5, 82.2, 81.6, 81.3, 81.0, 80.7, 80.4, 80.0, 79.7, 79.4, 79.1, 78.8, 78.5, 78.2, 77.9, 77.6, 77.3, 77.0, 76.4, 76.0, 75.4, 74.8, 74.5, 74.2, 73.9, 73.6, 73.3, 73.0, 72.7, 72.4, 72.0, 71.1, 70.5, 70.2, 69.9, 69.6, 69.3, 69.0, 68.4, 67.4, 67.1, 65.9, 65.6, 65.0, 64.7, 64.0, 63.1, 62.8, 62.2, 61.9, 61.6, 61.3, 61.0, 60.7, 60.4, 60.0, 59.7, 59.1, 58.5, 58.2, 57.9, 57.6, 57.3, 56.4, 55.7, 54.8, 54.2, 53.0, 52.0, 50.8, 49.9, 49.6, 48.7, 47.4, 45.0, 44.4, 42.5, 41.9, 40.4, 37.6, 37.3, 36.7, 36.4, 35.7, 35.099999999999994, 34.8, 33.3, 32.7, 32.0, 31.099999999999994, 29.900000000000006, 29.599999999999994, 29.299999999999997, 28.700000000000003, 27.700000000000003, 27.400000000000006, 26.5, 25.900000000000006, 25.599999999999994, 25.299999999999997, 24.400000000000006, 23.400000000000006, 23.099999999999994, 22.799999999999997, 21.900000000000006, 21.299999999999997, 19.700000000000003, 18.5, 17.599999999999994, 17.299999999999997, 16.700000000000003, 16.400000000000006, 15.700000000000003, 15.099999999999994, 14.5, 13.900000000000006, 13.299999999999997, 13.0, 11.700000000000003, 10.799999999999997, 9.599999999999994, 8.700000000000003, 8.400000000000006, 7.099999999999994, 6.799999999999997, 6.200000000000003, 5.900000000000006, 5.299999999999997, 5.0, 4.700000000000003, 4.400000000000006, 3.700000000000003, 3.0999999999999943, 2.799999999999997, 2.5, 2.200000000000003, 1.9000000000000057, 1.5999999999999943, 1.2999999999999972, 1.0, 0.7000000000000028, 0.4000000000000057, -0.29999999999999716], "x": [742, 802, 815, 821, 828, 835, 860, 866, 896, 903, 920, 928, 932, 934, 938, 942, 944, 945, 946, 961, 966, 969, 971, 981, 984, 986, 992, 993, 994, 1004, 1006, 1012, 1013, 1019, 1024, 1031, 1037, 1039, 1044, 1046, 1049, 1053, 1055, 1061, 1063, 1064, 1068, 1070, 1071, 1074, 1075, 1079, 1084, 1085, 1090, 1091, 1092, 1094, 1097, 1100, 1102, 1104, 1106, 1108, 1110, 1112, 1113, 1116, 1117, 1119, 1127, 1128, 1129, 1130, 1132, 1133, 1135, 1136, 1137, 1138, 1139, 1140, 1146, 1147, 1150, 1152, 1153, 1154, 1155, 1157, 1159, 1161, 1164, 1165, 1166, 1168, 1173, 1174, 1175, 1177, 1178, 1180, 1183, 1184, 1185, 1186, 1187, 1188, 1189, 1192, 1193, 1195, 1197, 1198, 1199, 1200, 1201, 1202, 1203, 1204, 1205, 1206, 1207, 1208, 1209, 1210, 1211, 1212, 1213, 1214, 1215, 1216, 1217, 1220, 1221, 1222, 1223, 1224, 1225, 1226, 1227, 1228, 1230, 1231, 1232, 1233, 1234, 1235, 1236, 1237, 1238, 1239, 1240, 1241, 1242, 1243, 1244, 1245, 1246, 1247, 1248, 1249, 1252, 1254, 1255, 1257, 1259, 1260, 1261, 1263, 1264, 1265, 1266, 1269, 1270, 1271, 1273, 1274, 1275, 1276, 1277, 1278, 1280, 1284, 1286, 1290, 1294, 1300, 1320, 1322, 1324, 1325, 1363, 1424]}}