{"percentile": {"y": [99.7, 99.3, 99.0, 98.6, 98.2, 97.9, 97.5, 97.1, 96.8, 96.4, 96.0, 95.7, 95.3, 95.0, 94.6, 94.2, 93.9, 93.5, 93.1, 92.8, 92.4, 92.0, 91.7, 91.3, 91.0, 90.2, 89.5, 89.1, 88.8, 88.4, 88.0, 87.3, 87.0, 86.6, 85.9, 85.5, 85.1, 84.8, 84.0, 83.7, 83.3, 83.0, 82.6, 82.2, 81.9, 81.5, 81.1, 80.8, 80.4, 80.0, 79.3, 78.6, 78.2, 77.9, 77.5, 77.1, 76.4, 76.0, 75.7, 75.3, 75.0, 74.6, 74.2, 73.9, 73.5, 73.1, 72.4, 71.7, 71.3, 70.2, 69.9, 69.5, 68.8, 68.4, 68.0, 67.7, 67.0, 66.6, 65.9, 65.1, 64.8, 64.4, 63.3, 62.6, 62.2, 61.9, 61.5, 61.1, 60.8, 59.7, 59.0, 58.6, 58.2, 56.0, 54.6, 53.9, 52.0, 51.0, 49.1, 47.7, 46.6, 46.2, 44.8, 42.6, 40.4, 40.0, 39.7, 39.3, 38.6, 37.5, 36.0, 34.599999999999994, 33.5, 32.400000000000006, 32.0, 31.700000000000003, 31.299999999999997, 30.200000000000003, 29.5, 28.0, 27.700000000000003, 27.299999999999997, 26.599999999999994, 25.900000000000006, 25.5, 24.799999999999997, 24.0, 22.599999999999994, 22.200000000000003, 21.900000000000006, 21.5, 21.099999999999994, 20.400000000000006, 19.700000000000003, 18.599999999999994, 17.900000000000006, 17.5, 16.799999999999997, 16.400000000000006, 15.700000000000003, 15.299999999999997, 14.200000000000003, 12.799999999999997, 12.400000000000006, 11.299999999999997, 9.900000000000006, 9.099999999999994, 8.799999999999997, 8.0, 7.299999999999997, 6.599999999999994, 6.200000000000003, 5.900000000000006, 5.5, 5.099999999999994, 4.799999999999997, 4.400000000000006, 3.299999999999997, 3.0, 2.5999999999999943, 2.200000000000003, 1.9000000000000057, 1.0999999999999943, 0.7999999999999972, 0.4000000000000057, 0.0, -0.29999999999999716], "x": [791, 833, 845, 850, 865, 878, 906, 921, 945, 949, 952, 959, 960, 963, 973, 986, 992, 997, 1002, 1004, 1007, 1010, 1016, 1020, 1025, 1029, 1031, 1034, 1035, 1042, 1052, 1054, 1056, 1060, 1062, 1066, 1068, 1071, 1073, 1076, 1083, 1086, 1090, 1091, 1093, 1095, 1096, 1097, 1100, 1102, 1104, 1110, 1112, 1113, 1117, 1121, 1122, 1124, 1126, 1127, 1129, 1133, 1135, 1142, 1145, 1146, 1150, 1151, 1155, 1157, 1159, 1161, 1162, 1163, 1166, 1168, 1171, 1172, 1174, 1175, 1176, 1177, 1180, 1181, 1183, 1190, 1193, 1194, 1195, 1199, 1200, 1202, 1203, 1204, 1205, 1206, 1207, 1208, 1209, 1210, 1211, 1212, 1213, 1214, 1215, 1216, 1217, 1220, 1221, 1223, 1224, 1225, 1226, 1227, 1228, 1231, 1232, 1233, 1235, 1236, 1237, 1238, 1239, 1240, 1241, 1243, 1244, 1245, 1246, 1247, 1248, 1249, 1250, 1251, 1253, 1255, 1257, 1259, 1261, 1262, 1263, 1264, 1265, 1266, 1267, 1268, 1271, 1272, 1273, 1276, 1278, 1279, 1280, 1281, 1286, 1290, 1292, 1300, 1301, 1302, 1305, 1317, 1320, 1326, 1327, 1366, 1390]}, "histogram": {"y": [1, 0, 1, 2, 2, 0, 1, 1, 4, 3, 3, 5, 8, 5, 9, 8, 9, 9, 12, 15, 13, 55, 36, 27, 29, 5, 7, 4, 0, 1, 1], "x": [800.0, 820.0, 840.0, 860.0, 880.0, 900.0, 920.0, 940.0, 960.0, 980.0, 1000.0, 1020.0, 1040.0, 1060.0, 1080.0, 1100.0, 1120.0, 1140.0, 1160.0, 1180.0, 1200.0, 1220.0, 1240.0, 1260.0, 1280.0, 1300.0, 1320.0, 1340.0, 1360.0, 1380.0]}}