{"histogram": {"x": [800.0, 820.0, 840.0, 860.0, 880.0, 900.0, 920.0, 940.0, 960.0, 980.0, 1000.0, 1020.0, 1040.0, 1060.0, 1080.0, 1100.0, 1120.0, 1140.0, 1160.0, 1180.0, 1200.0, 1220.0, 1240.0, 1260.0, 1280.0, 1300.0, 1320.0, 1340.0, 1360.0, 1380.0, 1400.0, 1420.0, 1440.0], "y": [2, 1, 1, 1, 3, 0, 3, 4, 5, 5, 5, 12, 11, 14, 9, 7, 8, 8, 14, 9, 68, 52, 27, 34, 6, 4, 0, 0, 0, 0, 0, 2, 0]}, "percentile": {"x": [804, 814, 834, 852, 879, 881, 883, 886, 927, 929, 940, 948, 958, 959, 966, 973, 974, 977, 985, 989, 995, 997, 1002, 1006, 1007, 1019, 1020, 1023, 1024, 1026, 1027, 1028, 1033, 1037, 1038, 1040, 1042, 1045, 1046, 1047, 1050, 1051, 1054, 1055, 1057, 1060, 1061, 1062, 1063, 1066, 1072, 1075, 1078, 1079, 1081, 1083, 1088, 1094, 1096, 1098, 1104, 1107, 1108, 1109, 1110, 1117, 1118, 1121, 1122, 1124, 1125, 1132, 1134, 1135, 1137, 1145, 1148, 1152, 1153, 1156, 1161, 1162, 1165, 1166, 1168, 1170, 1173, 1175, 1177, 1179, 1181, 1182, 1185, 1187, 1188, 1189, 1193, 1200, 1201, 1202, 1203, 1204, 1205, 1206, 1207, 1208, 1209, 1210, 1211, 1212, 1213, 1214, 1215, 1219, 1220, 1221, 1222, 1223, 1225, 1226, 1227, 1228, 1229, 1230, 1231, 1232, 1233, 1234, 1235, 1237, 1238, 1239, 1240, 1241, 1242, 1244, 1246, 1248, 1252, 1253, 1254, 1255, 1257, 1258, 1260, 1261, 1262, 1264, 1265, 1266, 1267, 1268, 1269, 1270, 1272, 1273, 1274, 1275, 1276, 1277, 1278, 1282, 1283, 1285, 1293, 1294, 1296, 1300, 1302, 1313, 1424], "y": [99.7, 99.4, 99.1, 98.8, 98.5, 98.1, 97.8, 97.5, 97.2, 96.5, 96.2, 95.9, 95.6, 95.3, 95.0, 94.6, 94.0, 93.7, 93.4, 93.0, 92.4, 92.1, 91.5, 91.1, 90.8, 90.5, 89.9, 89.5, 89.2, 88.9, 88.3, 87.9, 87.6, 87.3, 86.7, 86.4, 86.0, 85.7, 85.4, 85.1, 84.8, 84.4, 84.1, 83.5, 83.2, 82.9, 82.2, 81.9, 81.3, 80.9, 80.3, 80.0, 79.3, 78.7, 78.4, 78.1, 77.4, 76.8, 76.5, 75.8, 75.5, 75.2, 74.9, 74.6, 74.3, 73.9, 73.6, 73.3, 73.0, 72.7, 72.3, 72.0, 71.7, 71.4, 71.1, 70.8, 70.4, 69.5, 68.8, 68.5, 67.9, 67.6, 66.9, 66.6, 66.3, 66.0, 65.7, 65.0, 64.4, 64.1, 63.4, 63.1, 62.8, 62.5, 62.2, 61.5, 61.2, 60.9, 60.6, 59.6, 58.6, 58.0, 57.1, 55.8, 55.1, 53.9, 50.7, 49.1, 47.2, 45.9, 43.0, 41.8, 39.9, 39.5, 38.9, 37.9, 36.7, 35.7, 34.400000000000006, 33.8, 32.900000000000006, 31.599999999999994, 30.900000000000006, 30.599999999999994, 30.299999999999997, 29.0, 27.799999999999997, 27.099999999999994, 26.200000000000003, 25.200000000000003, 24.299999999999997, 23.0, 22.0, 21.400000000000006, 20.799999999999997, 20.400000000000006, 19.5, 18.5, 17.900000000000006, 16.900000000000006, 16.0, 15.299999999999997, 14.700000000000003, 14.400000000000006, 13.700000000000003, 13.099999999999994, 12.799999999999997, 11.799999999999997, 9.900000000000006, 9.599999999999994, 9.299999999999997, 9.0, 8.299999999999997, 7.700000000000003, 6.400000000000006, 6.099999999999994, 5.799999999999997, 5.5, 4.799999999999997, 4.5, 3.5999999999999943, 3.200000000000003, 2.9000000000000057, 2.5999999999999943, 2.299999999999997, 2.0, 1.5999999999999943, 1.0, 0.7000000000000028, 0.4000000000000057, -0.29999999999999716]}}