{"percentile": {"y": [99.8, 99.6, 99.4, 99.1, 98.9, 98.7, 98.4, 98.2, 98.0, 97.7, 97.5, 96.8, 96.6, 96.1, 95.9, 95.6, 95.4, 94.9, 94.7, 94.5, 94.2, 94.0, 93.8, 93.5, 93.3, 92.8, 92.6, 92.4, 92.1, 91.7, 91.4, 91.0, 90.7, 90.5, 90.3, 89.8, 89.6, 89.1, 88.9, 88.7, 88.4, 88.2, 88.0, 87.7, 87.5, 87.3, 87.0, 86.6, 86.3, 86.1, 85.6, 85.4, 85.2, 84.9, 84.7, 84.5, 84.2, 83.8, 83.5, 83.1, 82.6, 82.4, 81.9, 81.7, 81.4, 81.2, 80.5, 80.3, 79.8, 79.4, 78.9, 78.7, 78.2, 78.0, 77.7, 77.3, 77.0, 76.3, 76.1, 75.9, 75.6, 75.4, 75.2, 74.7, 74.5, 73.8, 73.5, 73.1, 72.8, 72.6, 72.4, 72.1, 71.4, 71.2, 70.7, 70.3, 69.8, 69.6, 69.4, 68.9, 68.4, 67.7, 67.5, 67.3, 67.0, 66.8, 66.6, 66.1, 65.9, 65.6, 65.4, 65.2, 64.9, 64.7, 64.5, 64.2, 64.0, 63.8, 63.1, 62.1, 61.9, 61.2, 60.7, 60.5, 60.3, 59.8, 59.4, 58.7, 58.4, 58.2, 57.5, 56.8, 56.6, 56.1, 55.4, 54.9, 54.5, 54.0, 52.4, 51.2, 50.0, 49.1, 48.2, 47.0, 46.1, 44.7, 44.0, 41.9, 40.5, 38.7, 37.0, 34.7, 34.2, 34.0, 33.5, 33.099999999999994, 32.099999999999994, 31.700000000000003, 31.400000000000006, 31.0, 30.299999999999997, 29.400000000000006, 28.400000000000006, 27.700000000000003, 27.5, 27.299999999999997, 26.799999999999997, 26.099999999999994, 25.599999999999994, 25.400000000000006, 24.5, 24.200000000000003, 23.799999999999997, 23.299999999999997, 23.099999999999994, 22.799999999999997, 21.900000000000006, 20.700000000000003, 20.0, 19.099999999999994, 18.700000000000003, 18.400000000000006, 17.5, 16.799999999999997, 16.299999999999997, 15.599999999999994, 15.200000000000003, 14.700000000000003, 13.799999999999997, 13.5, 12.400000000000006, 11.700000000000003, 11.200000000000003, 10.5, 9.799999999999997, 9.599999999999994, 9.099999999999994, 8.200000000000003, 7.5, 5.900000000000006, 5.200000000000003, 4.900000000000006, 4.700000000000003, 4.200000000000003, 4.0, 3.299999999999997, 3.0999999999999943, 2.799999999999997, 2.5999999999999943, 2.4000000000000057, 2.0999999999999943, 1.7000000000000028, 1.4000000000000057, 1.2000000000000028, 1.0, 0.5, 0.29999999999999716, 0.0, -0.20000000000000284], "x": [771, 794, 875, 892, 894, 901, 908, 914, 920, 928, 929, 932, 938, 940, 945, 946, 955, 956, 962, 966, 967, 968, 974, 979, 981, 983, 985, 991, 993, 994, 995, 996, 1004, 1006, 1007, 1010, 1014, 1017, 1019, 1021, 1024, 1026, 1028, 1030, 1039, 1040, 1041, 1042, 1043, 1048, 1049, 1050, 1053, 1055, 1059, 1062, 1064, 1065, 1066, 1067, 1070, 1072, 1074, 1076, 1079, 1082, 1085, 1090, 1092, 1094, 1096, 1097, 1100, 1102, 1103, 1104, 1105, 1107, 1109, 1112, 1114, 1116, 1117, 1118, 1120, 1121, 1122, 1123, 1127, 1128, 1130, 1131, 1132, 1133, 1135, 1137, 1139, 1140, 1142, 1143, 1144, 1145, 1146, 1148, 1152, 1153, 1154, 1155, 1158, 1159, 1160, 1162, 1163, 1165, 1166, 1167, 1170, 1172, 1173, 1175, 1176, 1179, 1180, 1181, 1182, 1183, 1184, 1185, 1186, 1187, 1190, 1191, 1195, 1196, 1198, 1199, 1200, 1201, 1202, 1203, 1204, 1205, 1206, 1207, 1208, 1209, 1210, 1211, 1212, 1213, 1214, 1215, 1216, 1217, 1219, 1220, 1221, 1222, 1223, 1224, 1225, 1226, 1227, 1228, 1229, 1230, 1231, 1232, 1233, 1234, 1235, 1236, 1237, 1239, 1240, 1241, 1242, 1243, 1244, 1245, 1246, 1247, 1248, 1249, 1250, 1251, 1253, 1254, 1255, 1258, 1260, 1261, 1262, 1263, 1265, 1268, 1269, 1270, 1271, 1272, 1273, 1274, 1277, 1278, 1279, 1280, 1281, 1283, 1286, 1288, 1295, 1296, 1304, 1305, 1306, 1312, 1325, 1326, 1410]}, "histogram": {"y": [1, 1, 0, 0, 0, 1, 2, 3, 7, 7, 6, 11, 9, 6, 12, 14, 12, 17, 21, 18, 19, 27, 92, 44, 42, 41, 10, 5, 2, 0, 0, 0, 1], "x": [760.0, 780.0, 800.0, 820.0, 840.0, 860.0, 880.0, 900.0, 920.0, 940.0, 960.0, 980.0, 1000.0, 1020.0, 1040.0, 1060.0, 1080.0, 1100.0, 1120.0, 1140.0, 1160.0, 1180.0, 1200.0, 1220.0, 1240.0, 1260.0, 1280.0, 1300.0, 1320.0, 1340.0, 1360.0, 1380.0, 1400.0]}}