{"histogram": {"x": [740.0, 760.0, 780.0, 800.0, 820.0, 840.0, 860.0, 880.0, 900.0, 920.0, 940.0, 960.0, 980.0, 1000.0, 1020.0, 1040.0, 1060.0, 1080.0, 1100.0, 1120.0, 1140.0, 1160.0, 1180.0, 1200.0, 1220.0, 1240.0, 1260.0, 1280.0, 1300.0, 1320.0, 1340.0, 1360.0, 1380.0, 1400.0, 1420.0], "y": [1, 0, 0, 0, 1, 1, 0, 1, 1, 0, 1, 0, 4, 5, 3, 2, 4, 3, 6, 4, 5, 6, 11, 36, 17, 18, 12, 2, 1, 0, 1, 0, 0, 0, 2]}, "percentile": {"x": [758, 827, 850, 885, 911, 959, 983, 986, 987, 989, 1002, 1005, 1008, 1015, 1019, 1030, 1037, 1046, 1048, 1061, 1069, 1073, 1080, 1081, 1094, 1100, 1101, 1104, 1105, 1118, 1133, 1137, 1139, 1146, 1147, 1148, 1150, 1152, 1160, 1173, 1174, 1177, 1178, 1181, 1184, 1185, 1187, 1191, 1193, 1195, 1198, 1201, 1202, 1203, 1206, 1207, 1208, 1209, 1210, 1211, 1212, 1213, 1214, 1215, 1216, 1217, 1220, 1221, 1222, 1223, 1225, 1227, 1228, 1230, 1231, 1233, 1234, 1238, 1239, 1240, 1242, 1244, 1246, 1250, 1251, 1253, 1254, 1255, 1256, 1259, 1260, 1261, 1264, 1265, 1268, 1270, 1273, 1277, 1278, 1280, 1290, 1317, 1345, 1424], "y": [99.4, 98.7, 98.0, 97.3, 96.6, 96.0, 95.3, 94.6, 93.9, 93.2, 92.6, 91.9, 91.2, 90.5, 89.8, 89.2, 87.8, 87.1, 86.4, 85.8, 85.1, 83.7, 83.0, 82.4, 81.7, 81.0, 80.3, 79.6, 79.0, 77.6, 76.2, 75.6, 74.9, 74.2, 73.5, 72.8, 72.2, 71.5, 70.8, 70.1, 68.8, 68.1, 67.4, 66.7, 65.4, 64.0, 63.3, 62.0, 61.3, 60.6, 59.9, 59.2, 57.9, 56.5, 55.8, 53.8, 53.1, 51.1, 49.7, 47.7, 44.9, 42.2, 41.5, 37.5, 36.1, 35.400000000000006, 34.7, 34.099999999999994, 32.7, 31.299999999999997, 30.700000000000003, 30.0, 29.299999999999997, 27.900000000000006, 27.299999999999997, 26.599999999999994, 25.900000000000006, 25.200000000000003, 23.900000000000006, 23.200000000000003, 19.799999999999997, 19.099999999999994, 17.700000000000003, 17.099999999999994, 16.400000000000006, 15.0, 13.700000000000003, 13.0, 12.299999999999997, 11.599999999999994, 10.900000000000006, 9.599999999999994, 8.900000000000006, 8.200000000000003, 6.900000000000006, 6.200000000000003, 4.799999999999997, 4.099999999999994, 3.5, 2.799999999999997, 2.0999999999999943, 1.4000000000000057, 0.7000000000000028, -0.5999999999999943]}}