{"percentile": {"y": [99.5, 98.9, 98.3, 97.8, 97.2, 96.6, 96.0, 95.5, 94.9, 94.3, 93.8, 93.2, 92.6, 92.0, 91.5, 90.9, 90.3, 89.8, 89.2, 88.6, 88.0, 87.5, 86.9, 86.3, 85.8, 85.2, 84.6, 83.5, 82.9, 82.3, 81.8, 81.2, 80.6, 80.0, 79.5, 78.9, 78.3, 77.8, 77.2, 76.6, 76.0, 75.5, 74.9, 74.3, 73.8, 73.2, 72.6, 72.0, 71.5, 70.9, 70.3, 69.8, 69.2, 68.6, 68.0, 66.9, 66.3, 65.8, 65.2, 64.0, 63.5, 62.9, 62.3, 61.8, 60.6, 60.0, 59.5, 58.9, 58.3, 57.8, 56.6, 56.0, 55.5, 54.9, 54.3, 53.2, 52.0, 51.5, 50.9, 50.3, 49.8, 49.2, 48.0, 46.9, 46.3, 45.8, 45.2, 43.5, 41.8, 40.6, 39.5, 34.900000000000006, 34.3, 32.0, 30.900000000000006, 29.200000000000003, 28.599999999999994, 27.5, 25.799999999999997, 25.200000000000003, 24.599999999999994, 23.5, 22.900000000000006, 22.299999999999997, 21.799999999999997, 21.200000000000003, 20.599999999999994, 18.900000000000006, 17.799999999999997, 16.0, 14.900000000000006, 14.299999999999997, 13.799999999999997, 13.200000000000003, 12.599999999999994, 12.0, 11.5, 10.900000000000006, 9.799999999999997, 9.200000000000003, 8.599999999999994, 6.900000000000006, 6.299999999999997, 5.799999999999997, 5.200000000000003, 4.599999999999994, 4.0, 3.5, 2.9000000000000057, 1.7999999999999972, 1.2000000000000028, 0.5999999999999943, 0.0, -0.5], "x": [812, 832, 851, 882, 898, 903, 904, 905, 913, 914, 920, 925, 926, 929, 930, 941, 943, 944, 946, 950, 953, 975, 984, 991, 992, 1000, 1003, 1007, 1010, 1014, 1015, 1017, 1020, 1021, 1023, 1047, 1049, 1050, 1052, 1062, 1067, 1070, 1071, 1072, 1073, 1079, 1081, 1082, 1089, 1091, 1098, 1101, 1102, 1105, 1109, 1113, 1115, 1122, 1126, 1129, 1132, 1134, 1137, 1143, 1146, 1149, 1154, 1155, 1160, 1161, 1168, 1169, 1171, 1172, 1173, 1175, 1177, 1179, 1181, 1185, 1186, 1192, 1194, 1197, 1201, 1202, 1204, 1205, 1206, 1208, 1210, 1211, 1212, 1213, 1214, 1215, 1216, 1217, 1220, 1223, 1224, 1226, 1227, 1229, 1231, 1233, 1234, 1235, 1237, 1238, 1240, 1241, 1242, 1246, 1247, 1252, 1254, 1257, 1258, 1260, 1261, 1265, 1266, 1267, 1268, 1270, 1274, 1275, 1276, 1277, 1278, 1320, 1330, 1424]}, "histogram": {"y": [1, 1, 1, 0, 2, 5, 5, 6, 1, 3, 8, 3, 4, 7, 5, 7, 7, 6, 13, 8, 34, 20, 11, 15, 0, 0, 2, 0, 0, 0, 0, 1], "x": [800.0, 820.0, 840.0, 860.0, 880.0, 900.0, 920.0, 940.0, 960.0, 980.0, 1000.0, 1020.0, 1040.0, 1060.0, 1080.0, 1100.0, 1120.0, 1140.0, 1160.0, 1180.0, 1200.0, 1220.0, 1240.0, 1260.0, 1280.0, 1300.0, 1320.0, 1340.0, 1360.0, 1380.0, 1400.0, 1420.0]}}