{"histogram": {"y": [1, 0, 0, 0, 1, 0, 3, 0, 0, 3, 2, 3, 10, 8, 8, 7, 7, 9, 8, 6, 10, 12, 15, 23, 14, 89, 70, 96, 80, 41, 13, 10, 1, 0, 2, 12, 3], "x": [700.0, 720.0, 740.0, 760.0, 780.0, 800.0, 820.0, 840.0, 860.0, 880.0, 900.0, 920.0, 940.0, 960.0, 980.0, 1000.0, 1020.0, 1040.0, 1060.0, 1080.0, 1100.0, 1120.0, 1140.0, 1160.0, 1180.0, 1200.0, 1220.0, 1240.0, 1260.0, 1280.0, 1300.0, 1320.0, 1340.0, 1360.0, 1380.0, 1400.0, 1420.0]}, "percentile": {"y": [99.9, 99.7, 99.5, 99.3, 99.2, 99.0, 98.8, 98.6, 98.5, 98.3, 97.9, 97.8, 97.6, 97.4, 97.0, 96.9, 96.5, 96.3, 96.0, 95.8, 95.6, 95.5, 95.3, 95.1, 94.9, 94.6, 94.4, 94.2, 94.0, 93.9, 93.7, 93.5, 93.3, 93.2, 93.0, 92.8, 92.6, 92.5, 92.3, 91.9, 91.7, 91.4, 91.2, 91.0, 90.9, 90.7, 90.3, 90.2, 90.0, 89.4, 89.3, 89.1, 88.9, 88.7, 88.6, 88.2, 88.0, 87.9, 87.7, 87.3, 87.2, 87.0, 86.8, 86.6, 86.1, 85.9, 85.7, 85.6, 85.4, 85.2, 85.0, 84.9, 84.5, 84.3, 84.1, 84.0, 83.8, 83.6, 83.4, 83.1, 82.9, 82.7, 82.6, 82.4, 81.9, 81.3, 81.1, 81.0, 80.8, 80.4, 80.1, 79.7, 79.0, 78.8, 78.7, 78.5, 78.0, 77.8, 77.3, 76.7, 76.6, 76.4, 76.0, 75.8, 75.7, 75.5, 75.1, 75.0, 74.8, 74.6, 74.4, 74.3, 74.1, 73.7, 73.5, 73.0, 72.8, 72.3, 71.6, 70.7, 69.7, 69.0, 67.9, 67.0, 66.5, 65.1, 64.0, 63.1, 61.4, 59.8, 59.4, 58.7, 58.4, 57.8, 57.6, 57.1, 56.8, 56.2, 55.9, 55.4, 55.2, 54.6, 53.6, 53.1, 52.2, 51.5, 50.9, 49.5, 48.5, 47.9, 47.8, 47.4, 46.2, 45.5, 44.4, 43.3, 42.6, 41.9, 40.2, 38.9, 38.4, 36.8, 36.1, 35.400000000000006, 33.8, 33.400000000000006, 32.599999999999994, 31.700000000000003, 30.799999999999997, 30.599999999999994, 30.299999999999997, 29.700000000000003, 29.0, 28.5, 27.599999999999994, 27.299999999999997, 26.700000000000003, 25.799999999999997, 25.5, 24.400000000000006, 23.5, 22.799999999999997, 21.400000000000006, 20.5, 20.0, 19.5, 19.0, 18.200000000000003, 17.5, 16.299999999999997, 15.599999999999994, 14.900000000000006, 14.400000000000006, 13.299999999999997, 12.900000000000006, 12.400000000000006, 12.099999999999994, 11.5, 11.200000000000003, 10.799999999999997, 10.299999999999997, 9.799999999999997, 9.400000000000006, 9.099999999999994, 8.700000000000003, 8.400000000000006, 7.799999999999997, 7.599999999999994, 7.5, 7.099999999999994, 6.799999999999997, 6.599999999999994, 6.200000000000003, 6.099999999999994, 5.900000000000006, 5.700000000000003, 5.5, 5.400000000000006, 5.200000000000003, 5.0, 4.799999999999997, 4.599999999999994, 4.299999999999997, 3.9000000000000057, 3.799999999999997, 3.5999999999999943, 3.4000000000000057, 3.0999999999999943, 2.9000000000000057, 2.700000000000003, 2.5, 0.5999999999999943, 0.4000000000000057, 0.20000000000000284, -0.09999999999999432], "x": [708, 794, 824, 834, 839, 884, 886, 898, 910, 913, 920, 937, 941, 942, 945, 949, 955, 956, 957, 961, 962, 964, 965, 966, 970, 976, 984, 985, 988, 989, 990, 993, 998, 999, 1000, 1001, 1004, 1015, 1016, 1019, 1020, 1029, 1030, 1031, 1038, 1039, 1040, 1048, 1052, 1055, 1056, 1058, 1060, 1063, 1064, 1069, 1072, 1073, 1074, 1086, 1087, 1090, 1095, 1099, 1100, 1102, 1104, 1111, 1112, 1113, 1116, 1118, 1122, 1123, 1124, 1126, 1130, 1134, 1135, 1136, 1137, 1139, 1141, 1143, 1144, 1145, 1147, 1148, 1156, 1157, 1158, 1161, 1162, 1163, 1165, 1167, 1169, 1170, 1172, 1173, 1174, 1178, 1179, 1180, 1182, 1183, 1184, 1185, 1187, 1188, 1189, 1195, 1196, 1197, 1199, 1201, 1202, 1203, 1204, 1205, 1206, 1207, 1208, 1209, 1210, 1211, 1212, 1213, 1214, 1215, 1216, 1217, 1218, 1219, 1220, 1221, 1222, 1223, 1224, 1225, 1226, 1227, 1228, 1229, 1230, 1231, 1232, 1233, 1234, 1235, 1236, 1237, 1238, 1239, 1240, 1241, 1242, 1243, 1244, 1245, 1246, 1247, 1248, 1249, 1250, 1251, 1252, 1253, 1254, 1255, 1256, 1257, 1258, 1259, 1260, 1261, 1262, 1263, 1264, 1265, 1266, 1267, 1268, 1269, 1270, 1272, 1273, 1274, 1275, 1276, 1277, 1278, 1279, 1280, 1281, 1283, 1284, 1285, 1286, 1287, 1290, 1291, 1292, 1293, 1294, 1295, 1296, 1297, 1298, 1299, 1300, 1301, 1303, 1305, 1307, 1308, 1309, 1310, 1312, 1315, 1319, 1321, 1323, 1324, 1326, 1327, 1330, 1335, 1353, 1389, 1399, 1415, 1419, 1423, 1424]}}