{"histogram": {"x": [630.0, 645.0, 660.0, 675.0, 690.0, 705.0, 720.0, 735.0, 750.0, 765.0, 780.0, 795.0, 810.0, 825.0, 840.0, 855.0, 870.0, 885.0, 900.0, 915.0, 930.0, 945.0, 960.0, 975.0, 990.0, 1005.0, 1020.0, 1035.0, 1050.0, 1065.0, 1080.0, 1095.0, 1110.0, 1125.0, 1140.0, 1155.0, 1170.0, 1185.0, 1200.0, 1215.0, 1230.0, 1245.0, 1260.0, 1275.0, 1290.0, 1305.0, 1320.0, 1335.0], "y": [1, 0, 0, 0, 0, 0, 0, 0, 0, 2, 0, 1, 3, 0, 0, 2, 1, 0, 2, 4, 2, 7, 1, 2, 4, 4, 4, 2, 5, 2, 2, 2, 6, 5, 4, 5, 8, 6, 25, 9, 13, 11, 8, 3, 1, 0, 1, 0]}, "percentile": {"x": [632, 772, 773, 809, 810, 815, 823, 855, 866, 875, 909, 920, 925, 927, 936, 938, 945, 948, 949, 950, 955, 958, 965, 979, 982, 991, 993, 1003, 1004, 1005, 1010, 1017, 1021, 1022, 1023, 1044, 1045, 1050, 1055, 1060, 1062, 1063, 1065, 1066, 1087, 1094, 1100, 1104, 1115, 1116, 1117, 1119, 1120, 1124, 1129, 1132, 1135, 1137, 1143, 1145, 1151, 1156, 1158, 1162, 1165, 1169, 1174, 1175, 1178, 1179, 1180, 1183, 1184, 1185, 1188, 1190, 1194, 1199, 1200, 1201, 1202, 1203, 1204, 1207, 1208, 1209, 1210, 1211, 1213, 1214, 1215, 1217, 1221, 1228, 1229, 1230, 1231, 1233, 1236, 1237, 1238, 1242, 1243, 1245, 1248, 1250, 1251, 1252, 1253, 1258, 1259, 1262, 1265, 1266, 1267, 1269, 1270, 1275, 1279, 1283, 1299, 1327], "y": [99.4, 98.8, 98.1, 97.5, 96.9, 96.2, 95.6, 95.0, 94.3, 93.7, 92.4, 91.8, 91.1, 89.9, 89.2, 88.6, 87.9, 87.3, 86.7, 86.0, 85.4, 84.1, 83.5, 82.9, 82.2, 81.6, 80.9, 80.3, 79.7, 79.0, 78.4, 77.1, 76.5, 75.2, 74.6, 73.9, 73.3, 72.7, 72.0, 71.4, 70.8, 70.1, 69.5, 68.8, 68.2, 67.6, 66.9, 66.3, 65.7, 65.0, 64.4, 63.7, 63.1, 62.5, 61.8, 61.2, 59.9, 59.3, 58.6, 57.4, 56.7, 56.1, 55.5, 54.8, 54.2, 53.6, 52.9, 52.3, 51.6, 51.0, 49.7, 49.1, 48.5, 47.8, 47.2, 46.5, 45.3, 44.6, 44.0, 43.4, 42.7, 41.5, 40.2, 38.3, 37.0, 35.7, 35.099999999999994, 31.900000000000006, 30.599999999999994, 28.700000000000003, 26.799999999999997, 26.200000000000003, 24.299999999999997, 23.599999999999994, 23.0, 22.299999999999997, 21.099999999999994, 19.799999999999997, 19.200000000000003, 18.5, 17.900000000000006, 16.599999999999994, 14.700000000000003, 13.400000000000006, 12.799999999999997, 12.200000000000003, 11.5, 10.900000000000006, 10.200000000000003, 9.0, 7.700000000000003, 7.099999999999994, 6.400000000000006, 5.799999999999997, 4.5, 3.9000000000000057, 2.5999999999999943, 2.0, 1.2999999999999972, 0.7000000000000028, 0.0, -0.5999999999999943]}}