{"histogram": {"x": [915.0, 930.0, 945.0, 960.0, 975.0, 990.0, 1005.0, 1020.0, 1035.0, 1050.0, 1065.0, 1080.0, 1095.0, 1110.0, 1125.0, 1140.0, 1155.0, 1170.0, 1185.0, 1200.0, 1215.0, 1230.0, 1245.0, 1260.0, 1275.0, 1290.0, 1305.0, 1320.0], "y": [1, 0, 0, 2, 1, 0, 1, 1, 1, 2, 0, 0, 1, 1, 0, 1, 4, 3, 1, 8, 3, 2, 5, 1, 0, 0, 0, 1]}, "percentile": {"x": [929, 960, 972, 988, 1016, 1023, 1041, 1052, 1054, 1107, 1120, 1148, 1160, 1164, 1166, 1168, 1175, 1183, 1184, 1199, 1202, 1205, 1207, 1209, 1210, 1211, 1214, 1219, 1221, 1224, 1233, 1244, 1247, 1256, 1258, 1259, 1268, 1322], "y": [97.5, 94.9, 92.4, 89.8, 87.2, 84.7, 82.1, 79.5, 77.0, 74.4, 71.8, 69.3, 66.7, 64.2, 61.6, 59.0, 56.5, 53.9, 51.3, 48.8, 46.2, 43.6, 38.5, 35.900000000000006, 33.400000000000006, 30.799999999999997, 28.299999999999997, 25.700000000000003, 23.099999999999994, 20.599999999999994, 18.0, 15.400000000000006, 12.900000000000006, 7.700000000000003, 5.200000000000003, 2.5999999999999943, 0.0, -2.5]}}