{"percentile": {"y": [99.9, 99.8, 99.6, 99.5, 99.3, 99.2, 99.1, 98.9, 98.8, 98.6, 98.5, 98.3, 98.2, 97.9, 97.6, 97.3, 97.2, 96.9, 96.8, 96.5, 96.2, 96.1, 95.9, 95.6, 95.5, 95.4, 95.2, 95.1, 94.8, 94.6, 94.5, 94.4, 94.2, 93.9, 93.8, 93.6, 93.5, 93.4, 93.1, 92.8, 92.7, 92.5, 92.2, 92.1, 91.9, 91.8, 91.7, 91.5, 91.4, 91.2, 91.1, 90.9, 90.8, 90.7, 90.4, 90.1, 90.0, 89.8, 89.7, 89.5, 89.4, 89.1, 89.0, 88.7, 88.4, 88.2, 88.1, 88.0, 87.8, 87.7, 87.2, 87.1, 86.8, 86.4, 86.3, 86.1, 85.8, 85.7, 85.5, 85.3, 85.1, 84.8, 84.4, 84.0, 83.7, 83.5, 83.3, 82.6, 82.4, 82.3, 82.0, 81.7, 81.4, 81.3, 81.0, 80.8, 80.6, 80.4, 80.3, 80.0, 79.9, 79.7, 79.3, 79.1, 79.0, 78.9, 78.7, 77.6, 77.1, 76.3, 75.4, 74.9, 73.7, 73.2, 71.9, 70.2, 69.0, 67.9, 66.2, 64.1, 62.9, 62.6, 62.1, 61.4, 60.6, 59.9, 59.4, 58.2, 57.5, 56.2, 55.5, 54.5, 54.1, 53.3, 52.0, 50.8, 49.6, 48.7, 48.1, 46.3, 45.7, 45.3, 44.1, 43.0, 42.2, 40.7, 39.9, 39.2, 38.7, 37.6, 37.0, 36.0, 35.0, 34.5, 33.2, 32.3, 30.599999999999994, 30.099999999999994, 29.099999999999994, 27.799999999999997, 27.599999999999994, 27.099999999999994, 26.799999999999997, 25.5, 24.200000000000003, 22.400000000000006, 21.400000000000006, 21.0, 20.5, 18.700000000000003, 18.099999999999994, 18.0, 17.0, 16.299999999999997, 15.099999999999994, 14.099999999999994, 13.400000000000006, 12.700000000000003, 10.900000000000006, 10.0, 9.400000000000006, 9.200000000000003, 8.200000000000003, 7.599999999999994, 6.5, 6.200000000000003, 6.0, 5.700000000000003, 5.5, 5.0, 4.900000000000006, 4.700000000000003, 4.599999999999994, 4.299999999999997, 4.200000000000003, 3.5999999999999943, 3.0, 2.799999999999997, 2.5, 2.200000000000003, 1.9000000000000057, 1.5999999999999943, 1.5, 1.2999999999999972, 1.2000000000000028, 1.0, 0.7999999999999972, 0.5999999999999943, 0.5, 0.29999999999999716, 0.20000000000000284, 0.0, -0.09999999999999432], "x": [878, 882, 888, 907, 938, 953, 978, 983, 984, 985, 1000, 1002, 1006, 1008, 1011, 1013, 1014, 1015, 1016, 1018, 1024, 1026, 1027, 1030, 1031, 1033, 1046, 1049, 1055, 1058, 1059, 1062, 1064, 1068, 1069, 1070, 1071, 1072, 1076, 1078, 1080, 1082, 1088, 1091, 1092, 1093, 1097, 1102, 1104, 1106, 1107, 1108, 1110, 1111, 1113, 1114, 1115, 1116, 1117, 1121, 1122, 1127, 1128, 1130, 1131, 1132, 1133, 1134, 1135, 1136, 1137, 1138, 1139, 1140, 1142, 1145, 1147, 1148, 1150, 1152, 1154, 1157, 1158, 1159, 1160, 1161, 1162, 1163, 1168, 1169, 1172, 1178, 1179, 1180, 1182, 1183, 1185, 1186, 1188, 1189, 1190, 1194, 1195, 1196, 1197, 1198, 1199, 1202, 1203, 1204, 1205, 1206, 1207, 1208, 1209, 1210, 1211, 1212, 1213, 1214, 1215, 1217, 1218, 1219, 1220, 1221, 1222, 1223, 1224, 1225, 1226, 1227, 1228, 1229, 1230, 1231, 1232, 1233, 1234, 1235, 1236, 1237, 1238, 1239, 1240, 1241, 1242, 1243, 1244, 1245, 1246, 1247, 1248, 1249, 1250, 1251, 1252, 1253, 1254, 1255, 1256, 1257, 1258, 1259, 1260, 1261, 1262, 1263, 1264, 1265, 1266, 1267, 1268, 1269, 1270, 1271, 1272, 1273, 1274, 1275, 1276, 1277, 1278, 1279, 1280, 1281, 1282, 1284, 1285, 1286, 1288, 1289, 1290, 1292, 1293, 1294, 1295, 1296, 1297, 1299, 1305, 1308, 1310, 1315, 1319, 1325, 1329, 1332, 1338, 1345, 1414, 1415, 1424]}, "histogram": {"y": [1, 2, 1, 1, 1, 1, 3, 15, 8, 6, 12, 8, 14, 20, 20, 18, 19, 122, 129, 123, 126, 38, 7, 5, 1, 0, 0, 2, 1], "x": [880.0, 900.0, 920.0, 940.0, 960.0, 980.0, 1000.0, 1020.0, 1040.0, 1060.0, 1080.0, 1100.0, 1120.0, 1140.0, 1160.0, 1180.0, 1200.0, 1220.0, 1240.0, 1260.0, 1280.0, 1300.0, 1320.0, 1340.0, 1360.0, 1380.0, 1400.0, 1420.0]}}