{"percentile": {"y": [98.6, 97.1, 95.6, 94.1, 92.6, 91.1, 89.6, 88.1, 85.1, 83.6, 82.1, 80.6, 79.2, 77.7, 76.2, 73.2, 71.7, 70.2, 65.7, 64.2, 62.7, 61.2, 59.8, 58.3, 53.8, 50.8, 49.3, 47.8, 44.8, 43.3, 40.3, 37.4, 32.900000000000006, 29.900000000000006, 26.900000000000006, 25.400000000000006, 23.900000000000006, 22.400000000000006, 20.900000000000006, 19.5, 18.0, 15.0, 13.5, 10.5, 9.0, 7.5, 6.0, 4.5, 3.0, 1.5, 0.0, -1.4000000000000057], "x": [777, 792, 865, 929, 977, 997, 1017, 1040, 1048, 1068, 1082, 1091, 1101, 1108, 1121, 1136, 1158, 1160, 1168, 1171, 1172, 1184, 1197, 1200, 1203, 1204, 1207, 1209, 1210, 1212, 1213, 1214, 1216, 1220, 1222, 1227, 1228, 1229, 1235, 1237, 1239, 1242, 1245, 1247, 1262, 1267, 1275, 1277, 1294, 1315, 1399, 1415]}, "histogram": {"y": [1, 1, 0, 0, 0, 1, 0, 0, 1, 0, 1, 1, 1, 0, 3, 1, 2, 2, 3, 1, 6, 2, 18, 10, 5, 4, 1, 1, 0, 0, 0, 1, 1], "x": [780.0, 800.0, 820.0, 840.0, 860.0, 880.0, 900.0, 920.0, 940.0, 960.0, 980.0, 1000.0, 1020.0, 1040.0, 1060.0, 1080.0, 1100.0, 1120.0, 1140.0, 1160.0, 1180.0, 1200.0, 1220.0, 1240.0, 1260.0, 1280.0, 1300.0, 1320.0, 1340.0, 1360.0, 1380.0, 1400.0]}}