{"percentile": {"x": [813, 906, 930, 931, 941, 964, 970, 986, 1016, 1030, 1038, 1040, 1050, 1056, 1057, 1067, 1071, 1078, 1079, 1093, 1095, 1096, 1097, 1102, 1104, 1105, 1108, 1109, 1110, 1122, 1126, 1127, 1139, 1141, 1142, 1144, 1154, 1156, 1157, 1159, 1160, 1163, 1166, 1177, 1179, 1182, 1188, 1189, 1190, 1194, 1199, 1201, 1203, 1204, 1205, 1206, 1207, 1208, 1209, 1210, 1211, 1212, 1213, 1214, 1215, 1218, 1219, 1220, 1221, 1223, 1224, 1225, 1226, 1227, 1228, 1229, 1230, 1231, 1232, 1233, 1234, 1235, 1236, 1237, 1238, 1239, 1241, 1242, 1243, 1244, 1245, 1246, 1247, 1248, 1249, 1250, 1251, 1252, 1253, 1254, 1255, 1256, 1257, 1258, 1260, 1261, 1262, 1263, 1265, 1266, 1267, 1268, 1269, 1270, 1271, 1274, 1275, 1276, 1277, 1278, 1279, 1280, 1281, 1282, 1283, 1285, 1286, 1288, 1290, 1291, 1293, 1295, 1296, 1297, 1298, 1299, 1300, 1301, 1304, 1305, 1308, 1310, 1311, 1315, 1320, 1323, 1324, 1326, 1327, 1334, 1339, 1347, 1355, 1358, 1365, 1406, 1415], "y": [99.7, 99.4, 99.1, 98.5, 98.1, 97.8, 97.5, 97.2, 96.9, 96.6, 96.2, 95.9, 95.6, 95.3, 95.0, 94.7, 94.3, 94.0, 93.7, 93.1, 92.7, 92.1, 91.5, 91.2, 90.8, 90.5, 89.9, 89.6, 89.3, 88.9, 88.6, 88.3, 88.0, 87.7, 87.0, 86.7, 86.4, 86.1, 85.8, 85.4, 85.1, 84.8, 84.5, 84.2, 83.5, 83.2, 82.9, 82.6, 82.3, 82.0, 81.3, 80.7, 80.0, 79.4, 78.8, 78.1, 77.5, 76.6, 76.2, 75.3, 74.0, 73.7, 73.1, 72.1, 70.2, 69.6, 68.9, 68.3, 68.0, 66.7, 66.1, 65.4, 64.8, 64.2, 63.9, 62.3, 61.3, 60.4, 59.1, 58.5, 57.2, 55.6, 55.3, 54.3, 53.1, 52.7, 52.1, 51.8, 51.5, 50.8, 49.9, 49.3, 48.0, 46.4, 46.1, 45.1, 44.5, 43.5, 42.6, 42.0, 39.7, 38.5, 38.1, 36.6, 35.900000000000006, 35.3, 34.3, 33.099999999999994, 31.799999999999997, 31.200000000000003, 29.900000000000006, 28.900000000000006, 27.400000000000006, 26.099999999999994, 24.5, 23.900000000000006, 22.900000000000006, 20.700000000000003, 19.700000000000003, 19.099999999999994, 17.799999999999997, 15.299999999999997, 15.0, 14.0, 13.700000000000003, 13.400000000000006, 12.700000000000003, 12.099999999999994, 11.799999999999997, 11.200000000000003, 10.799999999999997, 10.5, 10.200000000000003, 9.900000000000006, 9.299999999999997, 8.900000000000006, 8.299999999999997, 8.0, 7.700000000000003, 7.0, 6.099999999999994, 5.400000000000006, 5.099999999999994, 4.799999999999997, 4.5, 4.200000000000003, 3.9000000000000057, 3.5, 3.200000000000003, 2.9000000000000057, 2.5999999999999943, 2.299999999999997, 2.0, 1.5999999999999943, 1.2999999999999972, 1.0, -0.29999999999999716]}, "histogram": {"x": [820.0, 840.0, 860.0, 880.0, 900.0, 920.0, 940.0, 960.0, 980.0, 1000.0, 1020.0, 1040.0, 1060.0, 1080.0, 1100.0, 1120.0, 1140.0, 1160.0, 1180.0, 1200.0, 1220.0, 1240.0, 1260.0, 1280.0, 1300.0, 1320.0, 1340.0, 1360.0, 1380.0, 1400.0, 1420.0], "y": [1, 0, 0, 0, 0, 1, 3, 1, 2, 1, 1, 2, 4, 4, 7, 7, 4, 8, 6, 7, 39, 51, 51, 59, 28, 13, 7, 3, 1, 0, 5, 0]}}