{"histogram": {"x": [780.0, 795.0, 810.0, 825.0, 840.0, 855.0, 870.0, 885.0, 900.0, 915.0, 930.0, 945.0, 960.0, 975.0, 990.0, 1005.0, 1020.0, 1035.0, 1050.0, 1065.0, 1080.0, 1095.0, 1110.0, 1125.0, 1140.0, 1155.0, 1170.0, 1185.0, 1200.0, 1215.0, 1230.0, 1245.0, 1260.0, 1275.0], "y": [1, 1, 0, 0, 0, 0, 1, 1, 0, 0, 0, 1, 0, 0, 1, 3, 3, 4, 2, 4, 1, 3, 3, 3, 4, 3, 5, 6, 19, 4, 8, 3, 10, 4]}, "percentile": {"x": [789, 796, 880, 889, 954, 993, 1010, 1018, 1019, 1020, 1033, 1034, 1037, 1041, 1042, 1048, 1060, 1063, 1068, 1073, 1075, 1077, 1094, 1099, 1102, 1105, 1110, 1116, 1127, 1130, 1131, 1143, 1144, 1151, 1153, 1160, 1166, 1168, 1170, 1174, 1178, 1182, 1187, 1189, 1192, 1193, 1197, 1199, 1201, 1203, 1204, 1205, 1206, 1207, 1208, 1210, 1211, 1213, 1217, 1220, 1228, 1229, 1230, 1232, 1235, 1240, 1247, 1250, 1259, 1261, 1262, 1265, 1266, 1268, 1269, 1270, 1272, 1275, 1278, 1280, 1283], "y": [99.0, 98.0, 97.0, 95.9, 94.9, 93.9, 92.8, 91.8, 90.8, 89.7, 88.7, 87.7, 86.6, 85.6, 84.6, 83.6, 82.5, 81.5, 80.5, 79.4, 78.4, 77.4, 76.3, 75.3, 74.3, 73.2, 72.2, 70.2, 69.1, 68.1, 67.1, 66.0, 65.0, 64.0, 62.9, 61.9, 60.9, 59.8, 57.8, 56.8, 55.7, 54.7, 53.7, 52.6, 51.6, 50.6, 49.5, 48.5, 47.5, 44.4, 43.3, 41.3, 40.3, 38.2, 36.1, 34.099999999999994, 31.0, 28.900000000000006, 27.900000000000006, 26.900000000000006, 25.799999999999997, 24.799999999999997, 20.700000000000003, 19.599999999999994, 17.599999999999994, 16.5, 15.5, 14.5, 13.5, 12.400000000000006, 11.400000000000006, 10.400000000000006, 8.299999999999997, 7.299999999999997, 6.200000000000003, 4.200000000000003, 3.0999999999999943, 2.0999999999999943, 1.0999999999999943, 0.0, -1.0]}}