{"histogram": {"y": [1, 0, 0, 0, 0, 0, 0, 1, 0, 0, 0, 0, 0, 1, 0, 1, 0, 1, 1, 1, 2, 1, 1, 0, 2, 5, 3, 2, 2, 0], "x": [700.0, 720.0, 740.0, 760.0, 780.0, 800.0, 820.0, 840.0, 860.0, 880.0, 900.0, 920.0, 940.0, 960.0, 980.0, 1000.0, 1020.0, 1040.0, 1060.0, 1080.0, 1100.0, 1120.0, 1140.0, 1160.0, 1180.0, 1200.0, 1220.0, 1240.0, 1260.0, 1280.0]}, "percentile": {"y": [95.9, 91.7, 87.5, 83.4, 79.2, 75.0, 70.9, 66.7, 62.5, 58.4, 54.2, 50.0, 45.9, 41.7, 37.5, 33.400000000000006, 29.200000000000003, 25.0, 20.900000000000006, 16.700000000000003, 12.5, 8.400000000000006, 4.200000000000003, 0.0, -4.099999999999994], "x": [702, 841, 978, 1003, 1055, 1063, 1088, 1102, 1116, 1123, 1140, 1180, 1188, 1201, 1206, 1209, 1212, 1215, 1228, 1235, 1237, 1244, 1250, 1264, 1271]}}