{"histogram": {"x": [870.0, 885.0, 900.0, 915.0, 930.0, 945.0, 960.0, 975.0, 990.0, 1005.0, 1020.0, 1035.0, 1050.0, 1065.0, 1080.0, 1095.0, 1110.0, 1125.0, 1140.0, 1155.0, 1170.0, 1185.0, 1200.0, 1215.0, 1230.0, 1245.0], "y": [1, 1, 0, 0, 1, 2, 1, 0, 0, 0, 2, 0, 1, 2, 2, 0, 0, 0, 0, 0, 0, 1, 1, 4, 1, 0]}, "percentile": {"x": [877, 899, 936, 951, 953, 974, 1027, 1034, 1058, 1069, 1078, 1088, 1093, 1189, 1202, 1219, 1224, 1225, 1226, 1243], "y": [94.8, 89.5, 84.3, 79.0, 73.7, 68.5, 63.2, 57.9, 52.7, 47.4, 42.2, 36.9, 31.599999999999994, 26.400000000000006, 21.099999999999994, 15.799999999999997, 10.599999999999994, 5.299999999999997, 0.0, -5.200000000000003]}}