{"histogram": {"y": [1, 0, 1, 0, 1, 0, 1, 1, 0, 1, 2, 2, 3, 7, 2, 0, 5, 2, 5, 6, 6, 7, 29, 13, 9, 9, 2, 0, 1, 0], "x": [780.0, 800.0, 820.0, 840.0, 860.0, 880.0, 900.0, 920.0, 940.0, 960.0, 980.0, 1000.0, 1020.0, 1040.0, 1060.0, 1080.0, 1100.0, 1120.0, 1140.0, 1160.0, 1180.0, 1200.0, 1220.0, 1240.0, 1260.0, 1280.0, 1300.0, 1320.0, 1340.0]}, "percentile": {"y": [99.2, 98.3, 97.4, 96.6, 95.7, 94.8, 94.0, 93.1, 92.2, 91.4, 90.5, 89.6, 88.7, 87.9, 87.0, 86.1, 85.3, 83.5, 82.7, 81.8, 80.9, 79.2, 78.3, 77.4, 76.6, 75.7, 74.8, 74.0, 72.2, 71.4, 70.5, 69.6, 67.9, 67.0, 66.1, 65.3, 64.4, 62.7, 61.8, 60.9, 60.0, 59.2, 58.3, 57.4, 56.6, 55.7, 54.0, 53.1, 52.2, 51.4, 47.0, 46.1, 44.4, 41.8, 40.0, 38.3, 37.4, 35.7, 34.0, 33.099999999999994, 29.599999999999994, 28.700000000000003, 27.900000000000006, 27.0, 25.299999999999997, 24.400000000000006, 23.5, 22.700000000000003, 21.799999999999997, 20.900000000000006, 19.200000000000003, 17.400000000000006, 16.599999999999994, 14.799999999999997, 14.0, 13.099999999999994, 11.400000000000006, 10.5, 9.599999999999994, 8.700000000000003, 7.900000000000006, 7.0, 6.099999999999994, 5.299999999999997, 4.400000000000006, 2.700000000000003, 1.7999999999999972, 0.9000000000000057, 0.0, -0.7999999999999972], "x": [771, 811, 857, 887, 919, 950, 976, 978, 986, 996, 1004, 1005, 1006, 1023, 1025, 1028, 1030, 1033, 1037, 1049, 1057, 1085, 1089, 1095, 1099, 1112, 1119, 1120, 1123, 1129, 1133, 1141, 1142, 1146, 1150, 1152, 1161, 1172, 1174, 1175, 1178, 1186, 1191, 1193, 1196, 1198, 1199, 1200, 1201, 1202, 1203, 1205, 1206, 1207, 1208, 1209, 1210, 1212, 1213, 1214, 1215, 1216, 1220, 1223, 1224, 1226, 1227, 1232, 1233, 1234, 1235, 1239, 1240, 1241, 1243, 1246, 1250, 1252, 1255, 1261, 1267, 1268, 1269, 1270, 1271, 1273, 1274, 1285, 1287, 1335]}}