{"histogram": {"x": [740.0, 760.0, 780.0, 800.0, 820.0, 840.0, 860.0, 880.0, 900.0, 920.0, 940.0, 960.0, 980.0, 1000.0, 1020.0, 1040.0, 1060.0, 1080.0, 1100.0, 1120.0, 1140.0, 1160.0, 1180.0, 1200.0, 1220.0, 1240.0, 1260.0, 1280.0, 1300.0, 1320.0], "y": [1, 1, 0, 0, 1, 0, 2, 2, 2, 2, 4, 0, 1, 2, 2, 3, 1, 2, 4, 7, 4, 2, 3, 26, 17, 14, 12, 3, 1, 0]}, "percentile": {"x": [743, 767, 837, 864, 876, 885, 886, 914, 915, 920, 922, 944, 951, 953, 990, 1006, 1013, 1024, 1030, 1045, 1049, 1053, 1076, 1095, 1097, 1104, 1112, 1115, 1121, 1122, 1125, 1127, 1132, 1134, 1139, 1144, 1146, 1149, 1150, 1164, 1166, 1183, 1186, 1194, 1201, 1202, 1205, 1206, 1207, 1208, 1209, 1210, 1211, 1212, 1213, 1214, 1215, 1217, 1218, 1223, 1224, 1225, 1226, 1227, 1228, 1230, 1231, 1232, 1234, 1235, 1237, 1238, 1240, 1241, 1242, 1245, 1246, 1247, 1251, 1255, 1256, 1259, 1261, 1263, 1265, 1270, 1271, 1274, 1276, 1278, 1280, 1293, 1298, 1308], "y": [99.2, 98.4, 97.5, 96.7, 95.8, 95.0, 94.1, 93.3, 92.4, 91.6, 90.7, 89.9, 89.0, 87.3, 86.5, 85.6, 84.8, 83.9, 83.1, 82.3, 81.4, 80.6, 79.7, 78.9, 78.0, 77.2, 76.3, 74.6, 73.8, 72.9, 72.1, 71.2, 70.4, 69.5, 68.7, 67.8, 67.0, 66.2, 65.3, 64.5, 63.6, 62.8, 61.9, 61.1, 60.2, 59.4, 56.8, 56.0, 55.1, 53.4, 51.7, 50.9, 48.4, 46.7, 45.8, 44.1, 41.6, 39.9, 39.0, 38.2, 37.3, 35.599999999999994, 33.900000000000006, 32.3, 31.400000000000006, 30.599999999999994, 29.700000000000003, 28.900000000000006, 28.0, 27.200000000000003, 26.299999999999997, 24.599999999999994, 23.799999999999997, 22.099999999999994, 21.200000000000003, 20.400000000000006, 18.700000000000003, 17.799999999999997, 17.0, 16.200000000000003, 15.299999999999997, 12.799999999999997, 11.099999999999994, 10.200000000000003, 8.5, 7.700000000000003, 6.799999999999997, 6.0, 4.299999999999997, 2.5999999999999943, 1.7000000000000028, 0.9000000000000057, 0.0, -0.7999999999999972]}}