{"percentile": {"x": [997, 1017, 1024, 1029, 1034, 1072, 1112, 1121, 1126, 1128, 1157, 1179, 1195, 1203, 1207, 1209, 1214, 1224, 1229, 1233, 1236, 1246, 1251, 1265, 1267, 1268, 1279, 1321, 1370, 1415], "y": [97.2, 94.3, 91.5, 88.6, 85.8, 82.9, 80.0, 77.2, 74.3, 71.5, 68.6, 65.8, 62.9, 57.2, 54.3, 51.5, 48.6, 45.8, 42.9, 37.2, 31.5, 28.599999999999994, 25.799999999999997, 22.900000000000006, 20.0, 14.299999999999997, 11.5, 8.599999999999994, 5.799999999999997, -2.799999999999997]}, "histogram": {"x": [990.0, 1005.0, 1020.0, 1035.0, 1050.0, 1065.0, 1080.0, 1095.0, 1110.0, 1125.0, 1140.0, 1155.0, 1170.0, 1185.0, 1200.0, 1215.0, 1230.0, 1245.0, 1260.0, 1275.0, 1290.0, 1305.0, 1320.0, 1335.0, 1350.0, 1365.0, 1380.0, 1395.0, 1410.0], "y": [1, 1, 3, 0, 0, 1, 0, 0, 2, 2, 0, 1, 1, 1, 5, 2, 4, 2, 4, 1, 0, 0, 1, 0, 0, 1, 0, 0, 3]}}