{"percentile": {"y": [99.6, 99.2, 98.8, 98.4, 97.9, 97.5, 96.7, 96.3, 95.4, 95.0, 94.6, 94.1, 93.7, 93.3, 92.9, 92.5, 92.0, 91.6, 91.2, 90.8, 90.3, 89.9, 89.5, 89.1, 88.7, 88.2, 87.8, 87.4, 86.5, 85.7, 85.3, 84.9, 84.4, 84.0, 83.6, 83.2, 82.8, 82.3, 81.5, 81.1, 80.6, 80.2, 79.4, 79.0, 78.5, 78.1, 77.7, 77.3, 76.8, 76.4, 76.0, 75.6, 75.2, 73.9, 73.5, 73.0, 72.2, 71.8, 71.4, 70.9, 70.5, 70.1, 69.7, 69.2, 68.8, 67.6, 66.7, 66.3, 65.9, 65.5, 64.6, 64.2, 63.8, 63.3, 62.9, 62.5, 62.1, 61.2, 60.4, 59.5, 59.1, 58.7, 57.9, 57.4, 56.6, 56.2, 55.7, 55.3, 54.9, 54.5, 54.1, 53.6, 52.8, 51.9, 51.5, 51.1, 50.3, 49.8, 49.4, 49.0, 48.2, 47.7, 47.3, 46.9, 46.0, 45.6, 45.2, 44.8, 44.4, 43.5, 43.1, 42.7, 42.2, 41.8, 41.4, 40.6, 40.1, 39.7, 39.3, 38.9, 38.4, 38.0, 37.2, 36.8, 36.3, 35.5, 33.400000000000006, 31.700000000000003, 30.400000000000006, 29.599999999999994, 27.900000000000006, 27.099999999999994, 25.799999999999997, 23.299999999999997, 22.0, 21.099999999999994, 20.700000000000003, 19.5, 18.599999999999994, 18.200000000000003, 17.799999999999997, 17.299999999999997, 16.099999999999994, 15.700000000000003, 15.200000000000003, 14.799999999999997, 14.400000000000006, 13.599999999999994, 13.099999999999994, 12.700000000000003, 11.900000000000006, 11.400000000000006, 10.599999999999994, 10.200000000000003, 9.299999999999997, 8.900000000000006, 8.5, 8.099999999999994, 7.599999999999994, 7.200000000000003, 6.799999999999997, 6.0, 5.5, 4.700000000000003, 3.799999999999997, 3.4000000000000057, 2.5999999999999943, 2.200000000000003, 1.7000000000000028, 0.9000000000000057, 0.5, 0.0, -0.4000000000000057], "x": [697, 750, 762, 776, 798, 808, 820, 826, 828, 829, 850, 856, 857, 871, 880, 883, 895, 896, 900, 905, 909, 914, 918, 919, 926, 928, 933, 939, 942, 946, 948, 951, 952, 958, 960, 962, 963, 971, 973, 974, 985, 988, 989, 990, 993, 994, 997, 999, 1001, 1003, 1004, 1010, 1014, 1015, 1017, 1018, 1021, 1023, 1028, 1030, 1031, 1032, 1036, 1043, 1047, 1050, 1064, 1065, 1066, 1067, 1070, 1077, 1079, 1080, 1085, 1086, 1087, 1092, 1093, 1097, 1098, 1101, 1102, 1104, 1105, 1109, 1114, 1115, 1118, 1120, 1122, 1124, 1127, 1135, 1137, 1138, 1142, 1146, 1147, 1148, 1149, 1152, 1155, 1156, 1158, 1159, 1163, 1166, 1167, 1171, 1173, 1175, 1176, 1177, 1180, 1181, 1182, 1186, 1187, 1189, 1195, 1197, 1198, 1199, 1200, 1201, 1202, 1203, 1204, 1205, 1207, 1208, 1209, 1210, 1211, 1212, 1213, 1214, 1215, 1216, 1218, 1219, 1220, 1223, 1225, 1229, 1234, 1235, 1236, 1237, 1239, 1240, 1241, 1243, 1245, 1246, 1248, 1250, 1253, 1255, 1260, 1265, 1268, 1269, 1270, 1271, 1272, 1273, 1277, 1280, 1289, 1297, 1415]}, "histogram": {"y": [1, 0, 0, 1, 2, 1, 1, 6, 3, 1, 4, 6, 4, 8, 7, 9, 10, 8, 5, 9, 11, 10, 9, 13, 9, 12, 46, 13, 11, 13, 4, 0, 0, 0, 0, 0, 1], "x": [700.0, 720.0, 740.0, 760.0, 780.0, 800.0, 820.0, 840.0, 860.0, 880.0, 900.0, 920.0, 940.0, 960.0, 980.0, 1000.0, 1020.0, 1040.0, 1060.0, 1080.0, 1100.0, 1120.0, 1140.0, 1160.0, 1180.0, 1200.0, 1220.0, 1240.0, 1260.0, 1280.0, 1300.0, 1320.0, 1340.0, 1360.0, 1380.0, 1400.0]}}