{"percentile": {"y": [99.7, 99.4, 99.1, 98.8, 98.5, 98.1, 97.8, 97.5, 97.2, 96.9, 96.5, 96.2, 95.9, 95.3, 94.9, 94.6, 94.3, 94.0, 93.7, 93.3, 92.7, 91.7, 91.4, 91.1, 90.8, 90.5, 90.1, 89.8, 89.5, 89.2, 88.9, 88.5, 88.2, 87.9, 87.6, 87.0, 86.6, 86.3, 86.0, 85.7, 85.0, 84.7, 84.4, 84.1, 83.8, 83.1, 82.8, 82.5, 82.2, 81.8, 81.5, 81.2, 80.6, 80.2, 79.6, 79.3, 79.0, 78.6, 78.0, 77.7, 77.4, 77.0, 76.1, 75.8, 75.4, 75.1, 74.8, 74.5, 74.2, 73.9, 73.5, 72.9, 72.6, 72.3, 71.9, 71.6, 71.3, 71.0, 70.3, 70.0, 69.4, 69.1, 68.4, 68.1, 67.5, 66.8, 66.2, 65.2, 64.9, 64.6, 64.3, 63.9, 62.7, 62.0, 61.4, 61.1, 60.1, 59.5, 58.2, 56.6, 56.0, 53.1, 52.8, 51.5, 49.6, 47.7, 45.4, 45.1, 44.8, 44.5, 44.1, 42.5, 42.2, 41.3, 40.6, 40.3, 40.0, 39.3, 38.7, 37.7, 35.8, 35.5, 33.0, 32.599999999999994, 31.700000000000003, 30.400000000000006, 29.099999999999994, 28.799999999999997, 27.799999999999997, 27.5, 25.599999999999994, 25.299999999999997, 25.0, 24.299999999999997, 24.0, 22.400000000000006, 22.099999999999994, 21.799999999999997, 19.900000000000006, 19.200000000000003, 18.599999999999994, 16.0, 15.700000000000003, 15.400000000000006, 15.099999999999994, 14.400000000000006, 14.099999999999994, 13.799999999999997, 12.799999999999997, 12.200000000000003, 11.200000000000003, 10.599999999999994, 10.299999999999997, 9.599999999999994, 9.0, 8.400000000000006, 8.0, 7.400000000000006, 6.799999999999997, 6.400000000000006, 5.799999999999997, 5.200000000000003, 4.200000000000003, 3.9000000000000057, 3.5999999999999943, 3.200000000000003, 2.9000000000000057, 2.5999999999999943, 2.299999999999997, 2.0, 1.5999999999999943, 1.2999999999999972, 1.0, 0.7000000000000028, 0.4000000000000057, 0.0, -0.29999999999999716], "x": [829, 837, 838, 854, 862, 900, 908, 909, 910, 927, 931, 945, 947, 963, 970, 976, 977, 978, 979, 980, 981, 982, 988, 989, 991, 996, 999, 1002, 1007, 1017, 1023, 1024, 1026, 1030, 1036, 1043, 1045, 1051, 1054, 1058, 1059, 1071, 1076, 1077, 1085, 1089, 1094, 1096, 1100, 1103, 1107, 1110, 1112, 1115, 1120, 1125, 1126, 1129, 1130, 1132, 1133, 1134, 1136, 1138, 1140, 1147, 1148, 1151, 1154, 1155, 1156, 1157, 1159, 1160, 1162, 1165, 1166, 1168, 1169, 1171, 1173, 1176, 1177, 1179, 1180, 1182, 1184, 1186, 1187, 1188, 1189, 1190, 1200, 1202, 1203, 1204, 1205, 1206, 1207, 1208, 1209, 1210, 1211, 1212, 1213, 1214, 1215, 1216, 1220, 1221, 1224, 1225, 1227, 1229, 1230, 1231, 1232, 1233, 1235, 1237, 1238, 1239, 1240, 1241, 1242, 1243, 1245, 1246, 1247, 1248, 1249, 1250, 1251, 1252, 1254, 1255, 1257, 1258, 1260, 1261, 1264, 1265, 1266, 1267, 1268, 1269, 1270, 1271, 1272, 1273, 1274, 1276, 1277, 1278, 1279, 1280, 1282, 1284, 1287, 1288, 1290, 1292, 1293, 1294, 1295, 1298, 1302, 1306, 1308, 1310, 1313, 1314, 1319, 1323, 1333, 1383, 1424]}, "histogram": {"y": [3, 1, 1, 0, 4, 2, 2, 7, 11, 3, 5, 8, 3, 5, 7, 14, 10, 14, 13, 59, 30, 43, 40, 18, 7, 2, 0, 0, 1, 0, 1], "x": [820.0, 840.0, 860.0, 880.0, 900.0, 920.0, 940.0, 960.0, 980.0, 1000.0, 1020.0, 1040.0, 1060.0, 1080.0, 1100.0, 1120.0, 1140.0, 1160.0, 1180.0, 1200.0, 1220.0, 1240.0, 1260.0, 1280.0, 1300.0, 1320.0, 1340.0, 1360.0, 1380.0, 1400.0, 1420.0]}}