{"histogram": {"y": [1, 2, 0, 0, 1, 1, 0, 2, 3, 0, 2, 1, 0, 0, 1, 2, 3, 0, 2, 1, 0, 1, 0], "x": [880.0, 900.0, 920.0, 940.0, 960.0, 980.0, 1000.0, 1020.0, 1040.0, 1060.0, 1080.0, 1100.0, 1120.0, 1140.0, 1160.0, 1180.0, 1200.0, 1220.0, 1240.0, 1260.0, 1280.0, 1300.0, 1320.0]}, "percentile": {"y": [95.5, 91.0, 86.4, 81.9, 77.3, 72.8, 68.2, 63.7, 59.1, 54.6, 50.0, 45.5, 41.0, 36.4, 31.900000000000006, 27.299999999999997, 22.799999999999997, 18.200000000000003, 13.700000000000003, 9.099999999999994, 4.599999999999994, 0.0, -4.5], "x": [880, 902, 916, 960, 992, 1020, 1023, 1043, 1053, 1058, 1081, 1088, 1110, 1168, 1182, 1190, 1208, 1212, 1213, 1243, 1245, 1275, 1318]}}