{"percentile": {"x": [862, 868, 898, 944, 959, 960, 988, 997, 1008, 1017, 1019, 1020, 1036, 1040, 1045, 1047, 1059, 1069, 1070, 1082, 1087, 1093, 1097, 1108, 1126, 1133, 1141, 1147, 1160, 1163, 1165, 1172, 1177, 1179, 1180, 1181, 1191, 1194, 1195, 1198, 1201, 1204, 1207, 1210, 1211, 1212, 1213, 1215, 1217, 1218, 1227, 1229, 1230, 1233, 1235, 1241, 1243, 1244, 1245, 1246, 1247, 1248, 1249, 1253, 1254, 1263, 1264, 1265, 1266, 1267, 1275, 1277, 1279, 1280, 1289], "y": [98.9, 97.8, 96.6, 95.5, 93.2, 92.1, 91.0, 89.8, 88.7, 87.5, 85.3, 84.1, 83.0, 81.9, 79.6, 78.5, 77.3, 76.2, 75.0, 73.9, 72.8, 71.6, 70.5, 68.2, 67.1, 66.0, 64.8, 62.5, 61.4, 60.3, 59.1, 58.0, 56.9, 53.5, 52.3, 51.2, 50.0, 48.9, 47.8, 46.6, 45.5, 44.4, 42.1, 38.7, 37.5, 36.4, 35.3, 33.0, 31.900000000000006, 30.700000000000003, 28.5, 26.200000000000003, 23.900000000000006, 22.799999999999997, 21.599999999999994, 20.5, 19.400000000000006, 18.200000000000003, 17.099999999999994, 16.0, 14.799999999999997, 13.700000000000003, 12.5, 11.400000000000006, 10.299999999999997, 9.099999999999994, 8.0, 6.900000000000006, 5.700000000000003, 4.599999999999994, 3.5, 2.299999999999997, 1.2000000000000028, 0.0, -1.0999999999999943]}, "histogram": {"x": [855.0, 870.0, 885.0, 900.0, 915.0, 930.0, 945.0, 960.0, 975.0, 990.0, 1005.0, 1020.0, 1035.0, 1050.0, 1065.0, 1080.0, 1095.0, 1110.0, 1125.0, 1140.0, 1155.0, 1170.0, 1185.0, 1200.0, 1215.0, 1230.0, 1245.0, 1260.0, 1275.0, 1290.0], "y": [2, 0, 1, 0, 0, 1, 2, 1, 1, 1, 4, 1, 5, 1, 2, 3, 3, 0, 2, 3, 3, 7, 4, 10, 8, 7, 7, 5, 5, 0]}}