{"histogram": {"y": [1, 0, 0, 0, 0, 1, 0, 0, 2, 1, 1, 1, 4, 3, 5, 4, 3, 6, 7, 6, 6, 4, 6, 10, 8, 11, 16, 50, 25, 25, 20, 3, 2, 0, 0, 0, 0, 1, 0], "x": [680.0, 700.0, 720.0, 740.0, 760.0, 780.0, 800.0, 820.0, 840.0, 860.0, 880.0, 900.0, 920.0, 940.0, 960.0, 980.0, 1000.0, 1020.0, 1040.0, 1060.0, 1080.0, 1100.0, 1120.0, 1140.0, 1160.0, 1180.0, 1200.0, 1220.0, 1240.0, 1260.0, 1280.0, 1300.0, 1320.0, 1340.0, 1360.0, 1380.0, 1400.0, 1420.0]}, "percentile": {"y": [99.6, 99.2, 98.8, 98.3, 97.9, 97.5, 97.0, 96.6, 96.2, 95.7, 95.3, 94.9, 94.4, 94.0, 93.6, 93.1, 92.7, 92.3, 91.8, 91.4, 91.0, 90.5, 90.1, 89.7, 89.2, 88.8, 88.4, 87.9, 87.5, 87.1, 86.2, 85.8, 84.9, 84.5, 84.0, 83.6, 83.2, 82.7, 82.3, 81.9, 81.4, 81.0, 80.6, 80.1, 79.7, 78.8, 78.0, 77.5, 76.7, 76.2, 75.8, 75.4, 74.9, 74.1, 73.6, 73.2, 72.8, 72.3, 71.9, 71.5, 71.0, 70.2, 69.7, 69.3, 68.9, 68.4, 68.0, 67.6, 67.1, 66.7, 66.3, 65.9, 65.4, 65.0, 63.3, 62.8, 62.0, 61.5, 61.1, 60.7, 60.2, 59.8, 59.4, 58.9, 58.1, 57.6, 57.2, 56.8, 56.3, 55.9, 54.6, 54.2, 53.3, 52.4, 51.6, 49.8, 49.0, 47.2, 46.4, 44.6, 42.0, 40.7, 39.0, 38.6, 36.4, 34.7, 33.8, 33.400000000000006, 32.5, 32.099999999999994, 30.400000000000006, 29.5, 29.099999999999994, 27.799999999999997, 26.5, 26.0, 24.700000000000003, 23.900000000000006, 23.0, 22.599999999999994, 22.099999999999994, 21.700000000000003, 21.299999999999997, 20.0, 18.200000000000003, 17.799999999999997, 17.400000000000006, 16.900000000000006, 16.099999999999994, 14.299999999999997, 13.5, 11.700000000000003, 11.299999999999997, 10.900000000000006, 10.400000000000006, 9.599999999999994, 8.700000000000003, 7.400000000000006, 6.5, 5.700000000000003, 4.799999999999997, 4.400000000000006, 3.9000000000000057, 3.0999999999999943, 2.200000000000003, 1.2999999999999972, 0.9000000000000057, 0.0, -0.4000000000000057], "x": [673, 768, 821, 832, 853, 866, 885, 906, 912, 915, 918, 920, 924, 925, 941, 949, 950, 953, 957, 967, 969, 975, 979, 983, 989, 991, 1000, 1002, 1003, 1005, 1014, 1022, 1023, 1028, 1030, 1032, 1033, 1041, 1045, 1046, 1047, 1048, 1058, 1060, 1066, 1067, 1076, 1084, 1085, 1098, 1100, 1101, 1102, 1113, 1119, 1123, 1124, 1125, 1128, 1130, 1133, 1134, 1136, 1138, 1140, 1143, 1145, 1147, 1149, 1151, 1153, 1159, 1160, 1169, 1172, 1173, 1175, 1176, 1178, 1180, 1183, 1184, 1185, 1186, 1190, 1193, 1194, 1195, 1196, 1197, 1198, 1199, 1200, 1201, 1202, 1203, 1204, 1205, 1206, 1207, 1208, 1209, 1210, 1211, 1212, 1215, 1216, 1218, 1219, 1221, 1222, 1225, 1226, 1227, 1230, 1232, 1233, 1234, 1235, 1236, 1238, 1239, 1240, 1243, 1245, 1249, 1250, 1251, 1254, 1255, 1256, 1257, 1258, 1259, 1260, 1262, 1264, 1265, 1266, 1270, 1272, 1274, 1276, 1277, 1279, 1280, 1295, 1300, 1414]}}