{"percentile": {"x": [749, 842, 858, 909, 918, 932, 938, 963, 982, 983, 987, 1000, 1001, 1006, 1022, 1023, 1037, 1043, 1059, 1062, 1065, 1074, 1084, 1096, 1106, 1113, 1114, 1132, 1153, 1163, 1170, 1172, 1180, 1185, 1197, 1203, 1204, 1205, 1208, 1209, 1212, 1214, 1223, 1225, 1240, 1250, 1259, 1265, 1267, 1277, 1280, 1287, 1310, 1335], "y": [98.3, 96.6, 94.9, 93.2, 91.4, 89.7, 88.0, 86.3, 84.5, 82.8, 81.1, 79.4, 77.6, 75.9, 74.2, 72.5, 70.7, 69.0, 65.6, 63.8, 62.1, 60.4, 58.7, 56.9, 55.2, 53.5, 51.8, 50.0, 48.3, 46.6, 44.9, 43.2, 41.4, 39.7, 38.0, 36.3, 34.5, 32.8, 31.099999999999994, 29.400000000000006, 25.900000000000006, 24.200000000000003, 22.5, 19.0, 17.299999999999997, 15.599999999999994, 13.799999999999997, 8.700000000000003, 6.900000000000006, 5.200000000000003, 3.5, 1.7999999999999972, 0.0, -1.7000000000000028]}, "histogram": {"x": [760.0, 780.0, 800.0, 820.0, 840.0, 860.0, 880.0, 900.0, 920.0, 940.0, 960.0, 980.0, 1000.0, 1020.0, 1040.0, 1060.0, 1080.0, 1100.0, 1120.0, 1140.0, 1160.0, 1180.0, 1200.0, 1220.0, 1240.0, 1260.0, 1280.0, 1300.0, 1320.0, 1340.0], "y": [1, 0, 0, 0, 0, 2, 0, 0, 2, 2, 0, 1, 3, 3, 3, 3, 3, 2, 3, 1, 1, 3, 3, 8, 3, 3, 5, 2, 1, 1, 0]}}