{"percentile": {"x": [804, 814, 834, 852, 879, 881, 883, 886, 918, 927, 929, 940, 948, 958, 959, 966, 973, 974, 977, 985, 989, 995, 997, 1002, 1006, 1007, 1019, 1020, 1023, 1024, 1026, 1027, 1028, 1033, 1037, 1038, 1040, 1042, 1045, 1046, 1047, 1050, 1051, 1054, 1055, 1057, 1060, 1061, 1062, 1063, 1066, 1072, 1075, 1078, 1079, 1081, 1083, 1088, 1094, 1096, 1098, 1104, 1107, 1108, 1109, 1110, 1113, 1117, 1118, 1121, 1122, 1124, 1125, 1132, 1134, 1135, 1137, 1145, 1148, 1152, 1153, 1155, 1156, 1161, 1162, 1164, 1165, 1166, 1168, 1170, 1173, 1175, 1177, 1179, 1181, 1182, 1185, 1187, 1188, 1189, 1193, 1200, 1201, 1202, 1203, 1204, 1205, 1206, 1207, 1208, 1209, 1210, 1211, 1212, 1213, 1214, 1215, 1219, 1220, 1221, 1222, 1223, 1224, 1225, 1226, 1227, 1228, 1229, 1230, 1231, 1232, 1233, 1234, 1235, 1237, 1238, 1239, 1240, 1241, 1242, 1243, 1244, 1246, 1248, 1252, 1253, 1254, 1255, 1256, 1257, 1258, 1260, 1261, 1262, 1264, 1265, 1266, 1267, 1268, 1269, 1270, 1272, 1273, 1274, 1275, 1276, 1277, 1278, 1282, 1283, 1285, 1289, 1293, 1294, 1296, 1300, 1302, 1313, 1424], "y": [99.8, 99.5, 99.2, 98.9, 98.6, 98.3, 98.0, 97.8, 97.5, 97.2, 96.6, 96.3, 96.0, 95.7, 95.5, 95.2, 94.9, 94.3, 94.0, 93.7, 93.4, 92.9, 92.3, 91.7, 91.4, 91.1, 90.9, 90.3, 90.0, 89.7, 89.4, 88.8, 88.6, 88.3, 88.0, 87.4, 87.1, 86.8, 86.5, 86.3, 86.0, 85.7, 85.4, 84.8, 84.2, 84.0, 83.7, 83.1, 82.8, 82.2, 81.9, 81.4, 81.1, 80.5, 79.9, 79.6, 79.4, 78.8, 78.2, 77.9, 77.3, 77.1, 76.8, 76.5, 75.9, 75.6, 75.3, 75.0, 74.8, 74.5, 74.2, 73.9, 73.6, 73.3, 73.0, 72.8, 72.5, 72.2, 71.9, 71.0, 70.5, 70.2, 69.9, 69.3, 69.0, 68.7, 68.2, 67.9, 67.6, 67.0, 66.7, 66.1, 65.6, 65.3, 64.7, 64.4, 64.1, 63.8, 63.6, 63.0, 62.7, 62.4, 62.1, 61.3, 59.8, 59.2, 58.4, 57.2, 56.4, 55.2, 51.8, 50.3, 48.3, 46.9, 44.0, 42.9, 40.3, 40.0, 39.4, 38.6, 37.4, 36.5, 36.3, 35.099999999999994, 34.5, 33.7, 32.5, 31.700000000000003, 31.400000000000006, 31.099999999999994, 29.599999999999994, 28.5, 27.900000000000006, 26.799999999999997, 25.900000000000006, 25.0, 23.599999999999994, 22.799999999999997, 22.200000000000003, 21.599999999999994, 21.299999999999997, 21.0, 20.200000000000003, 19.299999999999997, 18.700000000000003, 17.599999999999994, 16.700000000000003, 15.900000000000006, 15.599999999999994, 14.700000000000003, 14.400000000000006, 13.799999999999997, 13.0, 12.700000000000003, 11.799999999999997, 10.099999999999994, 9.799999999999997, 9.200000000000003, 9.0, 8.400000000000006, 7.799999999999997, 6.700000000000003, 6.099999999999994, 5.799999999999997, 5.5, 4.900000000000006, 4.599999999999994, 3.799999999999997, 3.5, 3.200000000000003, 2.9000000000000057, 2.5999999999999943, 2.299999999999997, 1.7999999999999972, 1.5, 0.9000000000000057, 0.5999999999999943, 0.29999999999999716, -0.20000000000000284]}, "histogram": {"x": [820.0, 840.0, 860.0, 880.0, 900.0, 920.0, 940.0, 960.0, 980.0, 1000.0, 1020.0, 1040.0, 1060.0, 1080.0, 1100.0, 1120.0, 1140.0, 1160.0, 1180.0, 1200.0, 1220.0, 1240.0, 1260.0, 1280.0, 1300.0, 1320.0, 1340.0, 1360.0, 1380.0, 1400.0, 1420.0, 1440.0], "y": [2, 1, 1, 1, 3, 1, 3, 4, 5, 6, 5, 12, 12, 14, 9, 9, 8, 9, 16, 9, 79, 57, 32, 37, 8, 4, 0, 0, 0, 0, 0, 2, 0]}}