{"histogram": {"y": [1, 1, 0, 1, 0, 0, 2, 1, 3, 0, 1, 1, 1, 0, 0, 0, 1, 2, 1, 0, 4, 2, 1, 1, 1, 5, 2, 2, 3, 3, 9, 6, 6, 10, 6, 6, 2, 1, 0, 0, 0, 0, 1, 0, 1, 0], "x": [750.0, 765.0, 780.0, 795.0, 810.0, 825.0, 840.0, 855.0, 870.0, 885.0, 900.0, 915.0, 930.0, 945.0, 960.0, 975.0, 990.0, 1005.0, 1020.0, 1035.0, 1050.0, 1065.0, 1080.0, 1095.0, 1110.0, 1125.0, 1140.0, 1155.0, 1170.0, 1185.0, 1200.0, 1215.0, 1230.0, 1245.0, 1260.0, 1275.0, 1290.0, 1305.0, 1320.0, 1335.0, 1350.0, 1365.0, 1380.0, 1395.0, 1410.0, 1425.0]}, "percentile": {"y": [98.9, 97.8, 96.6, 95.5, 94.3, 93.2, 92.0, 90.9, 89.7, 88.6, 87.4, 86.3, 85.1, 84.0, 82.8, 81.7, 80.5, 79.4, 77.1, 75.9, 74.8, 73.6, 72.5, 71.3, 69.0, 67.9, 66.7, 65.6, 64.4, 63.3, 62.1, 61.0, 59.8, 58.7, 57.5, 56.4, 55.2, 54.1, 52.9, 50.6, 49.5, 48.3, 47.2, 46.0, 43.7, 42.6, 41.4, 40.3, 39.1, 38.0, 36.8, 35.7, 34.5, 33.400000000000006, 32.2, 31.099999999999994, 29.900000000000006, 28.799999999999997, 27.599999999999994, 26.5, 25.299999999999997, 24.200000000000003, 23.0, 19.599999999999994, 18.400000000000006, 17.299999999999997, 16.099999999999994, 15.0, 12.700000000000003, 11.5, 10.400000000000006, 9.200000000000003, 8.099999999999994, 6.900000000000006, 5.799999999999997, 4.599999999999994, 3.5, 2.299999999999997, 1.2000000000000028, 0.0, -1.0999999999999943], "x": [756, 767, 796, 843, 844, 868, 874, 879, 880, 902, 929, 934, 1004, 1007, 1019, 1033, 1052, 1055, 1063, 1077, 1079, 1083, 1102, 1116, 1128, 1129, 1130, 1138, 1151, 1153, 1156, 1159, 1170, 1178, 1180, 1188, 1195, 1198, 1201, 1203, 1204, 1205, 1209, 1210, 1212, 1215, 1217, 1221, 1222, 1225, 1229, 1233, 1234, 1237, 1239, 1240, 1241, 1247, 1248, 1249, 1250, 1251, 1253, 1254, 1256, 1261, 1262, 1263, 1264, 1271, 1275, 1278, 1279, 1280, 1285, 1287, 1290, 1295, 1305, 1390, 1424]}}