{"percentile": {"x": [553, 812, 823, 827, 838, 847, 854, 863, 866, 874, 889, 890, 898, 901, 903, 907, 910, 914, 915, 921, 923, 929, 930, 936, 938, 939, 944, 953, 954, 957, 960, 962, 963, 966, 971, 972, 974, 975, 977, 980, 981, 983, 984, 986, 990, 996, 998, 1002, 1003, 1010, 1013, 1017, 1019, 1020, 1022, 1024, 1025, 1029, 1030, 1033, 1035, 1036, 1037, 1038, 1039, 1040, 1042, 1050, 1055, 1059, 1060, 1061, 1063, 1064, 1065, 1067, 1071, 1072, 1074, 1075, 1076, 1078, 1080, 1083, 1084, 1086, 1089, 1090, 1092, 1095, 1096, 1097, 1098, 1101, 1102, 1103, 1105, 1110, 1111, 1112, 1115, 1117, 1119, 1120, 1122, 1126, 1127, 1131, 1135, 1136, 1137, 1138, 1140, 1141, 1142, 1145, 1146, 1147, 1148, 1151, 1152, 1154, 1157, 1159, 1161, 1163, 1165, 1168, 1169, 1170, 1171, 1172, 1175, 1176, 1181, 1182, 1183, 1185, 1186, 1187, 1188, 1189, 1191, 1192, 1194, 1196, 1197, 1200, 1201, 1202, 1203, 1204, 1205, 1206, 1207, 1208, 1209, 1210, 1211, 1212, 1213, 1214, 1215, 1216, 1217, 1218, 1219, 1220, 1221, 1222, 1224, 1225, 1226, 1227, 1229, 1230, 1231, 1232, 1233, 1234, 1235, 1236, 1237, 1238, 1239, 1240, 1242, 1245, 1247, 1253, 1254, 1255, 1256, 1257, 1258, 1259, 1260, 1261, 1263, 1264, 1265, 1266, 1267, 1269, 1270, 1271, 1272, 1273, 1275, 1276, 1278, 1279, 1280, 1284, 1290, 1298, 1308, 1312, 1317, 1415, 1424], "y": [99.8, 99.5, 99.2, 99.0, 98.7, 98.4, 98.2, 97.9, 97.6, 97.4, 97.1, 96.6, 96.3, 96.0, 95.8, 95.5, 95.2, 95.0, 94.7, 94.4, 94.2, 93.9, 93.6, 93.3, 93.1, 92.8, 92.5, 92.3, 92.0, 91.7, 91.2, 90.9, 90.7, 90.4, 90.1, 89.9, 89.6, 89.3, 89.1, 88.8, 88.5, 88.3, 88.0, 87.7, 87.4, 87.2, 86.9, 86.6, 86.4, 86.1, 85.6, 85.3, 85.0, 84.2, 84.0, 83.7, 83.4, 83.2, 82.9, 82.6, 82.4, 81.8, 81.3, 81.0, 80.7, 80.2, 79.4, 78.6, 78.3, 77.8, 77.3, 77.0, 76.5, 76.2, 75.7, 75.4, 75.1, 74.6, 74.3, 74.0, 73.8, 73.2, 72.7, 72.4, 72.2, 71.9, 71.4, 71.1, 70.8, 70.3, 70.0, 69.5, 69.2, 68.7, 68.1, 67.9, 67.6, 67.3, 67.1, 66.8, 66.5, 66.3, 66.0, 65.5, 64.9, 64.4, 63.9, 63.1, 62.8, 62.5, 61.7, 61.4, 60.9, 60.6, 60.4, 60.1, 59.6, 59.3, 59.0, 58.8, 58.5, 58.2, 56.9, 56.4, 56.1, 55.8, 55.5, 55.0, 54.7, 54.2, 53.4, 53.1, 52.6, 52.1, 51.8, 51.3, 51.0, 50.5, 50.2, 49.9, 49.6, 49.4, 48.8, 48.3, 48.0, 47.8, 47.5, 46.7, 45.9, 45.6, 44.3, 42.9, 41.1, 39.7, 38.4, 37.6, 36.2, 34.400000000000006, 33.8, 30.900000000000006, 29.0, 27.099999999999994, 26.099999999999994, 25.799999999999997, 25.299999999999997, 24.700000000000003, 24.400000000000006, 23.099999999999994, 22.599999999999994, 22.299999999999997, 21.799999999999997, 21.5, 21.200000000000003, 21.0, 20.700000000000003, 20.200000000000003, 19.900000000000006, 19.599999999999994, 19.099999999999994, 18.799999999999997, 18.5, 18.0, 17.700000000000003, 17.200000000000003, 16.700000000000003, 16.400000000000006, 16.099999999999994, 15.900000000000006, 15.299999999999997, 14.799999999999997, 14.5, 14.299999999999997, 14.0, 13.700000000000003, 12.900000000000006, 12.700000000000003, 12.400000000000006, 11.799999999999997, 11.599999999999994, 11.299999999999997, 9.700000000000003, 8.400000000000006, 7.599999999999994, 6.200000000000003, 5.900000000000006, 4.900000000000006, 4.599999999999994, 3.799999999999997, 3.5, 3.299999999999997, 3.0, 2.5, 1.9000000000000057, 1.7000000000000028, 1.4000000000000057, 1.0999999999999943, 0.9000000000000057, 0.5999999999999943, 0.29999999999999716, 0.0, -0.20000000000000284]}, "histogram": {"x": [560.0, 580.0, 600.0, 620.0, 640.0, 660.0, 680.0, 700.0, 720.0, 740.0, 760.0, 780.0, 800.0, 820.0, 840.0, 860.0, 880.0, 900.0, 920.0, 940.0, 960.0, 980.0, 1000.0, 1020.0, 1040.0, 1060.0, 1080.0, 1100.0, 1120.0, 1140.0, 1160.0, 1180.0, 1200.0, 1220.0, 1240.0, 1260.0, 1280.0, 1300.0, 1320.0, 1340.0, 1360.0, 1380.0, 1400.0, 1420.0], "y": [1, 0, 0, 0, 0, 0, 0, 0, 0, 0, 0, 0, 0, 1, 3, 2, 3, 4, 6, 7, 4, 10, 8, 7, 16, 11, 17, 15, 12, 17, 19, 16, 17, 86, 29, 15, 38, 5, 3, 0, 0, 0, 0, 1, 1]}}