{"percentile": {"y": [99.6, 99.2, 98.8, 98.3, 97.9, 97.5, 97.0, 96.6, 96.2, 95.7, 95.3, 94.9, 94.4, 94.0, 93.6, 93.2, 92.7, 91.9, 91.4, 91.0, 90.6, 90.1, 89.7, 89.3, 88.8, 88.4, 88.0, 87.1, 86.7, 86.3, 85.8, 85.4, 85.0, 84.5, 84.1, 83.7, 83.2, 82.4, 81.1, 79.8, 79.4, 78.9, 78.1, 75.9, 74.2, 72.0, 71.2, 69.4, 69.0, 68.2, 66.9, 66.4, 65.1, 64.7, 63.8, 63.0, 62.5, 59.5, 59.1, 57.8, 57.4, 56.1, 55.7, 54.8, 54.4, 53.1, 52.2, 50.9, 49.6, 48.8, 47.9, 47.0, 45.7, 43.2, 42.7, 41.0, 39.3, 38.8, 37.5, 36.3, 35.8, 33.7, 32.8, 31.5, 30.200000000000003, 29.400000000000006, 27.200000000000003, 25.900000000000006, 24.599999999999994, 22.5, 21.599999999999994, 20.700000000000003, 20.299999999999997, 19.900000000000006, 19.400000000000006, 18.200000000000003, 17.700000000000003, 16.900000000000006, 15.099999999999994, 14.299999999999997, 12.099999999999994, 10.400000000000006, 8.700000000000003, 7.400000000000006, 6.900000000000006, 6.5, 6.099999999999994, 5.700000000000003, 5.200000000000003, 4.799999999999997, 4.400000000000006, 3.9000000000000057, 3.5, 3.0999999999999943, 2.5999999999999943, 2.200000000000003, 1.7999999999999972, 1.2999999999999972, 0.9000000000000057, 0.5, 0.0, -0.4000000000000057], "x": [867, 899, 952, 960, 977, 986, 1017, 1022, 1037, 1040, 1043, 1044, 1063, 1074, 1080, 1084, 1103, 1129, 1130, 1141, 1144, 1152, 1153, 1154, 1159, 1161, 1162, 1163, 1172, 1175, 1178, 1182, 1187, 1192, 1193, 1195, 1196, 1199, 1202, 1204, 1205, 1206, 1207, 1208, 1209, 1210, 1211, 1212, 1213, 1214, 1215, 1217, 1218, 1219, 1220, 1221, 1222, 1223, 1224, 1225, 1226, 1227, 1228, 1229, 1230, 1231, 1232, 1233, 1234, 1235, 1236, 1237, 1238, 1240, 1241, 1242, 1243, 1244, 1245, 1248, 1249, 1250, 1251, 1252, 1253, 1254, 1255, 1259, 1260, 1261, 1262, 1264, 1266, 1267, 1269, 1270, 1271, 1272, 1273, 1274, 1275, 1276, 1278, 1280, 1283, 1285, 1289, 1290, 1292, 1295, 1298, 1300, 1304, 1305, 1308, 1309, 1310, 1315, 1324, 1325, 1394, 1415]}, "histogram": {"y": [1, 1, 0, 0, 1, 2, 1, 1, 2, 3, 2, 2, 1, 3, 6, 7, 8, 41, 44, 46, 40, 10, 7, 2, 0, 0, 1, 1, 0], "x": [880.0, 900.0, 920.0, 940.0, 960.0, 980.0, 1000.0, 1020.0, 1040.0, 1060.0, 1080.0, 1100.0, 1120.0, 1140.0, 1160.0, 1180.0, 1200.0, 1220.0, 1240.0, 1260.0, 1280.0, 1300.0, 1320.0, 1340.0, 1360.0, 1380.0, 1400.0, 1420.0]}}