{"histogram": {"x": [940.0, 960.0, 980.0, 1000.0, 1020.0, 1040.0, 1060.0, 1080.0, 1100.0, 1120.0, 1140.0, 1160.0, 1180.0, 1200.0, 1220.0, 1240.0, 1260.0, 1280.0, 1300.0, 1320.0, 1340.0, 1360.0, 1380.0, 1400.0, 1420.0], "y": [1, 0, 0, 1, 0, 0, 0, 3, 1, 2, 1, 0, 2, 15, 12, 20, 17, 8, 8, 2, 5, 1, 0, 6, 2]}, "percentile": {"x": [958, 1011, 1083, 1086, 1088, 1108, 1126, 1129, 1140, 1194, 1195, 1202, 1204, 1206, 1207, 1208, 1210, 1212, 1213, 1214, 1215, 1217, 1221, 1222, 1225, 1226, 1227, 1228, 1233, 1237, 1239, 1240, 1241, 1244, 1245, 1247, 1248, 1250, 1251, 1252, 1255, 1256, 1257, 1260, 1261, 1262, 1263, 1266, 1269, 1270, 1272, 1273, 1274, 1275, 1277, 1278, 1279, 1281, 1288, 1291, 1293, 1295, 1296, 1298, 1299, 1303, 1309, 1310, 1312, 1313, 1315, 1318, 1320, 1323, 1340, 1350, 1352, 1363, 1400, 1414, 1415, 1424], "y": [99.1, 98.2, 97.2, 96.3, 95.3, 94.4, 93.4, 92.5, 91.6, 90.6, 89.7, 88.7, 87.8, 85.9, 85.0, 83.1, 81.2, 80.2, 79.3, 77.4, 76.5, 75.5, 74.6, 72.7, 70.8, 69.9, 68.9, 68.0, 67.0, 65.1, 64.2, 62.3, 59.5, 58.5, 56.7, 55.7, 53.8, 51.9, 50.0, 49.1, 48.2, 46.3, 45.3, 43.4, 42.5, 41.6, 40.6, 38.7, 37.8, 36.8, 35.900000000000006, 35.0, 34.0, 32.099999999999994, 31.200000000000003, 30.200000000000003, 29.299999999999997, 28.400000000000006, 27.400000000000006, 26.5, 25.5, 24.599999999999994, 23.599999999999994, 22.700000000000003, 21.700000000000003, 20.799999999999997, 19.900000000000006, 18.900000000000006, 18.0, 17.0, 16.099999999999994, 14.200000000000003, 13.299999999999997, 12.299999999999997, 10.400000000000006, 8.5, 7.599999999999994, 6.700000000000003, 5.700000000000003, 4.799999999999997, 1.0, -0.9000000000000057]}}