{"histogram": {"y": [1, 0, 1, 3, 1, 2, 1, 2, 0, 1, 1, 0, 2, 2, 0, 1, 3, 2, 1, 4, 3, 1], "x": [960.0, 975.0, 990.0, 1005.0, 1020.0, 1035.0, 1050.0, 1065.0, 1080.0, 1095.0, 1110.0, 1125.0, 1140.0, 1155.0, 1170.0, 1185.0, 1200.0, 1215.0, 1230.0, 1245.0, 1260.0, 1275.0]}, "percentile": {"y": [96.8, 93.6, 90.4, 87.1, 83.9, 80.7, 77.5, 74.2, 71.0, 67.8, 64.6, 61.3, 58.1, 54.9, 51.7, 48.4, 45.2, 42.0, 38.8, 35.5, 32.3, 29.099999999999994, 25.900000000000006, 22.599999999999994, 19.400000000000006, 16.200000000000003, 13.0, 9.700000000000003, 6.5, 3.299999999999997, 0.0, -3.200000000000003], "x": [972, 998, 1015, 1017, 1018, 1027, 1040, 1049, 1062, 1067, 1076, 1104, 1114, 1145, 1150, 1163, 1169, 1185, 1202, 1204, 1210, 1215, 1222, 1239, 1249, 1250, 1252, 1254, 1265, 1266, 1272, 1276]}}