{"histogram": {"y": [1, 2, 0, 0, 1, 0, 1, 0, 2, 1, 5, 0, 1, 3, 2, 2, 2, 5, 3, 5, 4, 5, 0, 3, 1], "x": [945.0, 960.0, 975.0, 990.0, 1005.0, 1020.0, 1035.0, 1050.0, 1065.0, 1080.0, 1095.0, 1110.0, 1125.0, 1140.0, 1155.0, 1170.0, 1185.0, 1200.0, 1215.0, 1230.0, 1245.0, 1260.0, 1275.0, 1290.0, 1305.0]}, "percentile": {"y": [98.0, 95.9, 93.8, 91.7, 89.6, 87.5, 85.5, 83.4, 79.2, 77.1, 75.0, 73.0, 70.9, 68.8, 66.7, 64.6, 62.5, 60.5, 58.4, 56.3, 54.2, 52.1, 50.0, 48.0, 45.9, 43.8, 41.7, 39.6, 37.5, 35.5, 31.299999999999997, 29.200000000000003, 25.0, 20.900000000000006, 18.799999999999997, 16.700000000000003, 14.599999999999994, 10.5, 8.400000000000006, 6.299999999999997, 4.200000000000003, 2.0999999999999943, 0.0, -2.0], "x": [957, 960, 971, 1015, 1036, 1071, 1074, 1084, 1095, 1099, 1104, 1105, 1133, 1140, 1153, 1154, 1155, 1163, 1171, 1178, 1187, 1199, 1201, 1207, 1208, 1212, 1213, 1215, 1217, 1225, 1233, 1236, 1237, 1253, 1255, 1259, 1260, 1264, 1265, 1267, 1291, 1294, 1297, 1313]}}