{"percentile": {"y": [98.5, 97.0, 95.5, 94.0, 92.5, 91.0, 87.9, 86.4, 84.9, 83.4, 81.9, 80.4, 78.8, 77.3, 75.8, 74.3, 72.8, 71.3, 69.7, 68.2, 65.2, 63.7, 62.2, 60.7, 59.1, 57.6, 56.1, 50.0, 47.0, 45.5, 44.0, 42.5, 37.9, 34.900000000000006, 33.400000000000006, 31.900000000000006, 30.400000000000006, 27.299999999999997, 25.799999999999997, 24.299999999999997, 21.299999999999997, 19.700000000000003, 18.200000000000003, 16.700000000000003, 15.200000000000003, 13.700000000000003, 12.200000000000003, 10.700000000000003, 9.099999999999994, 7.599999999999994, 6.099999999999994, 4.599999999999994, 3.0999999999999943, 1.5999999999999943, 0.0, -1.5], "x": [775, 784, 810, 824, 901, 921, 949, 956, 1008, 1024, 1026, 1042, 1054, 1077, 1101, 1102, 1116, 1128, 1130, 1136, 1146, 1164, 1166, 1182, 1185, 1194, 1203, 1204, 1205, 1206, 1207, 1208, 1212, 1213, 1214, 1215, 1224, 1225, 1228, 1234, 1239, 1242, 1245, 1253, 1254, 1257, 1263, 1270, 1274, 1278, 1282, 1289, 1309, 1320, 1334, 1367]}, "histogram": {"y": [1, 1, 1, 1, 0, 0, 0, 1, 1, 3, 0, 0, 1, 2, 2, 1, 0, 3, 3, 2, 2, 3, 17, 7, 5, 4, 2, 1, 2, 0, 1], "x": [760.0, 780.0, 800.0, 820.0, 840.0, 860.0, 880.0, 900.0, 920.0, 940.0, 960.0, 980.0, 1000.0, 1020.0, 1040.0, 1060.0, 1080.0, 1100.0, 1120.0, 1140.0, 1160.0, 1180.0, 1200.0, 1220.0, 1240.0, 1260.0, 1280.0, 1300.0, 1320.0, 1340.0, 1360.0]}}