{"histogram": {"x": [870.0, 885.0, 900.0, 915.0, 930.0, 945.0, 960.0, 975.0, 990.0, 1005.0, 1020.0, 1035.0, 1050.0, 1065.0, 1080.0, 1095.0, 1110.0, 1125.0, 1140.0, 1155.0, 1170.0, 1185.0, 1200.0, 1215.0, 1230.0, 1245.0, 1260.0, 1275.0], "y": [1, 0, 1, 0, 0, 0, 2, 1, 0, 0, 1, 1, 1, 0, 3, 0, 0, 0, 1, 0, 2, 0, 5, 2, 3, 3, 3, 0]}, "percentile": {"x": [873, 911, 962, 966, 989, 1023, 1042, 1052, 1083, 1085, 1093, 1152, 1178, 1184, 1205, 1207, 1211, 1212, 1215, 1219, 1232, 1235, 1244, 1246, 1249, 1251, 1262, 1266, 1271], "y": [96.6, 93.2, 89.7, 86.3, 82.8, 79.4, 75.9, 72.5, 69.0, 65.6, 62.1, 58.7, 55.2, 51.8, 48.3, 41.4, 38.0, 34.5, 31.099999999999994, 27.599999999999994, 24.200000000000003, 20.700000000000003, 17.299999999999997, 13.799999999999997, 10.400000000000006, 6.900000000000006, 3.5, 0.0, -3.4000000000000057]}}