{"histogram": {"y": [1, 0, 0, 1, 0, 0, 1, 1, 1, 0, 1, 0, 0, 2, 0, 1, 2, 2, 4, 0, 1, 1, 0, 2, 0, 0, 0, 4, 1, 2, 1, 1, 0, 1], "x": [795.0, 810.0, 825.0, 840.0, 855.0, 870.0, 885.0, 900.0, 915.0, 930.0, 945.0, 960.0, 975.0, 990.0, 1005.0, 1020.0, 1035.0, 1050.0, 1065.0, 1080.0, 1095.0, 1110.0, 1125.0, 1140.0, 1155.0, 1170.0, 1185.0, 1200.0, 1215.0, 1230.0, 1245.0, 1260.0, 1275.0, 1290.0]}, "percentile": {"y": [96.7, 93.4, 90.0, 86.7, 83.4, 80.0, 76.7, 73.4, 70.0, 66.7, 63.4, 60.0, 56.7, 50.0, 46.7, 43.4, 40.0, 36.7, 33.400000000000006, 30.0, 26.700000000000003, 23.400000000000006, 16.700000000000003, 13.400000000000006, 10.0, 6.700000000000003, 3.4000000000000057, 0.0, -3.299999999999997], "x": [802, 842, 892, 913, 928, 949, 992, 995, 1028, 1036, 1042, 1052, 1060, 1065, 1073, 1076, 1109, 1122, 1148, 1154, 1203, 1211, 1213, 1229, 1235, 1244, 1252, 1265, 1296]}}