{"histogram": {"x": [720.0, 735.0, 750.0, 765.0, 780.0, 795.0, 810.0, 825.0, 840.0, 855.0, 870.0, 885.0, 900.0, 915.0, 930.0, 945.0, 960.0, 975.0, 990.0, 1005.0, 1020.0, 1035.0, 1050.0, 1065.0, 1080.0, 1095.0, 1110.0, 1125.0, 1140.0, 1155.0, 1170.0, 1185.0, 1200.0, 1215.0, 1230.0, 1245.0, 1260.0, 1275.0], "y": [1, 0, 0, 0, 0, 0, 0, 0, 0, 2, 0, 0, 0, 0, 0, 1, 0, 1, 1, 0, 1, 1, 0, 1, 0, 1, 1, 1, 0, 0, 2, 0, 0, 0, 1, 1, 0, 1]}, "percentile": {"x": [727, 855, 869, 955, 979, 991, 1022, 1047, 1079, 1097, 1114, 1132, 1172, 1177, 1230, 1246, 1281], "y": [93.8, 87.5, 81.3, 75.0, 68.8, 62.5, 56.3, 50.0, 43.8, 37.5, 31.299999999999997, 25.0, 18.799999999999997, 12.5, 6.299999999999997, 0.0, -6.200000000000003]}}