{"histogram": {"y": [1, 0, 0, 1, 2, 2, 2, 1, 2, 5, 5, 2, 1, 5, 2, 7, 3, 6, 3, 6, 2, 10, 29, 20, 28, 17, 5, 0, 0, 0, 0, 0, 2, 0], "x": [780.0, 800.0, 820.0, 840.0, 860.0, 880.0, 900.0, 920.0, 940.0, 960.0, 980.0, 1000.0, 1020.0, 1040.0, 1060.0, 1080.0, 1100.0, 1120.0, 1140.0, 1160.0, 1180.0, 1200.0, 1220.0, 1240.0, 1260.0, 1280.0, 1300.0, 1320.0, 1340.0, 1360.0, 1380.0, 1400.0, 1420.0]}, "percentile": {"y": [99.5, 98.9, 98.3, 97.7, 97.1, 96.5, 95.9, 95.3, 94.7, 94.1, 93.5, 92.9, 92.3, 91.7, 91.1, 90.5, 89.9, 88.7, 88.1, 87.5, 87.0, 86.4, 85.8, 85.2, 84.6, 83.4, 82.8, 82.2, 81.6, 81.0, 80.4, 79.2, 78.6, 78.0, 77.4, 76.8, 76.2, 75.6, 75.0, 74.5, 73.9, 73.3, 72.7, 72.1, 71.5, 70.9, 70.3, 69.7, 69.1, 68.5, 67.9, 67.3, 66.7, 65.5, 64.9, 64.3, 63.1, 62.5, 62.0, 61.4, 60.8, 60.2, 59.6, 59.0, 58.4, 57.8, 57.2, 56.0, 54.8, 51.2, 50.0, 47.7, 47.1, 46.5, 45.3, 44.1, 43.5, 42.9, 42.3, 39.9, 39.3, 38.1, 36.4, 35.2, 34.0, 33.400000000000006, 32.2, 31.599999999999994, 31.0, 30.400000000000006, 29.200000000000003, 28.0, 26.200000000000003, 25.0, 23.299999999999997, 22.700000000000003, 21.5, 19.700000000000003, 19.099999999999994, 17.299999999999997, 16.700000000000003, 16.099999999999994, 15.5, 14.900000000000006, 14.299999999999997, 13.700000000000003, 12.5, 12.0, 10.200000000000003, 8.400000000000006, 6.599999999999994, 4.799999999999997, 4.200000000000003, 3.5999999999999943, 1.2000000000000028, 0.5999999999999943, 0.0, -0.5], "x": [774, 828, 844, 846, 860, 875, 885, 893, 910, 931, 932, 941, 947, 948, 950, 951, 969, 970, 972, 979, 982, 998, 1014, 1029, 1032, 1035, 1036, 1048, 1049, 1060, 1063, 1069, 1071, 1072, 1078, 1081, 1086, 1089, 1104, 1107, 1108, 1113, 1117, 1118, 1120, 1126, 1131, 1146, 1151, 1152, 1154, 1158, 1159, 1162, 1180, 1181, 1182, 1187, 1188, 1189, 1192, 1193, 1199, 1200, 1201, 1203, 1205, 1206, 1207, 1208, 1209, 1210, 1211, 1212, 1213, 1214, 1215, 1216, 1219, 1220, 1222, 1226, 1227, 1228, 1229, 1234, 1235, 1237, 1238, 1239, 1240, 1241, 1243, 1244, 1245, 1247, 1248, 1249, 1250, 1251, 1253, 1254, 1255, 1256, 1257, 1259, 1261, 1265, 1268, 1272, 1274, 1275, 1278, 1279, 1280, 1283, 1400, 1415]}}