{"histogram": {"x": [750.0, 765.0, 780.0, 795.0, 810.0, 825.0, 840.0, 855.0, 870.0, 885.0, 900.0, 915.0, 930.0, 945.0, 960.0, 975.0, 990.0, 1005.0, 1020.0, 1035.0, 1050.0, 1065.0, 1080.0, 1095.0, 1110.0, 1125.0, 1140.0, 1155.0, 1170.0, 1185.0, 1200.0, 1215.0, 1230.0, 1245.0, 1260.0, 1275.0, 1290.0, 1305.0, 1320.0, 1335.0, 1350.0, 1365.0, 1380.0, 1395.0, 1410.0, 1425.0], "y": [2, 0, 0, 2, 1, 3, 2, 0, 4, 1, 5, 5, 4, 2, 5, 6, 7, 3, 5, 4, 2, 4, 9, 7, 5, 4, 4, 14, 11, 14, 26, 17, 7, 8, 21, 2, 2, 0, 1, 0, 0, 0, 0, 0, 2, 0]}, "percentile": {"x": [751, 755, 795, 807, 823, 827, 830, 838, 850, 852, 871, 872, 879, 880, 887, 900, 904, 908, 909, 914, 920, 923, 925, 927, 933, 937, 943, 944, 950, 959, 963, 972, 973, 974, 978, 979, 980, 981, 984, 991, 994, 997, 999, 1001, 1002, 1008, 1014, 1015, 1024, 1025, 1029, 1030, 1036, 1041, 1045, 1046, 1053, 1061, 1066, 1078, 1079, 1083, 1085, 1086, 1090, 1092, 1093, 1095, 1096, 1100, 1101, 1107, 1108, 1112, 1113, 1115, 1128, 1131, 1136, 1137, 1143, 1149, 1152, 1156, 1158, 1159, 1161, 1162, 1163, 1164, 1167, 1168, 1170, 1174, 1175, 1178, 1180, 1182, 1183, 1184, 1185, 1187, 1188, 1191, 1193, 1194, 1196, 1197, 1199, 1201, 1202, 1203, 1205, 1206, 1207, 1208, 1209, 1211, 1212, 1213, 1215, 1218, 1219, 1220, 1222, 1223, 1224, 1225, 1227, 1228, 1229, 1235, 1238, 1241, 1242, 1244, 1245, 1248, 1251, 1252, 1253, 1255, 1256, 1262, 1265, 1266, 1267, 1268, 1269, 1270, 1271, 1273, 1274, 1276, 1287, 1290, 1297, 1320, 1415, 1424], "y": [99.6, 99.1, 98.7, 98.2, 97.8, 97.3, 96.9, 96.4, 96.0, 95.5, 95.0, 94.6, 94.1, 93.7, 93.2, 92.8, 92.3, 91.9, 91.4, 91.0, 90.5, 89.6, 89.1, 88.7, 88.2, 87.8, 87.3, 86.9, 86.4, 86.0, 85.5, 85.0, 84.1, 83.7, 83.2, 82.3, 81.9, 81.4, 81.0, 80.5, 80.0, 79.6, 79.1, 78.7, 77.8, 77.3, 76.9, 76.4, 76.0, 75.0, 74.6, 74.1, 73.7, 73.2, 72.8, 72.3, 71.9, 71.4, 71.0, 70.5, 69.6, 69.1, 67.8, 67.3, 66.4, 66.0, 65.5, 65.0, 64.6, 64.1, 63.2, 62.8, 62.3, 61.4, 60.5, 60.0, 59.6, 59.1, 58.7, 58.2, 57.3, 56.9, 56.4, 55.0, 54.6, 54.1, 53.7, 53.2, 52.3, 51.9, 51.0, 50.0, 49.1, 48.7, 48.2, 47.8, 47.3, 46.9, 46.4, 45.0, 43.2, 42.8, 41.9, 41.4, 41.0, 40.5, 40.0, 39.6, 38.7, 38.2, 37.8, 36.4, 34.599999999999994, 33.2, 32.3, 30.5, 30.0, 29.599999999999994, 27.799999999999997, 26.900000000000006, 25.0, 24.099999999999994, 23.700000000000003, 23.200000000000003, 22.799999999999997, 21.900000000000006, 21.400000000000006, 20.5, 20.0, 19.599999999999994, 19.099999999999994, 18.200000000000003, 17.799999999999997, 17.299999999999997, 16.400000000000006, 16.0, 15.5, 15.0, 14.599999999999994, 13.700000000000003, 13.200000000000003, 12.799999999999997, 12.299999999999997, 11.0, 10.0, 9.099999999999994, 8.700000000000003, 7.299999999999997, 6.400000000000006, 6.0, 5.0, 3.200000000000003, 2.799999999999997, 2.299999999999997, 1.9000000000000057, 1.4000000000000057, 1.0, 0.5, 0.0, -0.4000000000000057]}}