{"histogram": {"x": [690.0, 705.0, 720.0, 735.0, 750.0, 765.0, 780.0, 795.0, 810.0, 825.0, 840.0, 855.0, 870.0, 885.0, 900.0, 915.0, 930.0, 945.0, 960.0, 975.0, 990.0, 1005.0, 1020.0, 1035.0, 1050.0, 1065.0, 1080.0, 1095.0, 1110.0, 1125.0, 1140.0, 1155.0, 1170.0, 1185.0, 1200.0, 1215.0, 1230.0, 1245.0, 1260.0, 1275.0, 1290.0, 1305.0, 1320.0, 1335.0], "y": [1, 0, 0, 0, 1, 0, 0, 0, 0, 2, 0, 1, 1, 1, 2, 3, 4, 2, 2, 4, 2, 1, 4, 2, 3, 6, 4, 2, 4, 4, 8, 1, 4, 1, 16, 9, 7, 4, 6, 1, 1, 0, 1, 0]}, "percentile": {"x": [694, 760, 830, 831, 859, 876, 898, 901, 914, 916, 918, 927, 933, 938, 939, 944, 945, 955, 962, 963, 980, 983, 986, 998, 1000, 1017, 1020, 1024, 1026, 1033, 1035, 1041, 1055, 1061, 1063, 1065, 1066, 1067, 1070, 1072, 1081, 1084, 1085, 1086, 1096, 1097, 1115, 1116, 1121, 1125, 1132, 1137, 1142, 1143, 1148, 1151, 1152, 1153, 1155, 1172, 1173, 1175, 1181, 1195, 1201, 1203, 1204, 1205, 1206, 1207, 1210, 1211, 1212, 1215, 1219, 1225, 1227, 1229, 1231, 1234, 1236, 1238, 1241, 1242, 1247, 1252, 1257, 1261, 1265, 1268, 1269, 1271, 1285, 1295, 1325], "y": [99.2, 98.3, 97.4, 96.5, 95.7, 94.8, 93.9, 93.0, 92.2, 91.3, 90.4, 89.5, 88.6, 87.8, 86.9, 86.0, 85.1, 84.3, 83.4, 82.5, 81.6, 80.8, 79.0, 78.1, 77.2, 76.4, 75.5, 74.6, 73.7, 72.9, 72.0, 71.1, 70.2, 69.3, 68.5, 67.6, 66.7, 65.8, 64.1, 63.2, 62.3, 61.5, 60.6, 59.7, 58.8, 57.9, 57.1, 55.3, 54.4, 52.7, 51.8, 50.9, 50.0, 48.3, 46.5, 45.7, 44.8, 43.9, 43.0, 42.2, 41.3, 40.4, 39.5, 38.6, 37.8, 36.9, 36.0, 33.400000000000006, 31.599999999999994, 29.900000000000006, 29.0, 28.099999999999994, 24.599999999999994, 22.0, 20.200000000000003, 18.5, 17.599999999999994, 16.700000000000003, 15.799999999999997, 15.0, 13.200000000000003, 12.299999999999997, 11.5, 10.599999999999994, 8.799999999999997, 7.900000000000006, 7.099999999999994, 6.200000000000003, 4.400000000000006, 3.5999999999999943, 2.700000000000003, 1.7999999999999972, 0.9000000000000057, 0.0, -0.7999999999999972]}}