{"percentile": {"y": [98.6, 97.2, 95.8, 94.4, 93.0, 91.6, 90.2, 88.8, 87.4, 86.0, 84.6, 83.1, 81.7, 80.3, 78.9, 76.1, 73.3, 71.9, 70.5, 69.1, 67.7, 66.2, 63.4, 62.0, 60.6, 59.2, 57.8, 56.4, 55.0, 53.6, 52.2, 50.8, 49.3, 47.9, 46.5, 45.1, 43.7, 42.3, 39.5, 38.1, 35.3, 33.900000000000006, 31.0, 28.200000000000003, 25.400000000000006, 24.0, 21.200000000000003, 19.799999999999997, 17.0, 15.5, 14.099999999999994, 12.700000000000003, 11.299999999999997, 9.900000000000006, 5.700000000000003, 4.299999999999997, 2.9000000000000057, 1.5, -1.4000000000000057], "x": [811, 815, 866, 892, 920, 924, 932, 934, 940, 955, 958, 966, 982, 990, 1003, 1017, 1026, 1033, 1053, 1074, 1076, 1080, 1100, 1105, 1137, 1158, 1162, 1166, 1167, 1175, 1176, 1182, 1186, 1187, 1192, 1193, 1199, 1201, 1204, 1208, 1209, 1210, 1211, 1212, 1213, 1214, 1215, 1217, 1220, 1232, 1240, 1244, 1245, 1248, 1253, 1263, 1267, 1272, 1277]}, "histogram": {"y": [2, 0, 0, 1, 1, 0, 4, 3, 1, 2, 3, 3, 1, 2, 1, 3, 1, 1, 5, 6, 17, 3, 7, 5, 0], "x": [820.0, 840.0, 860.0, 880.0, 900.0, 920.0, 940.0, 960.0, 980.0, 1000.0, 1020.0, 1040.0, 1060.0, 1080.0, 1100.0, 1120.0, 1140.0, 1160.0, 1180.0, 1200.0, 1220.0, 1240.0, 1260.0, 1280.0]}}