{"histogram": {"y": [1, 0, 0, 0, 0, 0, 0, 0, 1, 0, 0, 1, 1, 0, 0, 1, 0, 0, 0, 0, 2, 1, 1, 0, 2, 1, 2, 0, 1, 4, 1, 2, 4, 1, 0, 0, 1, 0, 0, 0, 0, 0, 0, 1, 0], "x": [765.0, 780.0, 795.0, 810.0, 825.0, 840.0, 855.0, 870.0, 885.0, 900.0, 915.0, 930.0, 945.0, 960.0, 975.0, 990.0, 1005.0, 1020.0, 1035.0, 1050.0, 1065.0, 1080.0, 1095.0, 1110.0, 1125.0, 1140.0, 1155.0, 1170.0, 1185.0, 1200.0, 1215.0, 1230.0, 1245.0, 1260.0, 1275.0, 1290.0, 1305.0, 1320.0, 1335.0, 1350.0, 1365.0, 1380.0, 1395.0, 1410.0, 1425.0]}, "percentile": {"y": [96.5, 92.9, 89.3, 85.8, 82.2, 78.6, 75.0, 71.5, 67.9, 64.3, 60.8, 57.2, 53.6, 50.0, 46.5, 39.3, 35.8, 32.2, 28.599999999999994, 25.0, 21.5, 17.900000000000006, 14.299999999999997, 10.799999999999997, 7.200000000000003, 3.5999999999999943, 0.0, -3.5], "x": [767, 887, 931, 948, 1002, 1071, 1073, 1083, 1100, 1125, 1137, 1147, 1163, 1165, 1185, 1207, 1208, 1213, 1215, 1235, 1239, 1249, 1255, 1256, 1257, 1265, 1318, 1424]}}