{"histogram": {"y": [1, 0, 0, 1, 1, 1, 0, 0, 1, 0, 1, 1, 2, 1, 1, 2, 1, 2, 0, 0, 1, 1, 1, 1, 2, 7, 3, 1, 0, 3, 1, 0, 0, 0, 0, 0, 0, 0, 0, 1, 0], "x": [825.0, 840.0, 855.0, 870.0, 885.0, 900.0, 915.0, 930.0, 945.0, 960.0, 975.0, 990.0, 1005.0, 1020.0, 1035.0, 1050.0, 1065.0, 1080.0, 1095.0, 1110.0, 1125.0, 1140.0, 1155.0, 1170.0, 1185.0, 1200.0, 1215.0, 1230.0, 1245.0, 1260.0, 1275.0, 1290.0, 1305.0, 1320.0, 1335.0, 1350.0, 1365.0, 1380.0, 1395.0, 1410.0, 1425.0]}, "percentile": {"y": [97.3, 94.6, 91.9, 89.2, 86.5, 83.8, 81.1, 78.4, 75.7, 73.0, 70.3, 67.6, 64.9, 62.2, 56.8, 54.1, 51.4, 48.7, 46.0, 43.3, 40.6, 37.9, 32.5, 29.799999999999997, 27.099999999999994, 24.400000000000006, 21.700000000000003, 19.0, 16.299999999999997, 13.599999999999994, 10.900000000000006, 8.200000000000003, 5.5, 2.799999999999997, 0.0, -2.700000000000003], "x": [838, 870, 895, 906, 949, 988, 997, 1008, 1016, 1031, 1035, 1059, 1062, 1065, 1088, 1133, 1153, 1159, 1173, 1186, 1190, 1203, 1206, 1207, 1209, 1210, 1212, 1219, 1224, 1228, 1237, 1263, 1269, 1272, 1288, 1424]}}