{"histogram": {"y": [1, 1, 1, 0, 1, 1, 1, 4, 1, 0, 0, 0, 2, 0, 2, 13, 5, 5, 5, 3, 1, 2, 0, 0, 0, 1], "x": [920.0, 940.0, 960.0, 980.0, 1000.0, 1020.0, 1040.0, 1060.0, 1080.0, 1100.0, 1120.0, 1140.0, 1160.0, 1180.0, 1200.0, 1220.0, 1240.0, 1260.0, 1280.0, 1300.0, 1320.0, 1340.0, 1360.0, 1380.0, 1400.0]}, "percentile": {"y": [98.0, 96.0, 93.9, 91.9, 89.8, 87.8, 85.8, 83.7, 81.7, 79.6, 77.6, 75.6, 73.5, 71.5, 69.4, 67.4, 65.4, 61.3, 57.2, 51.1, 49.0, 47.0, 44.9, 42.9, 40.9, 38.8, 36.8, 34.7, 32.7, 28.599999999999994, 26.599999999999994, 24.5, 22.5, 18.400000000000006, 16.400000000000006, 14.299999999999997, 12.299999999999997, 10.299999999999997, 8.200000000000003, 6.200000000000003, 4.099999999999994, 2.0999999999999943, 0.0, -2.0], "x": [919, 921, 942, 985, 1006, 1029, 1040, 1041, 1057, 1059, 1071, 1154, 1155, 1181, 1188, 1201, 1202, 1203, 1208, 1210, 1211, 1213, 1214, 1215, 1220, 1229, 1230, 1234, 1239, 1244, 1245, 1257, 1259, 1266, 1271, 1274, 1275, 1280, 1285, 1286, 1306, 1321, 1325, 1415]}}