{"percentile": {"y": [98.5, 97.0, 95.4, 93.9, 92.4, 90.8, 87.7, 86.2, 84.7, 83.1, 81.6, 80.0, 78.5, 77.0, 75.4, 73.9, 72.4, 70.8, 69.3, 66.2, 64.7, 63.1, 61.6, 60.0, 58.5, 57.0, 50.8, 47.7, 46.2, 44.7, 43.1, 38.5, 35.400000000000006, 33.900000000000006, 32.400000000000006, 30.799999999999997, 27.700000000000003, 26.200000000000003, 24.700000000000003, 21.599999999999994, 20.0, 18.5, 17.0, 15.400000000000006, 13.900000000000006, 12.400000000000006, 10.799999999999997, 9.299999999999997, 7.700000000000003, 6.200000000000003, 4.700000000000003, 3.0999999999999943, 1.5999999999999943, 0.0, -1.5], "x": [775, 784, 810, 824, 901, 921, 949, 956, 1024, 1026, 1042, 1054, 1077, 1101, 1102, 1116, 1128, 1130, 1136, 1146, 1164, 1166, 1182, 1185, 1194, 1203, 1204, 1205, 1206, 1207, 1208, 1212, 1213, 1214, 1215, 1224, 1225, 1228, 1234, 1239, 1242, 1245, 1253, 1254, 1257, 1263, 1270, 1274, 1278, 1282, 1289, 1309, 1320, 1334, 1367]}, "histogram": {"y": [1, 1, 0, 2, 0, 0, 0, 0, 0, 1, 1, 0, 3, 0, 0, 0, 0, 2, 1, 1, 1, 0, 2, 1, 3, 2, 2, 1, 2, 16, 5, 4, 4, 3, 3, 0, 1, 2, 0, 0, 1], "x": [765.0, 780.0, 795.0, 810.0, 825.0, 840.0, 855.0, 870.0, 885.0, 900.0, 915.0, 930.0, 945.0, 960.0, 975.0, 990.0, 1005.0, 1020.0, 1035.0, 1050.0, 1065.0, 1080.0, 1095.0, 1110.0, 1125.0, 1140.0, 1155.0, 1170.0, 1185.0, 1200.0, 1215.0, 1230.0, 1245.0, 1260.0, 1275.0, 1290.0, 1305.0, 1320.0, 1335.0, 1350.0, 1365.0]}}