{"percentile": {"x": [828, 862, 876, 886, 890, 897, 903, 917, 953, 961, 975, 989, 1000, 1005, 1014, 1020, 1027, 1030, 1041, 1044, 1048, 1052, 1057, 1065, 1066, 1069, 1071, 1074, 1076, 1077, 1082, 1084, 1092, 1097, 1100, 1107, 1110, 1115, 1120, 1123, 1125, 1127, 1129, 1138, 1140, 1158, 1161, 1162, 1163, 1167, 1174, 1178, 1183, 1190, 1193, 1199, 1200, 1202, 1203, 1204, 1205, 1207, 1208, 1209, 1210, 1211, 1212, 1213, 1214, 1215, 1217, 1218, 1219, 1220, 1221, 1224, 1225, 1226, 1227, 1228, 1229, 1230, 1232, 1235, 1238, 1239, 1240, 1241, 1242, 1244, 1249, 1250, 1252, 1259, 1260, 1262, 1263, 1265, 1266, 1267, 1268, 1270, 1274, 1275, 1278, 1279, 1280, 1285, 1290, 1294, 1296, 1297, 1324], "y": [99.4, 98.8, 98.2, 97.6, 97.0, 96.3, 95.7, 95.1, 94.5, 93.9, 93.3, 92.6, 92.0, 91.4, 90.8, 90.2, 89.6, 88.9, 88.3, 87.1, 86.5, 85.9, 85.2, 84.6, 84.0, 83.4, 82.8, 82.1, 81.5, 80.9, 80.3, 79.7, 78.4, 77.8, 76.6, 76.0, 75.4, 73.5, 72.9, 72.3, 71.7, 71.0, 70.4, 69.8, 69.2, 68.6, 68.0, 67.3, 66.1, 64.9, 64.2, 63.6, 62.4, 61.8, 61.2, 60.5, 59.3, 58.7, 57.5, 56.2, 54.4, 51.9, 50.7, 50.0, 46.3, 44.5, 43.3, 39.6, 36.5, 34.599999999999994, 34.0, 33.400000000000006, 32.8, 32.099999999999994, 31.5, 30.900000000000006, 30.299999999999997, 29.700000000000003, 29.099999999999994, 28.400000000000006, 27.200000000000003, 26.599999999999994, 25.400000000000006, 24.099999999999994, 22.900000000000006, 21.700000000000003, 20.400000000000006, 19.200000000000003, 18.599999999999994, 18.0, 17.299999999999997, 16.700000000000003, 16.099999999999994, 15.5, 14.200000000000003, 13.0, 12.400000000000006, 9.900000000000006, 9.299999999999997, 8.700000000000003, 8.099999999999994, 6.799999999999997, 6.200000000000003, 5.599999999999994, 5.0, 4.400000000000006, 3.799999999999997, 3.0999999999999943, 2.5, 1.2999999999999972, 0.7000000000000028, 0.0, -0.5999999999999943]}, "histogram": {"x": [840.0, 860.0, 880.0, 900.0, 920.0, 940.0, 960.0, 980.0, 1000.0, 1020.0, 1040.0, 1060.0, 1080.0, 1100.0, 1120.0, 1140.0, 1160.0, 1180.0, 1200.0, 1220.0, 1240.0, 1260.0, 1280.0, 1300.0, 1320.0], "y": [1, 0, 2, 3, 2, 0, 1, 2, 1, 3, 3, 6, 7, 5, 7, 6, 2, 8, 5, 45, 18, 10, 18, 7, 0, 1]}}