{"histogram": {"x": [860.0, 880.0, 900.0, 920.0, 940.0, 960.0, 980.0, 1000.0, 1020.0, 1040.0, 1060.0, 1080.0, 1100.0, 1120.0, 1140.0, 1160.0, 1180.0, 1200.0, 1220.0, 1240.0, 1260.0, 1280.0, 1300.0, 1320.0], "y": [1, 0, 0, 0, 2, 1, 0, 1, 1, 5, 3, 1, 4, 2, 4, 3, 0, 3, 3, 3, 5, 4, 2, 0]}, "percentile": {"x": [860, 942, 951, 970, 1015, 1036, 1043, 1046, 1049, 1050, 1061, 1062, 1079, 1095, 1104, 1110, 1112, 1121, 1126, 1142, 1149, 1157, 1158, 1164, 1169, 1176, 1204, 1205, 1217, 1220, 1234, 1239, 1247, 1250, 1256, 1261, 1263, 1265, 1270, 1272, 1283, 1288, 1289, 1290, 1313, 1315], "y": [97.9, 95.8, 93.7, 91.5, 89.4, 87.3, 85.2, 83.0, 80.9, 76.6, 74.5, 72.4, 70.3, 68.1, 66.0, 61.8, 59.6, 57.5, 55.4, 53.2, 51.1, 49.0, 46.9, 44.7, 42.6, 40.5, 38.3, 36.2, 34.099999999999994, 32.0, 29.799999999999997, 27.700000000000003, 25.599999999999994, 23.5, 21.299999999999997, 19.200000000000003, 17.099999999999994, 14.900000000000006, 12.799999999999997, 10.700000000000003, 8.599999999999994, 6.400000000000006, 4.299999999999997, 2.200000000000003, 0.0, -2.0999999999999943]}}