{"histogram": {"y": [1, 0, 0, 1, 0, 0, 0, 2, 1, 0, 1, 0, 2, 0, 2, 2, 0, 0, 1, 2, 1, 0, 0, 0, 0, 1], "x": [945.0, 960.0, 975.0, 990.0, 1005.0, 1020.0, 1035.0, 1050.0, 1065.0, 1080.0, 1095.0, 1110.0, 1125.0, 1140.0, 1155.0, 1170.0, 1185.0, 1200.0, 1215.0, 1230.0, 1245.0, 1260.0, 1275.0, 1290.0, 1305.0, 1320.0]}, "percentile": {"y": [93.8, 87.5, 81.3, 75.0, 68.8, 62.5, 56.3, 50.0, 43.8, 37.5, 31.299999999999997, 25.0, 18.799999999999997, 12.5, 6.299999999999997, 0.0, -6.200000000000003], "x": [954, 1001, 1054, 1064, 1066, 1108, 1131, 1135, 1161, 1164, 1179, 1181, 1216, 1233, 1235, 1253, 1320]}}