{"histogram": {"y": [1, 1, 1, 1, 1, 1, 0, 3, 0, 2, 0, 0, 0, 0, 4, 3, 1, 1, 2, 1, 1, 3, 5, 3, 1, 5, 2], "x": [780.0, 800.0, 820.0, 840.0, 860.0, 880.0, 900.0, 920.0, 940.0, 960.0, 980.0, 1000.0, 1020.0, 1040.0, 1060.0, 1080.0, 1100.0, 1120.0, 1140.0, 1160.0, 1180.0, 1200.0, 1220.0, 1240.0, 1260.0, 1280.0]}, "percentile": {"y": [97.7, 95.3, 92.9, 90.5, 88.1, 85.8, 83.4, 81.0, 78.6, 76.2, 73.9, 71.5, 69.1, 66.7, 64.3, 62.0, 59.6, 57.2, 54.8, 52.4, 50.0, 47.7, 45.3, 42.9, 40.5, 38.1, 35.8, 33.400000000000006, 31.0, 28.599999999999994, 26.200000000000003, 23.900000000000006, 21.5, 19.099999999999994, 16.700000000000003, 14.299999999999997, 12.0, 9.599999999999994, 7.200000000000003, 2.4000000000000057, 0.0, -2.299999999999997], "x": [771, 788, 816, 837, 857, 864, 901, 905, 910, 948, 956, 1042, 1047, 1049, 1059, 1065, 1071, 1079, 1080, 1104, 1126, 1139, 1152, 1164, 1182, 1187, 1199, 1201, 1206, 1207, 1214, 1215, 1225, 1227, 1228, 1246, 1261, 1264, 1265, 1270, 1280, 1282]}}