{"histogram": {"y": [1, 0, 0, 2, 3, 5, 4, 7, 8, 7, 8, 9, 16, 23, 20, 24, 21, 23, 24, 27, 29, 20, 32, 41, 36, 111, 88, 83, 58, 20, 10, 3, 3, 0, 0, 0, 4], "x": [720.0, 740.0, 760.0, 780.0, 800.0, 820.0, 840.0, 860.0, 880.0, 900.0, 920.0, 940.0, 960.0, 980.0, 1000.0, 1020.0, 1040.0, 1060.0, 1080.0, 1100.0, 1120.0, 1140.0, 1160.0, 1180.0, 1200.0, 1220.0, 1240.0, 1260.0, 1280.0, 1300.0, 1320.0, 1340.0, 1360.0, 1380.0, 1400.0, 1420.0]}, "percentile": {"y": [100.0, 99.9, 99.8, 99.7, 99.5, 99.4, 99.3, 99.0, 98.9, 98.7, 98.6, 98.5, 98.4, 98.2, 98.1, 98.0, 97.8, 97.7, 97.6, 97.3, 97.2, 96.9, 96.8, 96.7, 96.5, 96.4, 96.3, 96.1, 96.0, 95.9, 95.8, 95.5, 95.4, 95.2, 95.1, 95.0, 94.8, 94.7, 94.6, 94.3, 94.2, 94.1, 93.9, 93.7, 93.5, 93.4, 93.3, 93.2, 93.0, 92.8, 92.6, 92.4, 92.2, 92.1, 92.0, 91.6, 91.5, 91.3, 91.2, 91.1, 90.9, 90.6, 90.4, 90.3, 90.2, 90.0, 89.9, 89.5, 89.4, 89.0, 88.9, 88.7, 88.3, 88.1, 88.0, 87.7, 87.6, 87.4, 87.2, 87.0, 86.7, 86.5, 86.4, 86.1, 85.6, 85.4, 85.1, 85.0, 84.7, 84.2, 84.1, 83.5, 82.9, 82.5, 82.4, 82.2, 82.0, 81.8, 81.6, 81.2, 80.9, 80.7, 80.3, 79.9, 79.6, 79.5, 79.4, 79.1, 78.9, 78.7, 78.6, 78.3, 78.2, 78.1, 77.8, 77.4, 77.2, 77.0, 76.9, 76.5, 76.1, 75.9, 75.6, 75.1, 74.8, 74.7, 74.6, 74.3, 73.9, 73.8, 73.7, 73.4, 73.3, 73.1, 73.0, 72.9, 72.5, 72.2, 72.1, 71.8, 71.6, 71.3, 70.9, 70.8, 70.4, 70.0, 69.9, 69.6, 69.4, 69.0, 68.8, 68.3, 68.1, 67.7, 67.3, 67.0, 66.8, 66.6, 66.4, 66.1, 65.7, 65.6, 65.5, 65.2, 65.1, 64.9, 64.7, 64.4, 64.2, 64.0, 63.9, 63.5, 63.4, 63.2, 62.7, 62.5, 62.2, 62.1, 61.8, 61.4, 61.2, 61.0, 60.6, 60.3, 60.0, 59.9, 59.7, 59.3, 58.8, 58.7, 58.3, 58.0, 57.8, 57.3, 57.0, 56.7, 56.4, 56.2, 56.0, 55.8, 55.7, 55.3, 54.8, 54.4, 54.0, 53.5, 53.1, 52.8, 52.7, 52.6, 52.3, 52.2, 52.1, 51.7, 51.5, 51.3, 51.2, 50.9, 50.5, 50.1, 50.0, 49.9, 49.3, 49.1, 48.7, 48.2, 47.9, 46.9, 45.8, 45.3, 43.9, 43.0, 42.3, 41.5, 40.2, 39.6, 38.4, 37.6, 36.2, 35.900000000000006, 35.7, 35.599999999999994, 34.900000000000006, 33.900000000000006, 33.3, 32.900000000000006, 32.2, 31.5, 31.400000000000006, 31.099999999999994, 30.5, 30.099999999999994, 29.700000000000003, 29.0, 28.5, 27.900000000000006, 26.799999999999997, 25.799999999999997, 25.299999999999997, 24.5, 24.0, 23.5, 23.299999999999997, 22.5, 22.400000000000006, 22.200000000000003, 21.5, 20.5, 19.799999999999997, 19.200000000000003, 18.599999999999994, 18.099999999999994, 17.299999999999997, 16.799999999999997, 16.400000000000006, 15.700000000000003, 15.099999999999994, 14.599999999999994, 13.799999999999997, 13.400000000000006, 13.299999999999997, 12.700000000000003, 12.099999999999994, 11.900000000000006, 11.599999999999994, 11.5, 11.099999999999994, 10.099999999999994, 9.5, 9.200000000000003, 8.599999999999994, 8.099999999999994, 7.599999999999994, 7.5, 7.099999999999994, 6.799999999999997, 6.599999999999994, 6.400000000000006, 5.900000000000006, 5.799999999999997, 5.599999999999994, 5.099999999999994, 4.5, 4.299999999999997, 4.099999999999994, 3.799999999999997, 3.4000000000000057, 3.299999999999997, 3.0, 2.9000000000000057, 2.799999999999997, 2.700000000000003, 2.5, 2.4000000000000057, 2.299999999999997, 2.0, 1.9000000000000057, 1.5999999999999943, 1.5, 1.2000000000000028, 1.0, 0.7999999999999972, 0.7000000000000028, 0.5999999999999943, 0.4000000000000057, 0.29999999999999716, 0.20000000000000284], "x": [717, 762, 771, 782, 788, 796, 800, 802, 808, 815, 821, 822, 828, 835, 844, 845, 854, 855, 856, 857, 860, 864, 869, 873, 875, 876, 878, 881, 883, 891, 892, 896, 899, 907, 910, 912, 913, 915, 917, 918, 920, 925, 928, 929, 931, 933, 935, 937, 940, 941, 942, 946, 947, 948, 951, 953, 954, 955, 956, 957, 960, 961, 962, 965, 967, 968, 970, 971, 972, 973, 975, 977, 978, 979, 982, 983, 984, 988, 989, 990, 993, 995, 996, 998, 999, 1002, 1003, 1006, 1009, 1012, 1014, 1015, 1017, 1018, 1019, 1021, 1024, 1026, 1027, 1030, 1031, 1034, 1036, 1037, 1038, 1040, 1041, 1042, 1043, 1044, 1045, 1046, 1047, 1049, 1050, 1051, 1053, 1055, 1056, 1061, 1062, 1064, 1067, 1069, 1070, 1071, 1074, 1076, 1077, 1078, 1079, 1082, 1083, 1085, 1088, 1089, 1090, 1091, 1092, 1093, 1094, 1095, 1096, 1097, 1098, 1099, 1101, 1104, 1105, 1106, 1107, 1108, 1110, 1111, 1112, 1113, 1114, 1115, 1118, 1121, 1122, 1123, 1125, 1126, 1127, 1128, 1129, 1130, 1133, 1135, 1136, 1140, 1142, 1143, 1144, 1145, 1146, 1149, 1150, 1151, 1152, 1153, 1154, 1155, 1157, 1158, 1159, 1160, 1161, 1163, 1164, 1165, 1167, 1169, 1170, 1171, 1172, 1173, 1174, 1175, 1176, 1177, 1178, 1179, 1180, 1181, 1182, 1183, 1185, 1186, 1187, 1189, 1190, 1191, 1192, 1193, 1194, 1195, 1196, 1197, 1198, 1199, 1200, 1201, 1202, 1203, 1204, 1205, 1206, 1207, 1208, 1209, 1210, 1211, 1212, 1213, 1214, 1215, 1216, 1217, 1218, 1219, 1220, 1221, 1222, 1224, 1225, 1226, 1227, 1228, 1229, 1230, 1231, 1232, 1233, 1234, 1235, 1236, 1237, 1238, 1239, 1240, 1241, 1242, 1243, 1244, 1245, 1246, 1247, 1248, 1249, 1250, 1251, 1252, 1253, 1254, 1255, 1256, 1257, 1258, 1259, 1260, 1261, 1262, 1263, 1264, 1265, 1266, 1267, 1268, 1269, 1270, 1271, 1272, 1273, 1274, 1275, 1276, 1277, 1278, 1279, 1280, 1283, 1288, 1289, 1290, 1293, 1294, 1295, 1296, 1297, 1299, 1302, 1305, 1308, 1311, 1313, 1314, 1315, 1320, 1322, 1350, 1351, 1356, 1421, 1423, 1424]}}
