{"histogram": {"x": [740.0, 760.0, 780.0, 800.0, 820.0, 840.0, 860.0, 880.0, 900.0, 920.0, 940.0, 960.0, 980.0, 1000.0, 1020.0, 1040.0, 1060.0, 1080.0, 1100.0, 1120.0, 1140.0, 1160.0, 1180.0, 1200.0, 1220.0, 1240.0, 1260.0, 1280.0, 1300.0, 1320.0, 1340.0, 1360.0], "y": [1, 0, 0, 1, 0, 2, 0, 1, 2, 0, 1, 1, 0, 1, 1, 2, 1, 1, 0, 0, 0, 2, 5, 6, 2, 4, 9, 1, 3, 0, 1, 0]}, "percentile": {"x": [743, 810, 841, 847, 883, 912, 917, 948, 964, 1012, 1023, 1041, 1054, 1078, 1084, 1172, 1174, 1180, 1185, 1188, 1197, 1204, 1205, 1206, 1207, 1211, 1220, 1236, 1245, 1251, 1254, 1255, 1261, 1267, 1268, 1270, 1275, 1276, 1277, 1288, 1306, 1310, 1313, 1359], "y": [97.9, 95.8, 93.7, 91.5, 89.4, 87.3, 85.2, 83.0, 80.9, 78.8, 76.6, 74.5, 72.4, 70.3, 68.1, 66.0, 63.9, 59.6, 57.5, 55.4, 53.2, 51.1, 49.0, 44.7, 42.6, 40.5, 38.3, 36.2, 34.099999999999994, 32.0, 29.799999999999997, 27.700000000000003, 25.599999999999994, 23.5, 21.299999999999997, 17.099999999999994, 12.799999999999997, 10.700000000000003, 8.599999999999994, 6.400000000000006, 4.299999999999997, 2.200000000000003, 0.0, -2.0999999999999943]}}