{"percentile": {"y": [97.7, 95.4, 93.1, 90.7, 88.4, 86.1, 83.8, 81.4, 79.1, 76.8, 74.5, 72.1, 69.8, 67.5, 65.2, 62.8, 60.5, 58.2, 55.9, 53.5, 51.2, 48.9, 46.6, 44.2, 41.9, 39.6, 32.599999999999994, 30.299999999999997, 28.0, 25.599999999999994, 23.299999999999997, 21.0, 18.700000000000003, 16.299999999999997, 14.0, 11.700000000000003, 7.0, 4.700000000000003, 2.4000000000000057, 0.0, -2.299999999999997], "x": [946, 967, 969, 981, 1012, 1015, 1017, 1026, 1048, 1053, 1072, 1073, 1078, 1091, 1092, 1101, 1114, 1115, 1121, 1127, 1135, 1150, 1189, 1198, 1202, 1207, 1208, 1209, 1210, 1212, 1215, 1222, 1225, 1240, 1241, 1248, 1265, 1275, 1278, 1321, 1331]}, "histogram": {"y": [1, 2, 1, 3, 1, 2, 3, 2, 3, 3, 1, 0, 2, 9, 2, 3, 4, 0, 0, 2, 0], "x": [940.0, 960.0, 980.0, 1000.0, 1020.0, 1040.0, 1060.0, 1080.0, 1100.0, 1120.0, 1140.0, 1160.0, 1180.0, 1200.0, 1220.0, 1240.0, 1260.0, 1280.0, 1300.0, 1320.0, 1340.0]}}