{"histogram": {"y": [1, 0, 0, 0, 0, 0, 0, 0, 1, 1, 0, 0, 1, 0, 0, 0, 2, 3, 2, 4, 9, 4, 6, 2, 2, 0], "x": [820.0, 840.0, 860.0, 880.0, 900.0, 920.0, 940.0, 960.0, 980.0, 1000.0, 1020.0, 1040.0, 1060.0, 1080.0, 1100.0, 1120.0, 1140.0, 1160.0, 1180.0, 1200.0, 1220.0, 1240.0, 1260.0, 1280.0, 1300.0, 1320.0]}, "percentile": {"y": [97.3, 94.6, 91.9, 89.2, 86.5, 83.8, 81.1, 78.4, 75.7, 73.0, 70.3, 67.6, 64.9, 62.2, 59.5, 56.8, 54.1, 48.7, 43.3, 40.6, 37.9, 35.2, 32.5, 29.799999999999997, 27.099999999999994, 24.400000000000006, 19.0, 16.299999999999997, 13.599999999999994, 10.900000000000006, 8.200000000000003, 5.5, 2.799999999999997, 0.0, -2.700000000000003], "x": [820, 985, 1018, 1062, 1149, 1157, 1167, 1171, 1178, 1194, 1199, 1203, 1206, 1209, 1212, 1222, 1224, 1227, 1233, 1234, 1236, 1238, 1240, 1241, 1245, 1253, 1261, 1267, 1268, 1275, 1277, 1282, 1290, 1300, 1314]}}