{"histogram": {"y": [1, 0, 0, 2, 3, 0, 2, 1, 1, 5, 6, 4, 6, 5, 4, 6, 10, 7, 12, 12, 16, 17, 16, 57, 32, 29, 30, 7, 1, 4, 0, 1, 0, 0, 2, 0], "x": [740.0, 760.0, 780.0, 800.0, 820.0, 840.0, 860.0, 880.0, 900.0, 920.0, 940.0, 960.0, 980.0, 1000.0, 1020.0, 1040.0, 1060.0, 1080.0, 1100.0, 1120.0, 1140.0, 1160.0, 1180.0, 1200.0, 1220.0, 1240.0, 1260.0, 1280.0, 1300.0, 1320.0, 1340.0, 1360.0, 1380.0, 1400.0, 1420.0, 1440.0]}, "percentile": {"y": [99.7, 99.4, 99.0, 98.7, 98.4, 98.0, 97.7, 97.4, 97.0, 96.7, 96.4, 96.0, 95.7, 95.4, 95.0, 94.3, 94.0, 93.7, 93.0, 92.7, 92.3, 92.0, 91.7, 91.3, 91.0, 90.7, 90.3, 90.0, 89.6, 89.3, 89.0, 88.6, 88.3, 88.0, 87.6, 87.3, 87.0, 86.6, 86.3, 86.0, 85.6, 84.6, 83.9, 83.6, 83.3, 82.9, 82.6, 82.3, 81.9, 81.6, 81.3, 80.9, 80.3, 79.9, 79.6, 79.2, 78.9, 78.6, 78.2, 77.9, 77.6, 77.2, 76.9, 76.6, 76.2, 75.9, 75.6, 74.9, 74.5, 73.9, 73.2, 72.9, 72.5, 72.2, 71.9, 71.5, 71.2, 70.9, 70.5, 69.5, 68.8, 68.5, 68.2, 67.8, 67.5, 67.2, 66.5, 65.5, 65.2, 63.8, 63.1, 62.8, 62.1, 61.1, 60.8, 60.1, 59.8, 59.4, 59.1, 58.8, 58.4, 58.1, 57.8, 57.4, 57.1, 56.4, 56.1, 55.8, 55.4, 54.4, 53.7, 52.7, 52.4, 51.4, 50.4, 49.4, 48.4, 48.0, 47.4, 46.4, 43.7, 43.0, 41.0, 40.3, 38.6, 36.0, 35.599999999999994, 35.3, 34.900000000000006, 34.599999999999994, 34.3, 32.599999999999994, 32.3, 31.599999999999994, 30.599999999999994, 29.599999999999994, 28.900000000000006, 27.900000000000006, 27.599999999999994, 26.599999999999994, 26.200000000000003, 25.900000000000006, 25.599999999999994, 24.5, 23.5, 23.200000000000003, 22.200000000000003, 21.5, 19.799999999999997, 18.799999999999997, 18.200000000000003, 17.5, 17.200000000000003, 16.5, 15.799999999999997, 15.5, 14.799999999999997, 14.099999999999994, 13.799999999999997, 12.5, 11.5, 10.099999999999994, 9.099999999999994, 8.799999999999997, 7.400000000000006, 7.099999999999994, 6.799999999999997, 6.400000000000006, 5.799999999999997, 5.400000000000006, 5.099999999999994, 4.700000000000003, 4.099999999999994, 3.4000000000000057, 3.0999999999999943, 2.700000000000003, 2.4000000000000057, 2.0999999999999943, 1.7000000000000028, 1.4000000000000057, 1.0999999999999943, 0.7000000000000028, 0.4000000000000057, -0.29999999999999716], "x": [742, 802, 815, 821, 828, 835, 860, 866, 896, 903, 920, 928, 932, 934, 938, 942, 944, 945, 946, 961, 966, 969, 971, 981, 984, 986, 992, 993, 994, 1004, 1006, 1012, 1013, 1019, 1024, 1031, 1037, 1039, 1044, 1049, 1053, 1055, 1061, 1063, 1064, 1068, 1070, 1074, 1075, 1077, 1079, 1084, 1085, 1090, 1091, 1094, 1097, 1100, 1102, 1104, 1106, 1108, 1110, 1112, 1113, 1116, 1117, 1119, 1127, 1128, 1129, 1130, 1132, 1135, 1136, 1137, 1138, 1139, 1140, 1146, 1147, 1150, 1152, 1153, 1154, 1155, 1157, 1159, 1161, 1164, 1166, 1168, 1173, 1174, 1175, 1177, 1178, 1180, 1183, 1184, 1185, 1186, 1187, 1188, 1189, 1192, 1193, 1195, 1198, 1199, 1200, 1201, 1202, 1203, 1204, 1205, 1206, 1207, 1208, 1209, 1210, 1211, 1212, 1213, 1214, 1215, 1216, 1217, 1220, 1221, 1222, 1224, 1225, 1226, 1227, 1228, 1232, 1233, 1234, 1235, 1236, 1237, 1238, 1239, 1240, 1242, 1243, 1244, 1245, 1246, 1247, 1249, 1252, 1254, 1255, 1257, 1259, 1260, 1261, 1263, 1264, 1265, 1266, 1269, 1270, 1271, 1273, 1274, 1275, 1276, 1277, 1278, 1280, 1284, 1286, 1290, 1294, 1300, 1320, 1322, 1324, 1325, 1363, 1424]}}