{"histogram": {"x": [680.0, 700.0, 720.0, 740.0, 760.0, 780.0, 800.0, 820.0, 840.0, 860.0, 880.0, 900.0, 920.0, 940.0, 960.0, 980.0, 1000.0, 1020.0, 1040.0, 1060.0, 1080.0, 1100.0, 1120.0, 1140.0, 1160.0, 1180.0, 1200.0, 1220.0, 1240.0, 1260.0, 1280.0, 1300.0, 1320.0, 1340.0, 1360.0, 1380.0, 1400.0, 1420.0], "y": [1, 0, 1, 1, 0, 0, 2, 0, 2, 4, 0, 2, 2, 4, 5, 3, 2, 6, 9, 7, 5, 2, 7, 6, 4, 5, 6, 32, 11, 4, 10, 1, 1, 1, 0, 0, 0, 1, 0]}, "percentile": {"x": [670, 714, 730, 780, 784, 825, 839, 843, 850, 852, 856, 881, 897, 913, 919, 922, 930, 931, 935, 941, 950, 951, 952, 966, 967, 972, 996, 999, 1000, 1006, 1008, 1009, 1017, 1020, 1025, 1030, 1035, 1036, 1038, 1040, 1045, 1053, 1057, 1065, 1071, 1073, 1074, 1075, 1082, 1097, 1104, 1106, 1110, 1112, 1113, 1122, 1125, 1127, 1135, 1139, 1144, 1147, 1153, 1156, 1170, 1171, 1174, 1175, 1180, 1194, 1197, 1199, 1201, 1202, 1203, 1205, 1207, 1208, 1209, 1210, 1211, 1213, 1214, 1215, 1216, 1217, 1218, 1220, 1224, 1226, 1231, 1233, 1235, 1236, 1239, 1240, 1251, 1253, 1257, 1260, 1263, 1265, 1267, 1268, 1273, 1274, 1275, 1297, 1300, 1329, 1414], "y": [99.4, 98.7, 98.0, 97.3, 96.6, 95.9, 95.3, 94.6, 93.9, 93.2, 92.5, 91.8, 91.1, 90.5, 89.8, 89.1, 88.4, 87.7, 87.0, 85.7, 85.0, 84.3, 83.6, 82.9, 82.2, 81.6, 80.9, 80.2, 78.8, 78.1, 77.4, 76.8, 76.1, 75.4, 74.7, 72.7, 72.0, 70.6, 69.9, 67.9, 66.5, 65.8, 65.1, 64.4, 63.7, 63.1, 62.4, 61.7, 61.0, 60.3, 59.6, 58.3, 57.6, 56.9, 55.5, 54.8, 53.5, 52.8, 52.1, 51.4, 50.7, 50.0, 49.4, 48.7, 47.3, 46.6, 45.9, 45.3, 44.6, 43.9, 42.5, 41.1, 40.5, 39.8, 38.4, 35.0, 34.3, 32.900000000000006, 31.599999999999994, 28.099999999999994, 26.099999999999994, 24.700000000000003, 23.299999999999997, 22.0, 21.299999999999997, 19.900000000000006, 19.200000000000003, 18.5, 17.900000000000006, 17.200000000000003, 15.799999999999997, 15.099999999999994, 13.099999999999994, 12.400000000000006, 11.700000000000003, 11.0, 10.299999999999997, 9.599999999999994, 9.0, 8.299999999999997, 7.599999999999994, 5.5, 4.799999999999997, 4.200000000000003, 3.5, 2.799999999999997, 2.0999999999999943, 1.4000000000000057, 0.7000000000000028, 0.0, -0.5999999999999943]}}