{"percentile": {"x": [770, 835, 848, 856, 889, 893, 905, 923, 935, 937, 939, 942, 957, 984, 985, 986, 990, 997, 999, 1000, 1001, 1003, 1009, 1013, 1014, 1038, 1041, 1042, 1045, 1050, 1052, 1055, 1060, 1074, 1075, 1077, 1080, 1082, 1095, 1103, 1104, 1105, 1112, 1114, 1124, 1126, 1127, 1128, 1130, 1131, 1139, 1140, 1148, 1152, 1153, 1157, 1164, 1165, 1167, 1172, 1173, 1175, 1186, 1187, 1188, 1190, 1196, 1197, 1199, 1200, 1201, 1202, 1204, 1205, 1206, 1207, 1208, 1210, 1211, 1213, 1214, 1215, 1217, 1219, 1221, 1225, 1226, 1228, 1229, 1230, 1231, 1233, 1235, 1237, 1238, 1239, 1241, 1243, 1244, 1245, 1246, 1248, 1249, 1253, 1256, 1257, 1259, 1260, 1264, 1265, 1268, 1270, 1271, 1273, 1274, 1279, 1281, 1284, 1291, 1299, 1308, 1311, 1321, 1400, 1424], "y": [99.5, 98.9, 98.3, 97.7, 97.1, 96.5, 95.9, 95.3, 94.8, 93.6, 93.0, 92.4, 91.8, 91.2, 90.6, 90.0, 89.5, 88.9, 87.7, 87.1, 86.5, 85.9, 85.3, 84.8, 84.2, 83.6, 83.0, 82.4, 81.8, 81.2, 80.6, 80.0, 79.5, 78.9, 78.3, 77.7, 75.9, 75.3, 74.8, 74.2, 73.6, 72.4, 71.2, 70.6, 70.0, 69.5, 68.9, 68.3, 67.7, 67.1, 66.5, 65.9, 65.3, 64.2, 63.6, 62.4, 61.8, 61.2, 60.6, 58.9, 58.3, 57.7, 57.1, 55.9, 55.3, 54.2, 53.6, 53.0, 50.6, 49.5, 48.3, 47.7, 47.1, 45.3, 44.8, 44.2, 42.4, 41.8, 40.0, 39.5, 37.7, 34.2, 33.0, 32.400000000000006, 31.799999999999997, 30.0, 28.299999999999997, 27.099999999999994, 26.5, 25.900000000000006, 25.299999999999997, 24.799999999999997, 23.599999999999994, 23.0, 22.400000000000006, 21.200000000000003, 20.599999999999994, 20.0, 18.299999999999997, 17.700000000000003, 17.099999999999994, 16.5, 15.299999999999997, 14.799999999999997, 14.200000000000003, 13.599999999999994, 11.200000000000003, 10.0, 9.5, 8.900000000000006, 8.299999999999997, 7.700000000000003, 6.5, 5.900000000000006, 5.299999999999997, 4.799999999999997, 4.200000000000003, 3.5999999999999943, 3.0, 2.4000000000000057, 1.7999999999999972, 1.2000000000000028, 0.5999999999999943, 0.0, -0.5]}, "histogram": {"x": [780.0, 800.0, 820.0, 840.0, 860.0, 880.0, 900.0, 920.0, 940.0, 960.0, 980.0, 1000.0, 1020.0, 1040.0, 1060.0, 1080.0, 1100.0, 1120.0, 1140.0, 1160.0, 1180.0, 1200.0, 1220.0, 1240.0, 1260.0, 1280.0, 1300.0, 1320.0, 1340.0, 1360.0, 1380.0, 1400.0, 1420.0], "y": [1, 0, 0, 1, 2, 0, 2, 1, 5, 2, 0, 7, 6, 1, 6, 4, 5, 7, 7, 7, 8, 12, 31, 19, 17, 11, 4, 2, 1, 0, 0, 0, 1, 1]}}