{"histogram": {"y": [1, 0, 1, 2, 1, 1, 0, 2, 0, 3, 3, 1, 1, 2, 3, 4, 5, 5, 5, 1, 4, 2, 1, 4, 8, 0, 6, 5, 8, 20, 13, 9, 3, 2, 0, 0, 0, 0, 0, 0, 0, 0, 0, 1, 0], "x": [765.0, 780.0, 795.0, 810.0, 825.0, 840.0, 855.0, 870.0, 885.0, 900.0, 915.0, 930.0, 945.0, 960.0, 975.0, 990.0, 1005.0, 1020.0, 1035.0, 1050.0, 1065.0, 1080.0, 1095.0, 1110.0, 1125.0, 1140.0, 1155.0, 1170.0, 1185.0, 1200.0, 1215.0, 1230.0, 1245.0, 1260.0, 1275.0, 1290.0, 1305.0, 1320.0, 1335.0, 1350.0, 1365.0, 1380.0, 1395.0, 1410.0, 1425.0]}, "percentile": {"y": [99.3, 98.5, 97.7, 96.9, 96.1, 95.3, 94.5, 93.7, 92.9, 91.3, 90.5, 89.7, 88.9, 88.1, 87.4, 86.6, 85.8, 85.0, 83.4, 82.6, 81.8, 81.0, 80.2, 79.4, 78.6, 77.0, 76.2, 75.4, 74.7, 73.9, 73.1, 72.3, 71.5, 70.7, 69.9, 69.1, 68.3, 67.5, 66.7, 65.9, 65.1, 64.3, 63.5, 62.7, 62.0, 61.2, 60.4, 59.6, 58.8, 58.0, 57.2, 56.4, 55.6, 54.8, 54.0, 53.2, 52.4, 51.6, 50.8, 50.0, 49.3, 48.5, 47.7, 46.9, 45.3, 44.5, 43.7, 42.9, 42.1, 41.3, 39.7, 38.9, 38.1, 37.4, 36.6, 35.8, 34.2, 33.400000000000006, 32.599999999999994, 31.0, 30.200000000000003, 26.200000000000003, 24.700000000000003, 22.299999999999997, 21.5, 19.900000000000006, 17.5, 16.700000000000003, 15.099999999999994, 13.5, 12.700000000000003, 12.0, 11.200000000000003, 10.400000000000006, 9.599999999999994, 8.799999999999997, 7.200000000000003, 6.400000000000006, 5.599999999999994, 4.799999999999997, 4.0, 3.200000000000003, 2.4000000000000057, 1.5999999999999943, 0.7999999999999972, 0.0, -0.7000000000000028], "x": [768, 802, 817, 820, 835, 853, 873, 874, 902, 910, 922, 926, 928, 937, 949, 968, 974, 980, 983, 993, 998, 999, 1000, 1006, 1013, 1015, 1019, 1021, 1023, 1027, 1030, 1033, 1035, 1037, 1046, 1047, 1048, 1061, 1065, 1067, 1077, 1078, 1092, 1094, 1096, 1112, 1116, 1120, 1124, 1126, 1128, 1130, 1134, 1135, 1136, 1137, 1139, 1158, 1160, 1161, 1163, 1165, 1167, 1171, 1178, 1179, 1180, 1185, 1186, 1191, 1193, 1194, 1196, 1199, 1202, 1203, 1204, 1205, 1206, 1208, 1209, 1211, 1212, 1213, 1214, 1215, 1217, 1218, 1220, 1221, 1222, 1228, 1229, 1230, 1231, 1235, 1236, 1238, 1239, 1242, 1243, 1249, 1251, 1252, 1260, 1273, 1415]}}