{"histogram": {"y": [1, 0, 3, 2, 3, 0, 3, 1, 3, 9, 1, 6, 6, 3, 5, 9, 5, 4, 11, 46, 33, 18, 31, 10, 1, 0, 0, 0, 0, 0, 1], "x": [820.0, 840.0, 860.0, 880.0, 900.0, 920.0, 940.0, 960.0, 980.0, 1000.0, 1020.0, 1040.0, 1060.0, 1080.0, 1100.0, 1120.0, 1140.0, 1160.0, 1180.0, 1200.0, 1220.0, 1240.0, 1260.0, 1280.0, 1300.0, 1320.0, 1340.0, 1360.0, 1380.0, 1400.0, 1420.0]}, "percentile": {"y": [99.6, 99.1, 98.6, 98.2, 97.7, 97.2, 96.8, 96.3, 95.8, 95.4, 94.9, 94.4, 94.0, 93.5, 93.0, 92.6, 92.1, 91.6, 91.2, 90.7, 90.2, 89.8, 89.3, 88.8, 88.4, 87.9, 86.5, 86.0, 85.6, 85.1, 84.6, 83.7, 83.2, 82.8, 82.3, 81.8, 81.4, 80.9, 80.4, 80.0, 79.5, 79.0, 78.6, 78.1, 77.6, 77.2, 76.7, 76.2, 75.3, 74.8, 74.3, 73.9, 73.4, 72.9, 72.5, 72.0, 71.5, 71.1, 70.6, 70.1, 69.7, 69.2, 68.7, 68.3, 67.3, 66.9, 66.4, 65.9, 65.0, 64.1, 63.1, 61.7, 61.3, 58.9, 58.0, 57.1, 55.7, 54.3, 52.4, 50.5, 49.6, 48.2, 46.8, 44.9, 44.0, 43.5, 42.1, 41.6, 41.2, 40.2, 39.3, 38.4, 37.9, 37.4, 35.099999999999994, 34.599999999999994, 33.2, 32.3, 31.400000000000006, 30.400000000000006, 29.5, 28.599999999999994, 28.099999999999994, 27.200000000000003, 25.799999999999997, 24.799999999999997, 23.900000000000006, 22.5, 22.0, 21.5, 21.099999999999994, 20.599999999999994, 20.099999999999994, 19.700000000000003, 19.200000000000003, 18.700000000000003, 18.299999999999997, 15.5, 15.0, 14.5, 12.700000000000003, 12.200000000000003, 10.299999999999997, 8.5, 7.5, 6.099999999999994, 5.200000000000003, 2.4000000000000057, 1.9000000000000057, 1.5, 1.0, 0.5, 0.0, -0.4000000000000057], "x": [828, 865, 873, 874, 892, 899, 903, 905, 915, 954, 956, 958, 978, 981, 990, 995, 1002, 1005, 1006, 1012, 1014, 1015, 1016, 1018, 1019, 1030, 1044, 1046, 1052, 1056, 1061, 1065, 1070, 1076, 1077, 1082, 1093, 1095, 1100, 1103, 1112, 1114, 1117, 1120, 1124, 1125, 1127, 1129, 1130, 1131, 1137, 1140, 1142, 1145, 1146, 1149, 1165, 1171, 1172, 1174, 1180, 1182, 1184, 1186, 1187, 1194, 1195, 1196, 1199, 1200, 1201, 1202, 1203, 1205, 1206, 1207, 1208, 1209, 1210, 1211, 1212, 1213, 1214, 1215, 1217, 1218, 1220, 1221, 1222, 1223, 1225, 1227, 1228, 1229, 1230, 1231, 1232, 1233, 1234, 1235, 1236, 1237, 1238, 1240, 1241, 1248, 1249, 1250, 1252, 1254, 1255, 1257, 1258, 1259, 1262, 1263, 1264, 1265, 1268, 1269, 1271, 1273, 1274, 1275, 1277, 1278, 1279, 1280, 1282, 1285, 1287, 1290, 1310, 1424]}}