{"percentile": {"x": [712, 783, 786, 811, 846, 851, 862, 863, 869, 880, 883, 888, 889, 896, 902, 908, 911, 912, 917, 920, 926, 927, 928, 929, 933, 935, 936, 937, 940, 941, 949, 950, 951, 958, 972, 977, 981, 982, 983, 984, 989, 991, 992, 993, 994, 997, 1001, 1002, 1003, 1007, 1008, 1011, 1012, 1015, 1018, 1021, 1024, 1032, 1036, 1037, 1038, 1042, 1043, 1046, 1052, 1053, 1054, 1057, 1059, 1062, 1067, 1069, 1076, 1078, 1080, 1083, 1086, 1088, 1090, 1097, 1098, 1101, 1102, 1104, 1105, 1106, 1110, 1111, 1112, 1113, 1114, 1115, 1116, 1117, 1119, 1120, 1124, 1125, 1126, 1129, 1131, 1135, 1138, 1140, 1143, 1147, 1149, 1153, 1154, 1155, 1156, 1157, 1159, 1160, 1161, 1162, 1163, 1164, 1165, 1167, 1168, 1169, 1174, 1177, 1179, 1180, 1181, 1182, 1185, 1186, 1189, 1192, 1194, 1195, 1196, 1197, 1198, 1199, 1201, 1202, 1204, 1205, 1206, 1207, 1208, 1209, 1210, 1211, 1212, 1213, 1214, 1215, 1216, 1217, 1218, 1219, 1220, 1221, 1222, 1223, 1225, 1226, 1227, 1228, 1229, 1230, 1231, 1232, 1233, 1234, 1235, 1236, 1237, 1238, 1240, 1241, 1242, 1243, 1244, 1245, 1248, 1249, 1250, 1251, 1252, 1253, 1255, 1257, 1259, 1260, 1262, 1263, 1265, 1266, 1267, 1268, 1269, 1270, 1271, 1272, 1273, 1274, 1275, 1276, 1277, 1278, 1279, 1280, 1281, 1290, 1293, 1297, 1308, 1313, 1319, 1320, 1324, 1330, 1378], "y": [99.8, 99.6, 99.3, 98.9, 98.6, 98.1, 97.9, 97.7, 97.4, 97.2, 96.9, 96.5, 96.2, 96.0, 95.7, 95.5, 95.3, 95.0, 94.8, 94.5, 94.3, 94.1, 93.8, 93.6, 93.4, 93.1, 92.6, 92.2, 91.9, 91.7, 91.2, 91.0, 90.7, 90.5, 90.2, 90.0, 89.8, 89.5, 89.3, 88.8, 88.6, 88.3, 87.8, 87.6, 87.4, 87.1, 86.9, 86.4, 85.9, 85.7, 84.7, 84.5, 84.3, 84.0, 83.8, 83.3, 83.1, 82.8, 82.1, 81.9, 81.6, 81.4, 80.7, 80.4, 80.2, 80.0, 79.7, 79.5, 79.2, 79.0, 78.8, 78.0, 77.3, 77.1, 76.8, 76.6, 76.1, 75.9, 75.6, 75.4, 75.2, 74.7, 74.2, 74.0, 73.7, 73.3, 72.8, 72.5, 72.3, 72.1, 71.8, 70.6, 70.4, 70.1, 69.7, 69.4, 69.2, 68.5, 68.2, 67.8, 67.5, 67.3, 67.0, 66.6, 66.3, 65.8, 65.6, 65.4, 65.1, 64.6, 64.4, 64.2, 63.7, 63.2, 63.0, 62.7, 62.3, 61.8, 61.3, 61.1, 60.6, 60.1, 59.9, 59.6, 59.4, 59.1, 58.9, 58.7, 58.4, 58.2, 57.5, 57.2, 57.0, 55.8, 55.6, 54.8, 54.4, 54.1, 53.6, 53.2, 51.7, 49.3, 48.1, 47.4, 46.0, 45.3, 43.8, 42.4, 40.7, 38.1, 35.7, 33.5, 33.099999999999994, 32.599999999999994, 32.099999999999994, 31.200000000000003, 30.0, 29.700000000000003, 28.799999999999997, 28.5, 27.299999999999997, 27.099999999999994, 25.900000000000006, 25.400000000000006, 24.700000000000003, 24.200000000000003, 24.0, 23.5, 22.799999999999997, 22.299999999999997, 21.599999999999994, 21.099999999999994, 20.900000000000006, 20.599999999999994, 19.400000000000006, 18.900000000000006, 18.200000000000003, 17.799999999999997, 17.5, 16.799999999999997, 16.099999999999994, 15.799999999999997, 15.400000000000006, 15.099999999999994, 14.900000000000006, 14.400000000000006, 12.5, 12.0, 11.799999999999997, 11.299999999999997, 11.099999999999994, 10.799999999999997, 10.299999999999997, 10.099999999999994, 9.900000000000006, 9.400000000000006, 8.700000000000003, 8.200000000000003, 7.700000000000003, 7.5, 7.0, 6.5, 6.299999999999997, 5.599999999999994, 4.599999999999994, 4.400000000000006, 3.9000000000000057, 2.9000000000000057, 2.700000000000003, 2.4000000000000057, 2.200000000000003, 1.7000000000000028, 1.5, 1.2000000000000028, 1.0, 0.7999999999999972, 0.29999999999999716, 0.0, -0.20000000000000284]}, "histogram": {"x": [720.0, 740.0, 760.0, 780.0, 800.0, 820.0, 840.0, 860.0, 880.0, 900.0, 920.0, 940.0, 960.0, 980.0, 1000.0, 1020.0, 1040.0, 1060.0, 1080.0, 1100.0, 1120.0, 1140.0, 1160.0, 1180.0, 1200.0, 1220.0, 1240.0, 1260.0, 1280.0, 1300.0, 1320.0, 1340.0, 1360.0, 1380.0], "y": [1, 0, 0, 0, 2, 2, 0, 3, 3, 6, 5, 11, 7, 2, 12, 14, 9, 10, 9, 8, 23, 11, 14, 18, 22, 96, 44, 37, 33, 9, 3, 4, 0, 1, 0]}}