{"percentile": {"y": [99.4, 98.7, 98.0, 97.3, 96.6, 95.9, 95.2, 94.5, 93.8, 93.2, 92.5, 91.8, 91.1, 90.4, 89.7, 89.0, 88.3, 87.6, 86.9, 85.6, 84.9, 84.2, 83.5, 82.8, 82.1, 81.4, 80.7, 79.4, 78.7, 78.0, 77.3, 76.6, 75.9, 75.2, 73.2, 72.5, 71.1, 70.4, 68.3, 66.9, 66.3, 65.6, 64.9, 64.2, 63.5, 62.8, 62.1, 61.4, 60.7, 60.0, 58.7, 58.0, 57.3, 55.9, 55.2, 53.8, 53.2, 52.5, 51.8, 51.1, 50.4, 49.7, 49.0, 47.6, 46.9, 46.3, 45.6, 44.9, 44.2, 42.8, 41.4, 40.7, 40.0, 38.7, 35.2, 34.5, 33.2, 31.799999999999997, 28.299999999999997, 26.299999999999997, 24.900000000000006, 23.5, 22.099999999999994, 21.400000000000006, 20.0, 19.400000000000006, 18.700000000000003, 18.0, 17.299999999999997, 15.900000000000006, 15.200000000000003, 13.200000000000003, 12.5, 11.799999999999997, 11.099999999999994, 10.400000000000006, 9.700000000000003, 9.0, 8.299999999999997, 7.599999999999994, 5.599999999999994, 4.900000000000006, 4.200000000000003, 3.5, 2.799999999999997, 2.0999999999999943, 1.4000000000000057, 0.7000000000000028, 0.0, -0.5999999999999943], "x": [670, 714, 730, 780, 784, 825, 839, 843, 850, 852, 856, 881, 897, 913, 919, 922, 930, 931, 935, 941, 950, 951, 952, 966, 967, 996, 999, 1000, 1006, 1008, 1009, 1017, 1020, 1025, 1030, 1035, 1036, 1038, 1040, 1045, 1053, 1057, 1065, 1071, 1073, 1074, 1075, 1082, 1097, 1104, 1106, 1110, 1112, 1113, 1122, 1125, 1127, 1135, 1139, 1144, 1147, 1153, 1156, 1170, 1171, 1174, 1175, 1180, 1194, 1197, 1199, 1201, 1202, 1203, 1205, 1207, 1208, 1209, 1210, 1211, 1213, 1214, 1215, 1216, 1217, 1218, 1220, 1224, 1226, 1231, 1233, 1235, 1236, 1239, 1240, 1251, 1253, 1257, 1260, 1263, 1265, 1267, 1268, 1273, 1274, 1275, 1297, 1300, 1329, 1414]}, "histogram": {"y": [1, 0, 0, 1, 1, 0, 0, 0, 2, 0, 0, 2, 3, 1, 1, 1, 1, 2, 5, 3, 2, 0, 4, 4, 5, 9, 2, 5, 1, 4, 5, 5, 3, 1, 6, 5, 26, 9, 9, 3, 9, 1, 2, 0, 1, 0, 0, 0, 0, 0, 1], "x": [660.0, 675.0, 690.0, 705.0, 720.0, 735.0, 750.0, 765.0, 780.0, 795.0, 810.0, 825.0, 840.0, 855.0, 870.0, 885.0, 900.0, 915.0, 930.0, 945.0, 960.0, 975.0, 990.0, 1005.0, 1020.0, 1035.0, 1050.0, 1065.0, 1080.0, 1095.0, 1110.0, 1125.0, 1140.0, 1155.0, 1170.0, 1185.0, 1200.0, 1215.0, 1230.0, 1245.0, 1260.0, 1275.0, 1290.0, 1305.0, 1320.0, 1335.0, 1350.0, 1365.0, 1380.0, 1395.0, 1410.0]}}