{"histogram": {"x": [675.0, 690.0, 705.0, 720.0, 735.0, 750.0, 765.0, 780.0, 795.0, 810.0, 825.0, 840.0, 855.0, 870.0, 885.0, 900.0, 915.0, 930.0, 945.0, 960.0, 975.0, 990.0, 1005.0, 1020.0, 1035.0, 1050.0, 1065.0, 1080.0, 1095.0, 1110.0, 1125.0, 1140.0, 1155.0, 1170.0, 1185.0, 1200.0, 1215.0, 1230.0, 1245.0, 1260.0, 1275.0, 1290.0, 1305.0], "y": [1, 0, 0, 1, 0, 0, 0, 1, 1, 1, 2, 2, 6, 4, 0, 2, 5, 2, 6, 4, 4, 4, 5, 5, 7, 5, 8, 7, 11, 1, 5, 4, 4, 8, 6, 31, 5, 11, 9, 8, 4, 3, 1]}, "percentile": {"x": [686, 734, 793, 796, 820, 827, 830, 848, 850, 855, 859, 862, 864, 866, 870, 876, 880, 906, 912, 915, 918, 926, 929, 932, 939, 947, 951, 955, 956, 958, 964, 965, 968, 976, 977, 987, 992, 993, 996, 998, 1005, 1009, 1011, 1014, 1021, 1027, 1031, 1034, 1035, 1037, 1040, 1044, 1045, 1046, 1048, 1058, 1059, 1062, 1064, 1067, 1068, 1069, 1074, 1078, 1079, 1080, 1083, 1090, 1091, 1092, 1095, 1097, 1104, 1105, 1107, 1108, 1109, 1118, 1126, 1127, 1134, 1136, 1143, 1147, 1148, 1154, 1156, 1164, 1167, 1170, 1172, 1174, 1176, 1179, 1184, 1186, 1187, 1190, 1196, 1197, 1201, 1202, 1203, 1204, 1205, 1206, 1207, 1208, 1209, 1210, 1211, 1212, 1213, 1214, 1215, 1220, 1223, 1230, 1235, 1236, 1237, 1239, 1243, 1246, 1248, 1250, 1253, 1254, 1255, 1257, 1260, 1264, 1268, 1269, 1272, 1273, 1274, 1275, 1278, 1285, 1291, 1293, 1295, 1313], "y": [99.5, 99.0, 98.5, 98.0, 97.5, 96.9, 96.4, 95.9, 95.4, 94.9, 94.4, 93.8, 92.8, 92.3, 91.8, 91.2, 90.2, 89.7, 89.2, 88.7, 88.1, 87.6, 86.6, 86.1, 85.5, 85.0, 84.0, 83.5, 83.0, 82.4, 81.9, 80.9, 80.4, 79.3, 78.8, 78.3, 77.8, 77.3, 76.7, 76.2, 75.7, 75.2, 74.7, 73.6, 73.1, 72.6, 71.6, 71.0, 70.5, 70.0, 69.5, 69.0, 68.4, 67.9, 67.4, 66.4, 65.9, 65.3, 64.8, 64.3, 63.3, 62.2, 61.7, 61.2, 60.7, 59.6, 59.1, 58.1, 57.6, 57.0, 56.0, 55.5, 54.5, 53.9, 53.4, 51.9, 51.3, 50.8, 49.8, 49.3, 48.8, 48.2, 47.7, 47.2, 46.7, 46.2, 45.1, 44.6, 44.1, 43.6, 42.0, 41.5, 41.0, 40.5, 39.9, 38.9, 38.4, 37.9, 37.4, 36.8, 36.3, 35.3, 34.8, 34.2, 32.2, 31.099999999999994, 29.599999999999994, 27.0, 26.0, 24.900000000000006, 24.400000000000006, 23.900000000000006, 23.400000000000006, 20.799999999999997, 19.200000000000003, 18.700000000000003, 18.200000000000003, 16.599999999999994, 15.099999999999994, 14.0, 13.5, 13.0, 12.5, 12.0, 11.400000000000006, 10.900000000000006, 10.400000000000006, 9.400000000000006, 8.299999999999997, 7.799999999999997, 7.299999999999997, 6.799999999999997, 6.299999999999997, 5.700000000000003, 5.200000000000003, 4.700000000000003, 3.700000000000003, 2.5999999999999943, 2.0999999999999943, 1.5999999999999943, 1.0999999999999943, 0.5999999999999943, 0.0, -0.5]}}