{"histogram": {"y": [1, 1, 0, 0, 0, 1, 0, 3, 1, 3, 2, 6, 4, 10, 6, 6, 6, 13, 9, 11, 8, 17, 15, 19, 24, 31, 26, 23, 128, 87, 70, 71, 13, 6, 5, 1, 0, 0, 13, 1], "x": [640.0, 660.0, 680.0, 700.0, 720.0, 740.0, 760.0, 780.0, 800.0, 820.0, 840.0, 860.0, 880.0, 900.0, 920.0, 940.0, 960.0, 980.0, 1000.0, 1020.0, 1040.0, 1060.0, 1080.0, 1100.0, 1120.0, 1140.0, 1160.0, 1180.0, 1200.0, 1220.0, 1240.0, 1260.0, 1280.0, 1300.0, 1320.0, 1340.0, 1360.0, 1380.0, 1400.0, 1420.0]}, "percentile": {"y": [99.9, 99.7, 99.6, 99.4, 99.3, 99.1, 99.0, 98.8, 98.6, 98.5, 98.3, 98.2, 98.0, 97.9, 97.7, 97.5, 97.4, 97.2, 97.1, 96.9, 96.8, 96.6, 96.5, 96.3, 96.1, 96.0, 95.7, 95.5, 95.4, 95.2, 95.0, 94.9, 94.7, 94.6, 94.4, 94.3, 94.1, 94.0, 93.8, 93.6, 93.5, 93.3, 93.2, 93.0, 92.9, 92.7, 92.4, 92.2, 91.9, 91.6, 91.5, 91.3, 91.1, 90.7, 90.4, 90.2, 89.9, 89.6, 89.3, 89.1, 89.0, 88.8, 88.6, 88.5, 88.2, 88.0, 87.9, 87.7, 87.5, 87.2, 87.1, 86.9, 86.6, 86.5, 86.1, 86.0, 85.8, 85.7, 85.4, 85.2, 85.0, 84.9, 84.6, 84.4, 84.3, 83.8, 83.6, 83.2, 83.0, 82.7, 82.5, 82.4, 82.2, 82.1, 81.9, 81.8, 81.6, 81.5, 81.1, 81.0, 80.8, 80.7, 80.5, 80.4, 80.2, 79.7, 79.4, 79.3, 79.1, 78.6, 78.5, 78.3, 78.2, 77.9, 77.7, 77.4, 77.1, 76.8, 76.3, 76.0, 75.7, 75.2, 74.7, 74.6, 74.1, 73.6, 73.3, 72.9, 72.7, 72.4, 72.2, 71.9, 71.6, 71.3, 70.8, 70.7, 69.9, 69.7, 69.6, 69.3, 69.1, 69.0, 68.6, 68.3, 68.0, 67.5, 67.2, 66.9, 66.8, 66.5, 66.3, 66.0, 65.7, 65.2, 65.0, 64.9, 64.3, 64.1, 64.0, 63.6, 63.5, 63.3, 63.2, 63.0, 62.9, 62.5, 62.4, 61.9, 61.6, 61.3, 60.5, 59.9, 59.1, 57.9, 57.1, 56.8, 54.9, 53.0, 52.4, 50.8, 49.6, 48.6, 46.8, 44.4, 43.2, 42.9, 42.5, 42.1, 41.6, 40.7, 40.2, 39.6, 39.0, 38.2, 37.7, 36.8, 36.3, 36.1, 35.400000000000006, 34.900000000000006, 33.8, 33.3, 32.900000000000006, 32.2, 30.700000000000003, 30.200000000000003, 29.299999999999997, 28.599999999999994, 28.0, 26.900000000000006, 26.599999999999994, 26.299999999999997, 26.0, 25.700000000000003, 24.700000000000003, 24.099999999999994, 23.799999999999997, 22.900000000000006, 22.5, 22.099999999999994, 21.5, 21.0, 20.0, 19.599999999999994, 18.799999999999997, 18.299999999999997, 17.900000000000006, 17.5, 17.099999999999994, 16.5, 16.099999999999994, 16.0, 15.200000000000003, 14.599999999999994, 14.0, 13.599999999999994, 12.900000000000006, 12.200000000000003, 11.299999999999997, 11.0, 10.400000000000006, 10.0, 9.400000000000006, 9.0, 8.0, 7.5, 7.099999999999994, 6.599999999999994, 6.0, 5.400000000000006, 5.200000000000003, 5.0, 4.900000000000006, 4.700000000000003, 4.599999999999994, 4.099999999999994, 4.0, 3.799999999999997, 3.5999999999999943, 3.5, 3.299999999999997, 3.200000000000003, 3.0, 2.700000000000003, 2.5, 2.4000000000000057, 2.200000000000003, 2.0999999999999943, 1.9000000000000057, 1.7999999999999972, 0.0, -0.09999999999999432], "x": [646, 679, 751, 786, 791, 794, 802, 827, 829, 836, 840, 852, 860, 863, 867, 873, 874, 878, 891, 892, 895, 897, 902, 905, 909, 911, 912, 914, 915, 916, 919, 920, 924, 929, 930, 934, 937, 951, 953, 954, 955, 957, 958, 961, 963, 965, 970, 971, 984, 986, 988, 991, 993, 997, 998, 999, 1000, 1006, 1010, 1011, 1012, 1018, 1021, 1022, 1023, 1025, 1028, 1032, 1034, 1037, 1038, 1040, 1045, 1049, 1054, 1057, 1058, 1061, 1062, 1065, 1066, 1067, 1068, 1069, 1071, 1074, 1076, 1077, 1082, 1083, 1084, 1085, 1088, 1090, 1091, 1092, 1093, 1094, 1095, 1098, 1099, 1100, 1101, 1103, 1104, 1105, 1106, 1107, 1109, 1110, 1113, 1115, 1117, 1118, 1120, 1121, 1123, 1125, 1126, 1128, 1129, 1130, 1133, 1137, 1138, 1142, 1143, 1144, 1145, 1146, 1147, 1150, 1151, 1152, 1153, 1154, 1155, 1156, 1157, 1159, 1162, 1164, 1166, 1167, 1168, 1169, 1170, 1171, 1172, 1173, 1174, 1175, 1176, 1179, 1180, 1181, 1182, 1183, 1184, 1185, 1188, 1189, 1190, 1191, 1192, 1193, 1197, 1198, 1199, 1200, 1201, 1202, 1203, 1204, 1205, 1206, 1207, 1208, 1209, 1210, 1211, 1212, 1213, 1214, 1215, 1216, 1217, 1218, 1219, 1220, 1221, 1222, 1223, 1224, 1225, 1226, 1227, 1228, 1229, 1230, 1231, 1232, 1233, 1234, 1235, 1236, 1237, 1238, 1239, 1240, 1241, 1242, 1243, 1244, 1245, 1246, 1247, 1248, 1249, 1250, 1251, 1252, 1253, 1254, 1255, 1256, 1257, 1258, 1259, 1260, 1261, 1262, 1263, 1264, 1265, 1266, 1267, 1268, 1269, 1270, 1271, 1272, 1273, 1274, 1275, 1276, 1277, 1278, 1279, 1280, 1281, 1282, 1285, 1287, 1288, 1295, 1297, 1300, 1301, 1303, 1307, 1308, 1315, 1324, 1326, 1330, 1333, 1349, 1400, 1414, 1415, 1424]}}