{"histogram": {"x": [600.0, 620.0, 640.0, 660.0, 680.0, 700.0, 720.0, 740.0, 760.0, 780.0, 800.0, 820.0, 840.0, 860.0, 880.0, 900.0, 920.0, 940.0, 960.0, 980.0, 1000.0, 1020.0, 1040.0, 1060.0, 1080.0, 1100.0, 1120.0, 1140.0, 1160.0, 1180.0, 1200.0, 1220.0, 1240.0, 1260.0, 1280.0, 1300.0, 1320.0, 1340.0, 1360.0, 1380.0, 1400.0, 1420.0], "y": [1, 0, 0, 0, 0, 0, 0, 0, 1, 0, 0, 1, 1, 0, 1, 2, 0, 0, 2, 5, 7, 3, 2, 3, 8, 5, 4, 6, 9, 10, 10, 40, 29, 33, 27, 3, 3, 1, 0, 0, 0, 1, 0]}, "percentile": {"x": [589, 752, 803, 839, 868, 883, 895, 954, 958, 963, 968, 969, 970, 985, 986, 988, 990, 991, 997, 998, 1010, 1013, 1031, 1037, 1044, 1046, 1059, 1060, 1062, 1063, 1067, 1069, 1077, 1078, 1089, 1091, 1094, 1096, 1099, 1100, 1108, 1112, 1127, 1128, 1131, 1132, 1138, 1139, 1140, 1145, 1147, 1150, 1155, 1157, 1158, 1160, 1163, 1166, 1170, 1172, 1176, 1177, 1180, 1189, 1191, 1192, 1193, 1198, 1199, 1200, 1201, 1203, 1204, 1205, 1207, 1208, 1209, 1211, 1212, 1213, 1214, 1215, 1218, 1222, 1223, 1224, 1225, 1226, 1227, 1228, 1229, 1231, 1234, 1235, 1236, 1237, 1238, 1239, 1240, 1241, 1243, 1244, 1245, 1246, 1247, 1248, 1249, 1250, 1251, 1252, 1253, 1254, 1256, 1258, 1259, 1261, 1264, 1265, 1266, 1267, 1268, 1269, 1270, 1271, 1272, 1273, 1275, 1278, 1279, 1280, 1294, 1310, 1314, 1316, 1320, 1415], "y": [99.6, 99.1, 98.7, 98.2, 97.7, 97.3, 96.8, 96.4, 95.9, 95.4, 95.0, 94.5, 93.6, 93.1, 92.7, 92.2, 91.8, 91.3, 90.8, 90.4, 89.5, 89.0, 88.5, 88.1, 87.6, 87.1, 86.7, 86.2, 85.8, 85.3, 84.8, 84.4, 83.5, 83.0, 82.5, 82.1, 81.6, 81.2, 80.7, 80.2, 79.8, 78.9, 78.4, 77.9, 77.5, 77.0, 76.5, 76.1, 75.2, 74.7, 74.2, 73.8, 73.3, 72.4, 71.9, 71.5, 70.6, 70.1, 69.2, 68.7, 67.8, 67.3, 66.9, 65.9, 65.5, 65.0, 63.6, 63.2, 62.7, 61.8, 60.9, 60.4, 59.0, 57.7, 55.8, 55.3, 53.5, 51.7, 49.4, 48.9, 47.5, 44.8, 44.3, 43.4, 41.5, 40.6, 39.2, 38.8, 38.3, 37.4, 36.5, 36.0, 34.599999999999994, 33.7, 32.8, 32.3, 31.400000000000006, 30.900000000000006, 28.200000000000003, 27.200000000000003, 26.299999999999997, 25.900000000000006, 24.900000000000006, 24.5, 23.599999999999994, 22.599999999999994, 21.200000000000003, 19.900000000000006, 19.400000000000006, 18.5, 17.599999999999994, 17.099999999999994, 16.599999999999994, 16.200000000000003, 15.700000000000003, 15.299999999999997, 14.799999999999997, 10.200000000000003, 9.299999999999997, 8.799999999999997, 7.900000000000006, 7.0, 6.5, 6.0, 5.599999999999994, 4.700000000000003, 4.200000000000003, 3.700000000000003, 3.299999999999997, 2.4000000000000057, 1.9000000000000057, 1.4000000000000057, 1.0, 0.5, 0.0, -0.4000000000000057]}}