{"histogram": {"y": [1, 0, 1, 0, 0, 0, 0, 0, 0, 0, 0, 0, 1, 0, 3, 1, 3, 0, 0, 2, 0, 0, 0, 4, 3, 12, 3, 3, 3, 3, 0], "x": [720.0, 740.0, 760.0, 780.0, 800.0, 820.0, 840.0, 860.0, 880.0, 900.0, 920.0, 940.0, 960.0, 980.0, 1000.0, 1020.0, 1040.0, 1060.0, 1080.0, 1100.0, 1120.0, 1140.0, 1160.0, 1180.0, 1200.0, 1220.0, 1240.0, 1260.0, 1280.0, 1300.0]}, "percentile": {"y": [97.7, 95.3, 92.9, 90.5, 88.1, 85.8, 83.4, 81.0, 78.6, 76.2, 73.9, 71.5, 66.7, 64.3, 62.0, 59.6, 57.2, 54.8, 50.0, 47.7, 45.3, 42.9, 38.1, 31.0, 26.200000000000003, 23.900000000000006, 21.5, 19.099999999999994, 16.700000000000003, 14.299999999999997, 12.0, 9.599999999999994, 4.799999999999997, 0.0, -2.299999999999997], "x": [706, 741, 951, 985, 990, 999, 1015, 1025, 1029, 1035, 1092, 1095, 1167, 1173, 1175, 1180, 1193, 1198, 1203, 1208, 1210, 1213, 1214, 1215, 1219, 1234, 1235, 1236, 1243, 1251, 1258, 1262, 1265, 1280, 1287]}}