{"percentile": {"x": [745, 761, 804, 856, 897, 902, 918, 922, 931, 949, 974, 1077, 1089, 1121, 1135, 1142, 1147, 1152, 1156, 1167, 1174, 1182, 1192, 1200, 1201, 1203, 1206, 1208, 1209, 1210, 1211, 1212, 1214, 1217, 1218, 1223, 1225, 1230, 1234, 1240, 1247, 1252, 1253, 1269, 1277, 1424], "y": [98.1, 96.1, 94.2, 92.2, 90.2, 88.3, 86.3, 84.4, 82.4, 80.4, 78.5, 76.5, 74.6, 72.6, 70.6, 68.7, 66.7, 64.8, 62.8, 60.8, 58.9, 56.9, 55.0, 53.0, 49.1, 47.1, 39.3, 37.3, 33.400000000000006, 31.400000000000006, 29.5, 25.5, 23.599999999999994, 21.599999999999994, 19.700000000000003, 17.700000000000003, 15.700000000000003, 13.799999999999997, 11.799999999999997, 9.900000000000006, 7.900000000000006, 5.900000000000006, 4.0, 2.0, 0.0, -1.9000000000000057]}, "histogram": {"x": [760.0, 780.0, 800.0, 820.0, 840.0, 860.0, 880.0, 900.0, 920.0, 940.0, 960.0, 980.0, 1000.0, 1020.0, 1040.0, 1060.0, 1080.0, 1100.0, 1120.0, 1140.0, 1160.0, 1180.0, 1200.0, 1220.0, 1240.0, 1260.0, 1280.0, 1300.0, 1320.0, 1340.0, 1360.0, 1380.0, 1400.0, 1420.0], "y": [1, 1, 0, 1, 0, 1, 0, 1, 2, 2, 1, 1, 0, 0, 0, 0, 1, 1, 0, 2, 4, 2, 2, 18, 4, 4, 2, 0, 0, 0, 0, 0, 0, 0, 1]}}