{"histogram": {"y": [1, 1, 0, 0, 0, 1, 2, 4, 4, 3, 4, 5, 9, 3, 10, 5, 11, 13, 7, 10, 13, 8, 20, 21, 19, 12, 17, 14, 24, 105, 44, 37, 38, 37, 14, 7, 0, 0, 0, 0, 2, 0, 0, 1, 0], "x": [765.0, 780.0, 795.0, 810.0, 825.0, 840.0, 855.0, 870.0, 885.0, 900.0, 915.0, 930.0, 945.0, 960.0, 975.0, 990.0, 1005.0, 1020.0, 1035.0, 1050.0, 1065.0, 1080.0, 1095.0, 1110.0, 1125.0, 1140.0, 1155.0, 1170.0, 1185.0, 1200.0, 1215.0, 1230.0, 1245.0, 1260.0, 1275.0, 1290.0, 1305.0, 1320.0, 1335.0, 1350.0, 1365.0, 1380.0, 1395.0, 1410.0, 1425.0]}, "percentile": {"y": [99.9, 99.7, 99.5, 99.3, 99.1, 98.9, 98.7, 98.5, 98.3, 98.1, 98.0, 97.6, 97.4, 97.2, 97.0, 96.8, 96.6, 96.2, 95.9, 95.5, 95.3, 95.1, 94.9, 94.7, 94.5, 94.3, 93.8, 93.6, 93.4, 93.2, 93.0, 92.6, 92.4, 92.2, 92.0, 91.9, 91.1, 90.9, 90.7, 90.5, 90.3, 90.1, 90.0, 89.8, 89.6, 89.4, 89.2, 88.8, 88.4, 88.2, 88.0, 87.9, 87.7, 87.5, 87.1, 86.9, 86.7, 86.1, 85.8, 85.6, 85.4, 85.2, 85.0, 84.8, 84.6, 84.4, 84.2, 84.0, 83.9, 83.3, 83.1, 82.7, 82.5, 82.3, 82.1, 82.0, 81.4, 81.2, 80.6, 80.4, 80.2, 79.9, 79.7, 79.5, 79.3, 79.1, 78.9, 78.7, 78.5, 78.3, 77.8, 77.6, 77.4, 77.0, 76.2, 76.0, 75.7, 75.5, 75.3, 74.9, 74.7, 74.5, 74.1, 73.8, 73.6, 73.4, 72.4, 71.9, 71.7, 71.5, 71.3, 71.1, 70.5, 70.1, 69.8, 69.6, 69.4, 69.2, 69.0, 68.6, 68.2, 67.9, 67.7, 67.5, 67.3, 66.9, 66.5, 66.1, 65.8, 65.6, 65.4, 65.2, 64.8, 64.6, 64.2, 63.9, 63.7, 63.3, 63.1, 62.7, 62.3, 61.8, 61.6, 61.4, 60.8, 60.6, 60.2, 60.0, 59.7, 59.5, 59.3, 58.7, 58.3, 58.0, 57.8, 57.6, 57.2, 56.8, 56.6, 56.0, 55.7, 54.9, 54.5, 54.3, 54.1, 53.2, 52.8, 52.2, 51.9, 50.5, 48.8, 48.0, 46.1, 43.5, 42.1, 39.5, 38.0, 37.2, 35.099999999999994, 34.099999999999994, 33.0, 32.599999999999994, 31.900000000000006, 31.5, 31.099999999999994, 30.5, 30.099999999999994, 29.799999999999997, 29.200000000000003, 28.799999999999997, 28.0, 27.099999999999994, 26.5, 25.799999999999997, 25.0, 24.400000000000006, 23.900000000000006, 23.099999999999994, 22.700000000000003, 22.299999999999997, 22.0, 21.200000000000003, 21.0, 20.599999999999994, 20.200000000000003, 20.0, 19.700000000000003, 19.5, 18.700000000000003, 17.400000000000006, 17.0, 16.0, 15.5, 14.700000000000003, 14.099999999999994, 14.0, 13.599999999999994, 13.400000000000006, 12.400000000000006, 12.200000000000003, 12.0, 11.900000000000006, 11.5, 11.299999999999997, 11.099999999999994, 10.5, 10.299999999999997, 9.400000000000006, 9.0, 8.0, 7.299999999999997, 6.299999999999997, 6.099999999999994, 5.400000000000006, 5.200000000000003, 4.400000000000006, 3.299999999999997, 2.9000000000000057, 2.700000000000003, 2.0999999999999943, 2.0, 1.7999999999999972, 1.4000000000000057, 1.2000000000000028, 1.0, 0.7999999999999972, 0.5999999999999943, 0.4000000000000057, 0.20000000000000284, 0.0, -0.09999999999999432], "x": [767, 781, 854, 865, 866, 872, 878, 880, 884, 886, 892, 895, 903, 904, 914, 920, 924, 927, 932, 933, 938, 946, 951, 952, 953, 954, 956, 958, 961, 962, 965, 976, 979, 980, 981, 984, 987, 990, 993, 997, 998, 999, 1005, 1006, 1007, 1011, 1012, 1014, 1016, 1018, 1019, 1020, 1021, 1023, 1024, 1025, 1028, 1032, 1033, 1034, 1035, 1037, 1039, 1040, 1042, 1043, 1047, 1050, 1051, 1052, 1057, 1061, 1063, 1064, 1067, 1068, 1070, 1072, 1074, 1076, 1077, 1078, 1080, 1081, 1084, 1086, 1088, 1089, 1093, 1094, 1095, 1097, 1098, 1099, 1100, 1101, 1102, 1103, 1104, 1105, 1106, 1108, 1110, 1111, 1112, 1113, 1114, 1115, 1118, 1119, 1120, 1122, 1123, 1125, 1127, 1128, 1129, 1131, 1132, 1133, 1134, 1135, 1136, 1137, 1138, 1139, 1140, 1146, 1147, 1149, 1150, 1151, 1152, 1153, 1155, 1159, 1160, 1161, 1162, 1163, 1165, 1166, 1168, 1169, 1170, 1172, 1173, 1175, 1176, 1179, 1180, 1181, 1186, 1188, 1189, 1190, 1191, 1192, 1193, 1194, 1195, 1196, 1197, 1198, 1199, 1200, 1201, 1202, 1203, 1204, 1205, 1206, 1207, 1208, 1209, 1210, 1211, 1212, 1213, 1214, 1215, 1217, 1218, 1219, 1220, 1221, 1222, 1223, 1224, 1225, 1226, 1227, 1228, 1229, 1230, 1231, 1232, 1233, 1234, 1235, 1236, 1237, 1238, 1239, 1240, 1241, 1242, 1243, 1244, 1245, 1246, 1247, 1248, 1249, 1250, 1252, 1253, 1254, 1255, 1256, 1257, 1258, 1259, 1261, 1262, 1263, 1264, 1265, 1266, 1267, 1269, 1270, 1271, 1272, 1273, 1274, 1275, 1276, 1277, 1278, 1285, 1286, 1294, 1296, 1297, 1300, 1301, 1303, 1365, 1372, 1424]}}