{"histogram": {"y": [1, 1, 1, 1, 0, 2, 0, 1, 2, 1, 0, 1, 0, 3, 1, 4, 0, 0, 4, 2, 3, 2, 3, 6, 2, 2, 0, 4, 3, 9, 14, 4, 2, 4, 3, 2, 0], "x": [750.0, 765.0, 780.0, 795.0, 810.0, 825.0, 840.0, 855.0, 870.0, 885.0, 900.0, 915.0, 930.0, 945.0, 960.0, 975.0, 990.0, 1005.0, 1020.0, 1035.0, 1050.0, 1065.0, 1080.0, 1095.0, 1110.0, 1125.0, 1140.0, 1155.0, 1170.0, 1185.0, 1200.0, 1215.0, 1230.0, 1245.0, 1260.0, 1275.0, 1290.0]}, "percentile": {"y": [98.9, 97.8, 96.6, 95.5, 94.3, 93.2, 92.0, 90.9, 89.7, 88.6, 87.4, 86.3, 85.1, 84.0, 82.8, 81.7, 80.5, 79.4, 78.2, 77.1, 75.9, 74.8, 73.6, 72.5, 71.3, 69.0, 67.9, 66.7, 65.6, 64.4, 62.1, 61.0, 59.8, 57.5, 56.4, 55.2, 54.1, 52.9, 51.8, 50.6, 49.5, 48.3, 47.2, 46.0, 44.9, 43.7, 42.6, 41.4, 40.3, 39.1, 38.0, 35.7, 34.5, 32.2, 31.099999999999994, 29.900000000000006, 27.599999999999994, 25.299999999999997, 21.900000000000006, 20.700000000000003, 19.599999999999994, 17.299999999999997, 16.099999999999994, 15.0, 13.799999999999997, 12.700000000000003, 11.5, 10.400000000000006, 9.200000000000003, 8.099999999999994, 6.900000000000006, 5.799999999999997, 4.599999999999994, 2.299999999999997, 1.2000000000000028, 0.0, -1.0999999999999943], "x": [753, 774, 794, 804, 825, 834, 864, 881, 884, 886, 929, 948, 949, 957, 974, 976, 986, 988, 989, 1028, 1032, 1033, 1034, 1036, 1048, 1054, 1055, 1069, 1072, 1084, 1086, 1096, 1098, 1100, 1104, 1105, 1114, 1121, 1130, 1138, 1155, 1160, 1166, 1169, 1171, 1178, 1179, 1187, 1190, 1192, 1195, 1196, 1198, 1199, 1201, 1205, 1206, 1207, 1209, 1210, 1211, 1212, 1213, 1215, 1221, 1224, 1228, 1230, 1234, 1253, 1254, 1255, 1259, 1272, 1274, 1277, 1279]}}