{"histogram": {"x": [750.0, 765.0, 780.0, 795.0, 810.0, 825.0, 840.0, 855.0, 870.0, 885.0, 900.0, 915.0, 930.0, 945.0, 960.0, 975.0, 990.0, 1005.0, 1020.0, 1035.0, 1050.0, 1065.0, 1080.0, 1095.0, 1110.0, 1125.0, 1140.0, 1155.0, 1170.0, 1185.0, 1200.0, 1215.0, 1230.0, 1245.0, 1260.0, 1275.0, 1290.0], "y": [1, 4, 0, 1, 0, 0, 1, 1, 2, 1, 0, 1, 1, 1, 2, 1, 1, 1, 3, 1, 0, 0, 1, 1, 4, 3, 1, 0, 2, 0, 3, 2, 0, 1, 3, 1, 1]}, "percentile": {"x": [759, 770, 772, 776, 779, 798, 844, 869, 870, 878, 892, 918, 936, 954, 962, 963, 986, 1000, 1011, 1026, 1033, 1044, 1088, 1105, 1110, 1117, 1118, 1123, 1132, 1133, 1137, 1154, 1182, 1184, 1205, 1209, 1211, 1215, 1250, 1264, 1267, 1273, 1279, 1291], "y": [97.8, 95.6, 93.4, 91.2, 88.9, 86.7, 84.5, 82.3, 80.0, 77.8, 75.6, 73.4, 71.2, 68.9, 66.7, 64.5, 62.3, 60.0, 57.8, 55.6, 51.2, 48.9, 46.7, 44.5, 42.3, 40.0, 37.8, 35.599999999999994, 33.400000000000006, 31.200000000000003, 28.900000000000006, 26.700000000000003, 24.5, 22.299999999999997, 20.0, 17.799999999999997, 15.599999999999994, 11.200000000000003, 8.900000000000006, 6.700000000000003, 4.5, 2.299999999999997, 0.0, -2.200000000000003]}}