{"histogram": {"x": [820.0, 840.0, 860.0, 880.0, 900.0, 920.0, 940.0, 960.0, 980.0, 1000.0, 1020.0, 1040.0, 1060.0, 1080.0, 1100.0, 1120.0, 1140.0, 1160.0, 1180.0, 1200.0, 1220.0, 1240.0, 1260.0, 1280.0, 1300.0, 1320.0, 1340.0, 1360.0, 1380.0, 1400.0, 1420.0, 1440.0], "y": [1, 0, 0, 0, 1, 0, 1, 1, 4, 2, 1, 3, 3, 1, 3, 2, 0, 2, 2, 0, 10, 1, 1, 6, 1, 0, 0, 0, 0, 0, 0, 1, 0]}, "percentile": {"x": [802, 891, 933, 940, 967, 971, 977, 978, 986, 991, 1007, 1023, 1028, 1039, 1049, 1054, 1071, 1084, 1093, 1096, 1100, 1107, 1142, 1172, 1178, 1203, 1207, 1208, 1209, 1210, 1212, 1215, 1217, 1218, 1238, 1256, 1265, 1268, 1269, 1274, 1281, 1424], "y": [97.9, 95.7, 93.5, 91.4, 89.2, 87.0, 84.8, 82.7, 80.5, 78.3, 76.1, 74.0, 71.8, 69.6, 67.4, 63.1, 60.9, 58.7, 56.6, 54.4, 52.2, 50.0, 45.7, 43.5, 41.4, 39.2, 34.8, 32.7, 30.5, 28.299999999999997, 26.099999999999994, 24.0, 21.799999999999997, 19.599999999999994, 17.400000000000006, 15.299999999999997, 13.099999999999994, 8.700000000000003, 4.400000000000006, 2.200000000000003, 0.0, -2.0999999999999943]}}