{"histogram": {"x": [800.0, 820.0, 840.0, 860.0, 880.0, 900.0, 920.0, 940.0, 960.0, 980.0, 1000.0, 1020.0, 1040.0, 1060.0, 1080.0, 1100.0, 1120.0, 1140.0, 1160.0, 1180.0, 1200.0, 1220.0, 1240.0, 1260.0, 1280.0, 1300.0, 1320.0, 1340.0, 1360.0, 1380.0, 1400.0], "y": [1, 0, 0, 0, 0, 0, 0, 1, 1, 2, 0, 0, 1, 1, 1, 1, 1, 1, 2, 0, 10, 2, 6, 4, 2, 1, 0, 0, 2, 0, 2]}, "percentile": {"x": [816, 953, 962, 984, 987, 1059, 1060, 1093, 1112, 1134, 1150, 1167, 1170, 1201, 1204, 1205, 1209, 1210, 1211, 1213, 1215, 1218, 1222, 1235, 1240, 1242, 1253, 1254, 1255, 1261, 1265, 1268, 1274, 1281, 1289, 1305, 1370, 1377, 1415], "y": [97.6, 95.2, 92.7, 90.3, 87.9, 85.4, 83.0, 80.5, 78.1, 75.7, 73.2, 70.8, 68.3, 65.9, 63.5, 58.6, 56.1, 53.7, 51.3, 48.8, 46.4, 44.0, 41.5, 39.1, 34.2, 31.799999999999997, 29.299999999999997, 26.900000000000006, 24.400000000000006, 22.0, 19.599999999999994, 17.099999999999994, 14.700000000000003, 12.200000000000003, 9.799999999999997, 7.400000000000006, 4.900000000000006, 2.5, -2.4000000000000057]}}