{"histogram": {"x": [855.0, 870.0, 885.0, 900.0, 915.0, 930.0, 945.0, 960.0, 975.0, 990.0, 1005.0, 1020.0, 1035.0, 1050.0, 1065.0, 1080.0, 1095.0, 1110.0, 1125.0, 1140.0, 1155.0, 1170.0, 1185.0, 1200.0, 1215.0, 1230.0, 1245.0, 1260.0, 1275.0, 1290.0, 1305.0, 1320.0, 1335.0, 1350.0, 1365.0, 1380.0, 1395.0, 1410.0, 1425.0], "y": [1, 0, 0, 0, 3, 1, 1, 0, 3, 2, 0, 0, 2, 1, 2, 2, 1, 0, 0, 2, 0, 1, 2, 3, 4, 2, 3, 3, 4, 0, 1, 0, 0, 0, 0, 0, 0, 1, 0]}, "percentile": {"x": [866, 917, 920, 928, 936, 958, 980, 983, 985, 1004, 1041, 1049, 1063, 1066, 1070, 1084, 1093, 1095, 1145, 1151, 1171, 1186, 1197, 1203, 1205, 1207, 1215, 1216, 1227, 1232, 1234, 1249, 1254, 1255, 1260, 1265, 1275, 1280, 1284, 1318, 1424], "y": [97.8, 95.5, 93.2, 91.0, 88.7, 86.4, 84.1, 81.9, 79.6, 75.0, 72.8, 70.5, 68.2, 66.0, 63.7, 61.4, 59.1, 56.9, 54.6, 52.3, 50.0, 47.8, 45.5, 43.2, 41.0, 38.7, 34.099999999999994, 31.900000000000006, 29.599999999999994, 27.299999999999997, 25.0, 22.799999999999997, 20.5, 18.200000000000003, 16.0, 11.400000000000006, 6.900000000000006, 4.599999999999994, 2.299999999999997, 0.0, -2.200000000000003]}}