{"percentile": {"x": [920, 925, 940, 986, 1001, 1024, 1045, 1074, 1076, 1102, 1115, 1116, 1142, 1156, 1169, 1171, 1183, 1197, 1198, 1199, 1203, 1205, 1206, 1207, 1208, 1209, 1211, 1219, 1222, 1233, 1234, 1236, 1239, 1244, 1245, 1252, 1255, 1259, 1263, 1265, 1268, 1272, 1273, 1297, 1324], "y": [98.1, 96.1, 94.2, 92.2, 90.2, 88.3, 86.3, 84.4, 82.4, 80.4, 78.5, 76.5, 74.6, 72.6, 68.7, 66.7, 64.8, 62.8, 60.8, 56.9, 53.0, 51.0, 47.1, 43.2, 41.2, 39.3, 35.3, 33.400000000000006, 31.400000000000006, 29.5, 27.5, 25.5, 23.599999999999994, 21.599999999999994, 19.700000000000003, 17.700000000000003, 15.700000000000003, 13.799999999999997, 11.799999999999997, 9.900000000000006, 7.900000000000006, 5.900000000000006, 2.0, 0.0, -1.9000000000000057]}, "histogram": {"x": [940.0, 960.0, 980.0, 1000.0, 1020.0, 1040.0, 1060.0, 1080.0, 1100.0, 1120.0, 1140.0, 1160.0, 1180.0, 1200.0, 1220.0, 1240.0, 1260.0, 1280.0, 1300.0, 1320.0, 1340.0], "y": [2, 1, 0, 1, 1, 1, 1, 2, 0, 3, 0, 2, 3, 5, 12, 5, 5, 6, 1, 0, 1, 0]}}