{"percentile": {"x": [816, 830, 850, 865, 868, 880, 883, 901, 906, 907, 912, 914, 925, 932, 933, 937, 940, 942, 948, 956, 957, 959, 969, 972, 979, 981, 985, 990, 991, 998, 1002, 1003, 1008, 1013, 1014, 1016, 1017, 1022, 1024, 1025, 1027, 1028, 1031, 1032, 1035, 1040, 1050, 1055, 1060, 1061, 1064, 1065, 1066, 1067, 1071, 1072, 1077, 1079, 1080, 1081, 1084, 1090, 1093, 1094, 1098, 1103, 1104, 1106, 1112, 1115, 1121, 1122, 1123, 1128, 1130, 1133, 1136, 1140, 1144, 1145, 1147, 1149, 1150, 1151, 1152, 1154, 1156, 1157, 1158, 1161, 1164, 1166, 1169, 1175, 1176, 1180, 1181, 1183, 1184, 1185, 1187, 1189, 1190, 1195, 1196, 1199, 1201, 1202, 1203, 1205, 1206, 1207, 1208, 1209, 1210, 1211, 1212, 1213, 1214, 1215, 1218, 1219, 1221, 1225, 1227, 1228, 1229, 1230, 1231, 1232, 1233, 1235, 1237, 1238, 1239, 1240, 1241, 1245, 1248, 1249, 1251, 1253, 1256, 1257, 1260, 1261, 1262, 1265, 1266, 1270, 1271, 1272, 1276, 1278, 1279, 1280, 1285, 1288, 1316, 1320, 1328, 1349, 1423], "y": [99.6, 99.2, 98.8, 98.4, 97.9, 97.5, 97.1, 96.7, 96.3, 95.8, 95.4, 95.0, 94.6, 94.2, 93.7, 93.3, 92.9, 92.5, 92.1, 91.6, 91.2, 90.8, 90.4, 89.5, 88.7, 88.3, 87.9, 87.4, 86.6, 86.2, 85.8, 85.3, 84.9, 84.5, 84.1, 83.7, 82.4, 82.0, 81.6, 81.1, 80.7, 79.9, 79.0, 78.6, 78.2, 77.8, 77.4, 76.9, 76.5, 76.1, 75.7, 75.3, 74.8, 74.4, 74.0, 73.6, 73.2, 72.3, 71.9, 71.5, 70.6, 70.2, 69.8, 69.4, 69.0, 68.5, 67.7, 66.9, 66.4, 66.0, 65.6, 65.2, 63.9, 63.5, 63.1, 62.7, 62.2, 61.4, 61.0, 60.6, 60.1, 59.7, 59.3, 58.9, 58.5, 57.6, 57.2, 56.8, 56.4, 55.9, 55.5, 54.7, 54.3, 53.8, 53.4, 53.0, 52.2, 51.3, 50.9, 50.0, 49.6, 49.2, 48.8, 48.4, 47.9, 46.7, 46.3, 45.8, 45.0, 43.3, 41.2, 39.5, 38.3, 36.6, 35.3, 34.900000000000006, 33.7, 32.400000000000006, 31.599999999999994, 30.299999999999997, 29.0, 28.200000000000003, 27.799999999999997, 27.400000000000006, 26.900000000000006, 26.5, 26.099999999999994, 25.700000000000003, 24.799999999999997, 24.400000000000006, 24.0, 22.700000000000003, 21.5, 20.200000000000003, 19.0, 17.700000000000003, 16.400000000000006, 16.0, 15.599999999999994, 15.200000000000003, 13.900000000000006, 12.700000000000003, 12.200000000000003, 11.400000000000006, 11.0, 10.599999999999994, 9.700000000000003, 8.5, 6.799999999999997, 6.400000000000006, 5.099999999999994, 4.700000000000003, 3.799999999999997, 3.4000000000000057, 3.0, 2.5999999999999943, 2.200000000000003, 1.7000000000000028, 1.2999999999999972, 0.9000000000000057, 0.5, 0.0, -0.4000000000000057]}, "histogram": {"x": [810.0, 825.0, 840.0, 855.0, 870.0, 885.0, 900.0, 915.0, 930.0, 945.0, 960.0, 975.0, 990.0, 1005.0, 1020.0, 1035.0, 1050.0, 1065.0, 1080.0, 1095.0, 1110.0, 1125.0, 1140.0, 1155.0, 1170.0, 1185.0, 1200.0, 1215.0, 1230.0, 1245.0, 1260.0, 1275.0, 1290.0, 1305.0, 1320.0, 1335.0, 1350.0, 1365.0, 1380.0, 1395.0, 1410.0, 1425.0], "y": [1, 1, 1, 2, 2, 0, 5, 1, 5, 4, 3, 4, 6, 7, 9, 2, 5, 8, 7, 6, 7, 4, 11, 8, 8, 10, 36, 13, 23, 12, 16, 7, 0, 1, 2, 1, 0, 0, 0, 0, 1, 0]}}