{"histogram": {"y": [1, 0, 0, 1, 0, 0, 2, 3, 3, 0, 0, 0, 1, 1, 0, 2, 0, 2, 1, 2, 2, 4, 3, 5, 1, 0, 1, 2, 3, 5, 0, 3, 6, 1, 1, 1, 1, 0, 0, 1, 0], "x": [780.0, 795.0, 810.0, 825.0, 840.0, 855.0, 870.0, 885.0, 900.0, 915.0, 930.0, 945.0, 960.0, 975.0, 990.0, 1005.0, 1020.0, 1035.0, 1050.0, 1065.0, 1080.0, 1095.0, 1110.0, 1125.0, 1140.0, 1155.0, 1170.0, 1185.0, 1200.0, 1215.0, 1230.0, 1245.0, 1260.0, 1275.0, 1290.0, 1305.0, 1320.0, 1335.0, 1350.0, 1365.0, 1380.0]}, "percentile": {"y": [98.3, 96.6, 94.9, 93.2, 91.4, 89.7, 88.0, 86.3, 84.5, 82.8, 81.1, 79.4, 77.6, 75.9, 74.2, 72.5, 70.7, 69.0, 67.3, 65.6, 63.8, 62.1, 60.4, 58.7, 56.9, 55.2, 53.5, 51.8, 50.0, 48.3, 46.6, 44.9, 43.2, 41.4, 39.7, 38.0, 36.3, 34.5, 31.099999999999994, 25.900000000000006, 24.200000000000003, 22.5, 20.700000000000003, 19.0, 17.299999999999997, 15.599999999999994, 13.799999999999997, 12.099999999999994, 10.400000000000006, 8.700000000000003, 6.900000000000006, 5.200000000000003, 3.5, 1.7999999999999972, 0.0, -1.7000000000000028], "x": [790, 838, 880, 883, 888, 892, 897, 907, 911, 914, 970, 988, 1005, 1016, 1041, 1044, 1051, 1067, 1079, 1092, 1094, 1097, 1100, 1104, 1107, 1111, 1114, 1116, 1125, 1131, 1135, 1138, 1139, 1144, 1175, 1193, 1199, 1212, 1213, 1215, 1218, 1225, 1254, 1255, 1258, 1261, 1264, 1266, 1267, 1268, 1273, 1277, 1297, 1319, 1320, 1375]}}