{"histogram": {"x": [800.0, 820.0, 840.0, 860.0, 880.0, 900.0, 920.0, 940.0, 960.0, 980.0, 1000.0, 1020.0, 1040.0, 1060.0, 1080.0, 1100.0, 1120.0, 1140.0, 1160.0, 1180.0, 1200.0, 1220.0, 1240.0, 1260.0, 1280.0, 1300.0, 1320.0, 1340.0, 1360.0, 1380.0, 1400.0, 1420.0], "y": [1, 0, 0, 0, 2, 2, 2, 1, 3, 2, 3, 3, 3, 6, 2, 8, 6, 5, 5, 10, 49, 47, 37, 60, 18, 5, 1, 2, 0, 1, 2, 2]}, "percentile": {"x": [814, 883, 894, 910, 919, 925, 937, 943, 965, 966, 977, 984, 994, 1001, 1018, 1019, 1030, 1035, 1036, 1040, 1045, 1055, 1061, 1062, 1070, 1071, 1078, 1082, 1096, 1101, 1106, 1110, 1115, 1116, 1118, 1122, 1136, 1138, 1139, 1141, 1148, 1153, 1158, 1160, 1162, 1164, 1168, 1175, 1180, 1188, 1190, 1193, 1194, 1196, 1197, 1199, 1201, 1202, 1203, 1204, 1205, 1206, 1207, 1208, 1209, 1210, 1211, 1212, 1213, 1214, 1215, 1217, 1218, 1220, 1222, 1224, 1225, 1226, 1227, 1228, 1229, 1230, 1231, 1232, 1233, 1234, 1235, 1236, 1237, 1238, 1239, 1240, 1241, 1242, 1243, 1244, 1245, 1246, 1248, 1250, 1251, 1252, 1253, 1255, 1257, 1258, 1259, 1260, 1262, 1264, 1265, 1266, 1267, 1268, 1269, 1270, 1271, 1272, 1273, 1274, 1275, 1276, 1277, 1278, 1279, 1280, 1281, 1282, 1283, 1284, 1285, 1287, 1288, 1289, 1292, 1293, 1294, 1296, 1298, 1305, 1310, 1311, 1312, 1330, 1345, 1352, 1393, 1415, 1423, 1424], "y": [99.7, 99.4, 99.0, 98.7, 98.3, 98.0, 97.6, 97.3, 96.9, 96.6, 96.2, 95.9, 95.5, 95.2, 94.8, 94.5, 94.1, 93.8, 93.4, 93.1, 92.7, 92.4, 92.0, 91.7, 91.3, 90.6, 90.3, 89.9, 89.6, 89.2, 88.6, 88.2, 87.9, 87.5, 86.8, 85.8, 85.4, 85.1, 84.7, 84.4, 84.0, 83.3, 83.0, 82.6, 82.3, 81.9, 81.6, 81.2, 80.5, 79.8, 79.5, 79.1, 78.8, 78.4, 78.1, 77.8, 77.1, 75.3, 75.0, 73.9, 71.8, 70.8, 69.4, 69.0, 68.3, 66.6, 65.6, 64.9, 63.8, 62.8, 61.4, 61.0, 60.7, 60.3, 58.9, 58.6, 56.1, 55.8, 55.1, 54.4, 54.1, 52.3, 50.9, 49.9, 48.8, 48.5, 46.0, 45.7, 45.0, 44.6, 44.3, 44.0, 43.6, 42.6, 41.5, 41.2, 40.1, 39.1, 37.7, 36.3, 35.900000000000006, 35.599999999999994, 33.8, 32.8, 32.099999999999994, 31.799999999999997, 31.400000000000006, 30.0, 29.299999999999997, 28.599999999999994, 24.400000000000006, 22.700000000000003, 22.299999999999997, 21.299999999999997, 21.0, 19.900000000000006, 18.900000000000006, 18.5, 15.400000000000006, 15.0, 12.900000000000006, 12.599999999999994, 11.900000000000006, 10.900000000000006, 10.5, 9.799999999999997, 9.099999999999994, 8.799999999999997, 8.400000000000006, 8.099999999999994, 7.400000000000006, 7.0, 6.700000000000003, 6.0, 5.599999999999994, 5.299999999999997, 4.900000000000006, 4.599999999999994, 4.200000000000003, 3.9000000000000057, 3.200000000000003, 2.799999999999997, 2.5, 2.0999999999999943, 1.7999999999999972, 1.4000000000000057, 1.0999999999999943, 0.4000000000000057, 0.0, -0.29999999999999716]}}