{"percentile": {"x": [837, 841, 845, 855, 871, 898, 899, 902, 912, 916, 936, 942, 943, 946, 952, 960, 961, 962, 964, 967, 968, 972, 976, 980, 985, 987, 988, 991, 992, 997, 1003, 1018, 1021, 1023, 1029, 1030, 1038, 1042, 1048, 1050, 1051, 1052, 1054, 1065, 1067, 1073, 1077, 1079, 1082, 1087, 1088, 1095, 1107, 1109, 1113, 1123, 1130, 1132, 1134, 1137, 1142, 1143, 1144, 1155, 1156, 1160, 1166, 1170, 1179, 1181, 1185, 1187, 1194, 1196, 1199, 1201, 1202, 1203, 1204, 1205, 1209, 1210, 1212, 1213, 1214, 1215, 1217, 1218, 1228, 1230, 1237, 1241, 1242, 1254, 1256, 1257, 1262, 1267, 1272, 1276, 1279, 1280, 1291, 1329, 1334, 1415], "y": [99.2, 98.4, 97.6, 96.8, 96.0, 95.2, 94.4, 93.6, 92.8, 92.0, 90.4, 89.6, 88.8, 88.0, 87.1, 86.3, 85.5, 84.7, 83.9, 83.1, 82.3, 81.5, 80.7, 79.1, 78.3, 77.5, 75.9, 75.0, 74.2, 73.4, 72.6, 71.8, 71.0, 70.2, 69.4, 68.6, 67.0, 66.2, 65.4, 64.6, 63.8, 63.0, 62.1, 61.3, 60.5, 59.7, 58.9, 58.1, 57.3, 56.5, 55.7, 54.9, 54.1, 53.3, 52.5, 51.7, 50.9, 50.0, 49.2, 48.4, 47.6, 46.8, 46.0, 45.2, 44.4, 43.6, 42.8, 41.2, 40.4, 39.6, 38.8, 37.1, 36.3, 35.5, 34.7, 33.099999999999994, 31.5, 30.700000000000003, 29.099999999999994, 28.299999999999997, 25.900000000000006, 24.200000000000003, 23.400000000000006, 20.200000000000003, 19.400000000000006, 17.799999999999997, 17.0, 16.200000000000003, 15.400000000000006, 14.599999999999994, 13.799999999999997, 13.0, 11.299999999999997, 9.700000000000003, 8.900000000000006, 8.099999999999994, 6.5, 5.700000000000003, 4.900000000000006, 4.099999999999994, 3.299999999999997, 2.5, 1.7000000000000028, 0.9000000000000057, 0.0, -0.7999999999999972]}, "histogram": {"x": [840.0, 860.0, 880.0, 900.0, 920.0, 940.0, 960.0, 980.0, 1000.0, 1020.0, 1040.0, 1060.0, 1080.0, 1100.0, 1120.0, 1140.0, 1160.0, 1180.0, 1200.0, 1220.0, 1240.0, 1260.0, 1280.0, 1300.0, 1320.0, 1340.0, 1360.0, 1380.0, 1400.0], "y": [1, 3, 1, 2, 3, 2, 4, 8, 9, 2, 6, 6, 5, 4, 3, 5, 5, 5, 7, 23, 3, 7, 6, 2, 0, 2, 0, 0, 0, 1]}}