{"histogram": {"x": [675.0, 690.0, 705.0, 720.0, 735.0, 750.0, 765.0, 780.0, 795.0, 810.0, 825.0, 840.0, 855.0, 870.0, 885.0, 900.0, 915.0, 930.0, 945.0, 960.0, 975.0, 990.0, 1005.0, 1020.0, 1035.0, 1050.0, 1065.0, 1080.0, 1095.0, 1110.0, 1125.0, 1140.0, 1155.0, 1170.0, 1185.0, 1200.0, 1215.0, 1230.0, 1245.0, 1260.0, 1275.0, 1290.0], "y": [1, 1, 0, 0, 0, 0, 0, 0, 1, 0, 1, 1, 1, 0, 0, 0, 0, 0, 1, 0, 0, 2, 1, 0, 1, 1, 0, 1, 0, 0, 1, 0, 2, 0, 1, 6, 3, 1, 0, 1, 2, 0]}, "percentile": {"x": [675, 695, 802, 829, 847, 864, 946, 992, 996, 1008, 1047, 1064, 1090, 1130, 1155, 1157, 1190, 1203, 1204, 1211, 1212, 1215, 1225, 1226, 1242, 1272, 1275, 1283], "y": [96.6, 93.2, 89.7, 86.3, 82.8, 79.4, 75.9, 72.5, 69.0, 65.6, 62.1, 58.7, 55.2, 51.8, 48.3, 44.9, 41.4, 34.5, 31.099999999999994, 24.200000000000003, 20.700000000000003, 17.299999999999997, 13.799999999999997, 10.400000000000006, 6.900000000000006, 3.5, 0.0, -3.4000000000000057]}}