{"percentile": {"x": [767, 842, 850, 851, 869, 876, 907, 926, 928, 946, 956, 966, 969, 975, 982, 983, 988, 990, 992, 993, 994, 995, 998, 999, 1000, 1007, 1013, 1015, 1020, 1028, 1032, 1036, 1038, 1044, 1048, 1049, 1050, 1052, 1056, 1063, 1064, 1068, 1070, 1082, 1083, 1084, 1086, 1092, 1104, 1106, 1109, 1115, 1116, 1117, 1119, 1121, 1124, 1126, 1127, 1128, 1133, 1136, 1145, 1146, 1151, 1158, 1160, 1161, 1162, 1163, 1164, 1165, 1167, 1169, 1170, 1173, 1175, 1178, 1180, 1181, 1182, 1188, 1189, 1190, 1191, 1192, 1194, 1196, 1198, 1200, 1202, 1203, 1204, 1205, 1206, 1207, 1208, 1209, 1210, 1211, 1212, 1213, 1214, 1215, 1216, 1217, 1218, 1220, 1221, 1223, 1224, 1225, 1227, 1228, 1229, 1230, 1231, 1232, 1233, 1234, 1235, 1236, 1237, 1238, 1239, 1240, 1242, 1243, 1244, 1245, 1246, 1248, 1249, 1250, 1251, 1252, 1253, 1255, 1256, 1257, 1258, 1259, 1260, 1261, 1262, 1263, 1264, 1265, 1266, 1267, 1268, 1269, 1273, 1275, 1276, 1278, 1279, 1280, 1284, 1286, 1290, 1293, 1297, 1302, 1308, 1424], "y": [99.7, 99.4, 99.0, 98.7, 98.3, 98.0, 97.6, 97.3, 96.9, 96.6, 95.9, 95.6, 95.2, 94.9, 94.5, 94.2, 93.8, 93.5, 92.8, 92.4, 92.1, 91.7, 91.1, 90.7, 90.4, 90.0, 89.3, 88.6, 87.9, 87.6, 87.2, 86.9, 86.6, 86.2, 85.9, 85.5, 85.2, 84.8, 84.5, 84.1, 83.4, 82.7, 82.4, 82.1, 81.7, 81.0, 80.3, 79.6, 79.3, 78.9, 78.6, 78.3, 77.9, 77.6, 77.2, 76.9, 76.5, 76.2, 75.8, 75.1, 74.4, 74.1, 73.8, 73.4, 73.1, 72.7, 72.0, 71.3, 71.0, 69.9, 69.6, 69.3, 68.9, 68.6, 68.2, 67.9, 67.5, 66.8, 66.1, 65.8, 65.1, 64.8, 64.4, 63.7, 63.4, 63.0, 62.7, 62.0, 61.3, 60.6, 60.3, 59.2, 58.9, 57.8, 56.1, 55.4, 53.3, 52.0, 49.5, 47.8, 47.5, 45.7, 42.3, 40.2, 39.8, 39.5, 39.2, 38.5, 38.1, 37.8, 37.1, 36.7, 35.7, 35.3, 34.7, 32.599999999999994, 31.200000000000003, 30.200000000000003, 29.799999999999997, 29.5, 28.400000000000006, 28.099999999999994, 27.0, 26.0, 25.0, 24.299999999999997, 23.599999999999994, 23.200000000000003, 22.900000000000006, 22.200000000000003, 21.200000000000003, 20.5, 20.099999999999994, 18.700000000000003, 18.400000000000006, 18.0, 17.700000000000003, 17.0, 16.700000000000003, 16.299999999999997, 15.299999999999997, 14.900000000000006, 14.200000000000003, 13.5, 12.200000000000003, 11.799999999999997, 11.5, 10.099999999999994, 9.700000000000003, 9.0, 8.700000000000003, 8.0, 7.299999999999997, 6.599999999999994, 5.900000000000006, 4.5, 3.9000000000000057, 2.5, 2.0999999999999943, 1.7999999999999972, 1.4000000000000057, 1.0999999999999943, 0.7000000000000028, 0.4000000000000057, 0.0, -0.29999999999999716]}, "histogram": {"x": [760.0, 780.0, 800.0, 820.0, 840.0, 860.0, 880.0, 900.0, 920.0, 940.0, 960.0, 980.0, 1000.0, 1020.0, 1040.0, 1060.0, 1080.0, 1100.0, 1120.0, 1140.0, 1160.0, 1180.0, 1200.0, 1220.0, 1240.0, 1260.0, 1280.0, 1300.0, 1320.0, 1340.0, 1360.0, 1380.0, 1400.0, 1420.0], "y": [1, 0, 0, 0, 3, 2, 0, 1, 2, 3, 3, 12, 6, 6, 6, 6, 8, 7, 9, 4, 17, 16, 64, 41, 29, 32, 9, 2, 0, 0, 0, 0, 0, 1]}}