{"percentile": {"y": [99.5, 98.9, 98.4, 97.8, 97.2, 96.7, 96.1, 95.0, 94.4, 93.9, 93.3, 92.7, 92.2, 91.6, 91.1, 90.5, 89.9, 89.4, 88.8, 88.3, 87.7, 87.1, 86.6, 85.4, 84.9, 84.3, 83.8, 83.2, 82.6, 81.5, 80.9, 80.4, 79.8, 79.3, 78.7, 78.1, 77.0, 76.5, 75.3, 74.8, 74.2, 73.6, 73.1, 72.5, 72.0, 71.4, 70.8, 70.3, 69.7, 68.6, 68.0, 66.9, 66.3, 65.8, 65.2, 64.1, 63.0, 62.4, 61.8, 61.3, 60.7, 59.6, 58.5, 56.8, 56.2, 55.7, 55.1, 54.0, 53.4, 52.9, 52.3, 51.2, 50.0, 48.9, 46.7, 45.6, 44.4, 43.9, 42.7, 41.6, 41.1, 39.9, 37.7, 35.400000000000006, 34.900000000000006, 34.3, 33.8, 33.2, 32.599999999999994, 30.900000000000006, 29.299999999999997, 28.700000000000003, 27.599999999999994, 27.0, 26.5, 25.900000000000006, 25.299999999999997, 24.200000000000003, 23.599999999999994, 23.099999999999994, 22.5, 20.799999999999997, 20.299999999999997, 19.700000000000003, 19.200000000000003, 17.5, 16.299999999999997, 14.700000000000003, 14.099999999999994, 13.0, 12.400000000000006, 11.299999999999997, 10.700000000000003, 10.200000000000003, 9.599999999999994, 9.0, 8.5, 6.799999999999997, 5.700000000000003, 5.099999999999994, 4.5, 4.0, 3.4000000000000057, 2.9000000000000057, 2.299999999999997, 1.7000000000000028, 0.5999999999999943, 0.0, -0.5], "x": [769, 787, 837, 839, 862, 863, 884, 902, 905, 906, 915, 920, 928, 930, 953, 954, 960, 967, 979, 985, 992, 994, 999, 1000, 1004, 1005, 1008, 1012, 1017, 1019, 1031, 1036, 1038, 1052, 1061, 1065, 1068, 1073, 1076, 1081, 1088, 1091, 1096, 1097, 1101, 1108, 1110, 1112, 1114, 1125, 1127, 1130, 1138, 1147, 1158, 1160, 1162, 1166, 1167, 1170, 1171, 1173, 1176, 1180, 1182, 1183, 1185, 1190, 1191, 1194, 1195, 1201, 1202, 1203, 1205, 1206, 1207, 1209, 1210, 1211, 1212, 1213, 1214, 1215, 1217, 1218, 1219, 1220, 1221, 1223, 1225, 1226, 1227, 1229, 1230, 1234, 1235, 1237, 1239, 1240, 1244, 1245, 1246, 1248, 1250, 1252, 1253, 1255, 1256, 1257, 1259, 1260, 1261, 1263, 1265, 1268, 1270, 1272, 1273, 1274, 1276, 1277, 1278, 1289, 1302, 1303, 1304, 1305, 1313]}, "histogram": {"y": [1, 1, 0, 0, 2, 0, 2, 1, 0, 4, 3, 1, 2, 2, 2, 6, 6, 1, 2, 2, 6, 3, 4, 3, 6, 1, 7, 11, 6, 26, 19, 8, 18, 13, 4, 4, 2, 0], "x": [765.0, 780.0, 795.0, 810.0, 825.0, 840.0, 855.0, 870.0, 885.0, 900.0, 915.0, 930.0, 945.0, 960.0, 975.0, 990.0, 1005.0, 1020.0, 1035.0, 1050.0, 1065.0, 1080.0, 1095.0, 1110.0, 1125.0, 1140.0, 1155.0, 1170.0, 1185.0, 1200.0, 1215.0, 1230.0, 1245.0, 1260.0, 1275.0, 1290.0, 1305.0, 1320.0]}}