{"percentile": {"x": [687, 870, 899, 929, 943, 960, 967, 974, 979, 984, 985, 1004, 1012, 1023, 1036, 1042, 1058, 1059, 1067, 1074, 1081, 1086, 1092, 1100, 1104, 1112, 1117, 1118, 1119, 1120, 1125, 1130, 1135, 1140, 1152, 1163, 1199, 1201, 1204, 1207, 1208, 1210, 1212, 1213, 1214, 1215, 1218, 1220, 1226, 1229, 1230, 1232, 1237, 1240, 1242, 1251, 1254, 1257, 1268, 1269, 1270, 1272, 1276, 1277, 1289, 1300, 1308, 1310, 1320, 1322, 1323, 1328, 1415], "y": [99.0, 97.9, 96.8, 95.7, 94.6, 93.5, 92.4, 91.3, 90.2, 89.1, 88.0, 86.9, 85.8, 84.7, 83.6, 82.5, 81.4, 80.3, 79.2, 78.1, 77.0, 75.9, 74.8, 73.7, 72.6, 70.4, 68.2, 67.1, 66.0, 64.9, 63.8, 61.6, 60.5, 59.4, 58.3, 57.2, 56.1, 52.8, 51.7, 50.6, 49.5, 47.3, 45.1, 41.8, 40.7, 39.6, 38.5, 37.4, 36.3, 34.099999999999994, 33.0, 30.799999999999997, 29.700000000000003, 27.5, 26.400000000000006, 25.299999999999997, 24.200000000000003, 23.099999999999994, 20.900000000000006, 17.599999999999994, 15.400000000000006, 13.200000000000003, 12.099999999999994, 8.799999999999997, 7.700000000000003, 6.599999999999994, 5.5, 4.400000000000006, 3.299999999999997, 2.200000000000003, 1.0999999999999943, 0.0, -1.0]}, "histogram": {"x": [700.0, 720.0, 740.0, 760.0, 780.0, 800.0, 820.0, 840.0, 860.0, 880.0, 900.0, 920.0, 940.0, 960.0, 980.0, 1000.0, 1020.0, 1040.0, 1060.0, 1080.0, 1100.0, 1120.0, 1140.0, 1160.0, 1180.0, 1200.0, 1220.0, 1240.0, 1260.0, 1280.0, 1300.0, 1320.0, 1340.0, 1360.0, 1380.0, 1400.0, 1420.0], "y": [1, 0, 0, 0, 0, 0, 0, 0, 0, 1, 1, 0, 1, 1, 4, 2, 2, 2, 3, 2, 3, 8, 5, 2, 1, 1, 16, 8, 6, 13, 1, 3, 4, 0, 0, 0, 1, 0]}}