{"histogram": {"y": [1, 0, 0, 4, 3, 1, 1, 1, 0, 2, 1, 2, 3, 2, 1, 3, 2, 0, 4, 4, 2, 0, 4, 3, 18, 2, 4, 6, 7, 7, 1, 1, 2, 0, 0, 0, 0, 0, 1, 0], "x": [840.0, 855.0, 870.0, 885.0, 900.0, 915.0, 930.0, 945.0, 960.0, 975.0, 990.0, 1005.0, 1020.0, 1035.0, 1050.0, 1065.0, 1080.0, 1095.0, 1110.0, 1125.0, 1140.0, 1155.0, 1170.0, 1185.0, 1200.0, 1215.0, 1230.0, 1245.0, 1260.0, 1275.0, 1290.0, 1305.0, 1320.0, 1335.0, 1350.0, 1365.0, 1380.0, 1395.0, 1410.0, 1425.0]}, "percentile": {"y": [99.0, 97.9, 96.8, 95.7, 94.6, 93.5, 92.4, 91.4, 90.3, 89.2, 88.1, 87.0, 85.9, 84.8, 83.7, 82.7, 80.5, 79.4, 78.3, 77.2, 76.1, 75.0, 74.0, 72.9, 71.8, 70.7, 69.6, 68.5, 67.4, 66.4, 65.3, 64.2, 63.1, 62.0, 60.9, 59.8, 58.7, 57.7, 55.5, 54.4, 53.3, 52.2, 51.1, 50.0, 47.9, 45.7, 43.5, 40.3, 37.0, 35.900000000000006, 34.8, 33.7, 32.7, 31.599999999999994, 30.5, 29.400000000000006, 28.299999999999997, 27.200000000000003, 26.099999999999994, 24.0, 20.700000000000003, 19.599999999999994, 18.5, 17.400000000000006, 16.400000000000006, 15.299999999999997, 14.200000000000003, 13.099999999999994, 12.0, 9.799999999999997, 8.700000000000003, 7.700000000000003, 6.599999999999994, 5.5, 4.400000000000006, 3.299999999999997, 2.200000000000003, 1.0999999999999943, 0.0, -1.0], "x": [840, 885, 886, 896, 898, 901, 904, 905, 919, 938, 951, 979, 987, 1003, 1011, 1017, 1020, 1031, 1035, 1041, 1060, 1070, 1073, 1079, 1080, 1082, 1110, 1115, 1120, 1121, 1127, 1128, 1133, 1138, 1144, 1154, 1170, 1173, 1177, 1192, 1197, 1199, 1203, 1204, 1205, 1206, 1207, 1208, 1209, 1210, 1211, 1212, 1214, 1217, 1221, 1230, 1237, 1238, 1240, 1245, 1248, 1250, 1261, 1262, 1263, 1264, 1266, 1269, 1271, 1275, 1276, 1277, 1280, 1286, 1289, 1300, 1311, 1328, 1333, 1416]}}