{"histogram": {"y": [2, 0, 2, 5, 5, 11, 8, 6, 9, 21, 13, 13, 24, 17, 18, 17, 28, 20, 26, 29, 21, 31, 114, 46, 41, 42, 8, 3, 2, 0, 1, 0, 2, 1], "x": [760.0, 780.0, 800.0, 820.0, 840.0, 860.0, 880.0, 900.0, 920.0, 940.0, 960.0, 980.0, 1000.0, 1020.0, 1040.0, 1060.0, 1080.0, 1100.0, 1120.0, 1140.0, 1160.0, 1180.0, 1200.0, 1220.0, 1240.0, 1260.0, 1280.0, 1300.0, 1320.0, 1340.0, 1360.0, 1380.0, 1400.0, 1420.0]}, "percentile": {"y": [99.9, 99.7, 99.5, 99.4, 99.2, 99.0, 98.9, 98.7, 98.5, 98.3, 98.2, 98.0, 97.8, 97.7, 97.3, 97.1, 96.8, 96.5, 96.3, 96.1, 95.9, 95.8, 95.6, 95.4, 95.3, 95.1, 94.9, 94.8, 94.6, 94.4, 94.2, 93.9, 93.7, 93.6, 93.4, 93.0, 92.5, 92.4, 92.2, 92.0, 91.8, 91.7, 91.5, 91.3, 91.0, 90.8, 90.6, 90.5, 90.3, 90.0, 89.6, 88.8, 88.6, 88.4, 88.3, 88.1, 87.7, 87.6, 87.4, 87.2, 87.1, 86.7, 86.5, 86.4, 86.0, 85.7, 85.5, 85.3, 85.2, 84.7, 84.5, 84.2, 83.8, 83.6, 83.3, 83.0, 82.4, 82.1, 81.9, 81.8, 81.1, 80.9, 80.4, 80.2, 79.7, 79.4, 79.2, 78.9, 78.7, 78.3, 78.2, 77.8, 77.7, 77.5, 77.3, 77.1, 76.8, 76.6, 76.5, 76.3, 76.1, 75.8, 75.6, 75.3, 75.1, 74.9, 74.8, 74.6, 74.2, 74.1, 73.9, 73.7, 73.6, 73.0, 72.9, 72.7, 72.5, 72.4, 72.2, 72.0, 71.5, 71.2, 71.0, 70.8, 70.6, 70.1, 70.0, 69.5, 69.3, 69.1, 68.8, 68.6, 68.4, 68.1, 67.9, 67.4, 66.9, 66.7, 66.5, 66.4, 66.0, 65.7, 65.5, 65.3, 65.0, 64.8, 64.7, 64.5, 64.2, 63.8, 63.6, 63.5, 63.3, 63.1, 63.0, 62.6, 62.4, 62.3, 61.9, 61.8, 61.6, 61.2, 61.1, 60.4, 60.0, 59.9, 59.7, 59.4, 59.0, 58.5, 58.2, 57.8, 57.5, 57.1, 56.8, 56.3, 56.1, 55.6, 55.4, 55.1, 54.9, 54.8, 54.6, 54.2, 53.4, 53.2, 53.0, 52.9, 52.7, 52.5, 52.4, 52.0, 51.7, 51.2, 51.0, 50.8, 50.6, 49.8, 49.6, 49.3, 48.8, 48.4, 48.3, 48.1, 47.4, 46.9, 46.7, 46.5, 46.2, 45.9, 45.5, 45.3, 45.2, 44.8, 44.7, 44.3, 43.8, 43.0, 41.4, 40.7, 40.2, 38.2, 37.3, 35.599999999999994, 34.400000000000006, 33.0, 31.5, 30.299999999999997, 29.299999999999997, 28.599999999999994, 27.900000000000006, 25.900000000000006, 25.5, 25.200000000000003, 24.799999999999997, 24.200000000000003, 23.5, 23.0, 22.599999999999994, 22.400000000000006, 22.299999999999997, 21.900000000000006, 21.400000000000006, 20.900000000000006, 20.400000000000006, 19.700000000000003, 19.400000000000006, 19.0, 18.700000000000003, 18.5, 17.700000000000003, 17.0, 16.299999999999997, 15.099999999999994, 14.900000000000006, 13.900000000000006, 13.400000000000006, 12.900000000000006, 12.5, 12.400000000000006, 12.200000000000003, 11.799999999999997, 11.700000000000003, 11.5, 11.0, 10.799999999999997, 10.5, 10.099999999999994, 10.0, 9.5, 9.099999999999994, 8.799999999999997, 8.599999999999994, 7.700000000000003, 7.400000000000006, 6.900000000000006, 6.400000000000006, 5.5, 5.299999999999997, 4.700000000000003, 3.799999999999997, 3.5999999999999943, 3.299999999999997, 3.0, 2.799999999999997, 2.0999999999999943, 1.9000000000000057, 1.7999999999999972, 1.5999999999999943, 1.4000000000000057, 1.2000000000000028, 1.0999999999999943, 0.9000000000000057, 0.7000000000000028, 0.5999999999999943, 0.4000000000000057, 0.20000000000000284, 0.0, -0.09999999999999432], "x": [765, 777, 802, 818, 822, 826, 827, 830, 838, 843, 844, 852, 855, 856, 860, 862, 866, 871, 874, 876, 877, 878, 880, 884, 887, 889, 890, 892, 895, 898, 900, 903, 906, 914, 919, 925, 927, 929, 934, 937, 939, 940, 941, 943, 946, 948, 949, 950, 951, 952, 953, 954, 955, 956, 957, 962, 965, 966, 968, 969, 972, 973, 976, 978, 979, 980, 982, 983, 984, 985, 988, 989, 992, 1002, 1003, 1005, 1006, 1007, 1010, 1014, 1015, 1016, 1017, 1018, 1019, 1021, 1025, 1026, 1027, 1028, 1029, 1030, 1032, 1033, 1034, 1036, 1039, 1040, 1042, 1043, 1044, 1046, 1047, 1048, 1051, 1052, 1054, 1055, 1056, 1057, 1058, 1059, 1062, 1065, 1066, 1069, 1070, 1071, 1072, 1074, 1075, 1076, 1078, 1079, 1080, 1081, 1083, 1084, 1085, 1086, 1087, 1089, 1090, 1091, 1092, 1093, 1095, 1096, 1097, 1098, 1099, 1100, 1102, 1103, 1106, 1107, 1108, 1110, 1111, 1113, 1114, 1115, 1116, 1117, 1118, 1119, 1121, 1123, 1124, 1125, 1126, 1128, 1129, 1130, 1131, 1132, 1134, 1136, 1137, 1138, 1139, 1140, 1141, 1142, 1143, 1144, 1146, 1147, 1148, 1150, 1152, 1153, 1154, 1155, 1156, 1159, 1160, 1161, 1163, 1166, 1167, 1168, 1169, 1170, 1172, 1173, 1175, 1177, 1178, 1182, 1183, 1184, 1185, 1186, 1187, 1188, 1189, 1190, 1191, 1192, 1193, 1194, 1196, 1197, 1198, 1199, 1200, 1201, 1202, 1203, 1204, 1205, 1206, 1207, 1208, 1209, 1210, 1211, 1212, 1213, 1214, 1215, 1216, 1217, 1219, 1220, 1221, 1222, 1223, 1224, 1225, 1226, 1228, 1229, 1230, 1231, 1232, 1233, 1235, 1236, 1237, 1239, 1240, 1243, 1244, 1245, 1246, 1247, 1248, 1249, 1250, 1252, 1253, 1254, 1255, 1256, 1257, 1258, 1259, 1261, 1262, 1263, 1264, 1265, 1266, 1268, 1269, 1270, 1271, 1272, 1273, 1274, 1277, 1278, 1279, 1280, 1284, 1290, 1293, 1294, 1300, 1311, 1312, 1321, 1330, 1361, 1400, 1415, 1424]}}