{"histogram": {"x": [980.0, 1000.0, 1020.0, 1040.0, 1060.0, 1080.0, 1100.0, 1120.0, 1140.0, 1160.0, 1180.0, 1200.0, 1220.0, 1240.0, 1260.0, 1280.0], "y": [2, 0, 2, 2, 1, 1, 0, 1, 3, 1, 0, 3, 6, 4, 2, 2, 1]}, "percentile": {"x": [973, 975, 1001, 1014, 1032, 1034, 1043, 1069, 1108, 1127, 1130, 1138, 1151, 1186, 1198, 1206, 1210, 1215, 1218, 1221, 1225, 1227, 1231, 1254, 1257, 1264, 1271, 1287], "y": [96.7, 93.4, 90.0, 86.7, 83.4, 80.0, 76.7, 73.4, 70.0, 66.7, 63.4, 60.0, 56.7, 53.4, 46.7, 43.4, 36.7, 33.400000000000006, 26.700000000000003, 23.400000000000006, 20.0, 16.700000000000003, 13.400000000000006, 10.0, 6.700000000000003, 3.4000000000000057, 0.0, -3.299999999999997]}}