{"percentile": {"y": [98.4, 96.8, 95.2, 93.6, 92.0, 90.4, 85.5, 83.9, 82.3, 80.7, 79.1, 77.5, 75.9, 74.2, 72.6, 71.0, 69.4, 66.2, 64.6, 63.0, 61.3, 59.7, 58.1, 56.5, 54.9, 53.3, 51.7, 48.4, 46.8, 45.2, 42.0, 40.4, 38.8, 37.1, 35.5, 33.900000000000006, 32.3, 30.700000000000003, 29.099999999999994, 27.5, 25.900000000000006, 24.200000000000003, 22.599999999999994, 21.0, 19.400000000000006, 17.799999999999997, 16.200000000000003, 13.0, 11.299999999999997, 9.700000000000003, 8.099999999999994, 6.5, 4.900000000000006, 3.299999999999997, 1.7000000000000028, 0.0, -1.5999999999999943], "x": [843, 881, 906, 979, 1044, 1045, 1049, 1052, 1064, 1075, 1082, 1097, 1098, 1117, 1120, 1123, 1131, 1155, 1169, 1170, 1185, 1188, 1190, 1203, 1204, 1205, 1206, 1209, 1210, 1211, 1212, 1213, 1215, 1217, 1220, 1221, 1222, 1223, 1229, 1230, 1233, 1240, 1241, 1245, 1247, 1252, 1254, 1258, 1261, 1262, 1263, 1265, 1266, 1272, 1275, 1288, 1290]}, "histogram": {"y": [1, 0, 1, 0, 1, 0, 0, 0, 0, 1, 0, 0, 0, 5, 2, 1, 1, 2, 3, 1, 0, 3, 1, 3, 11, 7, 4, 6, 6, 2, 1], "x": [840.0, 855.0, 870.0, 885.0, 900.0, 915.0, 930.0, 945.0, 960.0, 975.0, 990.0, 1005.0, 1020.0, 1035.0, 1050.0, 1065.0, 1080.0, 1095.0, 1110.0, 1125.0, 1140.0, 1155.0, 1170.0, 1185.0, 1200.0, 1215.0, 1230.0, 1245.0, 1260.0, 1275.0, 1290.0]}}