{"percentile": {"x": [682, 814, 852, 865, 906, 913, 921, 927, 928, 940, 944, 956, 958, 975, 985, 989, 1008, 1016, 1017, 1025, 1032, 1034, 1036, 1037, 1039, 1043, 1045, 1048, 1049, 1050, 1054, 1057, 1062, 1070, 1085, 1089, 1093, 1095, 1100, 1108, 1116, 1119, 1125, 1133, 1136, 1142, 1144, 1148, 1152, 1164, 1165, 1170, 1171, 1179, 1181, 1188, 1190, 1197, 1200, 1201, 1202, 1203, 1206, 1207, 1208, 1209, 1210, 1211, 1212, 1213, 1214, 1215, 1216, 1221, 1222, 1223, 1227, 1228, 1229, 1230, 1233, 1235, 1236, 1237, 1238, 1239, 1241, 1242, 1244, 1248, 1250, 1253, 1255, 1260, 1263, 1264, 1265, 1266, 1267, 1268, 1269, 1270, 1271, 1272, 1273, 1274, 1276, 1295, 1308, 1310, 1322, 1326, 1327, 1369, 1415], "y": [99.4, 98.7, 98.0, 97.4, 96.7, 96.0, 95.4, 94.7, 94.0, 93.4, 92.7, 91.4, 90.7, 90.0, 89.4, 88.7, 88.0, 87.4, 86.7, 86.0, 85.4, 84.7, 83.4, 82.0, 81.4, 80.7, 80.0, 79.4, 78.7, 78.0, 77.4, 76.0, 75.4, 74.7, 74.0, 72.7, 72.0, 70.0, 69.4, 68.7, 68.0, 67.4, 66.7, 66.0, 64.7, 64.0, 63.4, 62.7, 62.0, 61.4, 60.7, 60.0, 59.4, 58.7, 58.0, 57.4, 56.7, 56.0, 55.4, 54.0, 51.4, 50.7, 48.0, 46.7, 45.4, 44.0, 42.7, 42.0, 41.4, 40.0, 39.4, 36.7, 36.0, 35.400000000000006, 34.7, 34.0, 33.400000000000006, 32.7, 31.400000000000006, 30.700000000000003, 30.0, 29.400000000000006, 28.0, 27.400000000000006, 25.400000000000006, 24.0, 23.400000000000006, 22.700000000000003, 22.0, 20.700000000000003, 20.0, 19.400000000000006, 18.0, 17.400000000000006, 15.400000000000006, 14.700000000000003, 13.400000000000006, 12.700000000000003, 11.400000000000006, 10.700000000000003, 10.0, 8.700000000000003, 8.0, 7.400000000000006, 6.700000000000003, 5.400000000000006, 4.700000000000003, 4.0, 3.4000000000000057, 2.700000000000003, 2.0, 1.4000000000000057, 0.7000000000000028, 0.0, -0.5999999999999943]}, "histogram": {"x": [700.0, 720.0, 740.0, 760.0, 780.0, 800.0, 820.0, 840.0, 860.0, 880.0, 900.0, 920.0, 940.0, 960.0, 980.0, 1000.0, 1020.0, 1040.0, 1060.0, 1080.0, 1100.0, 1120.0, 1140.0, 1160.0, 1180.0, 1200.0, 1220.0, 1240.0, 1260.0, 1280.0, 1300.0, 1320.0, 1340.0, 1360.0, 1380.0, 1400.0, 1420.0], "y": [1, 0, 0, 0, 0, 0, 1, 0, 1, 1, 0, 2, 3, 5, 1, 2, 3, 8, 8, 2, 7, 4, 4, 4, 5, 4, 30, 18, 9, 20, 1, 2, 3, 0, 1, 0, 1, 0]}}