{"percentile": {"x": [783, 828, 850, 863, 925, 928, 932, 933, 941, 967, 969, 977, 990, 994, 1008, 1015, 1067, 1070, 1071, 1072, 1075, 1077, 1082, 1099, 1123, 1124, 1128, 1138, 1148, 1154, 1156, 1160, 1162, 1180, 1187, 1199, 1204, 1206, 1207, 1208, 1209, 1210, 1212, 1213, 1217, 1219, 1221, 1223, 1224, 1226, 1272, 1275], "y": [98.3, 96.5, 94.7, 92.9, 89.3, 87.5, 85.8, 84.0, 82.2, 80.4, 78.6, 75.0, 73.3, 71.5, 69.7, 67.9, 66.1, 64.3, 62.5, 60.8, 59.0, 57.2, 55.4, 53.6, 51.8, 50.0, 48.3, 46.5, 44.7, 42.9, 41.1, 39.3, 37.5, 35.8, 34.0, 32.2, 28.599999999999994, 25.0, 23.299999999999997, 21.5, 19.700000000000003, 17.900000000000006, 16.099999999999994, 14.299999999999997, 12.5, 10.799999999999997, 9.0, 7.200000000000003, 5.400000000000006, 3.5999999999999943, 1.7999999999999972, -1.7000000000000028]}, "histogram": {"x": [780.0, 795.0, 810.0, 825.0, 840.0, 855.0, 870.0, 885.0, 900.0, 915.0, 930.0, 945.0, 960.0, 975.0, 990.0, 1005.0, 1020.0, 1035.0, 1050.0, 1065.0, 1080.0, 1095.0, 1110.0, 1125.0, 1140.0, 1155.0, 1170.0, 1185.0, 1200.0, 1215.0, 1230.0, 1245.0, 1260.0, 1275.0], "y": [1, 0, 0, 1, 1, 1, 0, 0, 0, 3, 3, 0, 2, 2, 2, 2, 0, 0, 0, 6, 1, 1, 2, 2, 2, 3, 1, 2, 10, 6, 0, 0, 1, 2]}}