{"histogram": {"y": [1, 3, 1, 4, 1, 1, 8, 3, 4, 0, 7, 2, 7, 7, 41, 61, 53, 61, 22, 14, 4, 0, 1, 2, 10, 4, 0], "x": [940.0, 960.0, 980.0, 1000.0, 1020.0, 1040.0, 1060.0, 1080.0, 1100.0, 1120.0, 1140.0, 1160.0, 1180.0, 1200.0, 1220.0, 1240.0, 1260.0, 1280.0, 1300.0, 1320.0, 1340.0, 1360.0, 1380.0, 1400.0, 1420.0, 1440.0]}, "percentile": {"y": [99.7, 99.1, 98.8, 98.5, 98.2, 97.9, 97.6, 97.2, 96.9, 96.6, 96.3, 95.7, 95.4, 95.1, 94.8, 94.4, 94.1, 93.8, 93.5, 93.2, 92.9, 92.0, 91.6, 91.3, 91.0, 90.7, 90.4, 90.1, 89.8, 89.5, 89.1, 88.8, 88.5, 88.2, 87.9, 87.6, 87.3, 87.0, 86.7, 86.3, 86.0, 85.7, 85.1, 84.8, 84.5, 83.9, 83.5, 82.3, 81.7, 81.4, 81.0, 79.5, 78.9, 77.6, 76.7, 76.1, 75.4, 73.9, 73.3, 72.3, 72.0, 71.1, 69.5, 68.9, 68.0, 67.3, 66.1, 65.2, 64.2, 63.0, 62.4, 61.1, 59.6, 58.3, 57.7, 57.1, 56.1, 55.2, 54.9, 53.9, 53.0, 52.7, 52.1, 50.8, 50.5, 49.6, 49.0, 48.6, 47.4, 46.5, 44.9, 44.0, 43.7, 42.4, 41.8, 40.9, 39.9, 39.3, 38.1, 36.5, 35.599999999999994, 34.900000000000006, 34.599999999999994, 33.7, 33.400000000000006, 31.200000000000003, 30.599999999999994, 30.0, 29.0, 27.200000000000003, 26.200000000000003, 24.700000000000003, 24.299999999999997, 23.400000000000006, 22.799999999999997, 21.200000000000003, 19.700000000000003, 18.700000000000003, 17.799999999999997, 17.5, 15.599999999999994, 15.0, 14.700000000000003, 14.099999999999994, 12.799999999999997, 12.5, 12.200000000000003, 11.599999999999994, 11.0, 10.599999999999994, 10.299999999999997, 10.0, 8.799999999999997, 8.5, 8.099999999999994, 7.799999999999997, 7.5, 7.200000000000003, 6.900000000000006, 6.599999999999994, 6.299999999999997, 6.0, 5.700000000000003, 5.299999999999997, 5.0, 4.700000000000003, 4.400000000000006, 4.099999999999994, 3.5, 1.0, -0.29999999999999716], "x": [922, 947, 952, 975, 981, 982, 984, 990, 1015, 1029, 1045, 1046, 1049, 1052, 1055, 1056, 1059, 1062, 1071, 1073, 1090, 1099, 1120, 1121, 1126, 1128, 1132, 1136, 1139, 1149, 1157, 1162, 1163, 1165, 1167, 1170, 1177, 1178, 1181, 1184, 1186, 1189, 1193, 1196, 1201, 1203, 1204, 1205, 1206, 1207, 1208, 1209, 1210, 1211, 1212, 1213, 1214, 1215, 1216, 1217, 1218, 1220, 1221, 1222, 1223, 1224, 1225, 1226, 1227, 1228, 1229, 1230, 1231, 1232, 1233, 1234, 1235, 1236, 1237, 1238, 1239, 1240, 1241, 1242, 1243, 1244, 1245, 1247, 1248, 1249, 1250, 1251, 1252, 1253, 1254, 1255, 1256, 1257, 1258, 1259, 1260, 1261, 1262, 1263, 1264, 1265, 1266, 1267, 1268, 1269, 1270, 1271, 1272, 1273, 1274, 1275, 1276, 1277, 1278, 1279, 1280, 1281, 1282, 1284, 1285, 1287, 1288, 1294, 1295, 1297, 1300, 1301, 1302, 1303, 1307, 1308, 1309, 1310, 1311, 1315, 1316, 1321, 1325, 1336, 1338, 1368, 1386, 1389, 1400, 1415, 1424]}}