{"percentile": {"x": [855, 856, 864, 893, 930, 943, 949, 982, 984, 987, 990, 991, 1010, 1017, 1020, 1036, 1052, 1058, 1062, 1063, 1071, 1079, 1098, 1099, 1114, 1116, 1120, 1147, 1166, 1174, 1179, 1185, 1186, 1193, 1196, 1199, 1203, 1205, 1208, 1210, 1213, 1214, 1215, 1218, 1219, 1220, 1225, 1228, 1230, 1233, 1234, 1237, 1240, 1242, 1247, 1255, 1260, 1262, 1265, 1269, 1282, 1424], "y": [98.6, 97.2, 95.7, 94.3, 92.8, 91.4, 89.9, 88.5, 87.0, 85.6, 84.1, 82.7, 81.2, 79.8, 78.3, 76.9, 75.4, 74.0, 72.5, 71.1, 69.6, 68.2, 66.7, 65.3, 63.8, 62.4, 60.9, 59.5, 56.6, 55.1, 53.7, 52.2, 50.8, 49.3, 47.9, 46.4, 45.0, 43.5, 42.1, 40.6, 37.7, 36.3, 31.900000000000006, 30.5, 29.0, 26.099999999999994, 23.200000000000003, 21.799999999999997, 20.299999999999997, 18.900000000000006, 17.400000000000006, 16.0, 13.099999999999994, 10.200000000000003, 8.700000000000003, 7.299999999999997, 5.799999999999997, 4.400000000000006, 2.9000000000000057, 1.5, 0.0, -1.4000000000000057]}, "histogram": {"x": [860.0, 880.0, 900.0, 920.0, 940.0, 960.0, 980.0, 1000.0, 1020.0, 1040.0, 1060.0, 1080.0, 1100.0, 1120.0, 1140.0, 1160.0, 1180.0, 1200.0, 1220.0, 1240.0, 1260.0, 1280.0, 1300.0, 1320.0, 1340.0, 1360.0, 1380.0, 1400.0, 1420.0], "y": [2, 1, 1, 0, 1, 2, 0, 5, 2, 2, 2, 4, 2, 2, 1, 1, 4, 5, 12, 9, 6, 4, 1, 0, 0, 0, 0, 0, 0, 1]}}