{"histogram": {"y": [2, 0, 1, 0, 0, 1, 2, 1, 1, 2, 6, 1, 6, 2, 2, 3, 6, 0, 2, 5, 3, 9, 6, 18, 9, 9, 9, 5, 6, 0], "x": [855.0, 870.0, 885.0, 900.0, 915.0, 930.0, 945.0, 960.0, 975.0, 990.0, 1005.0, 1020.0, 1035.0, 1050.0, 1065.0, 1080.0, 1095.0, 1110.0, 1125.0, 1140.0, 1155.0, 1170.0, 1185.0, 1200.0, 1215.0, 1230.0, 1245.0, 1260.0, 1275.0, 1290.0]}, "percentile": {"y": [99.2, 98.3, 97.5, 96.6, 94.9, 94.0, 93.2, 92.3, 91.4, 89.7, 88.8, 88.0, 86.3, 85.4, 84.5, 83.7, 82.8, 81.1, 80.2, 78.5, 77.6, 76.8, 75.9, 75.0, 74.2, 73.3, 72.5, 69.9, 69.0, 68.2, 67.3, 66.4, 64.7, 63.0, 62.1, 61.3, 60.4, 58.7, 57.8, 56.9, 54.4, 53.5, 52.6, 50.0, 49.2, 48.3, 47.5, 46.6, 45.7, 44.9, 41.4, 40.6, 38.0, 37.1, 35.400000000000006, 31.900000000000006, 29.400000000000006, 28.5, 27.599999999999994, 25.900000000000006, 24.200000000000003, 20.700000000000003, 19.900000000000006, 19.0, 18.200000000000003, 17.299999999999997, 16.400000000000006, 13.799999999999997, 13.0, 12.099999999999994, 11.299999999999997, 10.400000000000006, 9.5, 8.700000000000003, 7.799999999999997, 6.900000000000006, 6.099999999999994, 5.200000000000003, 4.400000000000006, 3.5, 2.5999999999999943, 1.7999999999999972, 0.9000000000000057, 0.0, -0.7999999999999972], "x": [862, 868, 898, 944, 959, 960, 988, 992, 997, 1008, 1010, 1017, 1019, 1020, 1036, 1037, 1040, 1045, 1047, 1059, 1069, 1070, 1082, 1087, 1093, 1097, 1106, 1108, 1109, 1126, 1133, 1141, 1147, 1154, 1160, 1163, 1165, 1172, 1176, 1177, 1179, 1180, 1181, 1191, 1194, 1195, 1198, 1201, 1203, 1204, 1207, 1208, 1210, 1211, 1212, 1213, 1215, 1217, 1218, 1227, 1229, 1230, 1233, 1235, 1241, 1243, 1244, 1245, 1246, 1247, 1248, 1249, 1253, 1254, 1263, 1264, 1265, 1266, 1267, 1275, 1277, 1279, 1280, 1282, 1289]}}