{"percentile": {"x": [972, 990, 1079, 1092, 1107, 1110, 1123, 1125, 1134, 1136, 1139, 1141, 1155, 1169, 1179, 1185, 1202, 1204, 1206, 1208, 1209, 1210, 1212, 1214, 1220, 1224, 1226, 1229, 1230, 1232, 1233, 1234, 1236, 1237, 1238, 1245, 1248, 1250, 1251, 1254, 1255, 1256, 1257, 1262, 1263, 1264, 1265, 1269, 1271, 1272, 1274, 1275, 1276, 1278, 1280, 1285, 1306, 1315, 1415, 1422], "y": [98.7, 97.4, 96.1, 94.8, 93.5, 92.2, 90.8, 89.5, 88.2, 86.9, 85.6, 84.3, 82.9, 81.6, 80.3, 79.0, 76.4, 75.0, 73.7, 72.4, 71.1, 68.5, 67.2, 64.5, 61.9, 57.9, 56.6, 55.3, 52.7, 50.0, 48.7, 47.4, 46.1, 44.8, 42.2, 40.8, 39.5, 38.2, 36.9, 35.599999999999994, 34.3, 31.599999999999994, 30.299999999999997, 29.0, 27.700000000000003, 22.400000000000006, 19.799999999999997, 18.5, 14.5, 11.900000000000006, 10.599999999999994, 9.299999999999997, 7.900000000000006, 6.599999999999994, 5.299999999999997, 4.0, 2.700000000000003, 1.4000000000000057, 0.0, -1.2999999999999972]}, "histogram": {"x": [960.0, 975.0, 990.0, 1005.0, 1020.0, 1035.0, 1050.0, 1065.0, 1080.0, 1095.0, 1110.0, 1125.0, 1140.0, 1155.0, 1170.0, 1185.0, 1200.0, 1215.0, 1230.0, 1245.0, 1260.0, 1275.0, 1290.0, 1305.0, 1320.0, 1335.0, 1350.0, 1365.0, 1380.0, 1395.0, 1410.0, 1425.0], "y": [1, 0, 1, 0, 0, 0, 0, 1, 1, 1, 2, 4, 1, 2, 1, 1, 11, 7, 10, 9, 15, 5, 0, 2, 0, 0, 0, 0, 0, 0, 2, 0]}}