{"percentile": {"x": [830, 850, 865, 868, 880, 883, 901, 906, 914, 932, 940, 942, 956, 957, 959, 972, 979, 981, 985, 991, 1002, 1003, 1008, 1013, 1014, 1016, 1017, 1022, 1024, 1025, 1027, 1028, 1031, 1032, 1035, 1040, 1050, 1055, 1060, 1061, 1067, 1071, 1077, 1080, 1081, 1084, 1090, 1094, 1098, 1104, 1106, 1115, 1121, 1122, 1123, 1130, 1136, 1140, 1144, 1145, 1147, 1149, 1150, 1152, 1154, 1157, 1158, 1161, 1164, 1166, 1169, 1175, 1176, 1181, 1183, 1185, 1187, 1189, 1190, 1196, 1199, 1202, 1203, 1205, 1206, 1207, 1208, 1209, 1210, 1211, 1212, 1213, 1214, 1215, 1218, 1219, 1221, 1225, 1227, 1228, 1229, 1230, 1231, 1233, 1235, 1237, 1238, 1239, 1240, 1241, 1248, 1249, 1251, 1253, 1257, 1261, 1262, 1265, 1266, 1270, 1271, 1272, 1276, 1278, 1279, 1285, 1288, 1316, 1328, 1423], "y": [99.5, 99.0, 98.5, 97.9, 97.4, 96.9, 96.3, 95.8, 95.3, 94.7, 94.2, 93.7, 93.1, 92.6, 92.1, 91.0, 89.9, 89.4, 88.9, 88.3, 87.8, 87.3, 86.8, 86.2, 85.7, 85.2, 83.6, 83.0, 82.5, 82.0, 81.4, 80.9, 80.4, 79.8, 79.3, 78.8, 78.2, 77.7, 77.2, 76.6, 76.1, 75.6, 75.0, 74.5, 74.0, 72.9, 72.4, 71.9, 71.3, 70.8, 70.3, 69.7, 69.2, 68.7, 67.6, 67.1, 66.5, 65.5, 64.9, 64.4, 63.9, 63.3, 62.8, 62.3, 61.8, 61.2, 60.7, 60.2, 59.6, 59.1, 58.6, 58.0, 57.5, 56.4, 55.4, 54.8, 54.3, 53.8, 53.2, 52.7, 51.1, 50.6, 49.5, 47.4, 44.7, 42.6, 41.0, 39.4, 37.8, 37.3, 36.2, 34.599999999999994, 33.599999999999994, 32.0, 30.400000000000006, 29.299999999999997, 28.799999999999997, 28.200000000000003, 27.700000000000003, 27.200000000000003, 26.599999999999994, 26.099999999999994, 25.0, 24.5, 22.900000000000006, 21.299999999999997, 20.299999999999997, 18.700000000000003, 17.599999999999994, 16.0, 15.5, 14.900000000000006, 13.299999999999997, 12.299999999999997, 11.799999999999997, 11.200000000000003, 10.200000000000003, 8.599999999999994, 7.0, 6.400000000000006, 4.799999999999997, 4.299999999999997, 3.200000000000003, 2.700000000000003, 2.200000000000003, 1.5999999999999943, 1.0999999999999943, 0.5999999999999943, 0.0, -0.5]}, "histogram": {"x": [820.0, 840.0, 860.0, 880.0, 900.0, 920.0, 940.0, 960.0, 980.0, 1000.0, 1020.0, 1040.0, 1060.0, 1080.0, 1100.0, 1120.0, 1140.0, 1160.0, 1180.0, 1200.0, 1220.0, 1240.0, 1260.0, 1280.0, 1300.0, 1320.0, 1340.0, 1360.0, 1380.0, 1400.0, 1420.0], "y": [1, 1, 2, 2, 3, 1, 5, 4, 3, 9, 8, 3, 5, 7, 3, 6, 11, 6, 12, 41, 20, 13, 18, 2, 1, 1, 0, 0, 0, 0, 1]}}