{"histogram": {"x": [740.0, 760.0, 780.0, 800.0, 820.0, 840.0, 860.0, 880.0, 900.0, 920.0, 940.0, 960.0, 980.0, 1000.0, 1020.0, 1040.0, 1060.0, 1080.0, 1100.0, 1120.0, 1140.0, 1160.0, 1180.0, 1200.0, 1220.0, 1240.0, 1260.0, 1280.0, 1300.0, 1320.0, 1340.0, 1360.0, 1380.0, 1400.0, 1420.0, 1440.0], "y": [1, 1, 3, 0, 0, 1, 1, 4, 3, 4, 9, 6, 7, 5, 9, 6, 7, 9, 6, 19, 10, 7, 10, 10, 52, 25, 13, 15, 2, 0, 0, 0, 0, 0, 1, 1, 0]}, "percentile": {"x": [723, 744, 760, 765, 772, 830, 843, 860, 865, 884, 885, 895, 911, 918, 922, 923, 924, 926, 932, 935, 936, 938, 942, 943, 947, 949, 952, 961, 962, 966, 972, 976, 977, 980, 988, 992, 996, 999, 1000, 1007, 1008, 1012, 1015, 1017, 1018, 1019, 1024, 1027, 1029, 1030, 1031, 1044, 1045, 1047, 1048, 1052, 1058, 1061, 1064, 1065, 1067, 1071, 1072, 1073, 1083, 1084, 1087, 1093, 1102, 1103, 1106, 1108, 1109, 1111, 1113, 1114, 1115, 1117, 1118, 1119, 1122, 1123, 1126, 1132, 1135, 1137, 1139, 1142, 1147, 1149, 1156, 1158, 1159, 1163, 1165, 1166, 1167, 1170, 1172, 1175, 1177, 1179, 1180, 1182, 1183, 1186, 1190, 1191, 1193, 1198, 1199, 1202, 1203, 1204, 1205, 1206, 1207, 1208, 1209, 1210, 1211, 1212, 1213, 1214, 1215, 1216, 1217, 1220, 1221, 1222, 1223, 1224, 1225, 1229, 1230, 1231, 1232, 1234, 1235, 1236, 1238, 1243, 1244, 1247, 1248, 1249, 1250, 1256, 1258, 1262, 1263, 1265, 1268, 1269, 1270, 1272, 1274, 1276, 1286, 1288, 1401, 1424], "y": [99.6, 99.2, 98.8, 98.4, 98.0, 97.6, 97.2, 96.4, 95.6, 95.2, 94.8, 94.4, 93.1, 92.7, 91.9, 91.5, 91.1, 90.7, 90.3, 89.9, 89.5, 89.1, 88.7, 87.9, 87.4, 87.0, 86.6, 86.2, 85.8, 85.4, 85.0, 84.2, 83.8, 83.4, 83.0, 82.6, 82.2, 81.8, 81.4, 80.9, 80.5, 80.1, 79.3, 78.9, 78.5, 78.1, 77.7, 77.3, 76.9, 76.1, 75.7, 75.3, 74.8, 74.4, 74.0, 73.2, 72.8, 72.0, 71.6, 71.2, 70.8, 70.4, 69.6, 69.2, 68.3, 67.5, 67.1, 66.7, 66.3, 65.9, 65.5, 64.3, 63.5, 63.1, 62.7, 62.2, 61.4, 60.6, 59.8, 59.0, 58.2, 57.8, 57.0, 56.1, 55.7, 55.3, 54.9, 54.5, 54.1, 53.7, 53.3, 52.5, 52.1, 51.7, 51.3, 50.9, 50.5, 50.0, 49.6, 48.8, 48.4, 48.0, 47.6, 47.2, 46.8, 46.4, 46.0, 45.6, 45.2, 44.8, 44.0, 41.1, 40.3, 39.9, 36.6, 35.8, 33.0, 31.799999999999997, 30.900000000000006, 30.099999999999994, 28.5, 26.900000000000006, 25.700000000000003, 24.400000000000006, 23.599999999999994, 23.200000000000003, 22.799999999999997, 22.0, 21.599999999999994, 21.200000000000003, 20.0, 18.700000000000003, 16.299999999999997, 15.900000000000006, 15.099999999999994, 14.700000000000003, 14.299999999999997, 13.900000000000006, 13.5, 13.099999999999994, 12.700000000000003, 12.200000000000003, 11.400000000000006, 11.0, 10.200000000000003, 8.599999999999994, 8.200000000000003, 7.799999999999997, 7.400000000000006, 6.599999999999994, 6.099999999999994, 5.299999999999997, 4.900000000000006, 4.5, 3.700000000000003, 2.5, 2.0999999999999943, 1.2999999999999972, 0.9000000000000057, 0.5, 0.0, -0.4000000000000057]}}