{"histogram": {"y": [1, 0, 0, 0, 1, 1, 1, 1, 5, 0, 1, 0, 7, 1, 7, 9, 12, 10, 6, 8, 14, 18, 13, 21, 6, 11, 23, 18, 17, 17, 14, 17, 26, 21, 11, 18, 27, 114, 52, 39, 28, 52, 22, 4, 2, 6, 0, 0, 0, 0, 0, 1], "x": [645.0, 660.0, 675.0, 690.0, 705.0, 720.0, 735.0, 750.0, 765.0, 780.0, 795.0, 810.0, 825.0, 840.0, 855.0, 870.0, 885.0, 900.0, 915.0, 930.0, 945.0, 960.0, 975.0, 990.0, 1005.0, 1020.0, 1035.0, 1050.0, 1065.0, 1080.0, 1095.0, 1110.0, 1125.0, 1140.0, 1155.0, 1170.0, 1185.0, 1200.0, 1215.0, 1230.0, 1245.0, 1260.0, 1275.0, 1290.0, 1305.0, 1320.0, 1335.0, 1350.0, 1365.0, 1380.0, 1395.0, 1410.0]}, "percentile": {"y": [99.9, 99.8, 99.6, 99.5, 99.3, 99.0, 98.9, 98.7, 98.6, 98.4, 98.3, 98.1, 98.0, 97.9, 97.6, 97.4, 97.3, 97.1, 97.0, 96.8, 96.7, 96.5, 96.4, 96.2, 96.1, 95.7, 95.5, 95.2, 95.1, 94.9, 94.8, 94.5, 94.3, 94.2, 94.0, 93.9, 93.6, 93.2, 93.0, 92.9, 92.7, 92.6, 92.0, 91.8, 91.7, 91.5, 91.4, 91.3, 91.1, 91.0, 90.8, 90.7, 90.5, 90.4, 90.2, 90.1, 89.8, 89.6, 89.5, 89.3, 89.2, 88.6, 88.5, 88.2, 87.9, 87.7, 87.6, 87.3, 87.1, 87.0, 86.9, 86.3, 86.1, 86.0, 85.7, 85.4, 85.2, 84.9, 84.4, 84.2, 83.9, 83.5, 83.3, 83.0, 82.9, 82.5, 82.2, 82.0, 81.9, 81.7, 81.4, 81.3, 80.7, 80.4, 80.1, 80.0, 79.8, 79.5, 79.4, 79.2, 79.1, 78.9, 78.8, 78.6, 78.5, 78.3, 78.1, 77.9, 77.6, 77.5, 77.2, 77.0, 76.9, 76.7, 76.6, 76.1, 75.6, 75.0, 74.8, 74.7, 74.2, 74.1, 74.0, 73.8, 73.7, 73.4, 72.9, 72.8, 72.6, 72.5, 72.2, 72.0, 71.8, 71.6, 71.5, 71.2, 70.9, 70.7, 70.6, 70.4, 70.1, 70.0, 69.8, 69.7, 69.6, 69.4, 69.0, 68.8, 68.7, 68.4, 68.2, 67.9, 67.8, 67.5, 67.1, 66.8, 66.5, 66.2, 65.9, 65.6, 65.4, 65.2, 65.0, 64.6, 64.4, 64.1, 64.0, 63.8, 63.5, 63.0, 62.5, 62.4, 62.2, 61.9, 61.6, 61.5, 61.2, 60.9, 60.2, 59.9, 59.7, 59.4, 59.3, 59.0, 58.7, 58.1, 57.7, 57.5, 57.4, 57.2, 57.1, 56.8, 56.6, 56.2, 56.1, 55.8, 55.6, 55.5, 55.0, 54.7, 54.6, 54.4, 54.0, 53.7, 53.6, 53.4, 53.1, 52.8, 52.4, 52.2, 52.1, 52.0, 51.2, 50.9, 50.8, 50.3, 50.0, 49.9, 49.2, 48.9, 48.6, 48.4, 48.1, 47.7, 47.1, 46.8, 46.5, 45.7, 44.9, 44.0, 42.9, 41.1, 39.8, 38.6, 37.1, 36.0, 34.400000000000006, 33.3, 32.5, 31.400000000000006, 30.099999999999994, 28.799999999999997, 28.599999999999994, 28.200000000000003, 27.900000000000006, 27.299999999999997, 26.900000000000006, 26.700000000000003, 26.400000000000006, 26.099999999999994, 25.900000000000006, 24.799999999999997, 24.099999999999994, 23.799999999999997, 23.099999999999994, 22.5, 22.200000000000003, 21.599999999999994, 21.299999999999997, 20.900000000000006, 20.400000000000006, 19.400000000000006, 19.099999999999994, 18.700000000000003, 18.400000000000006, 17.799999999999997, 17.400000000000006, 17.099999999999994, 16.799999999999997, 16.0, 15.599999999999994, 15.400000000000006, 14.900000000000006, 14.700000000000003, 14.400000000000006, 14.299999999999997, 14.099999999999994, 14.0, 13.700000000000003, 13.5, 13.200000000000003, 13.0, 12.700000000000003, 12.400000000000006, 12.200000000000003, 11.799999999999997, 10.599999999999994, 10.299999999999997, 9.099999999999994, 8.599999999999994, 7.5, 7.099999999999994, 5.900000000000006, 5.599999999999994, 5.200000000000003, 5.0, 4.599999999999994, 4.299999999999997, 3.5999999999999943, 3.4000000000000057, 3.0999999999999943, 2.5, 2.4000000000000057, 2.200000000000003, 2.0999999999999943, 1.7999999999999972, 1.7000000000000028, 1.5, 1.4000000000000057, 1.2000000000000028, 1.0999999999999943, 0.9000000000000057, 0.5999999999999943, 0.5, 0.20000000000000284, 0.0, -0.09999999999999432], "x": [659, 712, 733, 744, 753, 766, 768, 769, 773, 804, 825, 826, 828, 829, 835, 836, 850, 856, 858, 859, 863, 865, 868, 869, 870, 872, 873, 874, 881, 883, 886, 888, 890, 891, 892, 893, 897, 898, 900, 902, 904, 908, 909, 910, 913, 915, 919, 920, 922, 925, 928, 930, 931, 935, 938, 939, 940, 942, 947, 948, 951, 952, 953, 954, 955, 956, 957, 960, 961, 962, 963, 964, 965, 966, 968, 970, 971, 973, 975, 976, 981, 982, 984, 985, 990, 991, 992, 993, 996, 997, 999, 1000, 1001, 1002, 1003, 1004, 1005, 1006, 1010, 1013, 1016, 1020, 1022, 1024, 1026, 1027, 1030, 1031, 1032, 1034, 1035, 1036, 1037, 1038, 1039, 1041, 1042, 1043, 1045, 1047, 1048, 1049, 1050, 1051, 1052, 1053, 1054, 1055, 1056, 1057, 1058, 1059, 1060, 1062, 1063, 1065, 1066, 1067, 1068, 1069, 1070, 1072, 1074, 1076, 1077, 1078, 1079, 1080, 1082, 1083, 1086, 1087, 1088, 1089, 1090, 1091, 1094, 1096, 1097, 1099, 1100, 1102, 1104, 1105, 1107, 1110, 1111, 1113, 1115, 1117, 1118, 1120, 1122, 1123, 1125, 1126, 1128, 1130, 1131, 1132, 1133, 1135, 1136, 1137, 1138, 1139, 1140, 1141, 1142, 1144, 1145, 1146, 1148, 1149, 1150, 1151, 1152, 1153, 1154, 1155, 1157, 1158, 1162, 1163, 1164, 1169, 1170, 1173, 1176, 1178, 1179, 1180, 1181, 1183, 1184, 1185, 1187, 1189, 1190, 1191, 1192, 1193, 1195, 1197, 1198, 1199, 1200, 1201, 1202, 1203, 1204, 1205, 1206, 1207, 1208, 1209, 1210, 1211, 1212, 1213, 1214, 1215, 1216, 1217, 1218, 1219, 1220, 1221, 1222, 1223, 1224, 1225, 1226, 1227, 1228, 1229, 1230, 1231, 1232, 1233, 1234, 1235, 1236, 1237, 1238, 1239, 1242, 1243, 1244, 1245, 1246, 1247, 1248, 1249, 1250, 1251, 1252, 1253, 1255, 1256, 1257, 1258, 1259, 1261, 1262, 1263, 1265, 1266, 1267, 1268, 1269, 1270, 1271, 1272, 1273, 1274, 1275, 1276, 1277, 1278, 1279, 1280, 1286, 1287, 1288, 1289, 1290, 1291, 1294, 1301, 1305, 1319, 1326, 1328, 1329, 1333, 1415]}}