{"histogram": {"y": [1, 0, 1, 0, 2, 0, 0, 1, 5, 1, 2, 4, 4, 9, 9, 5, 4, 7, 6, 8, 10, 21, 71, 39, 23, 32, 12, 3, 3, 0, 1, 0], "x": [780.0, 800.0, 820.0, 840.0, 860.0, 880.0, 900.0, 920.0, 940.0, 960.0, 980.0, 1000.0, 1020.0, 1040.0, 1060.0, 1080.0, 1100.0, 1120.0, 1140.0, 1160.0, 1180.0, 1200.0, 1220.0, 1240.0, 1260.0, 1280.0, 1300.0, 1320.0, 1340.0, 1360.0, 1380.0]}, "percentile": {"y": [99.7, 99.3, 99.0, 98.6, 98.3, 97.9, 97.6, 96.9, 96.5, 96.2, 95.8, 95.5, 95.1, 94.7, 94.4, 94.0, 93.7, 93.3, 93.0, 92.6, 92.3, 91.9, 91.6, 91.2, 90.5, 89.8, 89.4, 89.1, 88.7, 88.4, 88.0, 87.7, 87.3, 87.0, 86.6, 86.3, 85.9, 85.6, 85.2, 84.9, 84.5, 84.1, 83.8, 83.4, 83.1, 82.7, 82.4, 82.0, 81.7, 81.3, 80.6, 80.3, 79.9, 79.2, 78.8, 78.5, 78.1, 77.8, 77.4, 77.1, 76.7, 76.4, 75.7, 75.3, 75.0, 74.6, 74.3, 73.9, 73.5, 73.2, 72.8, 72.1, 71.4, 70.7, 70.4, 70.0, 69.7, 69.3, 67.9, 67.5, 66.8, 66.5, 66.1, 65.8, 65.1, 64.7, 64.0, 62.9, 62.6, 61.5, 60.5, 59.8, 58.7, 56.6, 54.8, 53.1, 51.6, 47.8, 47.4, 45.3, 42.1, 41.7, 41.0, 40.3, 39.6, 38.9, 38.2, 37.2, 35.7, 35.0, 34.7, 34.0, 33.599999999999994, 32.900000000000006, 32.599999999999994, 30.400000000000006, 29.400000000000006, 28.0, 27.599999999999994, 26.599999999999994, 26.200000000000003, 25.799999999999997, 25.099999999999994, 24.799999999999997, 24.400000000000006, 23.700000000000003, 23.0, 21.599999999999994, 21.299999999999997, 20.900000000000006, 20.200000000000003, 19.799999999999997, 19.5, 19.099999999999994, 18.799999999999997, 18.400000000000006, 17.700000000000003, 16.700000000000003, 16.299999999999997, 16.0, 15.200000000000003, 14.5, 14.200000000000003, 13.799999999999997, 12.400000000000006, 11.0, 10.700000000000003, 9.900000000000006, 8.5, 8.200000000000003, 7.799999999999997, 7.5, 6.799999999999997, 6.400000000000006, 6.099999999999994, 5.700000000000003, 5.400000000000006, 5.0, 4.299999999999997, 3.5999999999999943, 3.200000000000003, 2.9000000000000057, 2.200000000000003, 1.5, 1.0999999999999943, 0.7999999999999972, 0.4000000000000057, 0.0, -0.29999999999999716], "x": [767, 800, 845, 854, 914, 923, 931, 932, 934, 956, 969, 973, 980, 985, 992, 994, 1002, 1007, 1009, 1015, 1020, 1022, 1025, 1031, 1034, 1037, 1039, 1040, 1042, 1045, 1047, 1051, 1052, 1053, 1055, 1056, 1060, 1063, 1069, 1070, 1077, 1081, 1088, 1092, 1095, 1100, 1103, 1106, 1110, 1113, 1115, 1122, 1125, 1133, 1134, 1138, 1142, 1143, 1145, 1147, 1151, 1154, 1155, 1162, 1164, 1166, 1168, 1169, 1171, 1175, 1177, 1179, 1180, 1181, 1183, 1185, 1186, 1187, 1188, 1189, 1190, 1191, 1192, 1196, 1198, 1199, 1200, 1201, 1203, 1204, 1205, 1206, 1207, 1208, 1209, 1210, 1211, 1212, 1213, 1214, 1215, 1216, 1217, 1218, 1219, 1222, 1223, 1224, 1225, 1226, 1227, 1228, 1229, 1230, 1232, 1233, 1234, 1235, 1236, 1237, 1238, 1239, 1240, 1241, 1242, 1243, 1244, 1245, 1246, 1248, 1249, 1250, 1251, 1252, 1255, 1257, 1259, 1260, 1261, 1262, 1263, 1265, 1266, 1269, 1270, 1271, 1272, 1273, 1274, 1275, 1276, 1277, 1278, 1279, 1280, 1281, 1285, 1289, 1290, 1292, 1294, 1296, 1297, 1300, 1309, 1320, 1323, 1324, 1377]}}