{"histogram": {"x": [860.0, 880.0, 900.0, 920.0, 940.0, 960.0, 980.0, 1000.0, 1020.0, 1040.0, 1060.0, 1080.0, 1100.0, 1120.0, 1140.0, 1160.0, 1180.0, 1200.0, 1220.0, 1240.0, 1260.0, 1280.0, 1300.0, 1320.0, 1340.0, 1360.0, 1380.0, 1400.0], "y": [1, 0, 0, 2, 2, 0, 2, 3, 3, 6, 6, 7, 13, 10, 8, 9, 12, 12, 81, 81, 91, 113, 32, 11, 4, 2, 0, 0, 1]}, "percentile": {"x": [858, 916, 918, 926, 937, 961, 965, 994, 999, 1006, 1013, 1015, 1021, 1025, 1030, 1035, 1038, 1039, 1043, 1045, 1048, 1050, 1054, 1056, 1062, 1063, 1066, 1067, 1068, 1074, 1080, 1084, 1086, 1087, 1088, 1093, 1094, 1096, 1100, 1104, 1106, 1108, 1110, 1112, 1113, 1114, 1115, 1118, 1121, 1123, 1124, 1132, 1134, 1138, 1146, 1147, 1148, 1150, 1153, 1154, 1155, 1156, 1160, 1161, 1162, 1163, 1165, 1169, 1170, 1171, 1172, 1176, 1177, 1178, 1180, 1183, 1184, 1186, 1187, 1190, 1195, 1197, 1202, 1203, 1204, 1205, 1206, 1207, 1208, 1209, 1210, 1211, 1212, 1213, 1214, 1215, 1216, 1217, 1218, 1219, 1220, 1221, 1222, 1223, 1224, 1225, 1227, 1228, 1229, 1230, 1231, 1232, 1233, 1234, 1235, 1236, 1237, 1238, 1239, 1240, 1241, 1242, 1243, 1244, 1245, 1246, 1247, 1248, 1249, 1250, 1251, 1252, 1253, 1254, 1255, 1256, 1257, 1258, 1259, 1260, 1261, 1262, 1263, 1264, 1265, 1266, 1267, 1268, 1269, 1270, 1271, 1272, 1273, 1274, 1275, 1276, 1277, 1278, 1279, 1280, 1283, 1285, 1286, 1287, 1288, 1289, 1290, 1291, 1293, 1294, 1295, 1296, 1297, 1298, 1299, 1300, 1302, 1305, 1309, 1311, 1312, 1314, 1315, 1321, 1325, 1327, 1332, 1350, 1359, 1415], "y": [99.9, 99.7, 99.5, 99.3, 99.1, 98.9, 98.7, 98.3, 98.1, 97.9, 97.7, 97.5, 97.3, 97.1, 96.9, 96.7, 96.5, 96.3, 96.1, 95.9, 95.7, 95.5, 95.4, 95.2, 94.8, 94.6, 94.4, 94.2, 94.0, 93.8, 93.4, 93.2, 93.0, 92.8, 92.4, 92.2, 91.4, 91.2, 91.0, 90.9, 90.7, 90.5, 90.3, 90.1, 89.9, 89.7, 89.5, 89.3, 89.1, 88.7, 88.5, 88.3, 88.1, 87.7, 87.5, 87.1, 86.9, 86.7, 86.5, 86.4, 86.2, 86.0, 85.8, 85.6, 85.4, 85.2, 85.0, 84.8, 84.6, 84.4, 84.2, 84.0, 83.8, 83.6, 83.4, 83.2, 82.8, 82.6, 82.4, 82.2, 82.0, 81.3, 80.7, 80.5, 79.1, 78.7, 78.1, 77.0, 76.2, 75.2, 74.2, 73.0, 71.7, 69.9, 68.0, 66.8, 66.4, 66.0, 65.6, 65.4, 65.0, 64.0, 63.7, 62.3, 60.7, 59.3, 58.6, 57.8, 56.6, 56.2, 55.6, 55.2, 54.5, 53.9, 52.7, 51.1, 50.5, 49.8, 49.6, 48.0, 47.2, 46.4, 45.3, 44.9, 43.5, 42.3, 41.9, 41.1, 41.0, 40.2, 39.6, 38.4, 37.2, 36.3, 35.3, 34.7, 33.900000000000006, 32.5, 31.799999999999997, 29.799999999999997, 28.400000000000006, 27.400000000000006, 26.299999999999997, 25.5, 24.5, 24.299999999999997, 23.099999999999994, 21.599999999999994, 20.400000000000006, 18.599999999999994, 17.900000000000006, 16.700000000000003, 15.900000000000006, 14.099999999999994, 12.799999999999997, 12.200000000000003, 11.400000000000006, 11.0, 9.599999999999994, 8.299999999999997, 7.700000000000003, 7.099999999999994, 6.700000000000003, 6.299999999999997, 6.099999999999994, 5.700000000000003, 5.099999999999994, 4.900000000000006, 4.700000000000003, 4.599999999999994, 4.400000000000006, 4.0, 3.799999999999997, 3.5999999999999943, 3.4000000000000057, 3.0, 2.799999999999997, 2.5999999999999943, 2.4000000000000057, 2.0, 1.7999999999999972, 1.5999999999999943, 1.2000000000000028, 1.0, 0.7999999999999972, 0.5999999999999943, 0.4000000000000057, 0.20000000000000284, 0.0, -0.09999999999999432]}}