{"percentile": {"y": [99.7, 99.4, 99.0, 98.7, 98.3, 98.0, 97.6, 97.3, 96.9, 96.6, 96.2, 95.9, 95.5, 95.2, 94.8, 94.5, 94.1, 93.8, 93.5, 93.1, 92.8, 92.4, 92.1, 91.7, 91.4, 91.0, 90.7, 90.0, 89.6, 89.3, 88.9, 88.6, 88.2, 87.9, 87.5, 87.2, 86.2, 85.8, 85.5, 85.1, 84.8, 84.4, 83.7, 83.4, 83.0, 82.3, 82.0, 81.3, 81.0, 80.6, 80.3, 79.9, 79.6, 79.2, 78.9, 78.5, 78.2, 77.8, 77.5, 77.1, 76.8, 76.4, 76.1, 75.7, 75.0, 74.7, 74.4, 74.0, 73.7, 72.3, 71.9, 71.6, 71.2, 70.9, 70.5, 70.2, 69.5, 69.1, 68.5, 67.4, 66.7, 66.4, 66.0, 65.3, 65.0, 64.6, 63.9, 63.6, 63.2, 62.5, 61.9, 61.5, 61.2, 60.5, 60.1, 59.8, 59.4, 58.7, 58.4, 58.0, 55.3, 53.9, 52.8, 51.1, 49.7, 48.0, 46.6, 45.2, 42.8, 42.4, 41.4, 40.3, 39.3, 38.9, 38.2, 37.9, 37.5, 37.2, 36.2, 34.8, 34.400000000000006, 33.7, 32.0, 31.599999999999994, 31.299999999999997, 30.599999999999994, 29.900000000000006, 27.799999999999997, 27.099999999999994, 26.799999999999997, 25.400000000000006, 25.0, 24.400000000000006, 23.700000000000003, 23.0, 22.299999999999997, 21.900000000000006, 21.200000000000003, 20.5, 20.200000000000003, 19.799999999999997, 19.5, 18.799999999999997, 17.400000000000006, 16.0, 15.700000000000003, 14.299999999999997, 13.900000000000006, 13.200000000000003, 12.900000000000006, 12.200000000000003, 11.900000000000006, 10.5, 9.799999999999997, 9.400000000000006, 8.700000000000003, 7.700000000000003, 7.0, 6.299999999999997, 4.900000000000006, 4.599999999999994, 4.200000000000003, 3.9000000000000057, 3.5, 3.200000000000003, 2.799999999999997, 2.5, 2.0999999999999943, 1.7999999999999972, 1.4000000000000057, 1.0999999999999943, 0.7000000000000028, 0.4000000000000057, 0.0, -0.29999999999999716], "x": [690, 793, 802, 815, 830, 850, 857, 860, 877, 880, 886, 898, 905, 920, 924, 926, 954, 962, 965, 967, 970, 981, 985, 997, 999, 1007, 1013, 1018, 1027, 1031, 1033, 1035, 1037, 1039, 1041, 1042, 1044, 1053, 1056, 1063, 1065, 1077, 1080, 1082, 1085, 1087, 1090, 1091, 1095, 1098, 1100, 1102, 1104, 1105, 1109, 1111, 1113, 1116, 1119, 1121, 1124, 1125, 1126, 1129, 1138, 1145, 1146, 1147, 1149, 1150, 1152, 1153, 1155, 1156, 1158, 1159, 1162, 1166, 1170, 1171, 1173, 1174, 1175, 1178, 1179, 1180, 1181, 1183, 1187, 1188, 1192, 1193, 1195, 1196, 1198, 1200, 1202, 1203, 1204, 1206, 1207, 1208, 1209, 1210, 1211, 1212, 1213, 1214, 1215, 1216, 1217, 1219, 1223, 1224, 1225, 1226, 1227, 1230, 1231, 1232, 1233, 1234, 1235, 1236, 1237, 1238, 1239, 1240, 1241, 1242, 1243, 1244, 1245, 1246, 1248, 1249, 1250, 1251, 1252, 1253, 1254, 1255, 1256, 1257, 1258, 1263, 1265, 1266, 1267, 1269, 1270, 1271, 1272, 1273, 1274, 1275, 1276, 1277, 1279, 1280, 1283, 1286, 1287, 1290, 1292, 1295, 1300, 1304, 1307, 1316, 1320, 1327, 1333, 1345, 1424]}, "histogram": {"y": [1, 0, 0, 0, 0, 0, 1, 1, 1, 1, 1, 2, 2, 2, 1, 3, 0, 1, 4, 2, 2, 4, 3, 8, 3, 2, 9, 7, 6, 5, 10, 7, 16, 10, 43, 22, 36, 26, 19, 16, 5, 2, 3, 1, 0, 0, 0, 0, 1, 0], "x": [690.0, 705.0, 720.0, 735.0, 750.0, 765.0, 780.0, 795.0, 810.0, 825.0, 840.0, 855.0, 870.0, 885.0, 900.0, 915.0, 930.0, 945.0, 960.0, 975.0, 990.0, 1005.0, 1020.0, 1035.0, 1050.0, 1065.0, 1080.0, 1095.0, 1110.0, 1125.0, 1140.0, 1155.0, 1170.0, 1185.0, 1200.0, 1215.0, 1230.0, 1245.0, 1260.0, 1275.0, 1290.0, 1305.0, 1320.0, 1335.0, 1350.0, 1365.0, 1380.0, 1395.0, 1410.0, 1425.0]}}