{"percentile": {"y": [99.6, 99.2, 98.8, 98.4, 98.0, 97.6, 97.2, 96.7, 96.3, 95.9, 95.1, 94.7, 94.3, 93.9, 93.4, 93.0, 92.6, 92.2, 91.8, 91.4, 90.5, 90.1, 89.7, 88.9, 88.5, 88.1, 87.7, 86.8, 86.4, 86.0, 85.6, 85.2, 84.8, 84.3, 83.9, 83.5, 83.1, 82.7, 82.3, 81.9, 81.5, 81.0, 80.6, 80.2, 79.8, 79.4, 79.0, 78.6, 78.1, 77.7, 76.9, 76.5, 76.1, 75.7, 75.3, 74.4, 74.0, 73.6, 73.2, 72.8, 72.4, 71.5, 71.1, 70.7, 70.3, 69.9, 69.1, 68.2, 67.8, 67.4, 67.0, 66.6, 66.2, 65.8, 64.9, 64.5, 64.1, 63.3, 62.9, 62.4, 62.0, 61.6, 61.2, 60.8, 60.4, 59.6, 59.1, 57.9, 57.5, 56.7, 55.8, 55.4, 55.0, 54.6, 54.2, 53.8, 53.4, 52.9, 52.1, 51.3, 50.9, 50.0, 49.6, 48.8, 48.0, 47.6, 47.2, 46.7, 46.3, 45.5, 45.1, 44.7, 44.3, 43.9, 43.4, 43.0, 42.2, 40.5, 39.7, 38.5, 36.8, 35.2, 33.099999999999994, 31.0, 29.799999999999997, 28.599999999999994, 27.299999999999997, 25.299999999999997, 24.400000000000006, 23.599999999999994, 22.799999999999997, 22.400000000000006, 22.0, 20.700000000000003, 20.299999999999997, 19.900000000000006, 19.5, 18.200000000000003, 16.200000000000003, 15.299999999999997, 14.099999999999994, 13.700000000000003, 13.299999999999997, 12.400000000000006, 12.0, 11.200000000000003, 10.799999999999997, 10.400000000000006, 10.0, 9.599999999999994, 9.099999999999994, 8.700000000000003, 8.299999999999997, 7.900000000000006, 7.099999999999994, 6.700000000000003, 6.200000000000003, 5.799999999999997, 5.400000000000006, 5.0, 4.200000000000003, 2.9000000000000057, 2.0999999999999943, 1.7000000000000028, 1.2999999999999972, 0.9000000000000057, 0.5, 0.0, -0.4000000000000057], "x": [732, 758, 759, 782, 787, 792, 804, 810, 816, 827, 859, 860, 866, 869, 871, 874, 875, 878, 885, 894, 895, 897, 898, 903, 911, 922, 938, 939, 945, 949, 954, 955, 957, 959, 972, 974, 978, 980, 982, 983, 984, 985, 988, 990, 994, 999, 1000, 1006, 1010, 1014, 1022, 1027, 1032, 1039, 1042, 1045, 1050, 1053, 1055, 1062, 1065, 1066, 1068, 1069, 1070, 1072, 1078, 1079, 1085, 1086, 1088, 1090, 1092, 1105, 1113, 1115, 1120, 1122, 1124, 1125, 1129, 1130, 1132, 1134, 1137, 1138, 1139, 1140, 1141, 1143, 1144, 1145, 1146, 1147, 1148, 1154, 1155, 1159, 1160, 1164, 1166, 1167, 1171, 1173, 1174, 1176, 1179, 1180, 1181, 1182, 1184, 1185, 1186, 1190, 1193, 1200, 1202, 1203, 1204, 1205, 1206, 1207, 1208, 1209, 1210, 1211, 1212, 1213, 1214, 1215, 1217, 1219, 1220, 1222, 1225, 1227, 1228, 1229, 1230, 1231, 1235, 1236, 1239, 1240, 1241, 1245, 1246, 1247, 1248, 1253, 1255, 1257, 1258, 1262, 1265, 1266, 1267, 1268, 1269, 1271, 1274, 1276, 1280, 1289, 1299, 1320, 1365, 1415, 1421]}, "histogram": {"y": [1, 2, 0, 3, 3, 1, 2, 7, 6, 3, 4, 6, 3, 9, 4, 5, 6, 12, 5, 4, 13, 15, 14, 9, 51, 22, 12, 13, 4, 0, 1, 0, 1, 0, 1, 1], "x": [740.0, 760.0, 780.0, 800.0, 820.0, 840.0, 860.0, 880.0, 900.0, 920.0, 940.0, 960.0, 980.0, 1000.0, 1020.0, 1040.0, 1060.0, 1080.0, 1100.0, 1120.0, 1140.0, 1160.0, 1180.0, 1200.0, 1220.0, 1240.0, 1260.0, 1280.0, 1300.0, 1320.0, 1340.0, 1360.0, 1380.0, 1400.0, 1420.0]}}