{"percentile": {"x": [768, 834, 850, 862, 876, 903, 910, 920, 929, 940, 951, 955, 968, 969, 977, 979, 989, 992, 1005, 1013, 1016, 1018, 1019, 1040, 1048, 1066, 1069, 1070, 1085, 1098, 1110, 1112, 1114, 1121, 1123, 1129, 1130, 1135, 1136, 1142, 1146, 1152, 1156, 1159, 1163, 1165, 1169, 1170, 1181, 1186, 1187, 1189, 1191, 1193, 1195, 1196, 1201, 1202, 1204, 1205, 1206, 1207, 1209, 1210, 1211, 1212, 1213, 1215, 1217, 1221, 1222, 1225, 1228, 1230, 1231, 1232, 1233, 1237, 1240, 1244, 1248, 1249, 1250, 1253, 1255, 1257, 1259, 1264, 1265, 1266, 1268, 1270, 1272, 1275, 1277, 1280, 1293, 1297, 1300, 1307, 1309, 1324, 1328, 1415], "y": [99.2, 98.4, 97.6, 96.8, 95.2, 94.4, 93.6, 92.8, 91.2, 90.4, 89.6, 88.0, 87.2, 86.4, 85.6, 84.8, 84.0, 83.2, 82.4, 81.6, 80.8, 80.0, 79.2, 78.4, 77.6, 76.8, 76.0, 75.2, 74.4, 72.8, 72.0, 71.2, 70.4, 69.6, 68.8, 68.0, 67.2, 66.4, 65.6, 64.8, 64.0, 62.4, 61.6, 60.8, 60.0, 59.2, 56.8, 56.0, 55.2, 54.4, 53.6, 52.8, 52.0, 51.2, 50.4, 48.8, 48.0, 46.4, 44.8, 44.0, 43.2, 41.6, 39.2, 37.6, 36.0, 35.2, 33.599999999999994, 32.8, 32.0, 31.200000000000003, 30.400000000000006, 29.599999999999994, 28.799999999999997, 28.0, 27.200000000000003, 26.400000000000006, 25.599999999999994, 24.799999999999997, 24.0, 22.400000000000006, 21.599999999999994, 20.799999999999997, 20.0, 19.200000000000003, 18.400000000000006, 17.599999999999994, 16.799999999999997, 16.0, 14.400000000000006, 12.0, 11.200000000000003, 10.400000000000006, 8.799999999999997, 8.0, 7.200000000000003, 5.599999999999994, 4.799999999999997, 4.0, 3.200000000000003, 2.4000000000000057, 1.5999999999999943, 0.7999999999999972, 0.0, -0.7999999999999972]}, "histogram": {"x": [780.0, 800.0, 820.0, 840.0, 860.0, 880.0, 900.0, 920.0, 940.0, 960.0, 980.0, 1000.0, 1020.0, 1040.0, 1060.0, 1080.0, 1100.0, 1120.0, 1140.0, 1160.0, 1180.0, 1200.0, 1220.0, 1240.0, 1260.0, 1280.0, 1300.0, 1320.0, 1340.0, 1360.0, 1380.0, 1400.0, 1420.0], "y": [1, 0, 0, 1, 1, 3, 0, 2, 3, 4, 4, 2, 5, 0, 2, 3, 3, 3, 6, 6, 6, 9, 21, 9, 10, 12, 4, 3, 2, 0, 0, 0, 1, 0]}}