{"percentile": {"x": [830, 844, 864, 904, 935, 940, 960, 962, 980, 984, 985, 998, 1006, 1020, 1029, 1039, 1050, 1058, 1063, 1074, 1087, 1101, 1106, 1118, 1121, 1132, 1138, 1146, 1150, 1151, 1184, 1201, 1202, 1203, 1205, 1208, 1210, 1213, 1220, 1226, 1232, 1238, 1249, 1250, 1251, 1253, 1257, 1275, 1279, 1280, 1287, 1309, 1420], "y": [98.2, 96.4, 94.6, 92.8, 91.0, 89.1, 87.3, 85.5, 83.7, 81.9, 80.0, 78.2, 76.4, 74.6, 72.8, 71.0, 69.1, 67.3, 65.5, 63.7, 61.9, 60.0, 58.2, 56.4, 54.6, 52.8, 51.0, 49.1, 47.3, 45.5, 43.7, 40.0, 38.2, 34.599999999999994, 32.8, 31.0, 29.099999999999994, 27.299999999999997, 25.5, 23.700000000000003, 20.0, 18.200000000000003, 16.400000000000006, 14.599999999999994, 12.799999999999997, 11.0, 9.099999999999994, 7.299999999999997, 5.5, 3.700000000000003, 1.9000000000000057, 0.0, -1.7999999999999972]}, "histogram": {"x": [825.0, 840.0, 855.0, 870.0, 885.0, 900.0, 915.0, 930.0, 945.0, 960.0, 975.0, 990.0, 1005.0, 1020.0, 1035.0, 1050.0, 1065.0, 1080.0, 1095.0, 1110.0, 1125.0, 1140.0, 1155.0, 1170.0, 1185.0, 1200.0, 1215.0, 1230.0, 1245.0, 1260.0, 1275.0, 1290.0, 1305.0, 1320.0, 1335.0, 1350.0, 1365.0, 1380.0, 1395.0, 1410.0, 1425.0], "y": [1, 1, 1, 0, 0, 1, 0, 2, 0, 2, 3, 1, 1, 2, 1, 3, 1, 1, 2, 2, 2, 3, 0, 1, 0, 9, 2, 3, 5, 0, 4, 0, 1, 0, 0, 0, 0, 0, 0, 1, 0]}}