{"percentile": {"x": [838, 870, 894, 895, 906, 949, 956, 984, 988, 992, 997, 1008, 1016, 1031, 1035, 1040, 1044, 1050, 1059, 1061, 1062, 1065, 1088, 1091, 1095, 1126, 1133, 1153, 1159, 1168, 1173, 1186, 1190, 1191, 1203, 1205, 1206, 1207, 1209, 1210, 1212, 1219, 1224, 1228, 1237, 1263, 1265, 1269, 1272, 1279, 1288, 1300, 1332, 1424], "y": [98.3, 96.5, 94.8, 93.0, 91.3, 89.5, 87.8, 86.0, 84.3, 82.5, 80.8, 79.0, 77.2, 75.5, 73.7, 72.0, 70.2, 68.5, 66.7, 65.0, 63.2, 61.5, 57.9, 56.2, 54.4, 52.7, 50.9, 49.2, 47.4, 45.7, 43.9, 42.2, 40.4, 38.6, 36.9, 35.099999999999994, 31.599999999999994, 29.900000000000006, 28.099999999999994, 24.599999999999994, 22.900000000000006, 21.099999999999994, 17.599999999999994, 15.799999999999997, 14.099999999999994, 12.299999999999997, 10.599999999999994, 8.799999999999997, 7.099999999999994, 5.299999999999997, 3.5999999999999943, 1.7999999999999972, 0.0, -1.7000000000000028]}, "histogram": {"x": [825.0, 840.0, 855.0, 870.0, 885.0, 900.0, 915.0, 930.0, 945.0, 960.0, 975.0, 990.0, 1005.0, 1020.0, 1035.0, 1050.0, 1065.0, 1080.0, 1095.0, 1110.0, 1125.0, 1140.0, 1155.0, 1170.0, 1185.0, 1200.0, 1215.0, 1230.0, 1245.0, 1260.0, 1275.0, 1290.0, 1305.0, 1320.0, 1335.0, 1350.0, 1365.0, 1380.0, 1395.0, 1410.0, 1425.0], "y": [1, 0, 0, 1, 2, 1, 0, 0, 2, 0, 2, 2, 2, 1, 3, 4, 1, 3, 1, 0, 2, 1, 2, 1, 3, 9, 4, 1, 0, 4, 2, 1, 0, 1, 0, 0, 0, 0, 0, 1, 0]}}