{"histogram": {"y": [1, 2, 0, 1, 1, 3, 1, 4, 3, 4, 5, 5, 8, 5, 5, 3, 6, 5, 9, 9, 55, 41, 41, 32, 9, 4, 1, 1, 0, 0, 1, 1], "x": [820.0, 840.0, 860.0, 880.0, 900.0, 920.0, 940.0, 960.0, 980.0, 1000.0, 1020.0, 1040.0, 1060.0, 1080.0, 1100.0, 1120.0, 1140.0, 1160.0, 1180.0, 1200.0, 1220.0, 1240.0, 1260.0, 1280.0, 1300.0, 1320.0, 1340.0, 1360.0, 1380.0, 1400.0, 1420.0]}, "percentile": {"y": [99.7, 99.3, 98.9, 98.5, 98.2, 97.8, 97.4, 97.0, 96.7, 96.3, 95.9, 95.5, 95.1, 94.8, 94.4, 94.0, 93.6, 93.3, 92.5, 92.1, 91.7, 91.4, 91.0, 90.6, 90.2, 89.9, 89.5, 89.1, 88.7, 88.0, 87.6, 86.8, 86.5, 86.1, 85.7, 85.0, 84.2, 83.8, 83.4, 83.1, 82.7, 82.3, 81.9, 81.6, 81.2, 80.8, 80.0, 79.7, 79.3, 78.9, 78.5, 78.2, 77.8, 77.4, 77.0, 76.7, 76.3, 75.9, 75.5, 75.1, 74.8, 74.4, 74.0, 73.6, 73.3, 72.9, 72.1, 71.4, 70.6, 70.2, 69.9, 69.5, 68.0, 66.8, 66.5, 66.1, 64.6, 61.9, 59.7, 58.5, 57.0, 56.7, 56.3, 53.6, 51.4, 50.2, 49.9, 49.5, 49.1, 47.2, 46.8, 44.6, 43.8, 43.4, 43.1, 42.3, 41.6, 40.8, 38.9, 38.5, 37.0, 35.5, 34.8, 33.599999999999994, 33.3, 32.900000000000006, 31.700000000000003, 30.200000000000003, 29.900000000000006, 29.099999999999994, 28.0, 27.200000000000003, 26.5, 26.099999999999994, 24.200000000000003, 23.099999999999994, 22.299999999999997, 21.200000000000003, 20.400000000000006, 18.900000000000006, 18.200000000000003, 17.0, 16.700000000000003, 16.299999999999997, 15.5, 15.099999999999994, 14.400000000000006, 13.299999999999997, 12.5, 11.700000000000003, 10.200000000000003, 8.700000000000003, 8.400000000000006, 8.0, 6.799999999999997, 6.099999999999994, 5.700000000000003, 5.0, 4.599999999999994, 4.200000000000003, 3.799999999999997, 3.4000000000000057, 3.0999999999999943, 2.700000000000003, 2.299999999999997, 1.9000000000000057, 1.5999999999999943, 1.2000000000000028, 0.7999999999999972, 0.4000000000000057, 0.0, -0.29999999999999716], "x": [812, 826, 829, 872, 895, 911, 912, 914, 931, 949, 954, 956, 959, 965, 971, 977, 988, 991, 994, 1000, 1007, 1013, 1015, 1019, 1020, 1022, 1026, 1029, 1032, 1041, 1042, 1043, 1045, 1047, 1050, 1063, 1072, 1077, 1082, 1084, 1085, 1089, 1091, 1102, 1108, 1111, 1130, 1131, 1135, 1137, 1139, 1140, 1142, 1148, 1150, 1157, 1160, 1161, 1165, 1167, 1169, 1170, 1175, 1176, 1177, 1180, 1184, 1187, 1188, 1191, 1194, 1202, 1203, 1204, 1205, 1206, 1207, 1208, 1209, 1210, 1211, 1212, 1213, 1214, 1215, 1216, 1217, 1218, 1219, 1220, 1221, 1222, 1223, 1227, 1229, 1230, 1231, 1232, 1233, 1234, 1235, 1237, 1238, 1239, 1240, 1241, 1243, 1244, 1245, 1246, 1247, 1248, 1249, 1250, 1251, 1252, 1253, 1255, 1257, 1258, 1259, 1260, 1262, 1264, 1265, 1266, 1267, 1268, 1269, 1272, 1273, 1274, 1275, 1276, 1278, 1279, 1280, 1284, 1286, 1289, 1293, 1295, 1297, 1299, 1301, 1308, 1309, 1318, 1325, 1355, 1415, 1422]}}