{"percentile": {"y": [98.4, 96.8, 95.1, 93.5, 91.9, 90.2, 88.6, 86.9, 85.3, 83.7, 82.0, 80.4, 78.7, 77.1, 75.5, 73.8, 72.2, 68.9, 67.3, 65.6, 64.0, 62.3, 60.7, 59.1, 57.4, 55.8, 52.5, 50.9, 49.2, 47.6, 46.0, 44.3, 42.7, 41.0, 39.4, 36.1, 32.8, 29.599999999999994, 27.900000000000006, 26.299999999999997, 24.599999999999994, 23.0, 21.400000000000006, 19.700000000000003, 18.099999999999994, 16.400000000000006, 13.200000000000003, 11.5, 9.900000000000006, 8.200000000000003, 6.599999999999994, 5.0, 3.299999999999997, 1.7000000000000028, 0.0, -1.5999999999999943], "x": [859, 865, 868, 875, 891, 894, 896, 903, 917, 923, 941, 950, 970, 990, 997, 1010, 1044, 1048, 1063, 1065, 1069, 1070, 1075, 1077, 1080, 1091, 1101, 1116, 1124, 1151, 1177, 1178, 1183, 1188, 1195, 1201, 1211, 1217, 1218, 1221, 1225, 1226, 1231, 1233, 1243, 1248, 1252, 1257, 1259, 1270, 1274, 1277, 1278, 1312, 1329, 1334]}, "histogram": {"y": [1, 3, 3, 2, 1, 2, 1, 2, 1, 0, 3, 6, 2, 3, 1, 1, 2, 3, 7, 5, 6, 4, 0, 1, 2], "x": [860.0, 880.0, 900.0, 920.0, 940.0, 960.0, 980.0, 1000.0, 1020.0, 1040.0, 1060.0, 1080.0, 1100.0, 1120.0, 1140.0, 1160.0, 1180.0, 1200.0, 1220.0, 1240.0, 1260.0, 1280.0, 1300.0, 1320.0]}}