{"percentile": {"x": [866, 875, 893, 935, 943, 945, 956, 969, 972, 976, 987, 988, 995, 999, 1000, 1006, 1011, 1020, 1022, 1023, 1025, 1034, 1045, 1050, 1054, 1062, 1066, 1077, 1078, 1079, 1088, 1094, 1095, 1103, 1106, 1116, 1117, 1121, 1122, 1124, 1126, 1129, 1130, 1133, 1135, 1136, 1137, 1140, 1144, 1151, 1152, 1156, 1160, 1162, 1163, 1167, 1171, 1172, 1173, 1174, 1177, 1181, 1182, 1186, 1187, 1191, 1192, 1193, 1194, 1195, 1199, 1202, 1203, 1205, 1206, 1207, 1209, 1210, 1212, 1213, 1214, 1215, 1216, 1217, 1220, 1223, 1224, 1225, 1226, 1227, 1229, 1232, 1233, 1235, 1237, 1238, 1241, 1242, 1243, 1244, 1245, 1249, 1250, 1251, 1252, 1253, 1254, 1258, 1265, 1268, 1269, 1270, 1271, 1273, 1274, 1276, 1277, 1278, 1280, 1286, 1288, 1290, 1292, 1308, 1309, 1310, 1323, 1331, 1335], "y": [99.5, 99.0, 98.5, 98.0, 97.5, 97.0, 96.5, 96.0, 95.5, 95.0, 94.5, 94.0, 93.5, 93.0, 92.5, 92.0, 91.5, 90.5, 89.9, 89.4, 88.9, 88.4, 87.9, 86.4, 85.4, 84.9, 84.4, 83.9, 83.4, 82.9, 82.4, 81.9, 81.4, 80.9, 79.8, 79.3, 78.8, 78.3, 77.8, 76.8, 76.3, 75.8, 74.3, 73.8, 73.3, 72.8, 72.3, 71.8, 71.3, 70.3, 69.7, 69.2, 68.7, 68.2, 67.7, 67.2, 66.2, 65.7, 65.2, 64.7, 64.2, 63.7, 63.2, 62.2, 61.7, 61.2, 60.7, 60.2, 59.1, 58.6, 58.1, 57.6, 57.1, 55.1, 53.1, 52.6, 52.1, 47.5, 46.5, 45.5, 44.5, 42.5, 41.5, 41.0, 40.5, 38.9, 38.4, 37.9, 37.4, 34.900000000000006, 34.400000000000006, 33.900000000000006, 32.400000000000006, 31.400000000000006, 29.799999999999997, 28.799999999999997, 27.799999999999997, 27.299999999999997, 26.799999999999997, 26.299999999999997, 25.299999999999997, 24.799999999999997, 24.299999999999997, 23.799999999999997, 22.299999999999997, 21.299999999999997, 20.299999999999997, 19.700000000000003, 17.700000000000003, 16.200000000000003, 14.200000000000003, 13.200000000000003, 12.700000000000003, 11.700000000000003, 9.599999999999994, 8.599999999999994, 7.599999999999994, 7.099999999999994, 6.099999999999994, 5.599999999999994, 4.599999999999994, 4.099999999999994, 3.5999999999999943, 3.0999999999999943, 2.5999999999999943, 2.0999999999999943, 0.5999999999999943, 0.0, -0.5]}, "histogram": {"x": [860.0, 880.0, 900.0, 920.0, 940.0, 960.0, 980.0, 1000.0, 1020.0, 1040.0, 1060.0, 1080.0, 1100.0, 1120.0, 1140.0, 1160.0, 1180.0, 1200.0, 1220.0, 1240.0, 1260.0, 1280.0, 1300.0, 1320.0, 1340.0], "y": [2, 1, 0, 1, 3, 3, 4, 3, 6, 6, 5, 3, 5, 13, 6, 10, 12, 34, 24, 18, 25, 7, 3, 5, 0]}}