{"percentile": {"y": [99.6, 99.2, 98.8, 98.0, 97.5, 96.7, 96.3, 95.4, 95.0, 94.6, 94.2, 93.8, 93.4, 92.9, 92.5, 92.1, 91.3, 90.8, 90.4, 90.0, 89.6, 89.2, 88.8, 88.3, 87.9, 87.5, 87.1, 86.7, 86.2, 85.8, 85.4, 85.0, 84.2, 83.7, 83.3, 82.9, 82.5, 82.1, 81.6, 81.2, 80.8, 80.4, 80.0, 79.5, 79.1, 78.7, 77.9, 77.5, 76.6, 76.2, 75.8, 75.4, 74.9, 74.5, 74.1, 73.7, 73.3, 72.9, 72.4, 72.0, 71.6, 71.2, 70.8, 70.3, 69.5, 69.1, 68.7, 68.3, 67.4, 67.0, 66.2, 65.7, 65.3, 64.9, 64.5, 64.1, 63.6, 62.4, 62.0, 61.1, 60.7, 59.5, 59.0, 58.6, 58.2, 57.8, 57.0, 56.5, 56.1, 55.7, 55.3, 54.9, 54.4, 54.0, 53.6, 52.4, 51.9, 51.5, 51.1, 50.3, 49.4, 49.0, 48.6, 47.7, 47.3, 46.5, 46.1, 45.7, 45.2, 44.8, 44.4, 44.0, 43.6, 42.3, 41.5, 40.2, 39.0, 37.7, 36.9, 35.599999999999994, 35.2, 34.400000000000006, 33.5, 32.7, 32.3, 30.200000000000003, 27.700000000000003, 26.0, 23.900000000000006, 23.099999999999994, 22.599999999999994, 21.799999999999997, 21.400000000000006, 21.0, 20.599999999999994, 20.099999999999994, 19.700000000000003, 18.5, 17.200000000000003, 16.799999999999997, 15.5, 15.099999999999994, 14.299999999999997, 13.400000000000006, 12.599999999999994, 11.799999999999997, 11.299999999999997, 10.900000000000006, 10.5, 9.299999999999997, 8.400000000000006, 8.0, 7.599999999999994, 7.200000000000003, 6.700000000000003, 6.299999999999997, 5.900000000000006, 5.099999999999994, 4.700000000000003, 4.200000000000003, 3.799999999999997, 3.4000000000000057, 3.0, 2.5999999999999943, 2.0999999999999943, 1.7000000000000028, 1.2999999999999972, 0.9000000000000057, 0.5, 0.0, -0.4000000000000057], "x": [730, 814, 817, 829, 833, 839, 848, 859, 863, 867, 873, 880, 881, 887, 900, 905, 915, 920, 923, 924, 927, 931, 937, 945, 948, 955, 956, 962, 965, 971, 973, 978, 982, 984, 985, 991, 993, 995, 996, 1003, 1005, 1006, 1018, 1022, 1026, 1027, 1028, 1029, 1031, 1032, 1039, 1044, 1046, 1048, 1050, 1052, 1054, 1055, 1058, 1060, 1061, 1063, 1070, 1071, 1072, 1073, 1083, 1084, 1092, 1093, 1095, 1096, 1097, 1098, 1102, 1105, 1106, 1110, 1111, 1114, 1119, 1120, 1121, 1124, 1133, 1134, 1136, 1140, 1145, 1149, 1150, 1154, 1155, 1159, 1160, 1162, 1164, 1166, 1168, 1169, 1170, 1171, 1173, 1177, 1178, 1179, 1180, 1181, 1182, 1185, 1188, 1191, 1196, 1197, 1198, 1201, 1203, 1204, 1205, 1206, 1207, 1208, 1209, 1210, 1211, 1212, 1213, 1214, 1215, 1216, 1217, 1218, 1219, 1220, 1221, 1222, 1223, 1224, 1225, 1227, 1229, 1231, 1232, 1233, 1235, 1237, 1239, 1240, 1241, 1242, 1247, 1250, 1251, 1254, 1255, 1258, 1262, 1265, 1266, 1268, 1269, 1271, 1273, 1274, 1280, 1300, 1306, 1317, 1325, 1411, 1424]}, "histogram": {"y": [1, 0, 0, 0, 0, 0, 2, 5, 1, 4, 3, 1, 2, 6, 2, 4, 4, 5, 5, 3, 9, 4, 8, 5, 5, 8, 12, 4, 5, 11, 12, 9, 37, 25, 15, 7, 9, 1, 1, 2, 1, 0, 0, 0, 0, 0, 2, 0], "x": [720.0, 735.0, 750.0, 765.0, 780.0, 795.0, 810.0, 825.0, 840.0, 855.0, 870.0, 885.0, 900.0, 915.0, 930.0, 945.0, 960.0, 975.0, 990.0, 1005.0, 1020.0, 1035.0, 1050.0, 1065.0, 1080.0, 1095.0, 1110.0, 1125.0, 1140.0, 1155.0, 1170.0, 1185.0, 1200.0, 1215.0, 1230.0, 1245.0, 1260.0, 1275.0, 1290.0, 1305.0, 1320.0, 1335.0, 1350.0, 1365.0, 1380.0, 1395.0, 1410.0, 1425.0]}}