{"percentile": {"y": [99.6, 99.2, 98.8, 98.4, 98.0, 97.5, 97.1, 96.7, 96.3, 95.9, 95.4, 95.0, 94.6, 94.2, 93.8, 93.4, 92.9, 92.5, 92.1, 91.7, 91.3, 90.8, 90.0, 89.6, 89.2, 88.3, 87.5, 86.7, 85.8, 85.4, 84.6, 84.2, 83.7, 83.3, 82.5, 82.1, 81.6, 81.2, 80.8, 80.0, 79.5, 79.1, 78.7, 78.3, 77.9, 77.5, 77.0, 76.2, 75.8, 74.9, 74.5, 74.1, 73.7, 73.3, 72.4, 72.0, 71.2, 70.3, 69.9, 69.5, 69.1, 68.7, 67.8, 67.4, 67.0, 66.6, 65.7, 64.9, 64.5, 64.1, 63.6, 62.8, 62.4, 62.0, 61.6, 61.1, 60.3, 59.9, 59.5, 59.0, 58.6, 57.8, 57.4, 57.0, 56.5, 55.7, 54.9, 54.4, 54.0, 53.2, 52.8, 52.4, 51.9, 51.5, 51.1, 50.7, 50.3, 49.8, 49.4, 49.0, 48.6, 47.7, 47.3, 46.9, 46.5, 46.1, 45.7, 45.2, 44.8, 44.4, 44.0, 43.1, 42.7, 42.3, 41.9, 40.6, 39.8, 38.5, 37.7, 36.0, 35.2, 33.900000000000006, 32.7, 32.3, 29.299999999999997, 26.799999999999997, 26.0, 25.200000000000003, 24.299999999999997, 23.900000000000006, 23.5, 23.099999999999994, 22.200000000000003, 21.400000000000006, 21.0, 20.599999999999994, 20.099999999999994, 19.700000000000003, 19.299999999999997, 18.900000000000006, 18.5, 18.0, 17.599999999999994, 17.200000000000003, 16.799999999999997, 15.5, 15.099999999999994, 14.700000000000003, 13.400000000000006, 13.0, 11.799999999999997, 11.299999999999997, 10.5, 10.099999999999994, 9.700000000000003, 8.799999999999997, 8.400000000000006, 8.0, 7.200000000000003, 5.5, 4.700000000000003, 4.200000000000003, 3.799999999999997, 3.4000000000000057, 3.0, 2.5999999999999943, 2.0999999999999943, 1.7000000000000028, 1.2999999999999972, 0.9000000000000057, 0.5, 0.0, -0.4000000000000057], "x": [760, 831, 834, 839, 842, 849, 854, 864, 875, 877, 892, 902, 908, 919, 921, 925, 946, 952, 954, 955, 960, 961, 966, 968, 970, 975, 978, 980, 988, 991, 992, 993, 996, 1005, 1007, 1009, 1013, 1018, 1019, 1020, 1025, 1030, 1032, 1037, 1039, 1041, 1046, 1047, 1050, 1053, 1055, 1057, 1060, 1062, 1063, 1065, 1070, 1071, 1072, 1079, 1080, 1081, 1083, 1084, 1087, 1088, 1095, 1097, 1105, 1109, 1110, 1111, 1112, 1113, 1114, 1115, 1116, 1120, 1121, 1122, 1123, 1126, 1127, 1128, 1133, 1134, 1138, 1139, 1140, 1143, 1144, 1147, 1150, 1152, 1157, 1158, 1162, 1163, 1166, 1173, 1174, 1179, 1181, 1182, 1185, 1187, 1189, 1192, 1195, 1197, 1198, 1199, 1200, 1201, 1202, 1203, 1204, 1205, 1206, 1207, 1208, 1209, 1210, 1211, 1212, 1213, 1214, 1215, 1218, 1224, 1225, 1228, 1229, 1230, 1232, 1233, 1234, 1235, 1237, 1238, 1240, 1241, 1242, 1243, 1245, 1247, 1248, 1249, 1250, 1251, 1252, 1259, 1261, 1262, 1265, 1266, 1268, 1269, 1270, 1271, 1274, 1277, 1279, 1280, 1301, 1304, 1306, 1311, 1330, 1365, 1376, 1382, 1421]}, "histogram": {"y": [1, 0, 0, 3, 3, 3, 1, 3, 2, 4, 10, 9, 7, 7, 9, 11, 11, 11, 14, 9, 7, 11, 45, 13, 18, 18, 1, 4, 1, 0, 2, 1, 0, 1, 0], "x": [780.0, 800.0, 820.0, 840.0, 860.0, 880.0, 900.0, 920.0, 940.0, 960.0, 980.0, 1000.0, 1020.0, 1040.0, 1060.0, 1080.0, 1100.0, 1120.0, 1140.0, 1160.0, 1180.0, 1200.0, 1220.0, 1240.0, 1260.0, 1280.0, 1300.0, 1320.0, 1340.0, 1360.0, 1380.0, 1400.0, 1420.0, 1440.0]}}