{"percentile": {"x": [798, 852, 881, 1043, 1097, 1114, 1137, 1141, 1158, 1163, 1175, 1178, 1181, 1187, 1192, 1208, 1211, 1215, 1227, 1239, 1252, 1253, 1265, 1270], "y": [95.7, 91.4, 87.0, 82.7, 78.3, 74.0, 69.6, 65.3, 60.9, 56.6, 52.2, 47.9, 43.5, 39.2, 34.8, 30.5, 26.099999999999994, 21.799999999999997, 17.400000000000006, 13.099999999999994, 8.700000000000003, 4.400000000000006, 0.0, -4.299999999999997]}, "histogram": {"x": [795.0, 810.0, 825.0, 840.0, 855.0, 870.0, 885.0, 900.0, 915.0, 930.0, 945.0, 960.0, 975.0, 990.0, 1005.0, 1020.0, 1035.0, 1050.0, 1065.0, 1080.0, 1095.0, 1110.0, 1125.0, 1140.0, 1155.0, 1170.0, 1185.0, 1200.0, 1215.0, 1230.0, 1245.0, 1260.0, 1275.0], "y": [1, 0, 0, 1, 0, 1, 0, 0, 0, 0, 0, 0, 0, 0, 0, 0, 1, 0, 0, 0, 1, 1, 1, 1, 2, 3, 2, 2, 2, 1, 2, 2, 0]}}