{"histogram": {"y": [1, 2, 0, 0, 0, 0, 1, 0, 1, 0, 3, 0, 1, 2, 2, 2, 1, 5, 3, 5, 1, 5, 0, 1, 1], "x": [945.0, 960.0, 975.0, 990.0, 1005.0, 1020.0, 1035.0, 1050.0, 1065.0, 1080.0, 1095.0, 1110.0, 1125.0, 1140.0, 1155.0, 1170.0, 1185.0, 1200.0, 1215.0, 1230.0, 1245.0, 1260.0, 1275.0, 1290.0, 1305.0]}, "percentile": {"y": [97.3, 94.5, 91.7, 88.9, 86.2, 80.6, 77.8, 75.0, 72.3, 69.5, 66.7, 63.9, 61.2, 58.4, 55.6, 52.8, 50.0, 47.3, 44.5, 41.7, 38.9, 36.2, 33.400000000000006, 27.799999999999997, 25.0, 19.5, 16.700000000000003, 13.900000000000006, 8.400000000000006, 5.599999999999994, 2.799999999999997, 0.0, -2.700000000000003], "x": [957, 960, 971, 1036, 1071, 1095, 1099, 1133, 1153, 1154, 1155, 1163, 1171, 1178, 1199, 1201, 1207, 1208, 1212, 1213, 1215, 1217, 1225, 1233, 1236, 1237, 1255, 1260, 1264, 1265, 1267, 1294, 1313]}}