{"percentile": {"y": [99.8, 99.5, 99.2, 98.7, 98.4, 97.9, 97.6, 97.4, 97.1, 96.8, 96.3, 96.0, 95.8, 95.5, 95.2, 95.0, 94.7, 94.4, 94.2, 93.9, 93.6, 93.4, 93.1, 92.8, 92.6, 92.3, 91.8, 91.5, 91.2, 90.7, 90.4, 90.2, 89.9, 89.6, 89.4, 89.1, 88.8, 88.3, 88.0, 87.8, 87.5, 87.2, 87.0, 86.7, 86.4, 85.9, 85.4, 85.1, 84.0, 83.8, 83.5, 83.2, 83.0, 82.4, 82.2, 81.9, 81.1, 80.8, 80.6, 80.3, 79.5, 79.2, 79.0, 78.7, 78.4, 78.2, 77.9, 77.6, 76.8, 76.0, 75.8, 75.5, 75.0, 74.7, 74.4, 74.2, 73.9, 73.4, 73.1, 72.8, 72.3, 71.8, 71.5, 71.2, 71.0, 70.7, 69.9, 69.6, 69.4, 68.8, 68.6, 68.3, 67.5, 67.2, 66.7, 66.4, 66.2, 65.9, 65.4, 65.1, 64.8, 64.6, 64.3, 64.0, 63.5, 63.2, 63.0, 62.4, 62.2, 61.9, 61.4, 60.8, 60.3, 60.0, 59.5, 59.0, 58.7, 58.4, 58.2, 57.9, 57.6, 57.4, 57.1, 56.8, 56.0, 55.8, 55.5, 54.4, 53.6, 53.1, 52.8, 52.3, 51.8, 51.0, 48.8, 47.8, 47.0, 45.6, 44.8, 43.2, 41.6, 39.8, 36.8, 34.400000000000006, 32.599999999999994, 32.0, 31.5, 31.0, 29.900000000000006, 28.599999999999994, 28.299999999999997, 27.200000000000003, 27.0, 25.900000000000006, 25.599999999999994, 24.299999999999997, 23.799999999999997, 23.0, 22.400000000000006, 22.200000000000003, 21.599999999999994, 21.099999999999994, 20.599999999999994, 19.799999999999997, 19.200000000000003, 19.0, 18.700000000000003, 17.400000000000006, 16.799999999999997, 16.0, 15.799999999999997, 15.5, 14.700000000000003, 13.900000000000006, 13.400000000000006, 12.799999999999997, 11.200000000000003, 10.700000000000003, 10.400000000000006, 9.900000000000006, 9.599999999999994, 9.400000000000006, 8.799999999999997, 8.599999999999994, 8.299999999999997, 7.799999999999997, 7.200000000000003, 7.0, 6.400000000000006, 5.900000000000006, 5.599999999999994, 5.400000000000006, 4.299999999999997, 4.0, 3.5, 2.700000000000003, 2.4000000000000057, 2.200000000000003, 1.9000000000000057, 1.4000000000000057, 1.0999999999999943, 0.7999999999999972, 0.5999999999999943, 0.0, -0.20000000000000284], "x": [712, 783, 786, 811, 846, 851, 862, 863, 869, 880, 888, 889, 896, 902, 908, 911, 912, 917, 920, 926, 927, 928, 929, 933, 935, 936, 937, 940, 941, 949, 950, 951, 958, 972, 981, 982, 983, 984, 989, 991, 992, 993, 994, 997, 1001, 1002, 1003, 1007, 1008, 1011, 1012, 1015, 1018, 1021, 1024, 1032, 1036, 1037, 1038, 1042, 1043, 1052, 1053, 1054, 1057, 1059, 1062, 1067, 1069, 1076, 1078, 1080, 1086, 1088, 1090, 1097, 1098, 1102, 1104, 1105, 1106, 1110, 1111, 1112, 1113, 1114, 1115, 1116, 1117, 1119, 1120, 1124, 1125, 1126, 1129, 1131, 1135, 1138, 1140, 1143, 1147, 1149, 1153, 1154, 1155, 1156, 1157, 1159, 1161, 1162, 1163, 1164, 1165, 1167, 1168, 1169, 1174, 1177, 1179, 1180, 1181, 1182, 1185, 1186, 1189, 1192, 1194, 1195, 1197, 1198, 1199, 1201, 1202, 1204, 1205, 1206, 1207, 1208, 1209, 1210, 1211, 1212, 1213, 1214, 1215, 1216, 1217, 1218, 1219, 1220, 1221, 1222, 1223, 1225, 1226, 1227, 1228, 1229, 1230, 1231, 1232, 1233, 1234, 1235, 1236, 1237, 1238, 1240, 1241, 1242, 1243, 1244, 1245, 1248, 1250, 1253, 1255, 1257, 1259, 1260, 1262, 1263, 1265, 1266, 1267, 1268, 1269, 1270, 1271, 1274, 1275, 1276, 1277, 1278, 1279, 1280, 1281, 1290, 1293, 1297, 1313, 1319, 1320, 1324, 1330]}, "histogram": {"y": [1, 0, 0, 0, 2, 2, 0, 3, 3, 5, 5, 10, 7, 1, 11, 14, 9, 9, 9, 7, 19, 11, 13, 16, 20, 86, 42, 31, 26, 8, 2, 4], "x": [700.0, 720.0, 740.0, 760.0, 780.0, 800.0, 820.0, 840.0, 860.0, 880.0, 900.0, 920.0, 940.0, 960.0, 980.0, 1000.0, 1020.0, 1040.0, 1060.0, 1080.0, 1100.0, 1120.0, 1140.0, 1160.0, 1180.0, 1200.0, 1220.0, 1240.0, 1260.0, 1280.0, 1300.0, 1320.0]}}