{"histogram": {"y": [1, 0, 0, 0, 0, 0, 0, 0, 0, 0, 1, 0, 0, 0, 0, 0, 0, 0, 0, 1, 1, 0, 0, 0, 2, 0, 1, 1, 2, 0, 1, 0, 1, 1, 4, 2, 3, 1, 2], "x": [690.0, 705.0, 720.0, 735.0, 750.0, 765.0, 780.0, 795.0, 810.0, 825.0, 840.0, 855.0, 870.0, 885.0, 900.0, 915.0, 930.0, 945.0, 960.0, 975.0, 990.0, 1005.0, 1020.0, 1035.0, 1050.0, 1065.0, 1080.0, 1095.0, 1110.0, 1125.0, 1140.0, 1155.0, 1170.0, 1185.0, 1200.0, 1215.0, 1230.0, 1245.0, 1260.0]}, "percentile": {"y": [95.9, 91.7, 87.5, 83.4, 79.2, 75.0, 70.9, 66.7, 62.5, 58.4, 54.2, 50.0, 45.9, 41.7, 37.5, 33.400000000000006, 29.200000000000003, 25.0, 20.900000000000006, 16.700000000000003, 12.5, 8.400000000000006, 4.200000000000003, 0.0, -4.099999999999994], "x": [702, 841, 978, 1003, 1055, 1063, 1088, 1102, 1116, 1123, 1140, 1180, 1188, 1201, 1206, 1209, 1212, 1215, 1228, 1235, 1237, 1244, 1250, 1264, 1271]}}