{"histogram": {"y": [2, 0, 0, 1, 1, 4, 5, 4, 4, 8, 11, 8, 8, 7, 12, 20, 14, 18, 19, 19, 23, 129, 107, 108, 97, 23, 14, 4, 3, 2, 0, 7, 3], "x": [800.0, 820.0, 840.0, 860.0, 880.0, 900.0, 920.0, 940.0, 960.0, 980.0, 1000.0, 1020.0, 1040.0, 1060.0, 1080.0, 1100.0, 1120.0, 1140.0, 1160.0, 1180.0, 1200.0, 1220.0, 1240.0, 1260.0, 1280.0, 1300.0, 1320.0, 1340.0, 1360.0, 1380.0, 1400.0, 1420.0]}, "percentile": {"y": [99.9, 99.8, 99.6, 99.5, 99.3, 99.2, 99.0, 98.9, 98.7, 98.6, 98.4, 98.3, 98.1, 98.0, 97.9, 97.7, 97.6, 97.4, 97.3, 97.0, 96.8, 96.7, 96.5, 96.2, 96.1, 96.0, 95.8, 95.7, 95.5, 95.2, 94.9, 94.6, 94.5, 94.3, 94.2, 94.1, 93.9, 93.8, 93.6, 93.5, 93.3, 93.2, 93.0, 92.9, 92.7, 92.6, 92.3, 92.2, 92.0, 91.9, 91.7, 91.6, 91.4, 91.3, 91.1, 91.0, 90.8, 90.5, 90.4, 90.3, 90.0, 89.7, 89.5, 89.2, 89.1, 88.9, 88.8, 88.5, 88.2, 88.1, 87.9, 87.8, 87.6, 87.5, 87.3, 87.2, 87.0, 86.6, 86.3, 86.2, 86.0, 85.9, 85.7, 85.6, 85.3, 84.7, 84.6, 84.4, 84.1, 83.7, 83.4, 82.8, 82.7, 82.5, 82.4, 82.1, 81.8, 81.6, 81.5, 81.3, 80.9, 80.8, 80.6, 80.5, 80.3, 80.2, 79.9, 79.7, 79.6, 79.4, 79.3, 79.0, 78.7, 78.3, 78.1, 77.8, 77.7, 77.5, 77.4, 77.1, 76.8, 76.5, 76.4, 76.1, 75.9, 75.8, 75.5, 75.0, 74.8, 74.6, 74.5, 74.2, 73.9, 73.4, 73.3, 72.9, 72.7, 72.6, 71.8, 71.5, 71.0, 69.5, 68.5, 66.9, 66.0, 65.3, 64.4, 63.1, 61.7, 60.0, 58.7, 57.4, 55.8, 55.6, 54.6, 54.3, 53.7, 53.4, 52.8, 52.1, 51.1, 50.6, 49.9, 49.3, 49.0, 48.0, 47.4, 46.4, 45.7, 44.3, 43.5, 42.4, 41.1, 41.0, 40.1, 39.2, 38.1, 36.0, 35.0, 34.400000000000006, 33.5, 32.7, 31.599999999999994, 30.900000000000006, 30.200000000000003, 29.299999999999997, 28.0, 27.700000000000003, 27.400000000000006, 27.0, 25.799999999999997, 25.0, 24.200000000000003, 23.400000000000006, 23.099999999999994, 22.299999999999997, 22.0, 21.400000000000006, 21.200000000000003, 21.0, 20.5, 18.900000000000006, 18.299999999999997, 17.400000000000006, 16.599999999999994, 15.700000000000003, 14.799999999999997, 13.200000000000003, 12.599999999999994, 11.900000000000006, 11.200000000000003, 10.0, 9.299999999999997, 9.0, 8.400000000000006, 8.099999999999994, 7.200000000000003, 6.900000000000006, 6.799999999999997, 6.599999999999994, 6.299999999999997, 6.0, 5.900000000000006, 5.799999999999997, 5.599999999999994, 5.5, 5.200000000000003, 4.900000000000006, 4.700000000000003, 4.299999999999997, 4.099999999999994, 4.0, 3.5999999999999943, 3.4000000000000057, 3.299999999999997, 3.0999999999999943, 3.0, 2.799999999999997, 2.700000000000003, 2.4000000000000057, 2.0999999999999943, 2.0, 1.7999999999999972, 1.7000000000000028, 1.4000000000000057, 1.2000000000000028, 0.29999999999999716, 0.20000000000000284, -0.09999999999999432], "x": [788, 796, 853, 874, 885, 893, 897, 898, 903, 906, 910, 914, 915, 924, 926, 932, 936, 949, 953, 959, 963, 967, 968, 973, 974, 978, 979, 980, 985, 988, 989, 990, 992, 995, 997, 1001, 1002, 1003, 1010, 1011, 1016, 1017, 1018, 1021, 1022, 1023, 1024, 1025, 1028, 1034, 1041, 1042, 1045, 1046, 1048, 1050, 1055, 1061, 1064, 1067, 1068, 1069, 1071, 1072, 1073, 1080, 1082, 1085, 1086, 1087, 1088, 1090, 1091, 1092, 1094, 1095, 1096, 1097, 1098, 1099, 1103, 1105, 1106, 1107, 1108, 1112, 1113, 1115, 1116, 1121, 1124, 1125, 1126, 1128, 1129, 1131, 1133, 1134, 1137, 1140, 1141, 1142, 1143, 1146, 1147, 1148, 1149, 1151, 1152, 1154, 1156, 1158, 1159, 1160, 1161, 1162, 1163, 1164, 1169, 1170, 1171, 1172, 1173, 1176, 1177, 1183, 1186, 1187, 1188, 1189, 1190, 1191, 1192, 1195, 1196, 1197, 1198, 1199, 1201, 1202, 1203, 1204, 1205, 1206, 1207, 1208, 1209, 1210, 1211, 1212, 1213, 1214, 1215, 1216, 1217, 1218, 1219, 1220, 1221, 1222, 1223, 1224, 1225, 1226, 1227, 1228, 1229, 1230, 1231, 1232, 1233, 1234, 1235, 1236, 1237, 1238, 1239, 1240, 1241, 1242, 1244, 1245, 1246, 1247, 1248, 1249, 1250, 1251, 1252, 1253, 1254, 1255, 1256, 1257, 1258, 1259, 1260, 1261, 1262, 1263, 1264, 1265, 1266, 1267, 1268, 1269, 1270, 1271, 1272, 1273, 1274, 1275, 1276, 1277, 1278, 1279, 1280, 1282, 1284, 1285, 1287, 1288, 1289, 1290, 1291, 1293, 1295, 1297, 1298, 1300, 1301, 1302, 1305, 1307, 1310, 1312, 1314, 1316, 1317, 1320, 1324, 1346, 1350, 1352, 1365, 1414, 1415, 1423, 1424]}}