{"percentile": {"y": [95.7, 91.4, 87.0, 82.7, 78.3, 74.0, 69.6, 65.3, 60.9, 56.6, 52.2, 47.9, 43.5, 39.2, 30.5, 26.099999999999994, 17.400000000000006, 13.099999999999994, 8.700000000000003, 4.400000000000006, 0.0, -4.299999999999997], "x": [841, 884, 937, 960, 974, 990, 1022, 1125, 1130, 1142, 1175, 1188, 1191, 1205, 1208, 1212, 1217, 1227, 1239, 1245, 1265, 1275]}, "histogram": {"y": [1, 0, 1, 0, 1, 0, 2, 1, 0, 1, 0, 0, 0, 0, 2, 1, 1, 2, 6, 2, 1, 2, 0], "x": [840.0, 860.0, 880.0, 900.0, 920.0, 940.0, 960.0, 980.0, 1000.0, 1020.0, 1040.0, 1060.0, 1080.0, 1100.0, 1120.0, 1140.0, 1160.0, 1180.0, 1200.0, 1220.0, 1240.0, 1260.0, 1280.0]}}