{"percentile": {"x": [977, 989, 1002, 1031, 1067, 1074, 1078, 1088, 1094, 1113, 1121, 1144, 1150, 1152, 1160, 1167, 1172, 1174, 1192, 1194, 1202, 1204, 1206, 1207, 1214, 1215, 1219, 1221, 1222, 1234, 1235, 1236, 1237, 1238, 1239, 1249, 1252, 1254, 1256, 1257, 1258, 1268, 1269, 1273, 1280, 1289, 1299, 1311, 1421, 1423], "y": [98.1, 96.2, 94.3, 92.4, 90.4, 88.5, 86.6, 84.7, 82.7, 80.8, 78.9, 77.0, 75.0, 73.1, 71.2, 69.3, 67.4, 65.4, 63.5, 61.6, 59.7, 57.7, 55.8, 52.0, 50.0, 46.2, 44.3, 42.4, 40.4, 38.5, 36.6, 34.7, 32.7, 30.799999999999997, 28.900000000000006, 27.0, 25.0, 23.099999999999994, 21.200000000000003, 19.299999999999997, 17.400000000000006, 15.400000000000006, 13.5, 11.599999999999994, 7.700000000000003, 5.799999999999997, 3.9000000000000057, 2.0, 0.0, -1.9000000000000057]}, "histogram": {"x": [980.0, 1000.0, 1020.0, 1040.0, 1060.0, 1080.0, 1100.0, 1120.0, 1140.0, 1160.0, 1180.0, 1200.0, 1220.0, 1240.0, 1260.0, 1280.0, 1300.0, 1320.0, 1340.0, 1360.0, 1380.0, 1400.0, 1420.0], "y": [1, 1, 1, 1, 0, 3, 2, 1, 1, 3, 4, 2, 9, 8, 6, 3, 4, 1, 0, 0, 0, 0, 0, 2]}}