{"histogram": {"y": [1, 0, 0, 0, 0, 2, 0, 1, 0, 1, 0, 1, 1, 0, 0, 0, 1, 0, 1, 0, 2, 0, 0, 1], "x": [870.0, 885.0, 900.0, 915.0, 930.0, 945.0, 960.0, 975.0, 990.0, 1005.0, 1020.0, 1035.0, 1050.0, 1065.0, 1080.0, 1095.0, 1110.0, 1125.0, 1140.0, 1155.0, 1170.0, 1185.0, 1200.0, 1215.0]}, "percentile": {"y": [91.0, 81.9, 72.8, 63.7, 54.6, 45.5, 36.4, 27.299999999999997, 18.200000000000003, 9.099999999999994, 0.0, -9.0], "x": [880, 945, 952, 985, 1007, 1046, 1053, 1119, 1149, 1172, 1181, 1215]}}