{"percentile": {"y": [99.9, 99.8, 99.6, 99.4, 99.2, 99.1, 99.0, 98.8, 98.7, 98.6, 98.4, 98.2, 98.0, 97.9, 97.7, 97.6, 97.5, 97.3, 97.2, 97.1, 96.9, 96.8, 96.7, 96.5, 96.4, 96.3, 96.1, 96.0, 95.8, 95.7, 95.3, 95.2, 95.0, 94.9, 94.6, 94.5, 94.4, 94.2, 94.1, 94.0, 93.8, 93.7, 93.5, 93.4, 93.3, 93.1, 93.0, 92.9, 92.5, 92.2, 91.9, 91.6, 91.5, 91.1, 91.0, 90.6, 90.4, 90.3, 90.0, 89.9, 89.8, 89.6, 89.5, 89.3, 89.1, 88.9, 88.8, 88.7, 88.5, 88.4, 88.0, 87.9, 87.7, 87.6, 87.3, 87.2, 87.0, 86.9, 86.8, 86.5, 86.2, 86.1, 86.0, 85.7, 85.1, 85.0, 84.9, 84.7, 84.6, 84.5, 84.2, 84.1, 83.9, 83.7, 83.5, 83.2, 83.1, 83.0, 82.6, 82.3, 82.0, 81.9, 81.6, 81.5, 81.2, 81.1, 80.9, 80.8, 80.7, 80.4, 80.1, 80.0, 79.9, 79.7, 79.3, 79.2, 78.9, 78.6, 78.2, 78.1, 77.8, 77.7, 77.6, 77.2, 77.0, 76.5, 76.3, 76.2, 76.1, 75.9, 75.8, 75.7, 75.4, 75.3, 74.8, 74.7, 74.4, 74.0, 73.9, 73.8, 73.6, 73.4, 73.2, 72.9, 72.7, 72.4, 71.7, 70.6, 69.3, 68.9, 67.9, 66.7, 65.8, 64.8, 64.0, 63.1, 62.2, 60.9, 60.5, 60.1, 59.7, 59.1, 58.3, 57.6, 57.4, 56.6, 55.6, 54.7, 53.8, 53.2, 52.2, 51.3, 50.7, 49.8, 48.4, 47.6, 46.8, 45.4, 45.2, 44.4, 43.8, 42.9, 42.1, 41.4, 40.8, 39.8, 39.2, 37.9, 36.9, 35.7, 34.7, 34.2, 33.400000000000006, 32.7, 32.400000000000006, 30.799999999999997, 30.400000000000006, 29.5, 29.0, 28.5, 27.200000000000003, 26.700000000000003, 25.799999999999997, 25.299999999999997, 24.700000000000003, 24.299999999999997, 23.900000000000006, 22.299999999999997, 22.099999999999994, 20.900000000000006, 20.099999999999994, 19.200000000000003, 18.099999999999994, 17.5, 16.700000000000003, 16.0, 14.799999999999997, 14.0, 13.200000000000003, 12.700000000000003, 12.0, 11.599999999999994, 10.099999999999994, 9.700000000000003, 9.5, 9.400000000000006, 9.099999999999994, 8.200000000000003, 7.900000000000006, 7.599999999999994, 7.400000000000006, 7.099999999999994, 6.599999999999994, 6.400000000000006, 6.0, 5.900000000000006, 5.5, 5.200000000000003, 5.099999999999994, 4.900000000000006, 4.799999999999997, 4.299999999999997, 4.099999999999994, 3.5999999999999943, 3.200000000000003, 2.9000000000000057, 2.4000000000000057, 2.200000000000003, 1.7999999999999972, 1.7000000000000028, 1.5, 1.2999999999999972, 1.0999999999999943, 1.0, 0.9000000000000057, 0.7000000000000028, 0.5, 0.29999999999999716, -0.09999999999999432], "x": [765, 784, 785, 801, 819, 828, 841, 849, 851, 853, 863, 864, 872, 873, 888, 896, 898, 912, 916, 920, 921, 925, 926, 929, 932, 940, 954, 958, 959, 961, 963, 966, 968, 975, 977, 978, 980, 983, 984, 988, 992, 993, 997, 999, 1001, 1003, 1006, 1009, 1013, 1016, 1017, 1019, 1020, 1021, 1024, 1025, 1028, 1030, 1031, 1036, 1039, 1043, 1048, 1049, 1053, 1055, 1056, 1057, 1058, 1060, 1061, 1062, 1065, 1067, 1069, 1073, 1074, 1080, 1085, 1089, 1090, 1092, 1095, 1098, 1100, 1103, 1108, 1110, 1112, 1113, 1114, 1115, 1118, 1119, 1122, 1126, 1128, 1130, 1131, 1132, 1136, 1139, 1140, 1141, 1142, 1144, 1146, 1148, 1149, 1152, 1155, 1156, 1157, 1158, 1159, 1160, 1162, 1163, 1164, 1165, 1166, 1168, 1169, 1170, 1172, 1175, 1176, 1177, 1178, 1179, 1180, 1181, 1182, 1185, 1186, 1187, 1188, 1190, 1192, 1193, 1196, 1199, 1200, 1201, 1202, 1203, 1204, 1205, 1206, 1207, 1208, 1209, 1210, 1211, 1212, 1213, 1214, 1215, 1216, 1217, 1218, 1219, 1220, 1221, 1222, 1223, 1224, 1225, 1226, 1227, 1228, 1229, 1230, 1231, 1232, 1233, 1234, 1235, 1236, 1237, 1238, 1239, 1240, 1241, 1242, 1243, 1244, 1245, 1246, 1247, 1248, 1249, 1250, 1251, 1252, 1253, 1254, 1255, 1256, 1257, 1258, 1259, 1260, 1261, 1262, 1263, 1264, 1265, 1266, 1267, 1268, 1269, 1270, 1271, 1272, 1273, 1274, 1275, 1276, 1277, 1278, 1279, 1280, 1281, 1282, 1283, 1284, 1285, 1286, 1290, 1293, 1294, 1295, 1296, 1297, 1299, 1300, 1303, 1304, 1305, 1306, 1307, 1308, 1309, 1310, 1311, 1314, 1318, 1320, 1324, 1328, 1330, 1332, 1333, 1342, 1385, 1415, 1418, 1424]}, "histogram": {"y": [1, 2, 3, 1, 4, 5, 3, 2, 6, 4, 10, 8, 13, 14, 9, 11, 10, 15, 13, 19, 25, 19, 105, 120, 119, 112, 42, 27, 9, 1, 0, 1, 3, 3], "x": [780.0, 800.0, 820.0, 840.0, 860.0, 880.0, 900.0, 920.0, 940.0, 960.0, 980.0, 1000.0, 1020.0, 1040.0, 1060.0, 1080.0, 1100.0, 1120.0, 1140.0, 1160.0, 1180.0, 1200.0, 1220.0, 1240.0, 1260.0, 1280.0, 1300.0, 1320.0, 1340.0, 1360.0, 1380.0, 1400.0, 1420.0]}}