{"percentile": {"y": [93.8, 87.5, 81.3, 75.0, 68.8, 62.5, 56.3, 50.0, 43.8, 37.5, 31.299999999999997, 25.0, 18.799999999999997, 12.5, 6.299999999999997, 0.0, -6.200000000000003], "x": [761, 913, 984, 1018, 1022, 1054, 1073, 1156, 1203, 1215, 1222, 1225, 1228, 1235, 1250, 1254, 1306]}, "histogram": {"y": [1, 0, 0, 0, 0, 0, 0, 0, 0, 0, 1, 0, 0, 0, 0, 1, 0, 1, 1, 0, 1, 1, 0, 0, 0, 0, 0, 1, 0, 0, 1, 4, 1, 2, 0, 0, 0, 1], "x": [750.0, 765.0, 780.0, 795.0, 810.0, 825.0, 840.0, 855.0, 870.0, 885.0, 900.0, 915.0, 930.0, 945.0, 960.0, 975.0, 990.0, 1005.0, 1020.0, 1035.0, 1050.0, 1065.0, 1080.0, 1095.0, 1110.0, 1125.0, 1140.0, 1155.0, 1170.0, 1185.0, 1200.0, 1215.0, 1230.0, 1245.0, 1260.0, 1275.0, 1290.0, 1305.0]}}