{"histogram": {"y": [1, 0, 0, 2, 2, 1, 2, 4, 3, 4, 6, 7, 8, 8, 9, 13, 13, 6, 10, 14, 19, 13, 14, 20, 20, 24, 12, 23, 20, 26, 18, 21, 22, 23, 110, 44, 41, 36, 40, 17, 6, 4, 5, 1, 1, 1, 0, 0, 2, 0], "x": [690.0, 705.0, 720.0, 735.0, 750.0, 765.0, 780.0, 795.0, 810.0, 825.0, 840.0, 855.0, 870.0, 885.0, 900.0, 915.0, 930.0, 945.0, 960.0, 975.0, 990.0, 1005.0, 1020.0, 1035.0, 1050.0, 1065.0, 1080.0, 1095.0, 1110.0, 1125.0, 1140.0, 1155.0, 1170.0, 1185.0, 1200.0, 1215.0, 1230.0, 1245.0, 1260.0, 1275.0, 1290.0, 1305.0, 1320.0, 1335.0, 1350.0, 1365.0, 1380.0, 1395.0, 1410.0, 1425.0]}, "percentile": {"y": [99.9, 99.8, 99.6, 99.5, 99.3, 99.2, 99.0, 98.9, 98.8, 98.6, 98.5, 98.3, 98.2, 98.0, 97.9, 97.7, 97.6, 97.5, 97.3, 97.0, 96.7, 96.6, 96.5, 96.0, 95.7, 95.6, 95.4, 95.3, 95.0, 94.9, 94.7, 94.4, 94.3, 94.2, 94.0, 93.9, 93.7, 93.4, 93.1, 93.0, 92.9, 92.7, 92.6, 92.4, 92.3, 92.1, 92.0, 91.8, 91.7, 91.4, 91.1, 91.0, 90.6, 90.4, 90.3, 90.1, 90.0, 89.7, 89.4, 89.3, 89.1, 89.0, 88.7, 88.4, 88.3, 88.1, 88.0, 87.8, 87.5, 87.4, 87.2, 87.0, 86.8, 86.7, 86.4, 86.2, 85.8, 85.7, 85.5, 85.1, 84.8, 84.5, 84.4, 84.2, 84.1, 83.8, 83.5, 83.4, 83.1, 82.9, 82.8, 82.6, 82.2, 82.1, 81.9, 81.5, 81.3, 81.1, 80.8, 80.3, 80.2, 80.0, 79.9, 79.5, 79.3, 79.2, 79.0, 78.6, 78.3, 78.0, 77.9, 77.6, 77.5, 77.2, 76.9, 76.6, 76.3, 75.7, 75.4, 75.3, 75.2, 74.7, 74.6, 74.4, 74.3, 74.2, 73.9, 73.7, 73.4, 73.0, 72.9, 72.4, 72.1, 71.8, 71.6, 71.4, 70.8, 70.7, 70.4, 70.3, 70.1, 70.0, 69.4, 68.8, 68.7, 68.4, 68.3, 68.0, 67.8, 67.5, 67.2, 67.0, 66.8, 66.7, 66.5, 66.4, 66.2, 66.1, 65.8, 65.7, 64.8, 64.4, 63.9, 63.8, 63.6, 63.5, 63.2, 63.1, 62.9, 62.8, 62.6, 62.5, 62.2, 61.8, 61.2, 61.1, 60.9, 60.8, 60.6, 60.2, 60.0, 59.3, 59.2, 58.9, 58.6, 58.3, 58.2, 58.0, 57.9, 57.0, 56.7, 56.5, 56.3, 56.0, 55.6, 55.4, 55.3, 54.7, 54.4, 54.2, 53.9, 53.7, 53.6, 53.3, 53.1, 53.0, 52.9, 52.3, 52.1, 51.7, 51.6, 51.3, 51.0, 50.7, 50.6, 50.3, 50.0, 49.8, 49.7, 49.4, 49.3, 49.1, 48.7, 48.1, 47.8, 47.7, 47.5, 47.1, 46.8, 46.5, 46.4, 46.1, 45.9, 45.5, 45.4, 45.1, 44.8, 44.2, 43.9, 43.4, 42.9, 42.1, 41.3, 40.6, 38.3, 37.0, 35.599999999999994, 34.0, 33.3, 32.099999999999994, 30.299999999999997, 29.099999999999994, 28.400000000000006, 26.700000000000003, 26.099999999999994, 25.5, 25.200000000000003, 25.099999999999994, 24.799999999999997, 24.700000000000003, 24.200000000000003, 23.200000000000003, 23.099999999999994, 22.599999999999994, 22.5, 22.099999999999994, 21.799999999999997, 21.5, 21.200000000000003, 20.799999999999997, 20.200000000000003, 19.200000000000003, 18.900000000000006, 18.799999999999997, 18.599999999999994, 18.0, 17.599999999999994, 17.5, 17.299999999999997, 17.200000000000003, 16.200000000000003, 15.599999999999994, 15.400000000000006, 15.0, 14.400000000000006, 14.200000000000003, 13.900000000000006, 13.299999999999997, 12.900000000000006, 12.599999999999994, 12.0, 11.799999999999997, 11.700000000000003, 11.400000000000006, 11.0, 10.799999999999997, 10.299999999999997, 10.0, 9.700000000000003, 8.299999999999997, 7.799999999999997, 7.400000000000006, 7.0, 6.700000000000003, 6.200000000000003, 5.900000000000006, 5.799999999999997, 5.200000000000003, 4.900000000000006, 4.799999999999997, 3.799999999999997, 3.5999999999999943, 3.0999999999999943, 2.9000000000000057, 2.799999999999997, 2.4000000000000057, 2.200000000000003, 1.9000000000000057, 1.5999999999999943, 1.5, 1.2999999999999972, 1.0999999999999943, 0.9000000000000057, 0.7999999999999972, 0.5999999999999943, 0.5, 0.29999999999999716, 0.20000000000000284, -0.09999999999999432], "x": [702, 745, 749, 753, 761, 767, 790, 793, 802, 803, 804, 805, 810, 812, 814, 825, 829, 830, 838, 841, 842, 843, 852, 855, 856, 858, 868, 870, 880, 881, 882, 883, 884, 886, 887, 888, 890, 892, 897, 902, 905, 907, 908, 909, 911, 912, 913, 914, 915, 917, 918, 919, 920, 921, 922, 925, 928, 931, 932, 933, 937, 938, 939, 940, 942, 944, 947, 948, 949, 954, 959, 960, 961, 963, 970, 972, 974, 978, 981, 982, 983, 985, 986, 987, 988, 989, 990, 991, 992, 993, 995, 996, 997, 998, 1000, 1001, 1002, 1003, 1005, 1006, 1008, 1012, 1015, 1016, 1017, 1018, 1021, 1022, 1023, 1024, 1028, 1029, 1031, 1032, 1036, 1037, 1041, 1042, 1043, 1044, 1045, 1046, 1047, 1048, 1049, 1050, 1051, 1052, 1054, 1055, 1058, 1059, 1060, 1062, 1063, 1064, 1065, 1066, 1067, 1068, 1071, 1072, 1073, 1074, 1075, 1076, 1077, 1079, 1081, 1082, 1083, 1084, 1087, 1088, 1089, 1092, 1094, 1096, 1097, 1098, 1100, 1101, 1102, 1104, 1105, 1106, 1107, 1108, 1109, 1110, 1111, 1113, 1114, 1115, 1116, 1117, 1118, 1120, 1121, 1122, 1123, 1125, 1126, 1127, 1130, 1131, 1132, 1133, 1134, 1135, 1137, 1138, 1139, 1140, 1142, 1144, 1145, 1147, 1148, 1152, 1153, 1154, 1155, 1156, 1157, 1158, 1161, 1163, 1164, 1165, 1166, 1167, 1168, 1169, 1170, 1171, 1172, 1173, 1174, 1175, 1176, 1177, 1179, 1180, 1181, 1182, 1183, 1185, 1188, 1190, 1191, 1192, 1193, 1195, 1196, 1197, 1198, 1199, 1200, 1201, 1202, 1203, 1204, 1205, 1206, 1207, 1208, 1209, 1210, 1211, 1212, 1213, 1214, 1215, 1216, 1217, 1218, 1219, 1220, 1222, 1223, 1225, 1226, 1227, 1228, 1229, 1230, 1231, 1232, 1233, 1234, 1235, 1236, 1237, 1238, 1239, 1240, 1241, 1242, 1243, 1244, 1245, 1246, 1247, 1249, 1250, 1251, 1252, 1253, 1254, 1255, 1256, 1257, 1258, 1259, 1261, 1262, 1263, 1264, 1265, 1266, 1267, 1268, 1269, 1270, 1271, 1272, 1273, 1275, 1276, 1277, 1278, 1280, 1282, 1287, 1290, 1296, 1297, 1310, 1318, 1319, 1320, 1324, 1326, 1332, 1335, 1357, 1375, 1424]}}