{"histogram": {"y": [1, 0, 2, 2, 1, 2, 1, 6, 1, 5, 3, 6, 11, 14, 14, 13, 19, 13, 14, 14, 17, 22, 21, 19, 13, 19, 16, 21, 17, 56, 27, 22, 33, 7, 2, 1, 1, 0, 0, 1, 1], "x": [640.0, 660.0, 680.0, 700.0, 720.0, 740.0, 760.0, 780.0, 800.0, 820.0, 840.0, 860.0, 880.0, 900.0, 920.0, 940.0, 960.0, 980.0, 1000.0, 1020.0, 1040.0, 1060.0, 1080.0, 1100.0, 1120.0, 1140.0, 1160.0, 1180.0, 1200.0, 1220.0, 1240.0, 1260.0, 1280.0, 1300.0, 1320.0, 1340.0, 1360.0, 1380.0, 1400.0, 1420.0]}, "percentile": {"y": [99.8, 99.6, 99.4, 99.2, 99.0, 98.7, 98.5, 98.3, 98.1, 97.9, 97.6, 97.4, 97.2, 97.0, 96.8, 96.5, 96.3, 96.1, 95.9, 95.5, 95.2, 95.0, 94.8, 94.6, 94.1, 93.9, 93.7, 93.5, 93.3, 92.8, 92.6, 92.4, 92.2, 92.0, 91.5, 91.3, 91.1, 90.6, 90.4, 90.0, 89.8, 89.5, 89.3, 89.1, 88.7, 88.0, 87.8, 87.6, 87.4, 87.1, 86.7, 86.3, 85.8, 85.6, 85.4, 85.2, 85.0, 84.5, 84.3, 84.1, 83.6, 83.4, 83.0, 82.3, 82.1, 81.9, 81.5, 81.2, 81.0, 80.8, 80.6, 80.1, 79.9, 79.5, 79.0, 78.6, 78.4, 77.9, 77.3, 77.1, 76.9, 76.6, 76.4, 76.2, 76.0, 75.5, 75.1, 74.9, 74.7, 74.4, 73.8, 73.6, 73.4, 72.9, 72.7, 72.3, 72.0, 71.6, 71.4, 70.9, 70.7, 70.3, 69.6, 69.4, 69.2, 69.0, 68.3, 68.1, 67.9, 67.4, 67.0, 66.6, 66.4, 66.1, 65.9, 65.7, 65.5, 65.3, 64.8, 64.2, 63.5, 63.1, 62.2, 62.0, 61.5, 61.1, 60.9, 60.7, 60.4, 60.2, 60.0, 59.8, 59.3, 59.1, 58.5, 58.3, 58.0, 57.4, 57.2, 56.9, 56.7, 56.5, 56.1, 55.8, 55.6, 55.4, 55.2, 55.0, 54.5, 54.1, 53.9, 53.7, 53.4, 53.0, 52.8, 52.1, 51.9, 51.7, 51.3, 51.0, 50.8, 50.6, 50.4, 50.2, 49.9, 49.5, 49.1, 48.8, 48.2, 47.8, 47.5, 47.3, 46.9, 46.4, 46.2, 45.8, 45.6, 45.1, 44.7, 44.0, 43.8, 43.6, 43.4, 43.2, 42.7, 42.3, 42.1, 41.8, 41.4, 41.2, 40.8, 40.5, 40.1, 39.9, 39.2, 38.8, 38.6, 38.1, 37.7, 37.2, 37.0, 36.6, 36.4, 36.2, 35.5, 35.3, 34.8, 34.599999999999994, 34.2, 33.7, 33.5, 33.099999999999994, 32.900000000000006, 32.2, 31.299999999999997, 29.799999999999997, 29.400000000000006, 28.099999999999994, 27.400000000000006, 26.299999999999997, 25.900000000000006, 25.200000000000003, 23.900000000000006, 23.700000000000003, 23.5, 23.0, 21.700000000000003, 21.299999999999997, 21.099999999999994, 20.599999999999994, 20.200000000000003, 19.700000000000003, 19.299999999999997, 18.599999999999994, 18.200000000000003, 17.299999999999997, 16.900000000000006, 16.5, 16.200000000000003, 15.799999999999997, 15.099999999999994, 14.900000000000006, 14.700000000000003, 14.299999999999997, 14.099999999999994, 13.599999999999994, 13.200000000000003, 12.700000000000003, 12.5, 11.900000000000006, 11.200000000000003, 10.799999999999997, 10.599999999999994, 10.299999999999997, 10.099999999999994, 9.900000000000006, 9.5, 9.200000000000003, 8.799999999999997, 8.599999999999994, 7.900000000000006, 7.099999999999994, 6.799999999999997, 6.400000000000006, 5.5, 5.299999999999997, 4.900000000000006, 4.400000000000006, 3.0999999999999943, 2.9000000000000057, 2.700000000000003, 2.200000000000003, 2.0, 1.7999999999999972, 1.5999999999999943, 1.4000000000000057, 1.0999999999999943, 0.9000000000000057, 0.7000000000000028, 0.5, 0.29999999999999716, 0.0, -0.20000000000000284], "x": [635, 675, 676, 695, 696, 712, 726, 730, 759, 770, 771, 772, 773, 775, 779, 788, 802, 807, 816, 818, 825, 829, 837, 844, 847, 854, 857, 858, 860, 864, 869, 870, 873, 875, 877, 878, 879, 884, 887, 888, 891, 892, 894, 895, 896, 899, 900, 901, 904, 905, 907, 908, 910, 911, 915, 918, 919, 920, 925, 928, 932, 934, 935, 936, 939, 943, 944, 945, 946, 947, 948, 950, 952, 953, 956, 957, 958, 959, 962, 966, 967, 968, 969, 971, 974, 976, 977, 980, 982, 983, 985, 986, 988, 989, 990, 992, 996, 1000, 1001, 1004, 1006, 1007, 1008, 1011, 1014, 1016, 1020, 1021, 1024, 1025, 1026, 1027, 1028, 1029, 1030, 1032, 1033, 1034, 1042, 1043, 1044, 1047, 1049, 1052, 1055, 1056, 1057, 1058, 1059, 1060, 1062, 1063, 1064, 1065, 1066, 1067, 1069, 1070, 1071, 1072, 1074, 1077, 1078, 1079, 1080, 1082, 1083, 1085, 1086, 1088, 1089, 1090, 1092, 1093, 1094, 1095, 1096, 1098, 1101, 1104, 1105, 1108, 1109, 1111, 1112, 1117, 1118, 1119, 1121, 1123, 1124, 1125, 1126, 1130, 1132, 1133, 1135, 1137, 1139, 1141, 1143, 1145, 1146, 1151, 1152, 1153, 1154, 1155, 1156, 1157, 1162, 1163, 1164, 1167, 1168, 1170, 1171, 1172, 1173, 1174, 1177, 1178, 1180, 1181, 1182, 1183, 1184, 1187, 1188, 1189, 1190, 1197, 1199, 1201, 1202, 1203, 1204, 1205, 1206, 1207, 1208, 1209, 1211, 1212, 1213, 1214, 1215, 1216, 1217, 1219, 1222, 1223, 1224, 1225, 1226, 1227, 1228, 1229, 1232, 1233, 1234, 1235, 1239, 1241, 1242, 1243, 1244, 1245, 1246, 1247, 1249, 1250, 1251, 1253, 1254, 1255, 1260, 1261, 1262, 1263, 1264, 1265, 1266, 1267, 1270, 1271, 1272, 1273, 1275, 1277, 1279, 1280, 1281, 1282, 1283, 1284, 1294, 1301, 1318, 1333, 1345, 1400, 1424]}}
