{"percentile": {"y": [99.9, 99.7, 99.5, 99.3, 99.2, 99.0, 98.8, 98.6, 98.5, 98.3, 97.9, 97.8, 97.6, 97.4, 97.1, 96.9, 96.5, 96.4, 96.0, 95.8, 95.6, 95.5, 95.3, 95.1, 94.9, 94.6, 94.4, 94.2, 94.1, 93.9, 93.7, 93.5, 93.4, 93.2, 93.0, 92.8, 92.7, 92.5, 92.3, 92.0, 91.8, 91.4, 91.2, 91.1, 90.9, 90.7, 90.4, 90.2, 90.0, 89.5, 89.3, 89.1, 89.0, 88.8, 88.6, 88.3, 88.1, 87.9, 87.7, 87.4, 87.2, 87.0, 86.8, 86.7, 86.1, 86.0, 85.8, 85.6, 85.4, 85.3, 85.1, 84.9, 84.6, 84.4, 84.2, 84.0, 83.9, 83.7, 83.5, 83.1, 83.0, 82.8, 82.6, 82.4, 81.9, 81.4, 81.2, 81.0, 80.9, 80.5, 80.2, 79.8, 79.1, 78.9, 78.7, 78.6, 78.0, 77.9, 77.3, 76.8, 76.6, 76.5, 76.1, 75.9, 75.8, 75.6, 75.2, 75.0, 74.9, 74.7, 74.5, 74.3, 74.2, 73.8, 73.6, 73.1, 72.9, 72.4, 71.7, 70.8, 69.8, 69.1, 68.0, 67.1, 66.6, 65.2, 64.1, 63.3, 61.5, 59.9, 59.6, 58.9, 58.5, 58.0, 57.8, 57.3, 56.9, 56.4, 56.0, 55.5, 55.3, 54.8, 53.7, 53.2, 52.3, 51.6, 51.1, 49.7, 48.6, 48.1, 47.9, 47.6, 46.4, 45.6, 44.6, 43.5, 42.8, 42.1, 40.2, 39.0, 38.4, 36.8, 36.1, 35.400000000000006, 33.900000000000006, 33.5, 32.599999999999994, 31.700000000000003, 30.900000000000006, 30.700000000000003, 30.299999999999997, 29.799999999999997, 29.099999999999994, 28.599999999999994, 27.700000000000003, 27.299999999999997, 26.799999999999997, 25.900000000000006, 25.599999999999994, 24.5, 23.599999999999994, 22.900000000000006, 21.5, 20.599999999999994, 20.299999999999997, 19.799999999999997, 19.200000000000003, 18.5, 17.799999999999997, 16.599999999999994, 15.900000000000006, 15.200000000000003, 14.700000000000003, 13.599999999999994, 13.299999999999997, 12.700000000000003, 12.400000000000006, 11.799999999999997, 11.5, 11.099999999999994, 10.599999999999994, 10.099999999999994, 9.700000000000003, 9.200000000000003, 8.900000000000006, 8.5, 8.0, 7.799999999999997, 7.599999999999994, 7.299999999999997, 6.900000000000006, 6.700000000000003, 6.400000000000006, 6.200000000000003, 6.0, 5.900000000000006, 5.700000000000003, 5.5, 5.299999999999997, 5.200000000000003, 5.0, 4.799999999999997, 4.5, 4.099999999999994, 3.9000000000000057, 3.5999999999999943, 3.4000000000000057, 3.0, 2.9000000000000057, 2.700000000000003, 2.5, 0.5999999999999943, 0.4000000000000057, 0.20000000000000284, -0.09999999999999432], "x": [708, 794, 824, 834, 839, 884, 886, 898, 910, 913, 920, 937, 941, 942, 945, 949, 955, 956, 957, 961, 962, 964, 965, 966, 970, 976, 984, 985, 988, 989, 990, 993, 998, 999, 1000, 1001, 1004, 1015, 1016, 1019, 1020, 1029, 1030, 1031, 1038, 1039, 1040, 1048, 1052, 1055, 1056, 1058, 1060, 1063, 1064, 1069, 1072, 1073, 1074, 1086, 1087, 1090, 1095, 1099, 1100, 1102, 1104, 1111, 1112, 1113, 1116, 1118, 1122, 1123, 1124, 1126, 1130, 1134, 1135, 1136, 1137, 1139, 1141, 1143, 1144, 1145, 1147, 1148, 1156, 1157, 1158, 1161, 1162, 1163, 1165, 1167, 1169, 1170, 1172, 1173, 1174, 1178, 1179, 1180, 1182, 1183, 1184, 1185, 1187, 1188, 1189, 1195, 1196, 1197, 1199, 1201, 1202, 1203, 1204, 1205, 1206, 1207, 1208, 1209, 1210, 1211, 1212, 1213, 1214, 1215, 1216, 1217, 1218, 1219, 1220, 1221, 1222, 1223, 1224, 1225, 1226, 1227, 1228, 1229, 1230, 1231, 1232, 1233, 1234, 1235, 1236, 1237, 1238, 1239, 1240, 1241, 1242, 1243, 1244, 1245, 1246, 1247, 1248, 1249, 1250, 1251, 1252, 1253, 1254, 1255, 1256, 1257, 1258, 1259, 1260, 1261, 1262, 1263, 1264, 1265, 1266, 1267, 1268, 1269, 1270, 1272, 1273, 1274, 1275, 1276, 1277, 1278, 1279, 1280, 1281, 1283, 1284, 1285, 1286, 1287, 1290, 1291, 1292, 1293, 1294, 1295, 1296, 1297, 1298, 1299, 1300, 1301, 1303, 1305, 1307, 1308, 1309, 1310, 1312, 1315, 1319, 1321, 1323, 1324, 1326, 1327, 1330, 1335, 1353, 1389, 1399, 1415, 1419, 1423, 1424]}, "histogram": {"y": [1, 0, 0, 0, 0, 1, 0, 1, 2, 0, 0, 1, 2, 2, 2, 3, 8, 6, 6, 7, 4, 5, 5, 9, 5, 4, 7, 9, 8, 10, 17, 16, 9, 69, 47, 74, 66, 57, 42, 27, 8, 9, 2, 1, 0, 1, 1, 15, 0], "x": [705.0, 720.0, 735.0, 750.0, 765.0, 780.0, 795.0, 810.0, 825.0, 840.0, 855.0, 870.0, 885.0, 900.0, 915.0, 930.0, 945.0, 960.0, 975.0, 990.0, 1005.0, 1020.0, 1035.0, 1050.0, 1065.0, 1080.0, 1095.0, 1110.0, 1125.0, 1140.0, 1155.0, 1170.0, 1185.0, 1200.0, 1215.0, 1230.0, 1245.0, 1260.0, 1275.0, 1290.0, 1305.0, 1320.0, 1335.0, 1350.0, 1365.0, 1380.0, 1395.0, 1410.0, 1425.0]}}