{"percentile": {"x": [589, 752, 803, 839, 868, 883, 895, 954, 958, 963, 968, 969, 970, 985, 988, 990, 991, 997, 998, 1010, 1013, 1031, 1037, 1044, 1046, 1059, 1060, 1062, 1063, 1067, 1069, 1077, 1078, 1089, 1091, 1094, 1096, 1099, 1100, 1108, 1112, 1127, 1131, 1132, 1138, 1139, 1140, 1145, 1147, 1150, 1155, 1157, 1158, 1160, 1163, 1166, 1170, 1172, 1176, 1177, 1180, 1189, 1191, 1192, 1193, 1198, 1199, 1200, 1201, 1203, 1204, 1205, 1207, 1208, 1209, 1211, 1212, 1213, 1214, 1215, 1218, 1222, 1223, 1224, 1225, 1226, 1227, 1228, 1229, 1231, 1234, 1235, 1236, 1237, 1238, 1239, 1240, 1241, 1243, 1244, 1245, 1246, 1247, 1248, 1249, 1250, 1251, 1252, 1253, 1254, 1256, 1258, 1259, 1261, 1264, 1265, 1266, 1267, 1268, 1269, 1270, 1271, 1272, 1273, 1275, 1278, 1279, 1280, 1294, 1310, 1314, 1316, 1320, 1415], "y": [99.6, 99.1, 98.6, 98.1, 97.6, 97.1, 96.6, 96.1, 95.6, 95.1, 94.6, 94.1, 93.1, 92.6, 92.1, 91.6, 91.1, 90.6, 90.1, 89.1, 88.6, 88.1, 87.6, 87.1, 86.6, 86.1, 85.6, 85.1, 84.6, 84.1, 83.6, 82.6, 82.1, 81.6, 81.1, 80.6, 80.1, 79.7, 79.2, 78.7, 78.2, 77.7, 77.2, 76.7, 76.2, 75.7, 74.7, 74.2, 73.7, 73.2, 72.7, 71.7, 71.2, 70.7, 69.7, 69.2, 68.2, 67.7, 66.7, 66.2, 65.7, 65.2, 64.7, 64.2, 62.7, 62.2, 61.7, 60.7, 59.8, 59.3, 57.8, 56.3, 54.3, 53.8, 52.3, 50.3, 48.3, 47.8, 46.8, 44.3, 43.8, 42.8, 40.8, 39.9, 38.4, 37.9, 37.4, 36.4, 35.900000000000006, 35.400000000000006, 34.400000000000006, 33.400000000000006, 32.900000000000006, 32.400000000000006, 31.400000000000006, 30.900000000000006, 27.900000000000006, 26.900000000000006, 25.900000000000006, 25.400000000000006, 24.400000000000006, 23.900000000000006, 23.400000000000006, 22.400000000000006, 20.900000000000006, 19.5, 19.0, 18.0, 17.0, 16.5, 16.0, 15.5, 15.0, 14.5, 14.0, 9.5, 9.0, 8.5, 7.5, 6.5, 6.0, 5.5, 5.0, 4.5, 4.0, 3.5, 3.0, 2.5, 2.0, 1.5, 1.0, 0.5, 0.0, -0.4000000000000057]}, "histogram": {"x": [580.0, 600.0, 620.0, 640.0, 660.0, 680.0, 700.0, 720.0, 740.0, 760.0, 780.0, 800.0, 820.0, 840.0, 860.0, 880.0, 900.0, 920.0, 940.0, 960.0, 980.0, 1000.0, 1020.0, 1040.0, 1060.0, 1080.0, 1100.0, 1120.0, 1140.0, 1160.0, 1180.0, 1200.0, 1220.0, 1240.0, 1260.0, 1280.0, 1300.0, 1320.0, 1340.0, 1360.0, 1380.0, 1400.0, 1420.0], "y": [1, 0, 0, 0, 0, 0, 0, 0, 1, 0, 0, 1, 1, 0, 1, 2, 0, 0, 2, 5, 6, 3, 2, 3, 8, 5, 3, 5, 9, 10, 9, 36, 26, 32, 24, 2, 3, 1, 0, 0, 0, 1, 0]}}