{"percentile": {"y": [99.6, 99.2, 98.8, 98.4, 98.0, 97.5, 97.1, 96.7, 96.3, 95.9, 95.4, 95.0, 94.6, 94.2, 93.8, 93.4, 92.9, 92.1, 91.7, 91.3, 90.8, 90.4, 90.0, 89.6, 88.8, 88.3, 87.9, 87.5, 87.1, 86.7, 86.2, 85.8, 85.4, 85.0, 84.2, 83.3, 82.9, 82.5, 81.6, 81.2, 80.4, 80.0, 79.5, 79.1, 78.3, 77.9, 77.5, 77.0, 76.6, 76.2, 75.8, 74.9, 74.5, 74.1, 73.7, 73.3, 72.9, 72.4, 72.0, 71.6, 71.2, 70.8, 70.3, 69.9, 69.1, 68.3, 67.8, 67.4, 67.0, 65.7, 65.3, 64.9, 64.1, 63.6, 63.2, 62.8, 62.4, 62.0, 61.6, 61.1, 60.3, 59.5, 59.0, 58.6, 58.2, 57.8, 57.4, 57.0, 56.5, 56.1, 55.7, 55.3, 54.9, 53.6, 53.2, 52.8, 52.4, 51.9, 51.5, 51.1, 50.7, 49.8, 49.0, 48.6, 48.2, 47.3, 46.9, 46.5, 46.1, 45.7, 45.2, 43.6, 43.1, 42.7, 42.3, 41.1, 39.4, 37.3, 35.2, 33.900000000000006, 33.099999999999994, 32.3, 29.799999999999997, 28.099999999999994, 27.700000000000003, 26.799999999999997, 25.599999999999994, 22.599999999999994, 21.0, 20.599999999999994, 20.099999999999994, 19.700000000000003, 18.900000000000006, 17.599999999999994, 17.200000000000003, 16.799999999999997, 16.400000000000006, 15.5, 15.099999999999994, 14.700000000000003, 14.299999999999997, 13.900000000000006, 13.400000000000006, 12.599999999999994, 11.799999999999997, 11.299999999999997, 10.900000000000006, 9.700000000000003, 8.799999999999997, 8.400000000000006, 7.599999999999994, 6.700000000000003, 6.299999999999997, 5.900000000000006, 5.5, 5.099999999999994, 4.700000000000003, 3.4000000000000057, 3.0, 2.0999999999999943, 1.7000000000000028, 1.2999999999999972, 0.9000000000000057, 0.5, 0.0, -0.4000000000000057], "x": [787, 811, 836, 863, 871, 873, 884, 886, 890, 900, 904, 908, 913, 922, 926, 931, 932, 938, 945, 946, 947, 952, 957, 958, 961, 965, 970, 972, 974, 978, 985, 989, 993, 1000, 1007, 1012, 1020, 1028, 1031, 1032, 1036, 1038, 1040, 1048, 1049, 1050, 1052, 1053, 1058, 1060, 1061, 1063, 1066, 1067, 1068, 1070, 1074, 1075, 1076, 1078, 1080, 1081, 1083, 1086, 1090, 1092, 1098, 1099, 1106, 1108, 1110, 1111, 1112, 1116, 1117, 1120, 1121, 1122, 1125, 1129, 1132, 1134, 1136, 1138, 1141, 1142, 1145, 1146, 1147, 1153, 1154, 1160, 1163, 1166, 1170, 1172, 1174, 1175, 1176, 1178, 1179, 1180, 1181, 1182, 1183, 1184, 1185, 1187, 1188, 1190, 1191, 1192, 1196, 1199, 1201, 1202, 1203, 1204, 1205, 1206, 1207, 1208, 1209, 1210, 1211, 1212, 1213, 1214, 1215, 1218, 1221, 1222, 1223, 1225, 1228, 1229, 1231, 1232, 1233, 1234, 1235, 1236, 1238, 1239, 1240, 1243, 1244, 1245, 1246, 1247, 1249, 1251, 1252, 1259, 1262, 1266, 1269, 1270, 1272, 1273, 1277, 1313, 1320, 1327, 1399, 1424]}, "histogram": {"y": [1, 1, 1, 0, 3, 3, 4, 6, 6, 7, 3, 5, 8, 8, 12, 10, 10, 11, 7, 12, 19, 53, 19, 16, 10, 0, 1, 2, 0, 0, 1, 0, 1], "x": [800.0, 820.0, 840.0, 860.0, 880.0, 900.0, 920.0, 940.0, 960.0, 980.0, 1000.0, 1020.0, 1040.0, 1060.0, 1080.0, 1100.0, 1120.0, 1140.0, 1160.0, 1180.0, 1200.0, 1220.0, 1240.0, 1260.0, 1280.0, 1300.0, 1320.0, 1340.0, 1360.0, 1380.0, 1400.0, 1420.0]}}