{"histogram": {"y": [1, 0, 0, 0, 2, 0, 1, 0, 0, 2, 1, 0, 2, 1, 3, 3, 1, 3, 3, 1, 2, 2, 3, 2, 0, 2, 1, 2, 5, 4, 5, 6, 2, 0, 0, 1, 0, 0, 0, 0, 0, 0, 1, 0], "x": [780.0, 795.0, 810.0, 825.0, 840.0, 855.0, 870.0, 885.0, 900.0, 915.0, 930.0, 945.0, 960.0, 975.0, 990.0, 1005.0, 1020.0, 1035.0, 1050.0, 1065.0, 1080.0, 1095.0, 1110.0, 1125.0, 1140.0, 1155.0, 1170.0, 1185.0, 1200.0, 1215.0, 1230.0, 1245.0, 1260.0, 1275.0, 1290.0, 1305.0, 1320.0, 1335.0, 1350.0, 1365.0, 1380.0, 1395.0, 1410.0, 1425.0]}, "percentile": {"y": [98.4, 96.8, 95.1, 93.5, 91.9, 90.2, 88.6, 86.9, 85.3, 83.7, 82.0, 80.4, 78.7, 75.5, 73.8, 72.2, 68.9, 67.3, 64.0, 62.3, 60.7, 59.1, 57.4, 55.8, 54.1, 52.5, 50.9, 49.2, 47.6, 46.0, 44.3, 42.7, 41.0, 37.8, 36.1, 34.5, 32.8, 31.200000000000003, 29.599999999999994, 26.299999999999997, 24.599999999999994, 23.0, 21.400000000000006, 19.700000000000003, 16.400000000000006, 14.799999999999997, 13.200000000000003, 11.5, 9.900000000000006, 8.200000000000003, 6.599999999999994, 5.0, 1.7000000000000028, 0.0, -1.5999999999999943], "x": [782, 844, 845, 878, 915, 918, 935, 960, 970, 982, 990, 993, 998, 1015, 1017, 1026, 1037, 1041, 1051, 1055, 1077, 1092, 1093, 1101, 1107, 1115, 1118, 1123, 1127, 1132, 1165, 1167, 1177, 1190, 1202, 1204, 1205, 1211, 1214, 1224, 1227, 1228, 1233, 1234, 1235, 1241, 1245, 1248, 1249, 1251, 1253, 1255, 1266, 1308, 1424]}}