{"percentile": {"x": [878, 916, 917, 941, 949, 952, 981, 1002, 1025, 1032, 1040, 1054, 1082, 1084, 1092, 1097, 1112, 1121, 1124, 1126, 1127, 1137, 1141, 1150, 1155, 1157, 1170, 1173, 1181, 1182, 1183, 1184, 1186, 1189, 1190, 1192, 1195, 1197, 1200, 1204, 1205, 1206, 1207, 1208, 1209, 1210, 1211, 1212, 1213, 1214, 1215, 1217, 1218, 1219, 1220, 1221, 1222, 1223, 1224, 1225, 1226, 1227, 1228, 1229, 1230, 1232, 1234, 1235, 1236, 1237, 1238, 1239, 1240, 1242, 1243, 1244, 1245, 1246, 1247, 1248, 1249, 1250, 1251, 1252, 1253, 1254, 1255, 1256, 1257, 1258, 1259, 1260, 1261, 1262, 1263, 1264, 1265, 1266, 1267, 1268, 1269, 1270, 1271, 1272, 1273, 1274, 1275, 1277, 1278, 1280, 1282, 1284, 1285, 1287, 1288, 1290, 1291, 1292, 1294, 1295, 1298, 1299, 1300, 1301, 1303, 1304, 1306, 1307, 1310, 1311, 1314, 1318, 1320, 1322, 1324, 1326, 1329, 1332, 1414, 1424], "y": [99.7, 99.4, 99.1, 98.8, 98.4, 98.1, 97.8, 97.5, 97.1, 96.8, 96.5, 96.2, 95.8, 95.5, 95.2, 94.9, 94.5, 94.2, 93.9, 93.3, 92.9, 92.6, 92.3, 91.6, 91.3, 91.0, 90.7, 90.3, 90.0, 89.4, 88.7, 88.4, 87.8, 87.4, 87.1, 86.8, 86.5, 86.1, 85.8, 85.2, 84.8, 84.2, 83.9, 82.9, 81.3, 80.6, 79.0, 77.1, 76.4, 75.1, 74.2, 73.8, 73.5, 73.2, 72.9, 72.5, 70.6, 70.0, 69.0, 68.0, 67.4, 66.1, 65.4, 65.1, 64.8, 63.8, 62.2, 61.2, 60.2, 59.6, 58.6, 58.0, 56.4, 55.7, 55.4, 55.1, 54.1, 52.5, 51.2, 49.9, 48.3, 46.7, 46.3, 46.0, 44.7, 43.1, 42.1, 41.8, 40.8, 39.9, 39.2, 38.2, 36.6, 35.0, 33.7, 32.099999999999994, 30.5, 29.5, 28.200000000000003, 27.200000000000003, 25.299999999999997, 23.400000000000006, 22.700000000000003, 20.799999999999997, 19.799999999999997, 18.5, 16.200000000000003, 15.299999999999997, 14.0, 12.700000000000003, 12.299999999999997, 11.700000000000003, 11.400000000000006, 11.099999999999994, 10.400000000000006, 10.099999999999994, 9.400000000000006, 9.099999999999994, 8.799999999999997, 8.5, 7.5, 6.799999999999997, 5.900000000000006, 5.599999999999994, 5.200000000000003, 4.900000000000006, 4.599999999999994, 4.299999999999997, 3.9000000000000057, 3.5999999999999943, 3.299999999999997, 3.0, 2.5999999999999943, 2.299999999999997, 2.0, 1.7000000000000028, 1.2999999999999972, 1.0, 0.7000000000000028, -0.29999999999999716]}, "histogram": {"x": [880.0, 900.0, 920.0, 940.0, 960.0, 980.0, 1000.0, 1020.0, 1040.0, 1060.0, 1080.0, 1100.0, 1120.0, 1140.0, 1160.0, 1180.0, 1200.0, 1220.0, 1240.0, 1260.0, 1280.0, 1300.0, 1320.0, 1340.0, 1360.0, 1380.0, 1400.0, 1420.0], "y": [1, 0, 2, 0, 3, 0, 1, 1, 2, 2, 0, 4, 1, 6, 5, 2, 13, 40, 47, 58, 78, 22, 12, 6, 0, 0, 0, 1, 3]}}