{"percentile": {"y": [66.7, 33.400000000000006, 0.0, -33.30000000000001], "x": [993, 1003, 1144, 1195]}, "histogram": {"y": [1, 1, 0, 0, 0, 0, 0, 0, 1, 0, 1, 0], "x": [1000.0, 1020.0, 1040.0, 1060.0, 1080.0, 1100.0, 1120.0, 1140.0, 1160.0, 1180.0, 1200.0]}}