{"histogram": {"y": [2, 1, 2, 0, 5, 3, 3, 2, 3, 2, 7, 7, 6, 9, 13, 5, 5, 10, 15, 13, 14, 16, 15, 21, 12, 12, 12, 15, 14, 72, 38, 19, 15, 27, 14, 8, 2, 1, 0, 0, 1, 1, 0, 2, 0], "x": [765.0, 780.0, 795.0, 810.0, 825.0, 840.0, 855.0, 870.0, 885.0, 900.0, 915.0, 930.0, 945.0, 960.0, 975.0, 990.0, 1005.0, 1020.0, 1035.0, 1050.0, 1065.0, 1080.0, 1095.0, 1110.0, 1125.0, 1140.0, 1155.0, 1170.0, 1185.0, 1200.0, 1215.0, 1230.0, 1245.0, 1260.0, 1275.0, 1290.0, 1305.0, 1320.0, 1335.0, 1350.0, 1365.0, 1380.0, 1395.0, 1410.0, 1425.0]}, "percentile": {"y": [99.8, 99.6, 99.4, 99.1, 98.9, 98.7, 98.5, 98.2, 97.8, 97.6, 97.3, 97.1, 96.9, 96.7, 96.4, 96.2, 96.0, 95.8, 95.5, 95.3, 95.1, 94.9, 94.6, 94.2, 94.0, 93.7, 93.3, 93.1, 92.8, 92.6, 92.4, 92.1, 91.9, 91.7, 91.5, 91.2, 90.8, 90.6, 90.3, 90.1, 89.9, 89.7, 89.4, 89.2, 88.5, 88.3, 87.9, 87.2, 87.0, 86.5, 86.1, 85.8, 85.6, 85.4, 85.2, 84.9, 84.7, 84.5, 84.2, 84.0, 83.6, 83.3, 83.1, 82.7, 82.4, 82.2, 81.5, 81.1, 80.9, 80.4, 80.2, 79.5, 79.3, 78.6, 78.2, 77.9, 77.7, 77.5, 77.0, 76.8, 76.6, 76.3, 75.7, 75.4, 75.2, 75.0, 74.8, 74.5, 74.3, 74.1, 73.6, 73.4, 73.2, 73.0, 72.7, 72.5, 72.1, 71.6, 71.4, 70.5, 70.3, 69.8, 69.6, 68.9, 68.4, 68.2, 68.0, 67.8, 66.6, 66.4, 66.2, 65.3, 65.1, 64.8, 64.6, 64.4, 63.7, 63.5, 63.3, 62.4, 62.1, 61.7, 61.2, 60.8, 60.5, 60.3, 60.1, 59.6, 59.4, 59.2, 59.0, 58.5, 58.3, 58.1, 57.6, 57.4, 57.2, 56.9, 56.7, 56.5, 56.3, 56.0, 55.8, 55.6, 55.4, 54.9, 54.2, 53.8, 53.5, 53.3, 53.1, 52.6, 52.4, 52.0, 51.7, 51.5, 51.1, 50.8, 50.2, 49.7, 49.5, 49.0, 48.6, 48.4, 48.1, 47.7, 47.2, 47.0, 46.6, 46.1, 45.9, 45.2, 45.0, 44.7, 43.6, 42.7, 41.6, 40.5, 39.3, 38.2, 36.6, 35.3, 34.099999999999994, 32.099999999999994, 31.700000000000003, 30.099999999999994, 29.400000000000006, 28.700000000000003, 25.599999999999994, 25.099999999999994, 24.900000000000006, 24.700000000000003, 24.400000000000006, 24.200000000000003, 23.799999999999997, 23.5, 22.599999999999994, 21.900000000000006, 21.700000000000003, 21.5, 20.599999999999994, 20.099999999999994, 19.900000000000006, 19.5, 19.200000000000003, 18.799999999999997, 18.599999999999994, 17.0, 16.5, 16.099999999999994, 15.900000000000006, 15.400000000000006, 15.200000000000003, 14.900000000000006, 14.700000000000003, 14.299999999999997, 13.599999999999994, 13.099999999999994, 12.5, 12.200000000000003, 11.799999999999997, 11.299999999999997, 11.099999999999994, 10.900000000000006, 10.400000000000006, 10.200000000000003, 9.799999999999997, 9.299999999999997, 8.900000000000006, 8.0, 7.299999999999997, 7.0, 6.599999999999994, 6.400000000000006, 5.200000000000003, 4.799999999999997, 4.599999999999994, 4.299999999999997, 4.099999999999994, 3.4000000000000057, 3.200000000000003, 3.0, 2.799999999999997, 2.299999999999997, 2.0999999999999943, 1.5999999999999943, 1.4000000000000057, 1.2000000000000028, 1.0, 0.7000000000000028, 0.5, 0.29999999999999716, -0.20000000000000284], "x": [769, 775, 792, 796, 803, 828, 832, 834, 838, 845, 846, 852, 861, 863, 867, 881, 884, 885, 891, 896, 906, 910, 918, 921, 925, 926, 928, 930, 931, 932, 934, 936, 940, 943, 949, 951, 953, 955, 957, 961, 962, 966, 968, 969, 972, 974, 976, 977, 978, 979, 981, 984, 986, 989, 994, 999, 1000, 1001, 1004, 1006, 1013, 1014, 1015, 1021, 1022, 1024, 1028, 1030, 1031, 1037, 1038, 1039, 1040, 1042, 1043, 1045, 1046, 1049, 1050, 1052, 1054, 1055, 1056, 1057, 1058, 1059, 1063, 1064, 1065, 1066, 1067, 1070, 1071, 1072, 1073, 1074, 1076, 1077, 1079, 1080, 1082, 1083, 1084, 1085, 1089, 1090, 1092, 1093, 1096, 1097, 1098, 1100, 1101, 1102, 1104, 1107, 1110, 1111, 1113, 1114, 1116, 1117, 1118, 1119, 1120, 1121, 1123, 1124, 1126, 1128, 1130, 1131, 1132, 1133, 1134, 1137, 1138, 1139, 1140, 1141, 1142, 1144, 1147, 1149, 1150, 1151, 1153, 1158, 1159, 1160, 1161, 1162, 1163, 1164, 1166, 1168, 1170, 1172, 1173, 1175, 1176, 1179, 1180, 1181, 1182, 1188, 1189, 1190, 1192, 1193, 1194, 1197, 1199, 1200, 1201, 1202, 1203, 1204, 1205, 1206, 1207, 1208, 1209, 1210, 1211, 1212, 1213, 1214, 1215, 1216, 1218, 1219, 1220, 1221, 1222, 1223, 1224, 1225, 1226, 1227, 1228, 1229, 1230, 1231, 1236, 1237, 1239, 1240, 1241, 1242, 1243, 1245, 1246, 1248, 1252, 1253, 1255, 1256, 1259, 1260, 1261, 1262, 1263, 1264, 1265, 1266, 1267, 1268, 1269, 1270, 1271, 1272, 1273, 1274, 1278, 1279, 1280, 1281, 1284, 1285, 1288, 1290, 1291, 1292, 1295, 1301, 1303, 1306, 1311, 1330, 1375, 1393, 1415]}}