{"histogram": {"y": [1, 1, 0, 1, 2, 3, 3, 3, 2, 5, 2, 1, 0, 2, 8, 1, 1, 3, 4, 8, 5, 8, 7, 1, 5, 8, 7, 6, 3, 15, 9, 11, 40, 18, 19, 16, 11, 4, 2, 2, 0, 0, 1, 0, 0, 0, 1, 0], "x": [720.0, 735.0, 750.0, 765.0, 780.0, 795.0, 810.0, 825.0, 840.0, 855.0, 870.0, 885.0, 900.0, 915.0, 930.0, 945.0, 960.0, 975.0, 990.0, 1005.0, 1020.0, 1035.0, 1050.0, 1065.0, 1080.0, 1095.0, 1110.0, 1125.0, 1140.0, 1155.0, 1170.0, 1185.0, 1200.0, 1215.0, 1230.0, 1245.0, 1260.0, 1275.0, 1290.0, 1305.0, 1320.0, 1335.0, 1350.0, 1365.0, 1380.0, 1395.0, 1410.0, 1425.0]}, "percentile": {"y": [99.6, 99.2, 98.8, 98.4, 98.0, 97.6, 96.8, 96.4, 95.6, 95.2, 94.8, 94.4, 94.0, 93.6, 93.2, 92.8, 92.4, 91.6, 91.2, 90.8, 90.4, 90.0, 89.6, 89.2, 88.8, 88.4, 88.0, 87.2, 86.8, 86.4, 86.0, 85.6, 85.2, 84.8, 84.4, 83.6, 83.2, 82.8, 82.4, 81.6, 81.2, 80.4, 80.0, 79.6, 79.2, 78.8, 78.4, 78.0, 77.6, 76.8, 76.4, 75.6, 75.2, 74.7, 74.3, 73.9, 73.5, 72.7, 72.3, 71.9, 71.5, 71.1, 70.7, 70.3, 69.9, 69.5, 69.1, 68.7, 68.3, 67.9, 67.1, 66.7, 65.9, 65.5, 64.7, 64.3, 63.9, 63.1, 62.7, 62.3, 61.9, 61.5, 61.1, 60.7, 60.3, 59.9, 59.5, 59.1, 58.7, 58.3, 57.5, 56.3, 55.5, 55.1, 54.7, 54.3, 53.9, 53.5, 53.1, 52.7, 52.3, 51.5, 51.1, 50.7, 50.3, 49.8, 48.6, 47.8, 47.0, 46.6, 45.8, 45.4, 44.6, 43.8, 43.4, 43.0, 41.8, 41.0, 39.0, 37.0, 35.0, 33.8, 32.599999999999994, 31.400000000000006, 30.599999999999994, 29.400000000000006, 28.599999999999994, 28.200000000000003, 27.799999999999997, 27.0, 25.400000000000006, 24.900000000000006, 24.099999999999994, 23.700000000000003, 22.900000000000006, 22.5, 22.099999999999994, 21.700000000000003, 20.900000000000006, 20.5, 19.700000000000003, 19.299999999999997, 18.900000000000006, 18.5, 17.299999999999997, 16.5, 16.099999999999994, 15.299999999999997, 14.900000000000006, 14.5, 12.900000000000006, 12.099999999999994, 11.700000000000003, 11.299999999999997, 10.900000000000006, 10.099999999999994, 9.700000000000003, 8.900000000000006, 8.099999999999994, 7.700000000000003, 7.299999999999997, 6.5, 6.099999999999994, 4.900000000000006, 4.5, 4.099999999999994, 3.700000000000003, 2.9000000000000057, 2.0999999999999943, 1.7000000000000028, 1.2999999999999972, 0.9000000000000057, 0.5, 0.0, -0.4000000000000057], "x": [724, 746, 766, 782, 793, 797, 802, 811, 820, 826, 829, 832, 844, 850, 857, 860, 863, 868, 876, 884, 889, 917, 929, 931, 932, 935, 936, 937, 940, 941, 946, 963, 977, 982, 984, 992, 1003, 1004, 1006, 1007, 1008, 1015, 1016, 1017, 1020, 1022, 1024, 1030, 1034, 1036, 1037, 1038, 1040, 1044, 1046, 1055, 1056, 1058, 1062, 1063, 1064, 1074, 1083, 1084, 1085, 1091, 1093, 1095, 1097, 1102, 1105, 1106, 1108, 1116, 1117, 1118, 1121, 1122, 1126, 1130, 1135, 1136, 1137, 1139, 1142, 1148, 1149, 1155, 1156, 1158, 1159, 1160, 1161, 1164, 1165, 1167, 1168, 1169, 1170, 1171, 1172, 1175, 1176, 1178, 1181, 1184, 1185, 1186, 1187, 1188, 1197, 1198, 1201, 1202, 1203, 1204, 1205, 1206, 1207, 1208, 1209, 1210, 1211, 1212, 1213, 1214, 1215, 1217, 1218, 1219, 1220, 1221, 1222, 1225, 1226, 1227, 1229, 1230, 1231, 1232, 1233, 1234, 1235, 1236, 1237, 1238, 1239, 1240, 1241, 1242, 1245, 1246, 1247, 1248, 1251, 1253, 1255, 1257, 1258, 1260, 1264, 1265, 1267, 1270, 1271, 1272, 1274, 1276, 1280, 1300, 1304, 1311, 1314, 1363, 1414]}}