{"histogram": {"x": [820.0, 840.0, 860.0, 880.0, 900.0, 920.0, 940.0, 960.0, 980.0, 1000.0, 1020.0, 1040.0, 1060.0, 1080.0, 1100.0, 1120.0, 1140.0, 1160.0, 1180.0, 1200.0, 1220.0, 1240.0, 1260.0, 1280.0, 1300.0, 1320.0], "y": [1, 1, 0, 1, 2, 1, 2, 0, 0, 1, 0, 3, 3, 4, 1, 0, 1, 0, 5, 1, 12, 5, 2, 6, 3, 0, 1]}, "percentile": {"x": [814, 829, 868, 882, 886, 905, 933, 939, 990, 1023, 1029, 1037, 1042, 1046, 1051, 1065, 1072, 1073, 1074, 1081, 1138, 1167, 1171, 1172, 1173, 1179, 1195, 1201, 1203, 1206, 1209, 1210, 1211, 1212, 1215, 1217, 1220, 1231, 1235, 1236, 1240, 1241, 1262, 1268, 1270, 1276, 1277, 1278, 1280, 1290, 1332], "y": [98.2, 96.4, 94.6, 92.8, 91.0, 89.1, 87.3, 85.5, 83.7, 81.9, 80.0, 78.2, 76.4, 74.6, 72.8, 71.0, 69.1, 67.3, 65.5, 63.7, 61.9, 60.0, 58.2, 56.4, 54.6, 52.8, 51.0, 49.1, 47.3, 41.9, 40.0, 38.2, 36.4, 34.599999999999994, 31.0, 29.099999999999994, 27.299999999999997, 23.700000000000003, 21.900000000000006, 20.0, 18.200000000000003, 16.400000000000006, 14.599999999999994, 12.799999999999997, 11.0, 9.099999999999994, 7.299999999999997, 5.5, 3.700000000000003, 0.0, -1.7999999999999972]}}