{"histogram": {"y": [1, 3, 1, 2, 3, 2, 3, 8, 9, 2, 6, 6, 5, 3, 3, 5, 4, 4, 6, 21, 3, 5, 6, 2, 0, 1, 0, 0, 0, 1], "x": [820.0, 840.0, 860.0, 880.0, 900.0, 920.0, 940.0, 960.0, 980.0, 1000.0, 1020.0, 1040.0, 1060.0, 1080.0, 1100.0, 1120.0, 1140.0, 1160.0, 1180.0, 1200.0, 1220.0, 1240.0, 1260.0, 1280.0, 1300.0, 1320.0, 1340.0, 1360.0, 1380.0, 1400.0]}, "percentile": {"y": [99.2, 98.3, 97.4, 96.5, 95.7, 94.8, 93.9, 93.0, 92.2, 91.3, 89.5, 88.6, 87.8, 86.9, 86.0, 85.1, 84.3, 83.4, 82.5, 81.6, 80.8, 79.9, 78.1, 77.2, 76.4, 74.6, 73.7, 72.9, 72.0, 71.1, 70.2, 69.3, 68.5, 67.6, 66.7, 65.0, 64.1, 63.2, 62.3, 61.5, 60.6, 59.7, 58.8, 57.9, 57.1, 56.2, 55.3, 54.4, 53.6, 52.7, 51.8, 50.9, 50.0, 49.2, 48.3, 47.4, 46.5, 45.7, 44.8, 43.9, 43.0, 42.2, 41.3, 40.4, 39.5, 38.6, 37.8, 36.9, 35.099999999999994, 34.3, 33.400000000000006, 31.599999999999994, 30.799999999999997, 29.900000000000006, 28.099999999999994, 27.200000000000003, 24.599999999999994, 22.900000000000006, 22.0, 19.299999999999997, 18.5, 16.700000000000003, 15.799999999999997, 15.0, 14.099999999999994, 13.200000000000003, 12.299999999999997, 11.5, 9.700000000000003, 8.799999999999997, 7.900000000000006, 6.200000000000003, 5.299999999999997, 4.400000000000006, 3.5999999999999943, 2.700000000000003, 1.7999999999999972, 0.9000000000000057, 0.0, -0.7999999999999972], "x": [837, 841, 845, 855, 871, 898, 899, 902, 912, 916, 936, 942, 943, 952, 960, 961, 962, 964, 967, 968, 972, 976, 980, 985, 987, 988, 991, 992, 997, 1003, 1018, 1021, 1023, 1029, 1030, 1038, 1042, 1048, 1050, 1051, 1052, 1054, 1065, 1067, 1073, 1077, 1079, 1087, 1088, 1095, 1107, 1109, 1113, 1123, 1130, 1132, 1134, 1137, 1142, 1143, 1144, 1155, 1160, 1166, 1170, 1179, 1181, 1185, 1187, 1196, 1199, 1201, 1202, 1203, 1204, 1205, 1209, 1210, 1212, 1213, 1214, 1215, 1217, 1218, 1228, 1230, 1237, 1241, 1242, 1254, 1256, 1262, 1267, 1272, 1276, 1279, 1280, 1291, 1329, 1415]}}