{"histogram": {"y": [1, 1, 0, 1, 2, 0, 1, 1, 1, 0, 3, 2, 5, 6, 3, 6, 3, 11, 6, 7, 6, 2, 1], "x": [880.0, 900.0, 920.0, 940.0, 960.0, 980.0, 1000.0, 1020.0, 1040.0, 1060.0, 1080.0, 1100.0, 1120.0, 1140.0, 1160.0, 1180.0, 1200.0, 1220.0, 1240.0, 1260.0, 1280.0, 1300.0]}, "percentile": {"y": [98.6, 97.1, 95.6, 92.7, 91.2, 89.8, 88.3, 86.8, 85.3, 83.9, 82.4, 80.9, 79.5, 78.0, 76.5, 75.0, 73.6, 72.1, 70.6, 69.2, 66.2, 64.8, 63.3, 61.8, 60.3, 58.9, 55.9, 54.5, 53.0, 51.5, 48.6, 47.1, 44.2, 42.7, 39.8, 38.3, 32.400000000000006, 30.900000000000006, 29.5, 28.0, 26.5, 25.0, 23.599999999999994, 22.099999999999994, 20.599999999999994, 17.700000000000003, 16.200000000000003, 14.799999999999997, 13.299999999999997, 11.799999999999997, 10.299999999999997, 8.900000000000006, 7.400000000000006, 5.900000000000006, 4.5, 3.0, 1.5, 0.0, -1.4000000000000057], "x": [877, 886, 931, 954, 981, 1003, 1039, 1064, 1065, 1078, 1092, 1096, 1100, 1108, 1113, 1115, 1116, 1120, 1123, 1134, 1135, 1137, 1141, 1144, 1155, 1160, 1165, 1167, 1175, 1179, 1180, 1185, 1205, 1206, 1210, 1212, 1214, 1218, 1222, 1229, 1231, 1232, 1235, 1239, 1242, 1243, 1248, 1250, 1253, 1258, 1265, 1266, 1270, 1271, 1274, 1275, 1280, 1288, 1312]}}