{"histogram": {"x": [855.0, 870.0, 885.0, 900.0, 915.0, 930.0, 945.0, 960.0, 975.0, 990.0, 1005.0, 1020.0, 1035.0, 1050.0, 1065.0, 1080.0, 1095.0, 1110.0, 1125.0, 1140.0, 1155.0, 1170.0, 1185.0, 1200.0, 1215.0, 1230.0, 1245.0, 1260.0, 1275.0, 1290.0, 1305.0, 1320.0, 1335.0, 1350.0, 1365.0, 1380.0, 1395.0, 1410.0, 1425.0], "y": [1, 0, 0, 0, 3, 1, 0, 2, 0, 3, 3, 3, 6, 6, 4, 12, 5, 9, 4, 7, 8, 10, 8, 70, 57, 62, 69, 89, 43, 15, 8, 4, 0, 2, 0, 0, 0, 1, 0]}, "percentile": {"x": [858, 916, 918, 926, 937, 961, 965, 994, 999, 1006, 1013, 1015, 1021, 1025, 1030, 1035, 1038, 1039, 1043, 1045, 1048, 1050, 1054, 1056, 1062, 1063, 1066, 1067, 1068, 1074, 1080, 1084, 1086, 1087, 1088, 1093, 1094, 1096, 1100, 1104, 1106, 1108, 1110, 1112, 1113, 1115, 1118, 1121, 1123, 1124, 1132, 1134, 1138, 1146, 1147, 1148, 1150, 1153, 1154, 1155, 1156, 1160, 1161, 1162, 1163, 1165, 1169, 1170, 1171, 1172, 1176, 1177, 1178, 1180, 1183, 1184, 1186, 1187, 1190, 1195, 1197, 1202, 1203, 1204, 1205, 1206, 1207, 1208, 1209, 1210, 1211, 1212, 1213, 1214, 1215, 1216, 1217, 1218, 1219, 1220, 1221, 1222, 1223, 1224, 1225, 1227, 1228, 1229, 1230, 1231, 1232, 1233, 1234, 1235, 1236, 1237, 1238, 1239, 1240, 1241, 1242, 1243, 1244, 1245, 1246, 1247, 1248, 1249, 1250, 1251, 1252, 1253, 1254, 1255, 1256, 1257, 1258, 1259, 1260, 1261, 1262, 1263, 1264, 1265, 1266, 1267, 1268, 1269, 1270, 1271, 1272, 1273, 1274, 1275, 1276, 1277, 1278, 1279, 1280, 1283, 1285, 1286, 1287, 1288, 1289, 1290, 1291, 1293, 1294, 1295, 1296, 1297, 1298, 1299, 1300, 1302, 1305, 1309, 1311, 1312, 1314, 1315, 1321, 1325, 1327, 1332, 1350, 1359, 1415], "y": [99.9, 99.7, 99.5, 99.3, 99.1, 98.9, 98.7, 98.3, 98.1, 97.9, 97.7, 97.5, 97.3, 97.1, 96.9, 96.7, 96.5, 96.4, 96.2, 96.0, 95.8, 95.6, 95.4, 95.2, 94.8, 94.6, 94.4, 94.2, 94.0, 93.8, 93.4, 93.2, 93.0, 92.9, 92.5, 92.3, 91.5, 91.3, 91.1, 90.9, 90.7, 90.5, 90.3, 90.1, 89.9, 89.7, 89.5, 89.3, 89.0, 88.8, 88.6, 88.4, 88.0, 87.8, 87.4, 87.2, 87.0, 86.8, 86.6, 86.4, 86.2, 86.0, 85.8, 85.7, 85.5, 85.3, 85.1, 84.9, 84.7, 84.5, 84.3, 84.1, 83.9, 83.7, 83.5, 83.1, 82.9, 82.7, 82.5, 82.3, 81.6, 81.0, 80.8, 79.4, 79.0, 78.5, 77.3, 76.5, 75.5, 74.4, 73.2, 71.8, 69.9, 67.9, 66.8, 66.4, 66.0, 65.6, 65.4, 65.0, 64.1, 63.7, 62.5, 60.9, 59.6, 58.8, 58.0, 56.9, 56.5, 55.9, 55.5, 54.7, 54.1, 53.0, 51.4, 50.8, 49.9, 49.7, 48.1, 47.3, 46.4, 45.2, 44.8, 43.2, 42.1, 41.7, 40.9, 40.7, 39.9, 39.3, 38.2, 36.8, 35.8, 34.900000000000006, 34.3, 33.5, 32.2, 31.400000000000006, 29.400000000000006, 28.299999999999997, 27.299999999999997, 26.099999999999994, 25.299999999999997, 24.400000000000006, 24.200000000000003, 23.0, 21.5, 20.299999999999997, 18.5, 17.799999999999997, 16.599999999999994, 15.799999999999997, 14.099999999999994, 12.700000000000003, 12.099999999999994, 11.299999999999997, 10.900000000000006, 9.599999999999994, 8.200000000000003, 7.599999999999994, 7.099999999999994, 6.700000000000003, 6.299999999999997, 6.099999999999994, 5.700000000000003, 5.099999999999994, 4.900000000000006, 4.700000000000003, 4.5, 4.299999999999997, 3.9000000000000057, 3.700000000000003, 3.5999999999999943, 3.4000000000000057, 3.0, 2.799999999999997, 2.5999999999999943, 2.4000000000000057, 2.0, 1.7999999999999972, 1.5999999999999943, 1.2000000000000028, 1.0, 0.7999999999999972, 0.5999999999999943, 0.4000000000000057, 0.20000000000000284, 0.0, -0.09999999999999432]}}