{"histogram": {"y": [1, 0, 1, 0, 1, 0, 2, 1, 0, 1, 0, 0, 0, 0, 2, 1, 1, 2, 6, 2, 2, 2, 0], "x": [840.0, 860.0, 880.0, 900.0, 920.0, 940.0, 960.0, 980.0, 1000.0, 1020.0, 1040.0, 1060.0, 1080.0, 1100.0, 1120.0, 1140.0, 1160.0, 1180.0, 1200.0, 1220.0, 1240.0, 1260.0, 1280.0]}, "percentile": {"y": [95.9, 91.7, 87.5, 83.4, 79.2, 75.0, 70.9, 66.7, 62.5, 58.4, 54.2, 50.0, 45.9, 41.7, 33.400000000000006, 29.200000000000003, 20.900000000000006, 16.700000000000003, 12.5, 8.400000000000006, 4.200000000000003, 0.0, -4.099999999999994], "x": [841, 884, 937, 960, 974, 990, 1022, 1125, 1130, 1142, 1175, 1188, 1191, 1205, 1208, 1212, 1217, 1227, 1239, 1245, 1249, 1265, 1275]}}