{"histogram": {"y": [2, 0, 1, 0, 1, 0, 2, 0, 2, 2, 0, 1, 2, 1, 2, 4, 3, 1, 2, 2, 2, 4, 5, 3, 0, 1, 2, 4, 3, 1, 3, 0, 0, 0, 0, 1], "x": [680.0, 700.0, 720.0, 740.0, 760.0, 780.0, 800.0, 820.0, 840.0, 860.0, 880.0, 900.0, 920.0, 940.0, 960.0, 980.0, 1000.0, 1020.0, 1040.0, 1060.0, 1080.0, 1100.0, 1120.0, 1140.0, 1160.0, 1180.0, 1200.0, 1220.0, 1240.0, 1260.0, 1280.0, 1300.0, 1320.0, 1340.0, 1360.0]}, "percentile": {"y": [98.3, 96.5, 94.7, 92.9, 91.1, 89.3, 87.5, 85.8, 84.0, 82.2, 80.4, 78.6, 76.8, 75.0, 73.3, 71.5, 67.9, 66.1, 64.3, 62.5, 60.8, 59.0, 57.2, 55.4, 53.6, 51.8, 50.0, 48.3, 46.5, 44.7, 42.9, 39.3, 37.5, 35.8, 34.0, 30.400000000000006, 28.599999999999994, 26.799999999999997, 25.0, 23.299999999999997, 21.5, 19.700000000000003, 17.900000000000006, 16.099999999999994, 12.5, 10.799999999999997, 9.0, 7.200000000000003, 5.400000000000006, 3.5999999999999943, 1.7999999999999972, 0.0, -1.7000000000000028], "x": [671, 678, 711, 752, 781, 788, 829, 834, 841, 845, 881, 904, 907, 934, 948, 956, 965, 968, 976, 987, 990, 994, 1008, 1026, 1030, 1043, 1054, 1064, 1071, 1093, 1095, 1099, 1110, 1112, 1118, 1119, 1127, 1129, 1135, 1164, 1189, 1191, 1203, 1205, 1211, 1220, 1231, 1239, 1255, 1264, 1265, 1270, 1365]}}