{"percentile": {"x": [766, 796, 812, 821, 823, 827, 831, 856, 871, 896, 897, 899, 901, 905, 908, 912, 921, 924, 934, 940, 942, 945, 947, 965, 975, 976, 979, 982, 983, 984, 985, 986, 991, 993, 994, 996, 999, 1000, 1001, 1003, 1004, 1007, 1011, 1012, 1014, 1015, 1017, 1019, 1020, 1023, 1027, 1028, 1030, 1035, 1036, 1037, 1040, 1043, 1044, 1046, 1047, 1051, 1052, 1054, 1055, 1057, 1059, 1060, 1061, 1064, 1065, 1069, 1070, 1071, 1073, 1075, 1080, 1082, 1083, 1084, 1085, 1086, 1097, 1101, 1102, 1106, 1107, 1110, 1111, 1112, 1113, 1115, 1116, 1118, 1120, 1123, 1124, 1126, 1127, 1128, 1130, 1132, 1133, 1134, 1135, 1136, 1137, 1139, 1140, 1142, 1143, 1145, 1146, 1147, 1148, 1150, 1151, 1153, 1154, 1157, 1159, 1160, 1164, 1167, 1168, 1169, 1170, 1172, 1175, 1176, 1178, 1179, 1180, 1182, 1183, 1185, 1187, 1188, 1189, 1190, 1191, 1192, 1193, 1194, 1195, 1198, 1199, 1200, 1201, 1202, 1203, 1204, 1205, 1206, 1207, 1208, 1209, 1210, 1211, 1212, 1213, 1214, 1215, 1216, 1217, 1218, 1219, 1220, 1221, 1222, 1223, 1224, 1225, 1226, 1227, 1228, 1229, 1230, 1231, 1232, 1233, 1234, 1235, 1236, 1237, 1238, 1239, 1240, 1241, 1242, 1243, 1244, 1245, 1246, 1247, 1248, 1249, 1250, 1253, 1254, 1255, 1256, 1257, 1258, 1259, 1260, 1261, 1262, 1263, 1264, 1265, 1267, 1269, 1270, 1273, 1274, 1275, 1276, 1277, 1278, 1279, 1280, 1283, 1285, 1286, 1290, 1291, 1297, 1300, 1305, 1310, 1316, 1327, 1333, 1365, 1415], "y": [99.8, 99.6, 99.4, 99.2, 99.0, 98.7, 98.5, 98.3, 98.1, 97.9, 97.6, 97.2, 97.0, 96.8, 96.3, 96.1, 95.7, 95.4, 95.2, 95.0, 94.8, 94.6, 94.3, 93.9, 93.7, 93.5, 93.0, 92.4, 91.9, 91.7, 91.5, 91.3, 91.0, 90.8, 90.6, 90.4, 89.9, 89.7, 89.5, 89.3, 89.1, 88.6, 88.4, 88.2, 88.0, 87.7, 87.5, 86.9, 86.6, 86.0, 85.8, 85.5, 84.9, 84.7, 84.4, 84.2, 84.0, 83.8, 83.6, 83.3, 83.1, 82.7, 82.5, 82.2, 82.0, 81.4, 81.1, 80.7, 80.5, 80.0, 79.8, 79.0, 78.7, 78.3, 78.1, 77.9, 77.6, 77.2, 77.0, 76.8, 76.3, 76.1, 75.9, 75.4, 75.2, 75.0, 74.3, 74.1, 73.9, 73.5, 72.8, 72.6, 72.1, 71.9, 71.7, 71.5, 71.3, 71.0, 70.8, 70.4, 69.9, 69.7, 69.5, 69.1, 68.6, 68.4, 68.2, 68.0, 67.7, 67.5, 67.3, 66.9, 66.4, 66.2, 65.8, 65.5, 65.3, 65.1, 64.9, 64.0, 63.8, 62.9, 62.7, 62.5, 62.0, 61.6, 61.1, 60.9, 60.7, 60.3, 60.0, 59.8, 59.4, 59.2, 59.0, 58.5, 58.3, 58.1, 57.4, 57.0, 56.5, 55.9, 55.7, 55.4, 54.8, 54.1, 53.9, 53.7, 53.2, 53.0, 51.9, 50.8, 48.8, 48.0, 46.9, 46.0, 45.3, 43.8, 42.9, 40.9, 40.3, 38.7, 36.5, 36.1, 35.400000000000006, 35.0, 34.3, 33.2, 33.0, 32.400000000000006, 31.700000000000003, 31.0, 30.200000000000003, 29.299999999999997, 28.400000000000006, 28.0, 27.700000000000003, 27.299999999999997, 26.400000000000006, 26.200000000000003, 25.299999999999997, 25.099999999999994, 24.400000000000006, 24.200000000000003, 23.299999999999997, 22.200000000000003, 22.0, 20.700000000000003, 20.299999999999997, 19.599999999999994, 19.200000000000003, 18.700000000000003, 18.5, 17.900000000000006, 17.599999999999994, 17.0, 16.5, 15.700000000000003, 15.200000000000003, 14.299999999999997, 13.900000000000006, 13.0, 12.799999999999997, 12.099999999999994, 11.900000000000006, 11.5, 11.299999999999997, 10.799999999999997, 10.200000000000003, 9.900000000000006, 8.599999999999994, 8.400000000000006, 8.200000000000003, 8.0, 7.299999999999997, 6.599999999999994, 6.400000000000006, 5.799999999999997, 5.099999999999994, 4.400000000000006, 4.0, 2.9000000000000057, 2.700000000000003, 2.5, 2.200000000000003, 2.0, 1.7999999999999972, 1.5999999999999943, 1.4000000000000057, 1.0999999999999943, 0.9000000000000057, 0.7000000000000028, 0.5, 0.29999999999999716, 0.0, -0.20000000000000284]}, "histogram": {"x": [765.0, 780.0, 795.0, 810.0, 825.0, 840.0, 855.0, 870.0, 885.0, 900.0, 915.0, 930.0, 945.0, 960.0, 975.0, 990.0, 1005.0, 1020.0, 1035.0, 1050.0, 1065.0, 1080.0, 1095.0, 1110.0, 1125.0, 1140.0, 1155.0, 1170.0, 1185.0, 1200.0, 1215.0, 1230.0, 1245.0, 1260.0, 1275.0, 1290.0, 1305.0, 1320.0, 1335.0, 1350.0, 1365.0, 1380.0, 1395.0, 1410.0, 1425.0], "y": [1, 0, 1, 3, 2, 0, 1, 1, 4, 5, 3, 3, 2, 2, 12, 10, 10, 9, 8, 14, 10, 8, 8, 14, 15, 14, 15, 12, 23, 69, 50, 41, 31, 24, 20, 4, 3, 2, 0, 0, 1, 0, 0, 1, 0]}}