{"percentile": {"y": [98.2, 96.3, 94.5, 92.6, 90.8, 88.9, 87.1, 85.2, 83.4, 81.5, 79.7, 77.8, 76.0, 74.1, 72.3, 70.4, 68.6, 66.7, 64.9, 63.0, 61.2, 59.3, 57.5, 55.6, 53.8, 51.9, 50.0, 48.2, 46.3, 44.5, 40.8, 37.1, 35.2, 33.400000000000006, 31.5, 29.700000000000003, 26.0, 24.099999999999994, 22.299999999999997, 20.400000000000006, 16.700000000000003, 14.900000000000006, 13.0, 11.200000000000003, 9.299999999999997, 7.5, 5.599999999999994, -1.7999999999999972], "x": [768, 839, 857, 885, 891, 928, 939, 957, 959, 1030, 1045, 1049, 1057, 1067, 1080, 1090, 1121, 1129, 1132, 1139, 1141, 1145, 1151, 1173, 1192, 1197, 1203, 1204, 1206, 1210, 1211, 1215, 1226, 1227, 1237, 1260, 1268, 1274, 1277, 1279, 1287, 1292, 1295, 1323, 1324, 1325, 1331, 1415]}, "histogram": {"y": [1, 0, 0, 0, 1, 0, 1, 0, 2, 0, 1, 1, 2, 0, 0, 0, 0, 1, 2, 1, 1, 2, 0, 1, 3, 3, 0, 1, 2, 6, 4, 1, 0, 4, 4, 2, 0, 4, 0, 0, 0, 0, 0, 4, 0], "x": [765.0, 780.0, 795.0, 810.0, 825.0, 840.0, 855.0, 870.0, 885.0, 900.0, 915.0, 930.0, 945.0, 960.0, 975.0, 990.0, 1005.0, 1020.0, 1035.0, 1050.0, 1065.0, 1080.0, 1095.0, 1110.0, 1125.0, 1140.0, 1155.0, 1170.0, 1185.0, 1200.0, 1215.0, 1230.0, 1245.0, 1260.0, 1275.0, 1290.0, 1305.0, 1320.0, 1335.0, 1350.0, 1365.0, 1380.0, 1395.0, 1410.0, 1425.0]}}