{"histogram": {"y": [1, 0, 0, 0, 0, 0, 0, 0, 0, 1, 0, 1, 1, 2, 1, 2, 0, 1, 1, 2, 2, 4, 4, 2, 3, 1, 2, 1, 0, 1, 1, 11, 2, 2, 4, 4, 3, 0, 0, 1], "x": [735.0, 750.0, 765.0, 780.0, 795.0, 810.0, 825.0, 840.0, 855.0, 870.0, 885.0, 900.0, 915.0, 930.0, 945.0, 960.0, 975.0, 990.0, 1005.0, 1020.0, 1035.0, 1050.0, 1065.0, 1080.0, 1095.0, 1110.0, 1125.0, 1140.0, 1155.0, 1170.0, 1185.0, 1200.0, 1215.0, 1230.0, 1245.0, 1260.0, 1275.0, 1290.0, 1305.0, 1320.0]}, "percentile": {"y": [98.4, 96.7, 95.0, 93.4, 91.7, 90.0, 88.4, 86.7, 85.0, 83.4, 81.7, 80.0, 78.4, 76.7, 75.0, 73.4, 68.4, 66.7, 65.0, 61.7, 60.0, 58.4, 56.7, 55.0, 53.4, 51.7, 50.0, 48.4, 46.7, 45.0, 43.4, 41.7, 40.0, 38.4, 36.7, 33.400000000000006, 30.0, 25.0, 23.400000000000006, 21.700000000000003, 20.0, 18.400000000000006, 16.700000000000003, 15.0, 13.400000000000006, 11.700000000000003, 10.0, 8.400000000000006, 6.700000000000003, 5.0, 3.4000000000000057, 1.7000000000000028, 0.0, -1.5999999999999943], "x": [738, 884, 904, 925, 931, 935, 948, 963, 969, 996, 1016, 1026, 1032, 1040, 1045, 1060, 1064, 1073, 1077, 1078, 1084, 1090, 1096, 1102, 1103, 1116, 1136, 1139, 1150, 1182, 1190, 1201, 1204, 1205, 1207, 1208, 1209, 1211, 1215, 1223, 1235, 1240, 1245, 1253, 1254, 1259, 1264, 1265, 1266, 1269, 1276, 1280, 1287, 1320]}}