{"histogram": {"x": [660.0, 675.0, 690.0, 705.0, 720.0, 735.0, 750.0, 765.0, 780.0, 795.0, 810.0, 825.0, 840.0, 855.0, 870.0, 885.0, 900.0, 915.0, 930.0, 945.0, 960.0, 975.0, 990.0, 1005.0, 1020.0, 1035.0, 1050.0, 1065.0, 1080.0, 1095.0, 1110.0, 1125.0, 1140.0, 1155.0, 1170.0, 1185.0, 1200.0, 1215.0, 1230.0, 1245.0, 1260.0, 1275.0, 1290.0, 1305.0, 1320.0, 1335.0], "y": [1, 0, 0, 0, 0, 0, 0, 0, 0, 1, 4, 0, 0, 1, 3, 2, 1, 3, 3, 5, 4, 1, 2, 3, 6, 2, 5, 5, 2, 5, 3, 6, 8, 6, 3, 7, 31, 11, 15, 9, 11, 2, 1, 2, 1, 0]}, "percentile": {"x": [660, 804, 818, 820, 821, 824, 859, 870, 884, 887, 891, 911, 917, 919, 920, 937, 942, 943, 945, 949, 952, 954, 955, 964, 968, 973, 975, 994, 1000, 1007, 1011, 1014, 1021, 1023, 1026, 1027, 1030, 1033, 1044, 1048, 1051, 1054, 1056, 1060, 1063, 1067, 1068, 1072, 1073, 1075, 1081, 1094, 1095, 1103, 1104, 1108, 1111, 1114, 1124, 1126, 1127, 1128, 1135, 1139, 1140, 1142, 1144, 1145, 1146, 1152, 1156, 1159, 1160, 1164, 1165, 1168, 1174, 1175, 1178, 1185, 1189, 1194, 1196, 1197, 1199, 1200, 1201, 1202, 1204, 1205, 1206, 1207, 1208, 1209, 1210, 1211, 1212, 1213, 1214, 1215, 1217, 1218, 1222, 1225, 1226, 1228, 1230, 1231, 1232, 1233, 1235, 1237, 1238, 1239, 1241, 1244, 1245, 1246, 1248, 1250, 1252, 1254, 1255, 1259, 1261, 1263, 1266, 1267, 1268, 1270, 1274, 1283, 1286, 1296, 1309, 1317, 1328], "y": [99.5, 98.9, 98.3, 97.8, 97.2, 96.6, 96.0, 95.5, 94.3, 93.7, 93.2, 92.6, 92.0, 91.4, 90.9, 90.3, 89.7, 89.1, 88.6, 88.0, 87.4, 86.8, 86.3, 85.1, 84.5, 84.0, 83.4, 82.8, 82.2, 81.7, 81.1, 80.5, 79.9, 79.4, 78.8, 78.2, 77.6, 77.1, 76.5, 75.9, 75.3, 74.8, 74.2, 73.6, 73.0, 72.5, 71.9, 71.3, 70.7, 70.2, 69.6, 69.0, 68.4, 67.3, 66.7, 66.1, 65.6, 65.0, 64.4, 63.3, 62.7, 62.1, 61.5, 61.0, 60.4, 58.7, 58.1, 57.5, 56.9, 56.4, 55.8, 55.2, 54.6, 54.1, 53.5, 52.9, 52.3, 51.8, 51.2, 50.6, 50.0, 49.5, 48.9, 47.8, 47.2, 46.6, 45.5, 43.2, 42.6, 42.0, 40.9, 39.7, 39.1, 37.4, 36.3, 35.099999999999994, 33.400000000000006, 30.5, 29.400000000000006, 28.799999999999997, 28.200000000000003, 27.599999999999994, 27.099999999999994, 25.900000000000006, 24.200000000000003, 23.0, 22.5, 21.900000000000006, 21.299999999999997, 20.200000000000003, 19.0, 18.400000000000006, 17.299999999999997, 15.599999999999994, 15.0, 14.400000000000006, 13.799999999999997, 12.700000000000003, 12.099999999999994, 11.5, 11.0, 10.400000000000006, 9.799999999999997, 9.200000000000003, 8.700000000000003, 8.099999999999994, 6.900000000000006, 6.400000000000006, 4.599999999999994, 3.5, 2.9000000000000057, 2.299999999999997, 1.7999999999999972, 1.2000000000000028, 0.5999999999999943, 0.0, -0.5]}}