{"histogram": {"x": [855.0, 870.0, 885.0, 900.0, 915.0, 930.0, 945.0, 960.0, 975.0, 990.0, 1005.0, 1020.0, 1035.0, 1050.0, 1065.0, 1080.0, 1095.0, 1110.0, 1125.0, 1140.0, 1155.0, 1170.0, 1185.0, 1200.0, 1215.0, 1230.0, 1245.0, 1260.0, 1275.0, 1290.0, 1305.0, 1320.0, 1335.0, 1350.0, 1365.0, 1380.0, 1395.0, 1410.0, 1425.0], "y": [1, 1, 1, 0, 1, 0, 1, 1, 2, 3, 0, 6, 4, 6, 5, 3, 2, 2, 9, 6, 7, 8, 12, 64, 40, 40, 49, 49, 28, 9, 6, 6, 0, 0, 0, 0, 0, 1, 0]}, "percentile": {"x": [855, 882, 888, 927, 952, 972, 975, 983, 996, 1000, 1004, 1022, 1023, 1027, 1033, 1038, 1042, 1045, 1049, 1051, 1057, 1058, 1059, 1063, 1064, 1069, 1070, 1072, 1073, 1077, 1087, 1089, 1090, 1095, 1099, 1111, 1132, 1133, 1135, 1137, 1138, 1139, 1142, 1144, 1146, 1148, 1150, 1154, 1157, 1158, 1160, 1162, 1163, 1165, 1172, 1176, 1179, 1182, 1184, 1185, 1187, 1188, 1189, 1190, 1191, 1196, 1197, 1198, 1200, 1201, 1202, 1203, 1204, 1205, 1206, 1207, 1208, 1209, 1210, 1211, 1212, 1213, 1214, 1215, 1217, 1218, 1219, 1220, 1221, 1222, 1223, 1224, 1225, 1226, 1227, 1228, 1229, 1230, 1231, 1232, 1233, 1234, 1235, 1236, 1237, 1238, 1239, 1240, 1242, 1243, 1244, 1245, 1246, 1247, 1248, 1249, 1250, 1251, 1252, 1253, 1254, 1255, 1256, 1257, 1258, 1259, 1260, 1261, 1262, 1263, 1264, 1265, 1266, 1267, 1268, 1269, 1270, 1271, 1272, 1273, 1274, 1275, 1276, 1277, 1278, 1279, 1282, 1283, 1284, 1286, 1287, 1288, 1289, 1290, 1291, 1295, 1298, 1299, 1302, 1303, 1305, 1306, 1307, 1312, 1313, 1320, 1325, 1327, 1330, 1424], "y": [99.8, 99.5, 99.2, 99.0, 98.7, 98.4, 98.2, 97.9, 97.6, 97.4, 97.1, 96.8, 96.6, 96.0, 95.5, 95.2, 94.9, 94.7, 94.4, 94.1, 93.9, 93.6, 93.3, 93.1, 92.8, 92.5, 92.3, 92.0, 91.7, 91.4, 91.2, 90.9, 90.6, 90.4, 90.1, 89.6, 89.3, 88.8, 88.5, 88.2, 87.4, 87.1, 86.9, 86.6, 86.3, 86.1, 85.8, 85.5, 85.3, 84.7, 84.5, 84.2, 83.9, 83.7, 83.4, 82.8, 82.0, 81.8, 81.5, 81.2, 81.0, 80.7, 80.4, 79.9, 79.6, 79.4, 78.8, 78.3, 78.0, 77.7, 77.2, 76.7, 75.6, 74.2, 73.4, 72.4, 70.7, 69.7, 67.3, 64.6, 63.8, 62.4, 61.1, 59.5, 59.2, 58.9, 58.7, 58.1, 56.8, 56.0, 54.4, 53.5, 52.7, 52.2, 51.7, 51.1, 50.3, 50.0, 49.2, 48.2, 47.9, 46.8, 46.3, 45.2, 44.7, 43.3, 43.1, 42.0, 41.4, 40.4, 39.6, 38.5, 38.2, 37.7, 36.9, 36.1, 34.7, 34.2, 33.099999999999994, 31.799999999999997, 31.5, 29.099999999999994, 28.799999999999997, 27.5, 26.900000000000006, 26.400000000000006, 25.900000000000006, 25.0, 24.5, 22.900000000000006, 22.400000000000006, 20.700000000000003, 20.200000000000003, 18.900000000000006, 18.299999999999997, 17.5, 15.900000000000006, 14.799999999999997, 14.0, 13.5, 13.200000000000003, 12.099999999999994, 11.599999999999994, 10.5, 9.200000000000003, 8.099999999999994, 7.799999999999997, 7.599999999999994, 7.299999999999997, 7.0, 6.200000000000003, 6.0, 5.700000000000003, 5.200000000000003, 4.900000000000006, 4.599999999999994, 4.400000000000006, 4.099999999999994, 3.5, 3.299999999999997, 3.0, 2.5, 2.200000000000003, 1.9000000000000057, 1.7000000000000028, 0.9000000000000057, 0.5999999999999943, 0.29999999999999716, 0.0, -0.20000000000000284]}}