{"histogram": {"x": [900.0, 915.0, 930.0, 945.0, 960.0, 975.0, 990.0, 1005.0, 1020.0, 1035.0, 1050.0, 1065.0, 1080.0, 1095.0, 1110.0, 1125.0, 1140.0, 1155.0, 1170.0, 1185.0, 1200.0, 1215.0, 1230.0, 1245.0, 1260.0, 1275.0, 1290.0, 1305.0], "y": [1, 0, 0, 0, 0, 0, 1, 0, 0, 0, 0, 0, 1, 1, 1, 0, 0, 1, 0, 1, 4, 2, 1, 2, 1, 0, 0, 1]}, "percentile": {"x": [912, 993, 1081, 1103, 1113, 1167, 1195, 1203, 1209, 1210, 1211, 1215, 1225, 1241, 1245, 1247, 1265, 1314], "y": [94.2, 88.3, 82.4, 76.5, 70.6, 64.8, 58.9, 53.0, 47.1, 41.2, 35.3, 29.5, 23.599999999999994, 17.700000000000003, 11.799999999999997, 5.900000000000006, 0.0, -5.799999999999997]}}