{"percentile": {"x": [696, 846, 920, 957, 967, 986, 1146, 1203, 1233, 1249, 1253, 1260, 1400], "y": [91.7, 83.4, 75.0, 66.7, 58.4, 50.0, 41.7, 33.400000000000006, 25.0, 16.700000000000003, 8.400000000000006, 0.0, -8.299999999999997]}, "histogram": {"x": [700.0, 720.0, 740.0, 760.0, 780.0, 800.0, 820.0, 840.0, 860.0, 880.0, 900.0, 920.0, 940.0, 960.0, 980.0, 1000.0, 1020.0, 1040.0, 1060.0, 1080.0, 1100.0, 1120.0, 1140.0, 1160.0, 1180.0, 1200.0, 1220.0, 1240.0, 1260.0, 1280.0, 1300.0, 1320.0, 1340.0, 1360.0, 1380.0, 1400.0], "y": [1, 0, 0, 0, 0, 0, 0, 0, 1, 0, 0, 0, 1, 1, 1, 1, 0, 0, 0, 0, 0, 0, 0, 1, 0, 0, 1, 1, 2, 1, 0, 0, 0, 0, 0, 0, 1]}}