{"percentile": {"x": [675, 733, 770, 810, 828, 838, 843, 845, 849, 851, 857, 863, 864, 870, 872, 877, 878, 881, 882, 883, 898, 903, 910, 911, 912, 914, 915, 916, 918, 920, 926, 939, 940, 941, 944, 946, 948, 949, 950, 952, 957, 961, 966, 967, 969, 970, 974, 977, 979, 981, 987, 992, 993, 995, 998, 999, 1000, 1002, 1005, 1007, 1012, 1017, 1018, 1019, 1023, 1024, 1025, 1027, 1032, 1033, 1034, 1037, 1039, 1040, 1041, 1045, 1047, 1051, 1052, 1053, 1054, 1057, 1060, 1061, 1067, 1068, 1070, 1071, 1078, 1079, 1080, 1081, 1083, 1084, 1085, 1088, 1089, 1091, 1093, 1095, 1098, 1100, 1102, 1103, 1109, 1110, 1111, 1114, 1116, 1118, 1119, 1120, 1123, 1125, 1126, 1128, 1129, 1131, 1133, 1134, 1135, 1136, 1139, 1140, 1141, 1142, 1143, 1144, 1146, 1147, 1148, 1149, 1152, 1153, 1158, 1159, 1163, 1165, 1166, 1167, 1168, 1170, 1174, 1175, 1177, 1178, 1180, 1184, 1187, 1194, 1195, 1196, 1200, 1201, 1203, 1204, 1205, 1206, 1207, 1208, 1209, 1210, 1211, 1212, 1213, 1214, 1215, 1216, 1217, 1218, 1221, 1222, 1223, 1224, 1226, 1231, 1232, 1234, 1235, 1237, 1238, 1239, 1240, 1242, 1244, 1247, 1248, 1249, 1253, 1256, 1262, 1265, 1267, 1268, 1269, 1270, 1271, 1273, 1274, 1275, 1278, 1280, 1282, 1285, 1286, 1296, 1308, 1324, 1328, 1415], "y": [99.7, 99.4, 99.1, 98.8, 98.4, 98.1, 97.8, 97.5, 97.1, 96.8, 96.5, 96.2, 95.8, 95.5, 95.2, 94.9, 94.5, 94.2, 93.6, 93.2, 92.9, 92.6, 92.3, 91.6, 91.3, 91.0, 90.6, 90.3, 90.0, 89.7, 89.3, 89.0, 88.4, 88.0, 87.1, 86.4, 86.1, 85.8, 85.1, 84.8, 84.5, 84.1, 83.8, 83.5, 83.2, 82.8, 82.5, 82.2, 81.9, 81.5, 81.2, 80.9, 80.2, 79.9, 79.6, 79.3, 78.9, 78.6, 78.3, 78.0, 77.3, 77.0, 76.3, 76.0, 75.7, 75.4, 75.0, 74.7, 74.4, 73.8, 73.4, 72.8, 72.5, 71.5, 70.5, 69.9, 69.5, 68.9, 68.6, 68.2, 67.9, 67.6, 67.3, 66.9, 66.6, 66.3, 66.0, 65.6, 65.3, 64.7, 64.0, 63.7, 63.4, 62.7, 62.4, 62.1, 61.7, 60.8, 60.4, 60.1, 59.8, 59.5, 59.1, 58.8, 58.2, 57.8, 57.2, 56.9, 56.5, 56.2, 55.9, 55.6, 54.6, 53.9, 53.6, 52.6, 52.0, 51.7, 51.3, 51.0, 50.4, 50.0, 49.4, 49.1, 48.8, 48.4, 48.1, 47.8, 47.5, 47.1, 46.5, 45.8, 45.2, 44.9, 44.5, 43.9, 43.6, 43.2, 42.3, 41.6, 41.3, 41.0, 40.6, 40.3, 39.7, 39.0, 38.7, 38.4, 38.0, 37.7, 37.4, 37.1, 36.7, 35.8, 34.8, 34.099999999999994, 32.2, 31.900000000000006, 29.900000000000006, 28.900000000000006, 27.299999999999997, 26.0, 24.700000000000003, 23.099999999999994, 20.799999999999997, 19.5, 18.599999999999994, 17.900000000000006, 17.599999999999994, 17.299999999999997, 16.900000000000006, 16.599999999999994, 16.0, 15.299999999999997, 14.299999999999997, 14.0, 13.700000000000003, 13.400000000000006, 13.0, 12.700000000000003, 11.700000000000003, 11.400000000000006, 10.799999999999997, 10.099999999999994, 9.799999999999997, 9.5, 8.5, 8.200000000000003, 7.799999999999997, 7.5, 7.200000000000003, 5.900000000000006, 5.599999999999994, 4.900000000000006, 4.599999999999994, 4.299999999999997, 3.9000000000000057, 3.5999999999999943, 3.299999999999997, 3.0, 2.5999999999999943, 2.299999999999997, 2.0, 1.7000000000000028, 1.2999999999999972, 1.0, 0.7000000000000028, 0.4000000000000057, 0.0, -0.29999999999999716]}, "histogram": {"x": [680.0, 700.0, 720.0, 740.0, 760.0, 780.0, 800.0, 820.0, 840.0, 860.0, 880.0, 900.0, 920.0, 940.0, 960.0, 980.0, 1000.0, 1020.0, 1040.0, 1060.0, 1080.0, 1100.0, 1120.0, 1140.0, 1160.0, 1180.0, 1200.0, 1220.0, 1240.0, 1260.0, 1280.0, 1300.0, 1320.0, 1340.0, 1360.0, 1380.0, 1400.0, 1420.0], "y": [1, 0, 0, 1, 0, 1, 0, 1, 2, 5, 6, 5, 9, 3, 14, 8, 8, 10, 11, 15, 9, 15, 12, 20, 17, 15, 6, 61, 18, 12, 15, 5, 1, 2, 0, 0, 0, 1, 0]}}