{"percentile": {"y": [95.7, 91.4, 87.0, 82.7, 78.3, 74.0, 69.6, 65.3, 60.9, 56.6, 52.2, 47.9, 43.5, 39.2, 34.8, 30.5, 26.099999999999994, 17.400000000000006, 13.099999999999994, 8.700000000000003, 4.400000000000006, 0.0, -4.299999999999997], "x": [702, 708, 753, 820, 871, 901, 907, 960, 990, 1065, 1106, 1120, 1169, 1170, 1190, 1192, 1201, 1204, 1208, 1211, 1225, 1265, 1284]}, "histogram": {"y": [2, 0, 1, 0, 0, 0, 1, 0, 1, 0, 2, 0, 0, 1, 1, 0, 0, 0, 1, 0, 1, 1, 0, 2, 2, 5, 1, 0, 1, 1, 0], "x": [720.0, 740.0, 760.0, 780.0, 800.0, 820.0, 840.0, 860.0, 880.0, 900.0, 920.0, 940.0, 960.0, 980.0, 1000.0, 1020.0, 1040.0, 1060.0, 1080.0, 1100.0, 1120.0, 1140.0, 1160.0, 1180.0, 1200.0, 1220.0, 1240.0, 1260.0, 1280.0, 1300.0]}}