{"histogram": {"y": [2, 0, 0, 0, 1, 0, 2, 1, 0, 1, 1, 2, 1, 1, 2, 1, 2, 1, 3, 3, 1, 16, 4, 4, 5, 2, 1, 3, 0, 0, 0, 2, 0], "x": [800.0, 820.0, 840.0, 860.0, 880.0, 900.0, 920.0, 940.0, 960.0, 980.0, 1000.0, 1020.0, 1040.0, 1060.0, 1080.0, 1100.0, 1120.0, 1140.0, 1160.0, 1180.0, 1200.0, 1220.0, 1240.0, 1260.0, 1280.0, 1300.0, 1320.0, 1340.0, 1360.0, 1380.0, 1400.0, 1420.0]}, "percentile": {"y": [98.4, 96.8, 95.1, 93.5, 91.9, 90.2, 88.6, 86.9, 85.3, 83.7, 82.0, 80.4, 78.7, 77.1, 75.5, 73.8, 72.2, 70.5, 68.9, 67.3, 65.6, 64.0, 62.3, 60.7, 59.1, 57.4, 55.8, 50.9, 49.2, 47.6, 46.0, 42.7, 41.0, 36.1, 34.5, 32.8, 31.200000000000003, 29.599999999999994, 26.299999999999997, 23.0, 21.400000000000006, 19.700000000000003, 18.099999999999994, 14.799999999999997, 13.200000000000003, 11.5, 9.900000000000006, 8.200000000000003, 6.599999999999994, 5.0, 3.299999999999997, 1.7000000000000028, -1.5999999999999943], "x": [788, 795, 863, 906, 910, 937, 976, 999, 1003, 1005, 1020, 1050, 1071, 1078, 1082, 1106, 1115, 1123, 1141, 1151, 1155, 1161, 1176, 1178, 1193, 1200, 1202, 1203, 1204, 1205, 1209, 1210, 1211, 1212, 1213, 1214, 1233, 1234, 1235, 1240, 1248, 1249, 1262, 1267, 1275, 1276, 1291, 1294, 1300, 1327, 1328, 1334, 1415]}}