{"percentile": {"x": [724, 746, 766, 782, 793, 797, 802, 811, 820, 826, 829, 832, 844, 850, 857, 860, 863, 868, 876, 884, 889, 917, 929, 931, 932, 935, 936, 937, 940, 941, 946, 963, 977, 982, 984, 992, 1003, 1004, 1006, 1007, 1008, 1015, 1016, 1017, 1020, 1022, 1024, 1030, 1034, 1036, 1037, 1038, 1040, 1044, 1046, 1055, 1056, 1058, 1062, 1063, 1064, 1074, 1083, 1084, 1085, 1091, 1093, 1095, 1097, 1102, 1105, 1106, 1108, 1116, 1117, 1118, 1121, 1122, 1126, 1130, 1135, 1136, 1137, 1139, 1142, 1148, 1149, 1155, 1156, 1158, 1159, 1160, 1161, 1164, 1165, 1167, 1168, 1169, 1170, 1171, 1172, 1175, 1176, 1178, 1181, 1184, 1185, 1186, 1187, 1188, 1197, 1198, 1201, 1202, 1203, 1204, 1205, 1206, 1207, 1208, 1209, 1210, 1211, 1212, 1213, 1214, 1215, 1217, 1218, 1219, 1220, 1221, 1222, 1225, 1226, 1227, 1229, 1230, 1231, 1232, 1233, 1234, 1235, 1236, 1237, 1238, 1239, 1240, 1241, 1242, 1243, 1245, 1246, 1247, 1248, 1251, 1253, 1255, 1257, 1258, 1260, 1264, 1265, 1267, 1270, 1271, 1272, 1274, 1276, 1280, 1300, 1304, 1311, 1314, 1363, 1414], "y": [99.7, 99.3, 98.9, 98.5, 98.1, 97.7, 96.9, 96.5, 95.7, 95.3, 94.9, 94.5, 94.1, 93.7, 93.3, 92.9, 92.5, 91.7, 91.4, 91.0, 90.6, 90.2, 89.8, 89.4, 89.0, 88.6, 88.2, 87.4, 87.0, 86.6, 86.2, 85.8, 85.4, 85.0, 84.6, 83.8, 83.4, 83.1, 82.7, 81.9, 81.5, 80.7, 80.3, 79.9, 79.5, 79.1, 78.7, 78.3, 77.9, 77.1, 76.3, 75.5, 75.1, 74.8, 74.4, 74.0, 73.6, 72.8, 72.4, 72.0, 71.6, 71.2, 70.8, 70.4, 70.0, 69.6, 69.2, 68.8, 68.4, 68.0, 67.2, 66.8, 66.1, 65.7, 64.9, 64.5, 64.1, 63.3, 62.9, 62.5, 62.1, 61.7, 61.3, 60.9, 60.5, 60.1, 59.7, 59.3, 58.9, 58.5, 57.8, 56.6, 55.8, 55.4, 55.0, 54.6, 54.2, 53.8, 53.4, 53.0, 52.6, 51.8, 51.4, 51.0, 50.6, 50.2, 49.1, 48.3, 47.5, 47.1, 46.3, 45.9, 45.1, 44.3, 43.9, 43.5, 42.3, 41.2, 39.2, 37.2, 35.2, 34.0, 32.900000000000006, 31.700000000000003, 30.900000000000006, 29.299999999999997, 28.5, 28.099999999999994, 27.700000000000003, 26.900000000000006, 25.700000000000003, 25.299999999999997, 24.599999999999994, 23.799999999999997, 23.0, 22.599999999999994, 22.200000000000003, 21.799999999999997, 21.0, 20.599999999999994, 19.799999999999997, 19.400000000000006, 19.0, 18.599999999999994, 17.400000000000006, 16.700000000000003, 16.299999999999997, 15.5, 15.099999999999994, 14.700000000000003, 14.299999999999997, 12.700000000000003, 11.900000000000006, 11.5, 11.099999999999994, 10.700000000000003, 9.900000000000006, 9.5, 8.700000000000003, 8.0, 7.599999999999994, 7.200000000000003, 6.400000000000006, 6.0, 4.799999999999997, 4.400000000000006, 4.0, 3.5999999999999943, 2.799999999999997, 2.0, 1.5999999999999943, 1.2000000000000028, 0.7999999999999972, 0.4000000000000057, 0.0, -0.29999999999999716]}, "histogram": {"x": [720.0, 740.0, 760.0, 780.0, 800.0, 820.0, 840.0, 860.0, 880.0, 900.0, 920.0, 940.0, 960.0, 980.0, 1000.0, 1020.0, 1040.0, 1060.0, 1080.0, 1100.0, 1120.0, 1140.0, 1160.0, 1180.0, 1200.0, 1220.0, 1240.0, 1260.0, 1280.0, 1300.0, 1320.0, 1340.0, 1360.0, 1380.0, 1400.0, 1420.0], "y": [1, 1, 1, 3, 3, 5, 3, 5, 2, 1, 7, 3, 2, 4, 10, 11, 7, 4, 7, 10, 9, 8, 17, 13, 48, 27, 21, 13, 2, 4, 0, 0, 1, 0, 1, 0]}}