{"percentile": {"x": [857, 906, 933, 942, 945, 966, 977, 988, 990, 1004, 1008, 1018, 1022, 1025, 1047, 1051, 1057, 1074, 1084, 1090, 1104, 1111, 1113, 1121, 1123, 1131, 1140, 1143, 1144, 1146, 1149, 1153, 1156, 1157, 1160, 1162, 1164, 1185, 1187, 1188, 1189, 1199, 1201, 1202, 1203, 1204, 1205, 1206, 1207, 1210, 1211, 1212, 1213, 1214, 1215, 1216, 1217, 1218, 1219, 1220, 1221, 1222, 1224, 1227, 1228, 1230, 1232, 1234, 1235, 1236, 1237, 1239, 1240, 1241, 1242, 1243, 1244, 1245, 1246, 1247, 1248, 1249, 1250, 1251, 1252, 1253, 1255, 1256, 1257, 1258, 1259, 1260, 1261, 1263, 1264, 1265, 1268, 1269, 1270, 1271, 1272, 1273, 1274, 1275, 1276, 1277, 1278, 1279, 1280, 1281, 1284, 1285, 1289, 1290, 1291, 1293, 1294, 1297, 1300, 1301, 1302, 1305, 1307, 1311, 1320, 1321, 1323, 1327, 1332, 1367, 1399, 1414, 1415], "y": [99.6, 99.2, 98.8, 97.9, 97.5, 97.0, 96.6, 96.2, 95.8, 95.3, 94.9, 94.5, 94.0, 93.6, 93.2, 92.8, 92.3, 91.9, 91.5, 91.0, 90.6, 90.2, 89.7, 89.3, 88.9, 88.5, 88.0, 87.6, 87.2, 86.7, 86.3, 85.9, 85.5, 85.0, 84.6, 84.2, 83.7, 82.9, 82.5, 82.0, 81.6, 81.2, 80.3, 79.4, 79.0, 78.2, 77.3, 76.4, 75.6, 74.7, 73.4, 70.4, 69.1, 67.4, 66.1, 65.7, 65.3, 64.4, 63.6, 63.1, 62.3, 60.6, 59.7, 59.3, 58.8, 57.1, 55.4, 54.6, 53.7, 53.3, 52.8, 51.6, 49.8, 49.0, 48.1, 46.8, 46.4, 44.7, 43.8, 43.0, 41.7, 40.0, 39.1, 38.2, 37.0, 36.1, 35.7, 35.2, 34.8, 34.400000000000006, 33.5, 33.099999999999994, 32.2, 31.400000000000006, 30.5, 29.200000000000003, 28.799999999999997, 27.5, 25.799999999999997, 24.900000000000006, 23.700000000000003, 21.5, 20.700000000000003, 17.599999999999994, 17.200000000000003, 15.900000000000006, 15.099999999999994, 13.400000000000006, 12.5, 11.599999999999994, 11.200000000000003, 10.799999999999997, 10.400000000000006, 9.900000000000006, 9.099999999999994, 8.599999999999994, 8.200000000000003, 7.799999999999997, 7.299999999999997, 6.900000000000006, 6.5, 5.599999999999994, 5.200000000000003, 4.799999999999997, 3.9000000000000057, 3.5, 3.0999999999999943, 2.5999999999999943, 2.200000000000003, 1.7999999999999972, 1.2999999999999972, 0.9000000000000057, -0.4000000000000057]}, "histogram": {"x": [855.0, 870.0, 885.0, 900.0, 915.0, 930.0, 945.0, 960.0, 975.0, 990.0, 1005.0, 1020.0, 1035.0, 1050.0, 1065.0, 1080.0, 1095.0, 1110.0, 1125.0, 1140.0, 1155.0, 1170.0, 1185.0, 1200.0, 1215.0, 1230.0, 1245.0, 1260.0, 1275.0, 1290.0, 1305.0, 1320.0, 1335.0, 1350.0, 1365.0, 1380.0, 1395.0, 1410.0, 1425.0], "y": [1, 0, 0, 1, 0, 3, 1, 1, 2, 2, 2, 2, 1, 2, 1, 2, 1, 4, 1, 6, 5, 0, 6, 32, 20, 29, 30, 30, 24, 9, 4, 6, 0, 0, 1, 0, 1, 4, 0]}}