{"percentile": {"x": [870, 896, 906, 916, 947, 950, 956, 963, 981, 1007, 1019, 1047, 1052, 1055, 1059, 1068, 1071, 1093, 1098, 1113, 1117, 1124, 1129, 1141, 1146, 1148, 1150, 1151, 1153, 1155, 1156, 1164, 1180, 1184, 1186, 1190, 1195, 1199, 1200, 1201, 1203, 1204, 1206, 1207, 1208, 1209, 1211, 1212, 1213, 1214, 1215, 1216, 1220, 1222, 1224, 1225, 1226, 1227, 1230, 1232, 1233, 1237, 1240, 1241, 1242, 1243, 1244, 1245, 1246, 1247, 1248, 1249, 1251, 1252, 1253, 1254, 1255, 1256, 1264, 1265, 1269, 1271, 1274, 1276, 1278, 1280, 1286, 1298, 1325, 1326], "y": [99.2, 98.4, 97.5, 96.7, 95.8, 94.2, 93.3, 92.5, 91.6, 90.8, 90.0, 89.1, 88.3, 87.4, 86.6, 85.8, 84.9, 84.1, 83.2, 81.6, 80.7, 79.9, 79.0, 77.4, 76.5, 74.8, 74.0, 72.3, 71.5, 70.6, 69.8, 68.1, 67.3, 65.6, 64.8, 63.9, 63.1, 62.2, 61.4, 60.6, 58.9, 58.0, 57.2, 55.5, 54.7, 52.2, 51.3, 48.8, 47.9, 45.4, 42.1, 41.2, 40.4, 39.5, 38.7, 37.0, 34.5, 33.7, 32.8, 31.099999999999994, 30.299999999999997, 29.5, 28.599999999999994, 27.799999999999997, 26.900000000000006, 25.299999999999997, 24.400000000000006, 22.700000000000003, 21.099999999999994, 20.200000000000003, 19.400000000000006, 18.5, 17.700000000000003, 16.900000000000006, 13.5, 11.799999999999997, 11.0, 10.099999999999994, 9.299999999999997, 8.5, 6.799999999999997, 5.900000000000006, 5.099999999999994, 4.299999999999997, 3.4000000000000057, 2.5999999999999943, 1.7000000000000028, 0.9000000000000057, 0.0, -0.7999999999999972]}, "histogram": {"x": [880.0, 900.0, 920.0, 940.0, 960.0, 980.0, 1000.0, 1020.0, 1040.0, 1060.0, 1080.0, 1100.0, 1120.0, 1140.0, 1160.0, 1180.0, 1200.0, 1220.0, 1240.0, 1260.0, 1280.0, 1300.0, 1320.0], "y": [1, 1, 2, 0, 4, 1, 1, 2, 0, 4, 2, 2, 3, 2, 11, 2, 7, 25, 14, 23, 8, 3, 0, 2]}}