{"histogram": {"y": [1, 0, 0, 0, 0, 3, 0, 1, 3, 2, 3, 2, 3, 2, 3, 7, 4, 6, 4, 7, 5, 6, 4, 7, 4, 8, 12, 21, 7, 8, 4, 1, 0, 0, 0, 0, 0, 1, 0], "x": [680.0, 700.0, 720.0, 740.0, 760.0, 780.0, 800.0, 820.0, 840.0, 860.0, 880.0, 900.0, 920.0, 940.0, 960.0, 980.0, 1000.0, 1020.0, 1040.0, 1060.0, 1080.0, 1100.0, 1120.0, 1140.0, 1160.0, 1180.0, 1200.0, 1220.0, 1240.0, 1260.0, 1280.0, 1300.0, 1320.0, 1340.0, 1360.0, 1380.0, 1400.0, 1420.0]}, "percentile": {"y": [99.3, 97.9, 97.2, 96.4, 95.7, 95.0, 94.3, 93.5, 92.8, 92.1, 91.4, 90.6, 89.9, 89.2, 88.5, 87.7, 87.0, 85.6, 84.8, 84.1, 83.4, 82.7, 81.9, 81.2, 80.5, 79.8, 79.0, 78.3, 77.6, 76.9, 76.1, 75.4, 74.7, 73.2, 72.5, 71.8, 71.1, 70.3, 69.6, 68.9, 68.2, 67.4, 66.0, 65.3, 64.5, 63.8, 63.1, 62.4, 61.6, 60.9, 60.2, 59.5, 58.7, 58.0, 57.3, 56.6, 55.8, 55.1, 54.4, 53.7, 52.9, 52.2, 50.8, 50.0, 49.3, 48.6, 47.9, 47.2, 46.4, 45.7, 45.0, 44.3, 43.5, 42.1, 41.4, 40.6, 39.9, 38.5, 37.7, 37.0, 35.599999999999994, 34.8, 33.400000000000006, 31.900000000000006, 31.200000000000003, 29.799999999999997, 29.0, 27.599999999999994, 26.900000000000006, 25.400000000000006, 24.0, 22.5, 21.099999999999994, 20.299999999999997, 18.900000000000006, 16.700000000000003, 15.299999999999997, 14.5, 13.799999999999997, 13.099999999999994, 12.400000000000006, 11.599999999999994, 10.200000000000003, 9.5, 8.700000000000003, 8.0, 7.299999999999997, 6.599999999999994, 5.799999999999997, 4.400000000000006, 3.700000000000003, 2.9000000000000057, 2.200000000000003, 1.5, 0.7999999999999972, 0.0, -0.7000000000000028], "x": [670, 768, 770, 803, 823, 829, 835, 843, 855, 861, 872, 873, 884, 896, 912, 914, 918, 927, 943, 947, 954, 960, 962, 964, 965, 967, 970, 974, 990, 996, 997, 998, 1001, 1003, 1004, 1010, 1018, 1025, 1032, 1033, 1034, 1041, 1042, 1045, 1048, 1053, 1058, 1062, 1065, 1070, 1077, 1078, 1080, 1083, 1089, 1092, 1096, 1097, 1103, 1110, 1112, 1116, 1120, 1123, 1128, 1130, 1133, 1137, 1142, 1143, 1158, 1159, 1163, 1165, 1169, 1172, 1175, 1179, 1184, 1187, 1188, 1190, 1191, 1195, 1196, 1198, 1200, 1203, 1204, 1205, 1206, 1207, 1210, 1211, 1212, 1214, 1215, 1217, 1220, 1223, 1225, 1228, 1231, 1233, 1242, 1245, 1247, 1249, 1255, 1256, 1257, 1262, 1267, 1268, 1272, 1283, 1412]}}