{"percentile": {"y": [99.7, 99.4, 99.0, 98.7, 98.3, 98.0, 97.7, 97.3, 97.0, 96.6, 96.3, 96.0, 95.6, 95.3, 94.9, 94.3, 93.9, 93.6, 92.9, 92.6, 92.2, 91.9, 91.5, 91.2, 90.9, 90.5, 90.2, 89.8, 89.5, 89.2, 88.8, 88.5, 88.1, 87.8, 87.5, 87.1, 86.8, 86.4, 86.1, 85.8, 85.4, 84.4, 83.7, 83.4, 83.0, 82.7, 82.4, 82.0, 81.7, 81.3, 81.0, 80.7, 80.0, 79.6, 79.3, 79.0, 78.6, 78.3, 77.9, 77.6, 77.3, 76.9, 76.6, 76.2, 75.9, 75.6, 75.2, 74.5, 74.2, 73.9, 73.2, 72.8, 72.5, 72.2, 71.8, 71.5, 71.1, 70.8, 70.5, 69.4, 68.8, 68.4, 68.1, 67.7, 67.4, 67.1, 66.4, 65.4, 65.0, 64.0, 63.3, 63.0, 62.3, 61.3, 60.9, 60.3, 59.9, 59.6, 59.2, 58.9, 58.6, 58.2, 57.9, 57.5, 57.2, 56.5, 56.2, 55.8, 55.5, 54.5, 53.8, 52.8, 52.4, 51.4, 50.4, 49.4, 48.3, 48.0, 47.3, 46.3, 43.6, 42.9, 40.9, 40.2, 38.5, 36.1, 35.8, 35.400000000000006, 35.099999999999994, 34.7, 34.400000000000006, 32.7, 32.400000000000006, 31.700000000000003, 30.700000000000003, 29.599999999999994, 29.0, 27.900000000000006, 27.599999999999994, 26.599999999999994, 26.200000000000003, 25.900000000000006, 25.599999999999994, 24.5, 23.5, 23.200000000000003, 22.200000000000003, 21.5, 19.799999999999997, 19.099999999999994, 18.400000000000006, 17.700000000000003, 17.400000000000006, 16.700000000000003, 16.0, 15.700000000000003, 15.0, 14.299999999999997, 14.0, 12.599999999999994, 11.599999999999994, 10.299999999999997, 9.200000000000003, 8.900000000000006, 7.5, 7.200000000000003, 6.900000000000006, 6.5, 5.799999999999997, 5.5, 5.200000000000003, 4.799999999999997, 4.099999999999994, 3.5, 3.0999999999999943, 2.799999999999997, 2.4000000000000057, 2.0999999999999943, 1.7999999999999972, 1.4000000000000057, 1.0999999999999943, 0.7000000000000028, 0.4000000000000057, -0.29999999999999716], "x": [742, 802, 815, 821, 828, 835, 860, 866, 896, 903, 920, 928, 932, 934, 938, 942, 944, 945, 946, 961, 966, 969, 971, 981, 984, 986, 992, 993, 994, 1004, 1006, 1012, 1013, 1019, 1024, 1031, 1037, 1039, 1044, 1049, 1053, 1055, 1061, 1063, 1064, 1068, 1070, 1074, 1075, 1077, 1079, 1084, 1085, 1090, 1091, 1094, 1097, 1100, 1102, 1104, 1106, 1108, 1110, 1112, 1113, 1116, 1117, 1119, 1127, 1128, 1129, 1130, 1132, 1135, 1136, 1137, 1138, 1139, 1140, 1146, 1147, 1150, 1152, 1153, 1154, 1155, 1157, 1159, 1161, 1164, 1166, 1168, 1173, 1174, 1175, 1177, 1178, 1180, 1183, 1184, 1185, 1186, 1187, 1188, 1189, 1192, 1193, 1195, 1198, 1199, 1200, 1201, 1202, 1203, 1204, 1205, 1206, 1207, 1208, 1209, 1210, 1211, 1212, 1213, 1214, 1215, 1216, 1217, 1220, 1221, 1222, 1224, 1225, 1226, 1227, 1228, 1232, 1233, 1234, 1235, 1236, 1237, 1238, 1239, 1240, 1242, 1243, 1244, 1245, 1246, 1247, 1249, 1252, 1254, 1255, 1257, 1259, 1260, 1261, 1263, 1264, 1265, 1266, 1269, 1270, 1271, 1273, 1274, 1275, 1276, 1277, 1278, 1280, 1284, 1286, 1290, 1294, 1300, 1320, 1322, 1324, 1325, 1363, 1424]}, "histogram": {"y": [1, 0, 0, 0, 1, 2, 2, 0, 2, 0, 1, 1, 2, 6, 3, 4, 3, 4, 4, 2, 4, 8, 6, 6, 6, 7, 11, 10, 13, 12, 13, 47, 26, 24, 19, 25, 10, 3, 0, 4, 0, 1, 0, 0, 0, 2, 0], "x": [735.0, 750.0, 765.0, 780.0, 795.0, 810.0, 825.0, 840.0, 855.0, 870.0, 885.0, 900.0, 915.0, 930.0, 945.0, 960.0, 975.0, 990.0, 1005.0, 1020.0, 1035.0, 1050.0, 1065.0, 1080.0, 1095.0, 1110.0, 1125.0, 1140.0, 1155.0, 1170.0, 1185.0, 1200.0, 1215.0, 1230.0, 1245.0, 1260.0, 1275.0, 1290.0, 1305.0, 1320.0, 1335.0, 1350.0, 1365.0, 1380.0, 1395.0, 1410.0, 1425.0]}}