{"histogram": {"y": [1, 0, 0, 2, 1, 0, 0, 1, 3, 1, 1, 1, 0, 3, 1, 2, 2, 0, 2, 3, 2, 4, 9, 2, 5, 4, 5, 0, 1], "x": [870.0, 885.0, 900.0, 915.0, 930.0, 945.0, 960.0, 975.0, 990.0, 1005.0, 1020.0, 1035.0, 1050.0, 1065.0, 1080.0, 1095.0, 1110.0, 1125.0, 1140.0, 1155.0, 1170.0, 1185.0, 1200.0, 1215.0, 1230.0, 1245.0, 1260.0, 1275.0, 1290.0]}, "percentile": {"y": [98.2, 96.4, 94.6, 92.8, 91.0, 89.1, 87.3, 85.5, 83.7, 81.9, 80.0, 78.2, 76.4, 74.6, 72.8, 71.0, 69.1, 67.3, 65.5, 63.7, 61.9, 60.0, 56.4, 54.6, 52.8, 51.0, 49.1, 45.5, 41.9, 40.0, 36.4, 34.599999999999994, 32.8, 31.0, 29.099999999999994, 27.299999999999997, 25.5, 23.700000000000003, 21.900000000000006, 20.0, 18.200000000000003, 16.400000000000006, 14.599999999999994, 12.799999999999997, 11.0, 9.099999999999994, 7.299999999999997, 5.5, 3.700000000000003, 0.0, -1.7999999999999972], "x": [881, 920, 925, 940, 986, 991, 997, 1001, 1006, 1024, 1045, 1073, 1074, 1076, 1082, 1102, 1107, 1115, 1116, 1142, 1147, 1156, 1169, 1171, 1183, 1197, 1198, 1199, 1203, 1205, 1206, 1207, 1208, 1209, 1211, 1219, 1222, 1233, 1234, 1236, 1239, 1244, 1245, 1252, 1255, 1259, 1263, 1268, 1272, 1273, 1297]}}