{"histogram": {"x": [825.0, 840.0, 855.0, 870.0, 885.0, 900.0, 915.0, 930.0, 945.0, 960.0, 975.0, 990.0, 1005.0, 1020.0, 1035.0, 1050.0, 1065.0, 1080.0, 1095.0, 1110.0, 1125.0, 1140.0, 1155.0, 1170.0, 1185.0, 1200.0, 1215.0, 1230.0, 1245.0, 1260.0, 1275.0, 1290.0, 1305.0, 1320.0, 1335.0, 1350.0, 1365.0, 1380.0, 1395.0, 1410.0, 1425.0], "y": [2, 0, 1, 2, 1, 0, 1, 5, 1, 3, 2, 1, 4, 5, 5, 4, 4, 9, 12, 6, 7, 6, 8, 8, 9, 56, 48, 55, 31, 45, 20, 9, 5, 0, 2, 0, 1, 0, 4, 3, 0]}, "percentile": {"x": [828, 837, 861, 880, 884, 893, 916, 935, 937, 939, 940, 942, 956, 961, 964, 965, 977, 984, 1002, 1006, 1007, 1013, 1014, 1020, 1026, 1027, 1032, 1034, 1038, 1040, 1041, 1046, 1049, 1051, 1052, 1054, 1065, 1070, 1072, 1073, 1080, 1081, 1088, 1091, 1092, 1094, 1098, 1099, 1102, 1103, 1104, 1105, 1107, 1108, 1116, 1118, 1120, 1122, 1129, 1132, 1133, 1138, 1139, 1143, 1146, 1148, 1154, 1155, 1156, 1160, 1161, 1166, 1171, 1173, 1179, 1180, 1183, 1184, 1185, 1186, 1187, 1190, 1195, 1197, 1198, 1199, 1200, 1201, 1202, 1203, 1204, 1205, 1206, 1207, 1208, 1209, 1210, 1211, 1212, 1213, 1214, 1215, 1216, 1217, 1218, 1219, 1220, 1221, 1222, 1223, 1224, 1225, 1226, 1227, 1228, 1229, 1230, 1231, 1232, 1233, 1234, 1235, 1236, 1237, 1238, 1239, 1240, 1241, 1242, 1243, 1244, 1245, 1246, 1247, 1248, 1249, 1250, 1251, 1252, 1254, 1255, 1256, 1259, 1260, 1261, 1262, 1263, 1264, 1265, 1267, 1268, 1269, 1270, 1271, 1272, 1273, 1274, 1275, 1276, 1277, 1278, 1279, 1280, 1283, 1284, 1285, 1286, 1287, 1288, 1290, 1291, 1296, 1297, 1298, 1302, 1303, 1309, 1310, 1311, 1315, 1317, 1338, 1339, 1365, 1395, 1396, 1397, 1408, 1415, 1424], "y": [99.8, 99.5, 99.3, 99.0, 98.7, 98.5, 98.2, 98.0, 97.7, 97.4, 97.2, 96.9, 96.7, 96.4, 96.1, 95.9, 95.6, 95.4, 95.1, 94.8, 94.6, 94.3, 94.1, 93.8, 93.5, 93.3, 93.0, 92.8, 92.5, 92.2, 92.0, 91.7, 91.5, 91.2, 90.7, 90.4, 90.2, 89.9, 89.6, 89.4, 88.9, 88.6, 88.1, 87.8, 87.5, 87.0, 86.2, 86.0, 85.7, 85.2, 84.9, 84.4, 84.2, 83.9, 83.4, 83.1, 82.6, 82.3, 82.1, 81.8, 81.6, 81.0, 80.5, 80.3, 80.0, 79.7, 79.0, 78.7, 78.2, 77.7, 77.1, 76.9, 76.6, 76.4, 75.8, 75.3, 75.0, 74.8, 74.5, 74.3, 74.0, 73.5, 73.2, 73.0, 72.7, 72.4, 71.9, 70.9, 70.6, 70.1, 69.1, 68.8, 68.3, 67.8, 66.2, 64.6, 63.6, 62.5, 60.2, 59.4, 57.9, 56.0, 55.3, 55.0, 54.7, 53.7, 52.1, 51.1, 50.3, 49.8, 49.0, 48.7, 48.2, 47.7, 46.9, 45.4, 44.8, 44.1, 42.8, 42.2, 42.0, 39.9, 38.1, 37.3, 36.2, 35.5, 34.2, 33.400000000000006, 32.3, 31.799999999999997, 31.0, 30.299999999999997, 30.0, 29.5, 29.200000000000003, 28.200000000000003, 27.400000000000006, 26.900000000000006, 26.400000000000006, 25.799999999999997, 24.799999999999997, 24.299999999999997, 23.0, 21.099999999999994, 20.900000000000006, 19.799999999999997, 19.099999999999994, 18.5, 17.200000000000003, 17.0, 16.700000000000003, 15.700000000000003, 14.900000000000006, 14.099999999999994, 13.599999999999994, 12.799999999999997, 11.200000000000003, 10.700000000000003, 9.900000000000006, 9.700000000000003, 9.200000000000003, 8.900000000000006, 8.400000000000006, 8.099999999999994, 7.900000000000006, 7.099999999999994, 6.599999999999994, 6.299999999999997, 6.0, 5.799999999999997, 5.5, 5.0, 4.5, 4.200000000000003, 4.0, 3.700000000000003, 3.4000000000000057, 3.200000000000003, 2.9000000000000057, 2.700000000000003, 2.4000000000000057, 2.0999999999999943, 1.9000000000000057, 1.5999999999999943, 1.4000000000000057, 1.0999999999999943, 0.7999999999999972, 0.5999999999999943, 0.0, -0.20000000000000284]}}