{"histogram": {"x": [720.0, 740.0, 760.0, 780.0, 800.0, 820.0, 840.0, 860.0, 880.0, 900.0, 920.0, 940.0, 960.0, 980.0, 1000.0, 1020.0, 1040.0, 1060.0, 1080.0, 1100.0, 1120.0, 1140.0, 1160.0, 1180.0, 1200.0, 1220.0, 1240.0, 1260.0, 1280.0], "y": [1, 0, 0, 0, 0, 0, 0, 1, 0, 0, 0, 0, 0, 0, 0, 1, 0, 1, 1, 1, 2, 1, 1, 0, 2, 4, 4, 2, 2, 0]}, "percentile": {"x": [702, 841, 1003, 1055, 1063, 1088, 1102, 1116, 1123, 1140, 1180, 1188, 1206, 1209, 1212, 1215, 1228, 1234, 1235, 1237, 1244, 1250, 1264, 1271], "y": [95.7, 91.4, 87.0, 82.7, 78.3, 74.0, 69.6, 65.3, 60.9, 56.6, 52.2, 47.9, 43.5, 39.2, 34.8, 30.5, 26.099999999999994, 21.799999999999997, 17.400000000000006, 13.099999999999994, 8.700000000000003, 4.400000000000006, 0.0, -4.299999999999997]}}