{"percentile": {"x": [922, 1028, 1029, 1081, 1133, 1215, 1251, 1280], "y": [85.8, 71.5, 57.2, 42.9, 28.599999999999994, 14.299999999999997, 0.0, -14.200000000000003]}, "histogram": {"x": [915.0, 930.0, 945.0, 960.0, 975.0, 990.0, 1005.0, 1020.0, 1035.0, 1050.0, 1065.0, 1080.0, 1095.0, 1110.0, 1125.0, 1140.0, 1155.0, 1170.0, 1185.0, 1200.0, 1215.0, 1230.0, 1245.0, 1260.0, 1275.0], "y": [1, 0, 0, 0, 0, 0, 0, 2, 0, 0, 0, 1, 0, 0, 1, 0, 0, 0, 0, 0, 1, 0, 1, 0, 1]}}