{"percentile": {"y": [99.9, 99.8, 99.6, 99.5, 99.4, 99.2, 99.1, 99.0, 98.8, 98.7, 98.6, 98.4, 98.3, 98.2, 98.0, 97.8, 97.6, 97.5, 97.4, 97.2, 97.1, 97.0, 96.8, 96.7, 96.6, 96.4, 96.2, 96.0, 95.6, 95.5, 95.4, 95.2, 95.1, 95.0, 94.8, 94.7, 94.6, 94.4, 94.3, 94.2, 94.0, 93.9, 93.8, 93.6, 93.5, 93.4, 93.2, 93.0, 92.7, 92.6, 92.4, 92.3, 92.2, 92.0, 91.9, 91.8, 91.6, 91.5, 91.2, 91.1, 90.8, 90.7, 90.4, 90.3, 90.2, 90.0, 89.9, 89.8, 89.5, 89.4, 89.2, 89.1, 89.0, 88.8, 88.7, 88.6, 88.4, 88.2, 88.0, 87.9, 87.8, 87.2, 87.1, 87.0, 86.7, 86.6, 86.4, 86.2, 86.0, 85.9, 85.8, 85.6, 85.5, 85.4, 85.1, 84.8, 84.7, 84.6, 84.4, 84.3, 84.0, 83.8, 83.5, 83.1, 83.0, 82.8, 82.7, 82.4, 82.3, 82.2, 82.0, 81.8, 81.6, 81.4, 81.2, 81.1, 80.7, 80.4, 80.2, 80.0, 79.8, 79.5, 79.1, 79.0, 78.8, 78.6, 78.4, 78.3, 78.0, 77.8, 77.6, 77.5, 77.2, 77.1, 77.0, 76.8, 76.4, 76.3, 76.2, 76.0, 75.9, 75.6, 74.9, 74.7, 74.5, 74.1, 73.9, 73.6, 73.5, 73.3, 73.1, 72.8, 72.3, 72.1, 71.9, 71.6, 71.1, 70.9, 70.7, 70.4, 69.9, 69.7, 69.5, 68.9, 68.4, 68.0, 66.9, 66.0, 65.1, 64.4, 63.5, 62.0, 60.8, 60.3, 59.1, 57.7, 56.5, 55.9, 55.2, 55.1, 54.8, 54.3, 54.0, 53.2, 51.7, 51.5, 50.4, 49.3, 48.6, 47.8, 46.6, 46.1, 45.3, 44.4, 43.0, 41.4, 40.4, 39.6, 38.6, 37.6, 36.9, 36.4, 35.3, 34.599999999999994, 33.599999999999994, 33.0, 32.2, 32.099999999999994, 31.599999999999994, 30.799999999999997, 30.099999999999994, 29.0, 28.799999999999997, 27.700000000000003, 27.0, 26.200000000000003, 25.400000000000006, 24.700000000000003, 24.099999999999994, 23.099999999999994, 22.5, 21.0, 20.599999999999994, 19.099999999999994, 18.599999999999994, 18.200000000000003, 16.700000000000003, 16.200000000000003, 15.799999999999997, 15.700000000000003, 15.299999999999997, 14.5, 13.5, 13.0, 12.700000000000003, 11.900000000000006, 11.400000000000006, 10.900000000000006, 10.299999999999997, 9.5, 8.900000000000006, 8.5, 8.299999999999997, 7.799999999999997, 7.400000000000006, 7.099999999999994, 6.599999999999994, 6.099999999999994, 5.400000000000006, 4.900000000000006, 4.700000000000003, 4.5, 4.099999999999994, 3.9000000000000057, 3.799999999999997, 3.4000000000000057, 3.0999999999999943, 3.0, 2.5, 2.200000000000003, 2.0999999999999943, 1.9000000000000057, 1.7999999999999972, 1.5, 1.4000000000000057, 1.0999999999999943, 0.9000000000000057, 0.7000000000000028, 0.5999999999999943, 0.5, 0.29999999999999716, 0.20000000000000284, -0.09999999999999432], "x": [805, 810, 828, 829, 833, 838, 843, 859, 861, 876, 879, 880, 883, 890, 894, 899, 908, 910, 913, 921, 922, 923, 925, 930, 931, 935, 936, 937, 940, 941, 949, 952, 954, 955, 964, 971, 975, 978, 979, 983, 984, 986, 988, 993, 996, 998, 1001, 1005, 1006, 1010, 1011, 1012, 1014, 1019, 1020, 1023, 1024, 1030, 1031, 1034, 1036, 1037, 1039, 1041, 1042, 1045, 1046, 1047, 1048, 1049, 1050, 1053, 1054, 1057, 1058, 1059, 1062, 1066, 1067, 1069, 1071, 1073, 1074, 1075, 1078, 1079, 1080, 1084, 1086, 1087, 1091, 1092, 1094, 1097, 1098, 1099, 1100, 1102, 1103, 1104, 1106, 1108, 1111, 1112, 1113, 1115, 1116, 1118, 1120, 1122, 1123, 1124, 1125, 1126, 1129, 1132, 1133, 1135, 1136, 1137, 1138, 1139, 1140, 1144, 1145, 1147, 1148, 1152, 1153, 1154, 1155, 1157, 1158, 1159, 1160, 1163, 1164, 1166, 1167, 1168, 1169, 1170, 1172, 1174, 1175, 1177, 1178, 1179, 1180, 1181, 1182, 1183, 1184, 1185, 1186, 1188, 1190, 1195, 1196, 1197, 1198, 1199, 1201, 1202, 1203, 1204, 1205, 1206, 1207, 1208, 1209, 1210, 1211, 1212, 1213, 1214, 1215, 1216, 1217, 1218, 1219, 1220, 1221, 1222, 1223, 1224, 1225, 1226, 1227, 1228, 1229, 1230, 1231, 1232, 1233, 1234, 1235, 1236, 1237, 1238, 1239, 1240, 1241, 1242, 1243, 1244, 1245, 1246, 1247, 1248, 1249, 1250, 1251, 1252, 1253, 1254, 1255, 1256, 1257, 1258, 1259, 1260, 1261, 1262, 1263, 1264, 1265, 1267, 1268, 1269, 1270, 1271, 1272, 1273, 1274, 1275, 1276, 1277, 1278, 1279, 1280, 1282, 1283, 1284, 1285, 1286, 1287, 1288, 1289, 1290, 1291, 1294, 1295, 1296, 1297, 1298, 1300, 1301, 1302, 1303, 1308, 1310, 1312, 1317, 1318, 1319, 1320, 1331, 1365, 1373, 1399, 1423, 1424]}, "histogram": {"y": [1, 1, 4, 1, 2, 4, 4, 3, 4, 10, 4, 2, 7, 4, 9, 7, 13, 7, 14, 8, 13, 15, 17, 13, 14, 27, 19, 90, 83, 102, 79, 73, 55, 24, 8, 3, 0, 0, 2, 0, 1, 3, 0], "x": [795.0, 810.0, 825.0, 840.0, 855.0, 870.0, 885.0, 900.0, 915.0, 930.0, 945.0, 960.0, 975.0, 990.0, 1005.0, 1020.0, 1035.0, 1050.0, 1065.0, 1080.0, 1095.0, 1110.0, 1125.0, 1140.0, 1155.0, 1170.0, 1185.0, 1200.0, 1215.0, 1230.0, 1245.0, 1260.0, 1275.0, 1290.0, 1305.0, 1320.0, 1335.0, 1350.0, 1365.0, 1380.0, 1395.0, 1410.0, 1425.0]}}