{"histogram": {"x": [780.0, 795.0, 810.0, 825.0, 840.0, 855.0, 870.0, 885.0, 900.0, 915.0, 930.0, 945.0, 960.0, 975.0, 990.0, 1005.0, 1020.0, 1035.0, 1050.0, 1065.0, 1080.0, 1095.0, 1110.0, 1125.0, 1140.0, 1155.0, 1170.0, 1185.0, 1200.0, 1215.0, 1230.0, 1245.0, 1260.0, 1275.0, 1290.0, 1305.0, 1320.0, 1335.0, 1350.0, 1365.0, 1380.0], "y": [1, 0, 0, 0, 2, 1, 1, 0, 1, 1, 0, 4, 3, 1, 4, 3, 7, 2, 7, 5, 5, 7, 9, 5, 7, 11, 14, 6, 47, 29, 22, 20, 22, 8, 6, 2, 4, 0, 0, 1, 1]}, "percentile": {"x": [791, 845, 850, 865, 878, 906, 921, 945, 949, 952, 959, 960, 963, 973, 986, 992, 997, 1002, 1004, 1007, 1010, 1016, 1020, 1025, 1029, 1031, 1034, 1035, 1042, 1052, 1054, 1056, 1060, 1062, 1066, 1068, 1071, 1073, 1076, 1083, 1086, 1090, 1091, 1093, 1095, 1096, 1097, 1100, 1102, 1104, 1110, 1112, 1113, 1117, 1121, 1122, 1124, 1126, 1127, 1129, 1133, 1135, 1142, 1145, 1146, 1150, 1151, 1155, 1157, 1159, 1161, 1162, 1163, 1166, 1168, 1171, 1172, 1174, 1175, 1176, 1177, 1180, 1181, 1183, 1193, 1194, 1195, 1199, 1200, 1202, 1203, 1204, 1205, 1206, 1207, 1208, 1209, 1210, 1211, 1212, 1213, 1214, 1215, 1216, 1217, 1220, 1221, 1223, 1224, 1225, 1226, 1227, 1228, 1231, 1232, 1233, 1235, 1236, 1237, 1238, 1239, 1240, 1241, 1243, 1244, 1245, 1247, 1248, 1249, 1250, 1251, 1253, 1255, 1257, 1259, 1261, 1262, 1263, 1264, 1265, 1266, 1267, 1268, 1271, 1272, 1273, 1276, 1278, 1279, 1280, 1281, 1286, 1290, 1292, 1300, 1301, 1302, 1305, 1317, 1320, 1326, 1327, 1366, 1390], "y": [99.7, 99.3, 98.9, 98.6, 98.2, 97.8, 97.4, 97.1, 96.7, 96.3, 95.9, 95.6, 95.2, 94.8, 94.5, 94.1, 93.7, 93.3, 93.0, 92.6, 92.2, 91.8, 91.5, 91.1, 90.3, 89.6, 89.2, 88.9, 88.5, 88.1, 87.4, 87.0, 86.6, 85.9, 85.5, 85.1, 84.8, 84.4, 84.0, 83.6, 83.3, 82.9, 82.5, 82.1, 81.8, 81.4, 81.0, 80.6, 80.3, 79.5, 78.8, 78.4, 78.0, 77.7, 77.3, 76.5, 76.2, 75.8, 75.4, 75.0, 74.7, 74.3, 73.9, 73.6, 73.2, 72.4, 71.7, 71.3, 70.2, 69.8, 69.5, 68.7, 68.3, 68.0, 67.6, 67.2, 66.8, 66.1, 65.3, 65.0, 64.6, 63.5, 62.7, 62.4, 62.0, 61.6, 61.2, 60.1, 59.4, 59.0, 58.6, 56.4, 54.9, 54.2, 52.3, 51.2, 49.3, 47.8, 46.7, 46.3, 44.8, 42.6, 40.3, 40.0, 39.6, 39.2, 38.5, 37.4, 35.900000000000006, 34.400000000000006, 33.3, 32.099999999999994, 31.799999999999997, 31.400000000000006, 31.0, 29.5, 28.799999999999997, 27.700000000000003, 27.299999999999997, 26.900000000000006, 26.200000000000003, 25.400000000000006, 25.0, 24.299999999999997, 23.599999999999994, 21.700000000000003, 21.299999999999997, 20.900000000000006, 20.599999999999994, 19.799999999999997, 19.099999999999994, 18.0, 17.200000000000003, 16.799999999999997, 16.099999999999994, 15.700000000000003, 15.0, 14.599999999999994, 13.5, 12.400000000000006, 12.0, 11.200000000000003, 9.799999999999997, 9.0, 8.599999999999994, 7.900000000000006, 7.099999999999994, 6.400000000000006, 6.0, 5.599999999999994, 5.299999999999997, 4.900000000000006, 4.5, 4.200000000000003, 3.4000000000000057, 3.0, 2.700000000000003, 2.299999999999997, 1.9000000000000057, 1.2000000000000028, 0.7999999999999972, 0.4000000000000057, 0.0, -0.29999999999999716]}}