{"histogram": {"y": [1, 0, 0, 0, 0, 0, 0, 0, 1, 0, 0, 2, 1, 0, 0, 2, 3, 1, 1, 1, 0, 3, 1, 2, 2, 0, 2, 3, 2, 4, 12, 2, 5, 4, 6, 0, 1, 0, 1, 0], "x": [750.0, 765.0, 780.0, 795.0, 810.0, 825.0, 840.0, 855.0, 870.0, 885.0, 900.0, 915.0, 930.0, 945.0, 960.0, 975.0, 990.0, 1005.0, 1020.0, 1035.0, 1050.0, 1065.0, 1080.0, 1095.0, 1110.0, 1125.0, 1140.0, 1155.0, 1170.0, 1185.0, 1200.0, 1215.0, 1230.0, 1245.0, 1260.0, 1275.0, 1290.0, 1305.0, 1320.0, 1335.0]}, "percentile": {"y": [98.4, 96.8, 95.2, 93.6, 92.0, 90.4, 88.8, 87.1, 85.5, 83.9, 82.3, 80.7, 79.1, 77.5, 75.9, 74.2, 72.6, 71.0, 69.4, 67.8, 66.2, 64.6, 63.0, 61.3, 58.1, 56.5, 54.9, 53.3, 51.7, 48.4, 45.2, 43.6, 40.4, 37.1, 35.5, 33.900000000000006, 30.700000000000003, 29.099999999999994, 27.5, 25.900000000000006, 24.200000000000003, 22.599999999999994, 21.0, 19.400000000000006, 17.799999999999997, 16.200000000000003, 14.599999999999994, 13.0, 11.299999999999997, 9.700000000000003, 8.099999999999994, 6.5, 4.900000000000006, 1.7000000000000028, 0.0, -1.5999999999999943], "x": [753, 881, 920, 925, 940, 982, 986, 991, 997, 1001, 1006, 1024, 1045, 1073, 1074, 1076, 1082, 1102, 1107, 1115, 1116, 1142, 1147, 1156, 1169, 1171, 1183, 1197, 1198, 1199, 1203, 1205, 1206, 1207, 1208, 1209, 1211, 1214, 1219, 1222, 1233, 1234, 1236, 1239, 1244, 1245, 1252, 1255, 1259, 1263, 1265, 1268, 1272, 1273, 1297, 1324]}}