{"percentile": {"y": [99.9, 99.8, 99.7, 99.6, 99.5, 99.3, 99.2, 99.1, 99.0, 98.9, 98.7, 98.6, 98.5, 98.4, 98.1, 98.0, 97.9, 97.8, 97.7, 97.5, 97.4, 97.3, 97.2, 97.1, 96.9, 96.8, 96.7, 96.5, 96.3, 96.2, 96.1, 95.7, 95.5, 95.4, 95.3, 95.1, 94.9, 94.8, 94.5, 94.3, 94.2, 94.1, 93.9, 93.8, 93.6, 93.4, 93.1, 93.0, 92.9, 92.5, 92.4, 92.3, 92.2, 91.9, 91.8, 91.7, 91.6, 91.4, 91.3, 91.0, 90.8, 90.6, 90.5, 90.2, 90.1, 90.0, 89.8, 89.6, 89.5, 89.4, 89.3, 89.0, 88.9, 88.8, 88.7, 88.4, 88.3, 88.2, 87.6, 87.4, 87.1, 87.0, 86.9, 86.8, 86.7, 86.4, 86.2, 86.1, 85.8, 85.5, 85.3, 85.2, 85.1, 84.7, 84.6, 84.5, 84.3, 84.1, 83.9, 83.4, 83.2, 83.1, 82.8, 82.0, 81.3, 80.6, 80.1, 79.2, 78.8, 78.4, 77.6, 76.6, 76.0, 74.9, 73.6, 72.2, 69.9, 68.7, 68.1, 68.0, 67.4, 66.6, 65.8, 65.2, 64.5, 64.2, 63.3, 62.0, 61.5, 61.3, 60.6, 59.3, 57.6, 56.6, 55.2, 54.1, 52.8, 51.4, 50.6, 49.1, 48.6, 47.5, 46.0, 45.4, 44.3, 43.9, 43.1, 41.6, 40.8, 40.2, 39.6, 38.6, 36.4, 35.599999999999994, 34.7, 34.3, 32.8, 32.099999999999994, 31.599999999999994, 30.400000000000006, 29.700000000000003, 29.200000000000003, 27.900000000000006, 27.299999999999997, 26.200000000000003, 25.900000000000006, 24.5, 22.799999999999997, 22.400000000000006, 21.599999999999994, 20.700000000000003, 20.099999999999994, 18.700000000000003, 18.099999999999994, 16.400000000000006, 15.099999999999994, 14.5, 13.200000000000003, 11.5, 10.700000000000003, 10.200000000000003, 9.5, 8.400000000000006, 8.299999999999997, 8.099999999999994, 7.900000000000006, 7.799999999999997, 7.700000000000003, 7.599999999999994, 7.0, 6.700000000000003, 6.599999999999994, 5.900000000000006, 5.299999999999997, 5.099999999999994, 4.700000000000003, 4.5, 4.200000000000003, 4.0, 3.9000000000000057, 3.799999999999997, 3.5, 3.4000000000000057, 3.0, 2.9000000000000057, 2.700000000000003, 2.299999999999997, 2.200000000000003, 2.0999999999999943, 2.0, 1.7999999999999972, 1.7000000000000028, 1.5999999999999943, 1.4000000000000057, 1.2000000000000028, 1.0999999999999943, 1.0, 0.9000000000000057, 0.7999999999999972, 0.5999999999999943, 0.5, 0.4000000000000057, 0.29999999999999716, 0.20000000000000284, 0.0, -0.09999999999999432], "x": [749, 860, 876, 885, 890, 905, 916, 929, 930, 931, 941, 943, 944, 955, 959, 967, 968, 969, 986, 990, 994, 998, 1001, 1009, 1011, 1031, 1032, 1040, 1041, 1042, 1045, 1057, 1061, 1064, 1065, 1067, 1070, 1071, 1074, 1075, 1077, 1080, 1084, 1085, 1090, 1092, 1094, 1095, 1102, 1103, 1105, 1107, 1109, 1112, 1115, 1117, 1118, 1119, 1120, 1122, 1124, 1125, 1131, 1133, 1134, 1135, 1137, 1138, 1141, 1142, 1143, 1144, 1147, 1149, 1154, 1156, 1157, 1158, 1166, 1167, 1169, 1170, 1171, 1172, 1173, 1174, 1176, 1177, 1178, 1180, 1181, 1182, 1184, 1185, 1186, 1187, 1188, 1189, 1190, 1194, 1195, 1196, 1199, 1201, 1202, 1203, 1204, 1205, 1206, 1207, 1208, 1209, 1210, 1211, 1212, 1213, 1214, 1215, 1216, 1217, 1218, 1219, 1220, 1221, 1222, 1223, 1224, 1225, 1226, 1227, 1228, 1229, 1230, 1231, 1232, 1233, 1234, 1235, 1236, 1237, 1238, 1239, 1240, 1241, 1242, 1243, 1244, 1245, 1246, 1247, 1248, 1249, 1250, 1251, 1252, 1253, 1254, 1255, 1256, 1257, 1258, 1259, 1260, 1261, 1262, 1263, 1264, 1265, 1266, 1267, 1268, 1269, 1270, 1271, 1272, 1273, 1274, 1275, 1276, 1277, 1278, 1279, 1280, 1281, 1283, 1284, 1285, 1287, 1288, 1289, 1290, 1291, 1292, 1293, 1294, 1295, 1296, 1297, 1298, 1299, 1300, 1301, 1302, 1303, 1304, 1305, 1306, 1308, 1312, 1313, 1314, 1317, 1318, 1320, 1324, 1326, 1328, 1334, 1335, 1348, 1365, 1373, 1377, 1415, 1421, 1424]}, "histogram": {"y": [1, 0, 0, 0, 0, 0, 0, 0, 1, 1, 2, 1, 2, 5, 3, 3, 1, 4, 2, 2, 5, 6, 10, 9, 8, 11, 10, 8, 13, 17, 19, 108, 89, 135, 116, 123, 63, 34, 11, 6, 2, 0, 3, 0, 0, 3, 0], "x": [735.0, 750.0, 765.0, 780.0, 795.0, 810.0, 825.0, 840.0, 855.0, 870.0, 885.0, 900.0, 915.0, 930.0, 945.0, 960.0, 975.0, 990.0, 1005.0, 1020.0, 1035.0, 1050.0, 1065.0, 1080.0, 1095.0, 1110.0, 1125.0, 1140.0, 1155.0, 1170.0, 1185.0, 1200.0, 1215.0, 1230.0, 1245.0, 1260.0, 1275.0, 1290.0, 1305.0, 1320.0, 1335.0, 1350.0, 1365.0, 1380.0, 1395.0, 1410.0, 1425.0]}}