{"histogram": {"y": [2, 1, 2, 2, 5, 2, 9, 10, 14, 10, 14, 22, 15, 27, 19, 21, 28, 34, 24, 25, 22, 18, 26, 34, 118, 69, 47, 52, 9, 6, 4, 0, 0, 1, 2, 2], "x": [740.0, 760.0, 780.0, 800.0, 820.0, 840.0, 860.0, 880.0, 900.0, 920.0, 940.0, 960.0, 980.0, 1000.0, 1020.0, 1040.0, 1060.0, 1080.0, 1100.0, 1120.0, 1140.0, 1160.0, 1180.0, 1200.0, 1220.0, 1240.0, 1260.0, 1280.0, 1300.0, 1320.0, 1340.0, 1360.0, 1380.0, 1400.0, 1420.0]}, "percentile": {"y": [100.0, 99.9, 99.8, 99.6, 99.5, 99.3, 99.2, 99.0, 98.9, 98.8, 98.6, 98.5, 98.3, 98.2, 98.0, 97.9, 97.7, 97.6, 97.5, 97.3, 97.2, 97.0, 96.9, 96.7, 96.2, 96.0, 95.9, 95.7, 95.6, 95.4, 95.3, 95.2, 95.0, 94.7, 94.4, 94.3, 94.2, 93.6, 93.4, 93.3, 93.0, 92.9, 92.7, 92.6, 92.3, 92.1, 92.0, 91.8, 91.7, 91.6, 91.4, 91.3, 90.8, 90.7, 90.6, 90.4, 90.1, 90.0, 89.8, 89.7, 89.5, 89.3, 89.1, 88.8, 88.7, 88.5, 88.1, 88.0, 87.8, 87.7, 87.2, 87.1, 86.8, 86.7, 86.5, 86.4, 86.1, 85.9, 85.8, 85.7, 85.4, 85.2, 85.1, 84.9, 84.8, 84.7, 84.5, 84.4, 84.2, 83.9, 83.8, 83.4, 83.1, 82.8, 82.6, 82.5, 82.2, 82.1, 81.9, 81.8, 81.6, 81.5, 81.3, 80.9, 80.8, 80.6, 80.5, 80.3, 80.0, 79.9, 79.8, 79.6, 79.5, 79.0, 78.6, 78.2, 77.9, 77.3, 77.2, 77.0, 76.9, 76.6, 76.5, 76.3, 76.0, 75.9, 75.6, 75.4, 75.2, 75.0, 74.9, 74.6, 74.3, 74.2, 73.9, 73.6, 73.3, 73.1, 72.9, 72.6, 72.1, 71.8, 71.6, 71.4, 71.1, 70.8, 70.6, 70.3, 69.5, 69.1, 68.8, 68.7, 68.5, 68.3, 67.8, 67.7, 67.5, 67.2, 67.1, 66.8, 66.5, 66.2, 65.9, 65.5, 65.4, 65.1, 64.9, 64.5, 63.9, 63.8, 63.5, 63.4, 63.1, 62.9, 62.8, 62.6, 62.5, 62.1, 61.9, 61.8, 61.6, 61.3, 61.1, 60.8, 60.6, 60.5, 59.9, 59.6, 59.2, 58.9, 58.6, 58.3, 58.2, 58.0, 57.9, 57.6, 57.5, 57.0, 56.7, 56.6, 56.5, 56.2, 55.7, 55.6, 55.4, 55.2, 55.0, 54.9, 54.7, 54.4, 54.2, 54.0, 53.9, 53.7, 53.3, 53.1, 53.0, 52.7, 52.6, 52.4, 52.0, 51.8, 51.4, 51.1, 51.0, 50.8, 50.7, 50.4, 50.3, 50.1, 50.0, 49.7, 49.4, 49.3, 48.8, 48.1, 47.8, 47.5, 47.2, 47.0, 46.7, 45.9, 45.4, 45.2, 44.9, 44.8, 44.7, 44.5, 44.2, 43.2, 42.9, 41.9, 40.8, 39.8, 39.2, 38.6, 37.6, 36.3, 35.0, 33.099999999999994, 32.3, 32.0, 31.700000000000003, 29.5, 29.400000000000006, 29.0, 28.299999999999997, 27.5, 26.799999999999997, 26.400000000000006, 25.900000000000006, 25.5, 24.700000000000003, 24.099999999999994, 23.5, 22.799999999999997, 22.599999999999994, 22.200000000000003, 21.5, 20.5, 20.0, 19.799999999999997, 19.0, 18.900000000000006, 18.200000000000003, 17.900000000000006, 17.599999999999994, 17.200000000000003, 16.900000000000006, 16.200000000000003, 15.900000000000006, 15.700000000000003, 15.400000000000006, 14.900000000000006, 14.700000000000003, 14.299999999999997, 14.0, 13.400000000000006, 12.900000000000006, 12.700000000000003, 12.599999999999994, 12.299999999999997, 11.400000000000006, 10.799999999999997, 10.599999999999994, 10.299999999999997, 10.099999999999994, 9.799999999999997, 8.700000000000003, 8.400000000000006, 7.799999999999997, 7.099999999999994, 6.700000000000003, 6.099999999999994, 5.799999999999997, 5.400000000000006, 5.099999999999994, 4.900000000000006, 4.5, 4.200000000000003, 4.099999999999994, 3.799999999999997, 3.4000000000000057, 3.200000000000003, 2.9000000000000057, 2.5999999999999943, 2.200000000000003, 2.0999999999999943, 1.9000000000000057, 1.7999999999999972, 1.5999999999999943, 1.5, 1.2999999999999972, 1.2000000000000028, 1.0999999999999943, 0.9000000000000057, 0.7999999999999972, 0.5999999999999943, 0.5, 0.29999999999999716, 0.20000000000000284], "x": [735, 738, 745, 768, 779, 793, 798, 805, 812, 813, 815, 817, 830, 838, 844, 847, 852, 853, 854, 855, 856, 857, 859, 864, 865, 866, 868, 870, 871, 875, 881, 884, 888, 891, 893, 894, 895, 896, 898, 903, 904, 905, 906, 909, 911, 913, 917, 922, 923, 924, 925, 926, 928, 930, 931, 935, 936, 937, 940, 941, 943, 944, 945, 946, 948, 949, 950, 951, 953, 954, 955, 956, 958, 960, 961, 962, 963, 964, 965, 966, 969, 970, 975, 976, 978, 979, 980, 981, 982, 983, 984, 985, 986, 987, 988, 990, 991, 992, 993, 994, 995, 996, 997, 998, 999, 1000, 1003, 1004, 1005, 1006, 1007, 1008, 1010, 1014, 1016, 1017, 1020, 1022, 1023, 1024, 1026, 1029, 1031, 1032, 1033, 1035, 1036, 1037, 1038, 1039, 1040, 1042, 1043, 1044, 1045, 1046, 1047, 1048, 1050, 1051, 1052, 1056, 1057, 1058, 1059, 1060, 1062, 1063, 1064, 1065, 1066, 1068, 1069, 1070, 1071, 1073, 1074, 1075, 1076, 1077, 1078, 1079, 1080, 1081, 1084, 1087, 1088, 1089, 1090, 1091, 1092, 1095, 1096, 1097, 1098, 1099, 1101, 1102, 1103, 1104, 1105, 1106, 1110, 1111, 1113, 1114, 1115, 1116, 1118, 1120, 1121, 1123, 1124, 1126, 1129, 1130, 1132, 1133, 1136, 1137, 1138, 1139, 1140, 1141, 1142, 1146, 1147, 1149, 1150, 1151, 1152, 1153, 1156, 1158, 1159, 1160, 1162, 1163, 1165, 1166, 1167, 1168, 1169, 1170, 1172, 1173, 1174, 1175, 1176, 1177, 1178, 1179, 1180, 1181, 1182, 1183, 1184, 1185, 1186, 1187, 1188, 1190, 1191, 1193, 1195, 1197, 1199, 1200, 1201, 1202, 1203, 1204, 1205, 1206, 1207, 1208, 1209, 1210, 1211, 1212, 1213, 1214, 1215, 1216, 1217, 1218, 1219, 1220, 1221, 1223, 1224, 1225, 1226, 1227, 1228, 1229, 1230, 1231, 1232, 1233, 1234, 1235, 1236, 1237, 1238, 1239, 1240, 1242, 1243, 1244, 1245, 1247, 1248, 1249, 1250, 1251, 1252, 1253, 1254, 1255, 1256, 1257, 1259, 1260, 1262, 1263, 1264, 1265, 1266, 1267, 1268, 1269, 1270, 1271, 1272, 1273, 1274, 1275, 1276, 1277, 1278, 1279, 1280, 1282, 1287, 1288, 1295, 1300, 1301, 1305, 1308, 1309, 1312, 1320, 1324, 1329, 1334, 1380, 1400, 1418, 1424]}}
