{"percentile": {"y": [98.5, 97.0, 95.4, 93.9, 92.4, 90.8, 89.3, 87.7, 86.2, 84.7, 83.1, 81.6, 80.0, 78.5, 77.0, 73.9, 72.4, 70.8, 69.3, 67.7, 66.2, 61.6, 58.5, 57.0, 55.4, 53.9, 52.4, 50.8, 49.3, 47.7, 46.2, 44.7, 43.1, 41.6, 37.0, 33.900000000000006, 32.400000000000006, 30.799999999999997, 29.299999999999997, 26.200000000000003, 24.700000000000003, 21.599999999999994, 20.0, 18.5, 17.0, 15.400000000000006, 13.900000000000006, 12.400000000000006, 10.799999999999997, 7.700000000000003, 6.200000000000003, 4.700000000000003, 3.0999999999999943, 1.5999999999999943, 0.0, -1.5], "x": [570, 738, 814, 832, 880, 889, 892, 910, 945, 946, 948, 963, 965, 973, 981, 982, 1001, 1041, 1046, 1060, 1064, 1090, 1116, 1133, 1136, 1138, 1144, 1146, 1148, 1158, 1169, 1171, 1199, 1201, 1207, 1211, 1212, 1215, 1218, 1219, 1221, 1223, 1227, 1228, 1229, 1231, 1234, 1235, 1236, 1246, 1249, 1250, 1261, 1269, 1273, 1424]}, "histogram": {"y": [1, 0, 0, 0, 0, 0, 0, 0, 1, 0, 0, 0, 1, 1, 0, 0, 3, 1, 0, 3, 3, 3, 1, 0, 2, 2, 3, 2, 3, 4, 2, 1, 11, 10, 4, 3, 0, 0, 0, 0, 0, 0, 0, 1], "x": [580.0, 600.0, 620.0, 640.0, 660.0, 680.0, 700.0, 720.0, 740.0, 760.0, 780.0, 800.0, 820.0, 840.0, 860.0, 880.0, 900.0, 920.0, 940.0, 960.0, 980.0, 1000.0, 1020.0, 1040.0, 1060.0, 1080.0, 1100.0, 1120.0, 1140.0, 1160.0, 1180.0, 1200.0, 1220.0, 1240.0, 1260.0, 1280.0, 1300.0, 1320.0, 1340.0, 1360.0, 1380.0, 1400.0, 1420.0]}}