{"histogram": {"x": [880.0, 900.0, 920.0, 940.0, 960.0, 980.0, 1000.0, 1020.0, 1040.0, 1060.0, 1080.0, 1100.0, 1120.0, 1140.0, 1160.0, 1180.0, 1200.0, 1220.0, 1240.0, 1260.0, 1280.0, 1300.0, 1320.0], "y": [2, 0, 2, 0, 3, 0, 1, 1, 2, 1, 0, 0, 2, 0, 2, 1, 3, 13, 17, 15, 21, 6, 2, 1]}, "percentile": {"x": [867, 869, 912, 916, 951, 953, 954, 991, 1009, 1034, 1038, 1043, 1113, 1115, 1153, 1157, 1161, 1190, 1195, 1197, 1200, 1203, 1204, 1206, 1208, 1209, 1212, 1213, 1214, 1215, 1221, 1225, 1226, 1227, 1228, 1229, 1231, 1233, 1235, 1239, 1240, 1241, 1242, 1246, 1247, 1248, 1250, 1254, 1255, 1257, 1259, 1260, 1261, 1265, 1267, 1268, 1270, 1271, 1272, 1273, 1274, 1275, 1276, 1277, 1278, 1280, 1289, 1290, 1292, 1295, 1307, 1312, 1320], "y": [99.0, 97.9, 96.9, 95.8, 94.7, 93.7, 92.6, 91.5, 90.5, 89.4, 88.3, 87.3, 86.2, 85.2, 84.1, 83.0, 82.0, 80.9, 79.8, 78.8, 77.7, 76.6, 75.6, 74.5, 73.5, 71.3, 70.3, 69.2, 68.1, 64.9, 63.9, 61.8, 59.6, 58.6, 57.5, 54.3, 51.1, 50.0, 47.9, 46.9, 45.8, 44.7, 43.7, 41.5, 39.4, 38.3, 36.2, 35.2, 34.099999999999994, 33.0, 30.900000000000006, 29.799999999999997, 27.700000000000003, 26.599999999999994, 25.599999999999994, 23.5, 21.299999999999997, 20.299999999999997, 19.200000000000003, 17.099999999999994, 14.900000000000006, 12.799999999999997, 11.799999999999997, 9.599999999999994, 8.599999999999994, 7.5, 6.400000000000006, 5.400000000000006, 4.299999999999997, 2.200000000000003, 1.0999999999999943, 0.0, -1.0]}}