{"percentile": {"y": [97.9, 95.8, 93.7, 91.5, 89.4, 87.3, 85.2, 83.0, 80.9, 78.8, 76.6, 74.5, 72.4, 70.3, 68.1, 66.0, 63.9, 61.8, 59.6, 57.5, 55.4, 53.2, 51.1, 46.9, 44.7, 40.5, 38.3, 36.2, 34.099999999999994, 32.0, 27.700000000000003, 23.5, 21.299999999999997, 19.200000000000003, 17.099999999999994, 12.799999999999997, 10.700000000000003, 8.599999999999994, 6.400000000000006, 4.299999999999997, 2.200000000000003, 0.0, -2.0999999999999943], "x": [769, 799, 901, 911, 922, 976, 980, 1020, 1026, 1096, 1121, 1139, 1144, 1154, 1161, 1175, 1184, 1189, 1195, 1201, 1203, 1204, 1207, 1208, 1209, 1211, 1213, 1214, 1225, 1229, 1235, 1239, 1247, 1260, 1263, 1266, 1267, 1268, 1273, 1276, 1284, 1289, 1290]}, "histogram": {"y": [1, 0, 1, 0, 0, 0, 0, 0, 0, 2, 1, 0, 0, 0, 2, 0, 0, 2, 0, 0, 0, 0, 1, 1, 1, 2, 1, 2, 2, 11, 2, 4, 1, 7, 3, 1], "x": [765.0, 780.0, 795.0, 810.0, 825.0, 840.0, 855.0, 870.0, 885.0, 900.0, 915.0, 930.0, 945.0, 960.0, 975.0, 990.0, 1005.0, 1020.0, 1035.0, 1050.0, 1065.0, 1080.0, 1095.0, 1110.0, 1125.0, 1140.0, 1155.0, 1170.0, 1185.0, 1200.0, 1215.0, 1230.0, 1245.0, 1260.0, 1275.0, 1290.0]}}