{"percentile": {"y": [99.0, 97.9, 96.9, 95.8, 94.7, 93.7, 92.6, 91.5, 90.5, 89.4, 88.3, 87.3, 86.2, 85.2, 84.1, 83.0, 82.0, 80.9, 79.8, 78.8, 77.7, 76.6, 75.6, 74.5, 73.5, 71.3, 69.2, 68.1, 67.1, 66.0, 64.9, 62.8, 61.8, 60.7, 59.6, 58.6, 57.5, 56.4, 53.2, 52.2, 51.1, 50.0, 47.9, 45.8, 42.6, 40.5, 39.4, 38.3, 37.3, 36.2, 35.2, 33.0, 32.0, 29.799999999999997, 28.799999999999997, 26.599999999999994, 25.599999999999994, 24.5, 23.5, 22.400000000000006, 20.299999999999997, 17.099999999999994, 14.900000000000006, 12.799999999999997, 11.799999999999997, 8.599999999999994, 7.5, 6.400000000000006, 5.400000000000006, 4.299999999999997, 3.200000000000003, 2.200000000000003, 1.0999999999999943, 0.0, -1.0], "x": [687, 870, 899, 929, 943, 960, 967, 974, 979, 984, 985, 1004, 1012, 1023, 1036, 1042, 1058, 1059, 1067, 1074, 1081, 1086, 1092, 1100, 1104, 1112, 1117, 1118, 1119, 1120, 1125, 1130, 1135, 1140, 1152, 1163, 1192, 1199, 1201, 1204, 1207, 1208, 1210, 1212, 1213, 1214, 1215, 1218, 1220, 1224, 1226, 1229, 1230, 1232, 1237, 1240, 1242, 1251, 1254, 1257, 1268, 1269, 1270, 1272, 1276, 1277, 1289, 1300, 1308, 1310, 1320, 1322, 1323, 1328, 1415]}, "histogram": {"y": [1, 0, 0, 0, 0, 0, 0, 0, 0, 0, 0, 0, 0, 1, 1, 0, 1, 1, 0, 3, 3, 1, 1, 1, 2, 2, 2, 3, 2, 7, 4, 2, 1, 0, 2, 15, 7, 7, 3, 9, 5, 1, 2, 4, 0, 0, 0, 0, 0, 1], "x": [675.0, 690.0, 705.0, 720.0, 735.0, 750.0, 765.0, 780.0, 795.0, 810.0, 825.0, 840.0, 855.0, 870.0, 885.0, 900.0, 915.0, 930.0, 945.0, 960.0, 975.0, 990.0, 1005.0, 1020.0, 1035.0, 1050.0, 1065.0, 1080.0, 1095.0, 1110.0, 1125.0, 1140.0, 1155.0, 1170.0, 1185.0, 1200.0, 1215.0, 1230.0, 1245.0, 1260.0, 1275.0, 1290.0, 1305.0, 1320.0, 1335.0, 1350.0, 1365.0, 1380.0, 1395.0, 1410.0]}}