{"histogram": {"y": [1, 0, 0, 2, 0, 0, 0, 0, 0, 0, 0, 1, 0, 0, 0, 0, 0, 0, 0, 0, 1, 1, 1, 0], "x": [780.0, 800.0, 820.0, 840.0, 860.0, 880.0, 900.0, 920.0, 940.0, 960.0, 980.0, 1000.0, 1020.0, 1040.0, 1060.0, 1080.0, 1100.0, 1120.0, 1140.0, 1160.0, 1180.0, 1200.0, 1220.0]}, "percentile": {"y": [83.4, 66.7, 50.0, 33.400000000000006, 16.700000000000003, 0.0, -16.599999999999994], "x": [767, 821, 826, 995, 1179, 1190, 1207]}}