{"histogram": {"y": [1, 2, 1, 0, 0, 4, 4, 2, 3, 6, 3, 4, 2, 4, 4, 4, 5, 9, 61, 47, 67, 50, 18, 9, 3, 3, 0, 0, 1, 0], "x": [840.0, 860.0, 880.0, 900.0, 920.0, 940.0, 960.0, 980.0, 1000.0, 1020.0, 1040.0, 1060.0, 1080.0, 1100.0, 1120.0, 1140.0, 1160.0, 1180.0, 1200.0, 1220.0, 1240.0, 1260.0, 1280.0, 1300.0, 1320.0, 1340.0, 1360.0, 1380.0, 1400.0, 1420.0]}, "percentile": {"y": [99.7, 99.4, 99.1, 98.8, 98.5, 98.2, 97.8, 97.5, 97.2, 96.9, 96.6, 96.3, 95.9, 95.6, 95.3, 95.0, 94.7, 94.0, 93.4, 93.1, 92.8, 92.5, 92.1, 91.8, 91.5, 91.2, 90.9, 90.6, 90.2, 89.9, 89.6, 89.3, 89.0, 88.7, 88.3, 88.0, 87.7, 87.4, 87.1, 86.8, 86.4, 86.1, 85.8, 85.2, 84.9, 84.5, 84.2, 83.9, 83.6, 83.0, 82.6, 82.0, 81.7, 81.1, 80.4, 79.8, 79.2, 78.2, 77.9, 77.6, 77.3, 74.4, 74.1, 72.8, 70.3, 68.7, 66.2, 64.9, 64.6, 64.3, 63.3, 62.4, 62.1, 61.8, 61.1, 60.5, 59.5, 58.6, 58.3, 56.4, 55.4, 54.8, 53.8, 53.2, 52.3, 51.6, 51.0, 49.1, 48.8, 48.2, 47.5, 45.6, 44.4, 41.8, 41.5, 40.6, 39.3, 38.7, 38.0, 37.7, 36.4, 34.900000000000006, 33.599999999999994, 33.3, 32.3, 31.099999999999994, 30.099999999999994, 29.200000000000003, 28.5, 27.599999999999994, 26.299999999999997, 25.0, 24.400000000000006, 23.799999999999997, 23.200000000000003, 22.799999999999997, 21.900000000000006, 20.900000000000006, 20.299999999999997, 19.400000000000006, 17.799999999999997, 16.5, 15.599999999999994, 14.900000000000006, 13.700000000000003, 13.299999999999997, 12.099999999999994, 11.799999999999997, 10.5, 10.200000000000003, 9.900000000000006, 8.900000000000006, 8.299999999999997, 7.299999999999997, 6.700000000000003, 6.400000000000006, 6.099999999999994, 5.400000000000006, 4.799999999999997, 4.5, 4.200000000000003, 3.799999999999997, 3.5, 3.200000000000003, 2.9000000000000057, 2.5999999999999943, 2.299999999999997, 1.9000000000000057, 1.5999999999999943, 1.2999999999999972, 1.0, 0.7000000000000028, 0.4000000000000057, 0.0, -0.29999999999999716], "x": [855, 874, 877, 887, 944, 950, 954, 958, 963, 964, 973, 978, 991, 995, 1006, 1010, 1011, 1028, 1029, 1030, 1032, 1052, 1054, 1058, 1060, 1068, 1071, 1072, 1080, 1084, 1101, 1110, 1116, 1119, 1120, 1128, 1133, 1136, 1143, 1144, 1149, 1155, 1160, 1166, 1172, 1179, 1180, 1181, 1183, 1184, 1192, 1197, 1199, 1201, 1202, 1203, 1204, 1205, 1206, 1207, 1208, 1209, 1210, 1211, 1212, 1213, 1214, 1215, 1216, 1217, 1218, 1219, 1220, 1221, 1222, 1223, 1224, 1225, 1226, 1227, 1228, 1229, 1230, 1231, 1232, 1233, 1234, 1235, 1236, 1237, 1238, 1240, 1241, 1242, 1243, 1244, 1245, 1246, 1247, 1248, 1249, 1250, 1251, 1252, 1253, 1254, 1255, 1256, 1257, 1258, 1259, 1261, 1263, 1264, 1265, 1266, 1267, 1268, 1269, 1270, 1271, 1272, 1273, 1274, 1275, 1276, 1277, 1278, 1279, 1281, 1284, 1287, 1288, 1289, 1290, 1291, 1292, 1294, 1298, 1300, 1301, 1302, 1303, 1304, 1305, 1310, 1313, 1314, 1320, 1326, 1327, 1353, 1356, 1358, 1415]}}