{"percentile": {"y": [99.2, 98.3, 97.4, 96.5, 95.7, 94.8, 93.0, 92.2, 91.3, 90.4, 89.5, 88.6, 87.8, 86.9, 86.0, 85.1, 82.5, 81.6, 80.8, 79.0, 78.1, 77.2, 76.4, 75.5, 74.6, 73.7, 72.9, 71.1, 69.3, 68.5, 67.6, 66.7, 65.8, 65.0, 64.1, 62.3, 60.6, 59.7, 57.9, 57.1, 55.3, 54.4, 52.7, 51.8, 48.3, 45.7, 44.8, 43.9, 42.2, 41.3, 40.4, 38.6, 37.8, 36.9, 36.0, 35.099999999999994, 34.3, 31.599999999999994, 29.900000000000006, 27.200000000000003, 26.400000000000006, 24.599999999999994, 22.900000000000006, 22.0, 21.099999999999994, 20.200000000000003, 19.299999999999997, 18.5, 17.599999999999994, 15.799999999999997, 15.0, 13.200000000000003, 12.299999999999997, 11.5, 10.599999999999994, 9.700000000000003, 7.900000000000006, 5.299999999999997, 3.5999999999999943, 2.700000000000003, 1.7999999999999972, 0.0, -0.7999999999999972], "x": [824, 859, 885, 886, 892, 933, 954, 965, 971, 973, 992, 1002, 1008, 1017, 1038, 1055, 1062, 1072, 1086, 1108, 1115, 1116, 1119, 1135, 1154, 1155, 1156, 1165, 1169, 1179, 1188, 1190, 1192, 1198, 1201, 1202, 1205, 1207, 1208, 1209, 1210, 1211, 1212, 1213, 1214, 1215, 1216, 1220, 1221, 1222, 1226, 1229, 1230, 1231, 1232, 1233, 1235, 1238, 1239, 1240, 1241, 1245, 1248, 1249, 1250, 1251, 1252, 1256, 1258, 1259, 1263, 1264, 1267, 1268, 1269, 1270, 1272, 1275, 1277, 1280, 1286, 1294, 1327]}, "histogram": {"y": [1, 0, 0, 1, 0, 3, 0, 0, 1, 2, 3, 0, 2, 2, 0, 1, 4, 1, 1, 2, 3, 1, 1, 6, 1, 4, 19, 11, 14, 12, 9, 7, 2, 0, 1], "x": [810.0, 825.0, 840.0, 855.0, 870.0, 885.0, 900.0, 915.0, 930.0, 945.0, 960.0, 975.0, 990.0, 1005.0, 1020.0, 1035.0, 1050.0, 1065.0, 1080.0, 1095.0, 1110.0, 1125.0, 1140.0, 1155.0, 1170.0, 1185.0, 1200.0, 1215.0, 1230.0, 1245.0, 1260.0, 1275.0, 1290.0, 1305.0, 1320.0]}}