{"histogram": {"x": [800.0, 820.0, 840.0, 860.0, 880.0, 900.0, 920.0, 940.0, 960.0, 980.0, 1000.0, 1020.0, 1040.0, 1060.0, 1080.0, 1100.0, 1120.0, 1140.0, 1160.0, 1180.0, 1200.0, 1220.0, 1240.0, 1260.0, 1280.0, 1300.0, 1320.0, 1340.0, 1360.0, 1380.0, 1400.0, 1420.0], "y": [2, 0, 2, 0, 0, 1, 1, 0, 0, 0, 1, 2, 2, 0, 3, 5, 5, 2, 3, 5, 14, 7, 10, 10, 1, 5, 0, 0, 0, 0, 0, 1]}, "percentile": {"x": [801, 813, 849, 858, 912, 936, 1011, 1024, 1034, 1051, 1053, 1083, 1085, 1087, 1104, 1105, 1107, 1119, 1121, 1125, 1128, 1129, 1137, 1145, 1159, 1160, 1164, 1172, 1184, 1185, 1193, 1195, 1199, 1202, 1203, 1204, 1205, 1206, 1210, 1212, 1214, 1215, 1216, 1218, 1221, 1223, 1227, 1231, 1235, 1236, 1237, 1240, 1241, 1245, 1248, 1250, 1251, 1252, 1253, 1257, 1260, 1264, 1265, 1268, 1269, 1271, 1274, 1293, 1300, 1303, 1304, 1305, 1306, 1420], "y": [98.8, 97.6, 96.3, 95.1, 93.9, 92.6, 91.4, 90.2, 88.9, 87.7, 86.5, 85.2, 84.0, 82.8, 81.5, 80.3, 77.8, 76.6, 75.4, 74.1, 72.9, 71.7, 70.4, 69.2, 68.0, 66.7, 65.5, 64.2, 63.0, 61.8, 60.5, 59.3, 58.1, 56.8, 55.6, 54.4, 53.1, 50.7, 49.4, 48.2, 47.0, 45.7, 42.0, 40.8, 39.6, 38.3, 37.1, 35.900000000000006, 34.599999999999994, 33.400000000000006, 32.099999999999994, 30.900000000000006, 29.700000000000003, 27.200000000000003, 26.0, 24.700000000000003, 23.5, 22.299999999999997, 21.0, 19.799999999999997, 18.599999999999994, 17.299999999999997, 13.599999999999994, 12.400000000000006, 9.900000000000006, 8.700000000000003, 7.5, 6.200000000000003, 5.0, 3.799999999999997, 2.5, 1.2999999999999972, 0.0, -1.2000000000000028]}}