{"percentile": {"y": [98.4, 96.8, 95.1, 93.5, 91.9, 90.2, 88.6, 86.9, 85.3, 83.7, 82.0, 78.7, 77.1, 75.5, 73.8, 72.2, 70.5, 68.9, 67.3, 65.6, 64.0, 62.3, 60.7, 59.1, 57.4, 55.8, 54.1, 52.5, 50.9, 49.2, 47.6, 46.0, 44.3, 42.7, 41.0, 39.4, 37.8, 36.1, 31.200000000000003, 27.900000000000006, 26.299999999999997, 24.599999999999994, 21.400000000000006, 19.700000000000003, 18.099999999999994, 16.400000000000006, 14.799999999999997, 13.200000000000003, 9.900000000000006, 8.200000000000003, 6.599999999999994, 5.0, 3.299999999999997, 1.7000000000000028, 0.0, -1.5999999999999943], "x": [701, 772, 853, 862, 867, 885, 900, 962, 971, 974, 976, 986, 988, 995, 1011, 1017, 1020, 1022, 1034, 1040, 1066, 1075, 1083, 1096, 1103, 1106, 1115, 1138, 1142, 1155, 1159, 1164, 1199, 1201, 1202, 1203, 1204, 1205, 1206, 1207, 1210, 1211, 1215, 1220, 1222, 1227, 1228, 1230, 1235, 1239, 1244, 1252, 1259, 1275, 1279, 1282]}, "histogram": {"y": [1, 0, 0, 1, 0, 0, 0, 1, 2, 1, 1, 0, 0, 4, 4, 2, 3, 1, 2, 2, 3, 1, 3, 1, 1, 14, 8, 3, 2, 1, 0], "x": [720.0, 740.0, 760.0, 780.0, 800.0, 820.0, 840.0, 860.0, 880.0, 900.0, 920.0, 940.0, 960.0, 980.0, 1000.0, 1020.0, 1040.0, 1060.0, 1080.0, 1100.0, 1120.0, 1140.0, 1160.0, 1180.0, 1200.0, 1220.0, 1240.0, 1260.0, 1280.0, 1300.0]}}