{"percentile": {"x": [812, 851, 882, 898, 903, 904, 905, 913, 914, 920, 925, 926, 929, 930, 941, 943, 944, 946, 950, 953, 975, 984, 991, 992, 1000, 1003, 1007, 1010, 1014, 1015, 1017, 1020, 1021, 1023, 1047, 1049, 1050, 1052, 1062, 1067, 1070, 1071, 1072, 1073, 1079, 1082, 1089, 1091, 1098, 1101, 1102, 1105, 1109, 1113, 1115, 1122, 1126, 1129, 1132, 1134, 1137, 1143, 1146, 1149, 1154, 1155, 1160, 1161, 1168, 1169, 1171, 1172, 1173, 1175, 1177, 1179, 1181, 1185, 1186, 1192, 1194, 1197, 1201, 1202, 1204, 1205, 1206, 1208, 1210, 1211, 1212, 1213, 1214, 1215, 1216, 1217, 1220, 1223, 1224, 1226, 1227, 1229, 1231, 1233, 1234, 1235, 1237, 1238, 1240, 1241, 1242, 1246, 1247, 1252, 1254, 1257, 1258, 1260, 1261, 1265, 1266, 1267, 1268, 1270, 1274, 1275, 1276, 1277, 1278, 1320, 1330], "y": [99.5, 98.9, 98.3, 97.7, 97.1, 96.5, 95.9, 95.3, 94.8, 94.2, 93.6, 93.0, 92.4, 91.8, 91.2, 90.6, 90.0, 89.5, 88.9, 88.3, 87.7, 87.1, 86.5, 85.9, 85.3, 84.8, 84.2, 83.6, 83.0, 82.4, 81.8, 81.2, 80.6, 80.0, 79.5, 78.9, 78.3, 77.7, 77.1, 76.5, 75.9, 75.3, 74.8, 74.2, 73.6, 73.0, 72.4, 71.8, 71.2, 70.6, 70.0, 69.5, 68.9, 67.7, 67.1, 66.5, 65.9, 64.8, 64.2, 63.6, 63.0, 62.4, 61.2, 60.6, 60.0, 59.5, 58.9, 58.3, 57.1, 56.5, 55.9, 55.3, 54.8, 53.6, 52.4, 51.8, 51.2, 50.6, 50.0, 49.5, 48.3, 47.7, 47.1, 46.5, 45.9, 44.2, 42.4, 41.2, 40.0, 35.3, 34.8, 32.400000000000006, 31.200000000000003, 29.5, 28.900000000000006, 27.700000000000003, 25.900000000000006, 25.299999999999997, 24.799999999999997, 23.599999999999994, 23.0, 22.400000000000006, 21.799999999999997, 21.200000000000003, 20.599999999999994, 18.900000000000006, 17.700000000000003, 15.900000000000006, 14.799999999999997, 14.200000000000003, 13.599999999999994, 13.0, 12.400000000000006, 11.799999999999997, 11.200000000000003, 10.599999999999994, 9.5, 8.900000000000006, 8.299999999999997, 6.5, 5.900000000000006, 5.299999999999997, 4.799999999999997, 4.200000000000003, 3.5999999999999943, 3.0, 2.4000000000000057, 1.2000000000000028, 0.5999999999999943, 0.0, -0.5]}, "histogram": {"x": [800.0, 820.0, 840.0, 860.0, 880.0, 900.0, 920.0, 940.0, 960.0, 980.0, 1000.0, 1020.0, 1040.0, 1060.0, 1080.0, 1100.0, 1120.0, 1140.0, 1160.0, 1180.0, 1200.0, 1220.0, 1240.0, 1260.0, 1280.0, 1300.0, 1320.0], "y": [1, 0, 1, 0, 2, 5, 5, 6, 1, 3, 7, 3, 4, 7, 4, 7, 7, 6, 13, 7, 34, 20, 11, 15, 0, 0, 2]}}