{"percentile": {"x": [1478, 1502, 1513, 1521, 1524, 1525, 1536, 1539, 1549, 1550, 1552, 1560, 1561, 1562, 1563, 1564, 1566, 1570, 1572, 1573, 1574, 1575, 1576, 1585, 1586, 1587, 1588, 1589, 1590, 1591, 1592, 1593, 1594, 1596, 1597, 1598, 1599, 1600, 1601, 1602, 1603, 1604, 1605, 1606, 1607, 1608, 1609, 1610, 1611, 1612, 1613, 1614, 1615, 1616, 1617, 1618, 1619, 1620, 1621, 1622, 1623, 1624, 1625, 1626, 1627, 1628, 1629, 1630, 1631, 1632, 1633, 1635, 1636, 1637, 1639, 1640, 1641, 1642, 1643, 1644, 1645, 1646, 1649, 1650, 1651, 1652, 1653, 1654, 1655], "y": [99.7, 99.6, 99.4, 99.3, 99.1, 99.0, 98.8, 98.4, 98.1, 97.8, 97.2, 97.0, 96.5, 95.8, 95.5, 95.3, 95.2, 95.0, 94.9, 94.1, 92.7, 91.7, 84.0, 83.3, 83.0, 81.0, 79.2, 77.3, 76.9, 76.1, 75.5, 75.0, 74.7, 73.5, 71.8, 69.4, 67.6, 65.4, 61.6, 61.2, 60.3, 59.5, 58.9, 58.0, 57.7, 56.6, 54.3, 52.0, 48.4, 44.9, 22.900000000000006, 21.799999999999997, 19.900000000000006, 18.599999999999994, 17.299999999999997, 16.099999999999994, 15.299999999999997, 13.5, 12.700000000000003, 11.900000000000006, 11.5, 10.099999999999994, 9.700000000000003, 9.5, 8.900000000000006, 8.700000000000003, 8.299999999999997, 7.799999999999997, 7.700000000000003, 6.799999999999997, 6.599999999999994, 6.099999999999994, 6.0, 5.5, 4.900000000000006, 4.799999999999997, 4.599999999999994, 4.200000000000003, 3.9000000000000057, 3.5999999999999943, 3.4000000000000057, 3.0999999999999943, 2.5999999999999943, 1.0, 0.7999999999999972, 0.5, 0.20000000000000284, 0.0, -0.09999999999999432]}, "histogram": {"x": [1494.0, 1512.0, 1530.0, 1548.0, 1566.0, 1584.0, 1602.0, 1620.0, 1638.0, 1656.0], "y": [2, 1, 4, 4, 20, 74, 147, 304, 64, 37, 0]}}