{"percentile": {"y": [99.3, 98.5, 97.7, 96.2, 91.5, 90.7, 90.0, 89.2, 86.9, 86.1, 84.5, 83.0, 80.7, 79.9, 79.1, 78.3, 77.6, 76.8, 76.0, 74.5, 72.1, 66.7, 65.9, 65.2, 63.6, 62.1, 61.3, 60.5, 57.4, 56.6, 53.5, 50.4, 45.0, 44.2, 42.7, 40.4, 39.6, 34.2, 32.599999999999994, 31.099999999999994, 27.200000000000003, 26.400000000000006, 25.599999999999994, 24.099999999999994, 21.799999999999997, 21.0, 19.400000000000006, 18.700000000000003, 14.0, 5.5, 4.700000000000003, 3.200000000000003, 2.4000000000000057, 0.7999999999999972, 0.0, -0.7000000000000028], "x": [283, 478, 480, 1501, 1502, 1514, 1515, 1525, 1539, 1549, 1550, 1551, 1552, 1553, 1555, 1556, 1558, 1560, 1561, 1562, 1563, 1564, 1566, 1572, 1575, 1576, 1581, 1583, 1585, 1586, 1587, 1588, 1589, 1590, 1591, 1592, 1595, 1597, 1598, 1599, 1600, 1601, 1604, 1607, 1608, 1609, 1610, 1611, 1612, 1613, 1615, 1620, 1623, 1624, 1635, 1639]}, "histogram": {"y": [1, 0, 0, 0, 0, 0, 0, 0, 0, 0, 0, 0, 0, 0, 0, 0, 0, 0, 0, 0, 0, 0, 0, 0, 1, 1, 0, 0, 0, 0, 0, 0, 0, 0, 0, 0, 0, 0, 0, 0, 0, 0, 0, 0, 0, 0, 0, 0, 0, 0, 0, 0, 0, 0, 0, 0, 0, 0, 0, 0, 0, 0, 0, 0, 0, 0, 0, 0, 0, 0, 0, 0, 0, 0, 0, 0, 0, 0, 0, 0, 0, 0, 0, 0, 0, 0, 0, 0, 0, 0, 0, 0, 0, 0, 0, 0, 0, 0, 0, 0, 0, 0, 0, 0, 0, 0, 0, 0, 0, 0, 0, 0, 0, 0, 0, 0, 0, 0, 0, 0, 0, 0, 0, 0, 0, 0, 0, 0, 0, 0, 0, 0, 0, 0, 0, 0, 0, 0, 0, 0, 0, 0, 0, 0, 0, 0, 0, 0, 0, 0, 0, 0, 8, 0, 2, 1, 0, 3, 5, 7, 15, 3, 4, 23, 15, 9, 25, 3, 2, 2, 0], "x": [280.0, 288.0, 296.0, 304.0, 312.0, 320.0, 328.0, 336.0, 344.0, 352.0, 360.0, 368.0, 376.0, 384.0, 392.0, 400.0, 408.0, 416.0, 424.0, 432.0, 440.0, 448.0, 456.0, 464.0, 472.0, 480.0, 488.0, 496.0, 504.0, 512.0, 520.0, 528.0, 536.0, 544.0, 552.0, 560.0, 568.0, 576.0, 584.0, 592.0, 600.0, 608.0, 616.0, 624.0, 632.0, 640.0, 648.0, 656.0, 664.0, 672.0, 680.0, 688.0, 696.0, 704.0, 712.0, 720.0, 728.0, 736.0, 744.0, 752.0, 760.0, 768.0, 776.0, 784.0, 792.0, 800.0, 808.0, 816.0, 824.0, 832.0, 840.0, 848.0, 856.0, 864.0, 872.0, 880.0, 888.0, 896.0, 904.0, 912.0, 920.0, 928.0, 936.0, 944.0, 952.0, 960.0, 968.0, 976.0, 984.0, 992.0, 1000.0, 1008.0, 1016.0, 1024.0, 1032.0, 1040.0, 1048.0, 1056.0, 1064.0, 1072.0, 1080.0, 1088.0, 1096.0, 1104.0, 1112.0, 1120.0, 1128.0, 1136.0, 1144.0, 1152.0, 1160.0, 1168.0, 1176.0, 1184.0, 1192.0, 1200.0, 1208.0, 1216.0, 1224.0, 1232.0, 1240.0, 1248.0, 1256.0, 1264.0, 1272.0, 1280.0, 1288.0, 1296.0, 1304.0, 1312.0, 1320.0, 1328.0, 1336.0, 1344.0, 1352.0, 1360.0, 1368.0, 1376.0, 1384.0, 1392.0, 1400.0, 1408.0, 1416.0, 1424.0, 1432.0, 1440.0, 1448.0, 1456.0, 1464.0, 1472.0, 1480.0, 1488.0, 1496.0, 1504.0, 1512.0, 1520.0, 1528.0, 1536.0, 1544.0, 1552.0, 1560.0, 1568.0, 1576.0, 1584.0, 1592.0, 1600.0, 1608.0, 1616.0, 1624.0, 1632.0, 1640.0]}}