{"histogram": {"x": [1476.0, 1494.0, 1512.0, 1530.0, 1548.0, 1566.0, 1584.0, 1602.0, 1620.0, 1638.0, 1656.0], "y": [1, 2, 1, 9, 5, 24, 2, 18, 7, 1, 2, 0]}, "percentile": {"x": [1465, 1488, 1489, 1502, 1513, 1515, 1524, 1525, 1526, 1527, 1537, 1538, 1539, 1549, 1551, 1552, 1556, 1560, 1561, 1562, 1564, 1572, 1581, 1585, 1586, 1587, 1588, 1589, 1592, 1596, 1598, 1600, 1601, 1608, 1610, 1611, 1613, 1614, 1620, 1650], "y": [98.6, 97.2, 95.8, 94.4, 93.0, 88.8, 87.4, 84.6, 83.1, 81.7, 78.9, 76.1, 74.7, 69.1, 66.2, 63.4, 62.0, 57.8, 52.2, 43.7, 40.9, 39.5, 38.1, 36.7, 32.400000000000006, 31.0, 28.200000000000003, 25.400000000000006, 24.0, 18.400000000000006, 17.0, 14.099999999999994, 12.700000000000003, 9.900000000000006, 8.5, 7.099999999999994, 4.299999999999997, 2.9000000000000057, 1.5, -1.4000000000000057]}}