{"histogram": {"x": [1400.0, 1408.0, 1416.0, 1424.0, 1432.0, 1440.0, 1448.0, 1456.0, 1464.0, 1472.0, 1480.0, 1488.0, 1496.0, 1504.0, 1512.0, 1520.0, 1528.0, 1536.0, 1544.0, 1552.0, 1560.0, 1568.0, 1576.0, 1584.0, 1592.0, 1600.0, 1608.0, 1616.0, 1624.0, 1632.0, 1640.0, 1648.0, 1656.0], "y": [1, 0, 0, 0, 0, 0, 2, 0, 3, 1, 1, 4, 9, 0, 7, 10, 1, 13, 13, 12, 35, 36, 17, 47, 60, 66, 267, 33, 29, 14, 13, 7, 0]}, "percentile": {"x": [1402, 1453, 1465, 1477, 1486, 1488, 1490, 1499, 1501, 1502, 1513, 1514, 1515, 1523, 1524, 1525, 1526, 1527, 1534, 1537, 1538, 1539, 1547, 1549, 1550, 1551, 1552, 1554, 1555, 1556, 1558, 1559, 1560, 1561, 1562, 1563, 1564, 1565, 1566, 1567, 1568, 1569, 1572, 1573, 1574, 1575, 1576, 1584, 1585, 1586, 1587, 1588, 1589, 1590, 1591, 1592, 1594, 1596, 1597, 1598, 1599, 1600, 1601, 1602, 1603, 1604, 1605, 1606, 1607, 1608, 1609, 1610, 1611, 1612, 1613, 1614, 1615, 1616, 1617, 1618, 1619, 1620, 1621, 1622, 1623, 1624, 1625, 1626, 1627, 1628, 1629, 1630, 1631, 1633, 1634, 1635, 1636, 1637, 1639, 1640, 1641, 1643, 1644, 1645, 1648, 1650, 1655], "y": [99.9, 99.6, 99.2, 99.0, 98.9, 98.8, 98.3, 98.2, 97.9, 97.0, 96.8, 96.5, 96.0, 95.9, 95.6, 95.5, 95.3, 94.6, 94.5, 93.9, 93.8, 92.6, 92.5, 91.8, 91.2, 90.8, 89.8, 89.6, 89.5, 89.3, 89.2, 89.0, 88.6, 87.8, 86.6, 85.5, 84.6, 84.3, 84.2, 84.0, 83.8, 83.6, 83.0, 81.9, 79.9, 78.9, 76.5, 76.3, 75.2, 73.9, 73.3, 72.0, 70.5, 70.3, 69.8, 69.0, 68.3, 66.8, 65.5, 63.9, 61.2, 57.9, 56.0, 55.0, 53.8, 53.3, 52.9, 52.0, 51.8, 49.9, 48.5, 45.8, 43.6, 37.6, 14.299999999999997, 13.900000000000006, 13.599999999999994, 12.799999999999997, 11.900000000000006, 11.799999999999997, 11.0, 10.200000000000003, 9.599999999999994, 9.0, 8.900000000000006, 8.5, 8.200000000000003, 7.599999999999994, 6.900000000000006, 6.799999999999997, 6.0, 5.299999999999997, 4.799999999999997, 4.5, 3.799999999999997, 3.5999999999999943, 3.5, 2.9000000000000057, 2.799999999999997, 2.200000000000003, 1.9000000000000057, 1.5, 1.0, 0.9000000000000057, 0.7999999999999972, 0.29999999999999716, -0.09999999999999432]}}