{"percentile": {"x": [1563, 1564, 1573, 1575, 1576, 1586, 1587, 1588, 1589, 1590, 1592, 1595, 1596, 1597, 1598, 1599, 1600, 1601, 1602, 1603, 1604, 1607, 1608, 1609, 1610, 1611, 1612, 1613, 1614, 1615, 1616, 1617, 1618, 1619, 1620, 1621, 1622, 1623, 1624, 1625, 1626, 1627, 1629, 1631, 1632, 1633, 1635, 1638, 1639, 1640, 1641, 1642, 1643, 1646, 1648, 1649, 1650, 1652, 1653, 1654, 1655], "y": [99.6, 99.1, 98.7, 97.7, 94.5, 94.0, 92.6, 91.7, 91.3, 90.8, 89.9, 89.4, 88.5, 85.7, 83.8, 82.0, 80.6, 78.3, 77.8, 77.4, 76.9, 75.5, 75.0, 72.7, 70.4, 66.7, 63.0, 32.0, 30.099999999999994, 29.200000000000003, 27.799999999999997, 26.400000000000006, 26.0, 24.599999999999994, 23.200000000000003, 22.700000000000003, 20.400000000000006, 18.599999999999994, 18.099999999999994, 16.700000000000003, 15.299999999999997, 14.400000000000006, 13.900000000000006, 13.5, 12.5, 11.200000000000003, 10.700000000000003, 10.200000000000003, 9.799999999999997, 8.799999999999997, 8.400000000000006, 7.900000000000006, 7.5, 7.0, 6.5, 6.099999999999994, 2.799999999999997, 2.4000000000000057, 1.0, 0.0, -0.4000000000000057]}, "histogram": {"x": [1566.0, 1584.0, 1602.0, 1620.0, 1638.0, 1656.0], "y": [2, 10, 35, 116, 30, 24, 0]}}