{"histogram": {"x": [1062.0, 1080.0, 1098.0, 1116.0, 1134.0, 1152.0, 1170.0, 1188.0, 1206.0, 1224.0, 1242.0, 1260.0, 1278.0, 1296.0, 1314.0, 1332.0, 1350.0, 1368.0, 1386.0, 1404.0, 1422.0, 1440.0, 1458.0, 1476.0, 1494.0, 1512.0, 1530.0, 1548.0, 1566.0, 1584.0, 1602.0, 1620.0, 1638.0, 1656.0], "y": [1, 0, 1, 0, 1, 0, 0, 0, 0, 0, 0, 0, 0, 1, 0, 0, 2, 0, 0, 0, 2, 1, 2, 11, 14, 9, 48, 20, 73, 15, 54, 21, 0, 5, 0]}, "percentile": {"x": [1052, 1086, 1122, 1286, 1340, 1349, 1406, 1418, 1429, 1441, 1453, 1465, 1475, 1477, 1478, 1489, 1490, 1498, 1501, 1502, 1513, 1514, 1515, 1516, 1519, 1521, 1522, 1524, 1525, 1526, 1527, 1528, 1532, 1535, 1536, 1537, 1538, 1539, 1548, 1549, 1550, 1551, 1552, 1553, 1556, 1557, 1558, 1559, 1560, 1561, 1562, 1563, 1564, 1565, 1572, 1573, 1574, 1575, 1576, 1584, 1585, 1586, 1587, 1588, 1589, 1591, 1592, 1594, 1596, 1597, 1598, 1599, 1601, 1603, 1605, 1608, 1609, 1610, 1611, 1612, 1613, 1615, 1617, 1619, 1649, 1650], "y": [99.7, 99.3, 99.0, 98.6, 98.3, 97.9, 97.5, 97.2, 96.8, 96.5, 96.1, 92.5, 92.2, 91.5, 89.7, 88.6, 87.2, 86.8, 85.4, 84.0, 81.8, 80.4, 79.3, 79.0, 78.6, 77.9, 77.5, 75.8, 72.5, 70.0, 67.2, 66.8, 66.5, 65.8, 65.0, 63.6, 62.5, 59.7, 59.0, 56.1, 53.3, 51.8, 50.0, 49.3, 49.0, 48.3, 47.9, 47.5, 45.0, 43.6, 40.0, 35.8, 34.0, 33.599999999999994, 32.2, 30.400000000000006, 30.0, 29.299999999999997, 28.299999999999997, 27.900000000000006, 26.5, 26.099999999999994, 22.5, 19.700000000000003, 17.900000000000006, 17.5, 17.200000000000003, 16.799999999999997, 14.700000000000003, 14.0, 11.799999999999997, 10.400000000000006, 9.0, 8.599999999999994, 8.299999999999997, 7.900000000000006, 7.5, 6.099999999999994, 4.700000000000003, 4.0, 2.5, 2.200000000000003, 1.7999999999999972, 1.5, 1.0999999999999943, -0.29999999999999716]}}