{"percentile": {"y": [96.5, 92.9, 89.3, 85.8, 82.2, 78.6, 75.0, 67.9, 53.6, 21.5, 17.900000000000006, 14.299999999999997, 10.799999999999997, 7.200000000000003, 3.5999999999999943, 0.0, -3.5], "x": [1573, 1575, 1596, 1600, 1605, 1608, 1609, 1611, 1612, 1613, 1614, 1615, 1616, 1621, 1622, 1624, 1634]}, "histogram": {"y": [2, 0, 0, 1, 2, 19, 3, 1, 1], "x": [1568.0, 1576.0, 1584.0, 1592.0, 1600.0, 1608.0, 1616.0, 1624.0, 1632.0]}}