{"percentile": {"y": [99.7, 99.3, 98.5, 98.1, 97.8, 97.4, 96.6, 96.2, 95.9, 95.1, 94.7, 88.6, 87.5, 87.1, 86.0, 84.5, 82.2, 81.0, 80.7, 79.9, 79.5, 78.8, 78.0, 74.6, 71.9, 70.8, 68.9, 63.2, 62.0, 61.3, 60.9, 60.5, 57.8, 54.8, 51.4, 43.8, 22.5, 21.700000000000003, 21.0, 20.200000000000003, 19.400000000000006, 19.099999999999994, 17.900000000000006, 16.799999999999997, 15.299999999999997, 14.099999999999994, 13.400000000000006, 13.0, 11.799999999999997, 11.099999999999994, 10.299999999999997, 8.799999999999997, 8.400000000000006, 7.700000000000003, 7.299999999999997, 6.900000000000006, 6.5, 6.099999999999994, 0.0, -0.29999999999999716], "x": [1538, 1539, 1552, 1559, 1562, 1563, 1564, 1572, 1573, 1574, 1575, 1576, 1585, 1586, 1587, 1588, 1589, 1590, 1592, 1593, 1594, 1595, 1596, 1597, 1598, 1599, 1600, 1601, 1603, 1605, 1607, 1608, 1609, 1610, 1611, 1612, 1613, 1614, 1615, 1617, 1619, 1620, 1621, 1622, 1623, 1624, 1626, 1627, 1632, 1634, 1635, 1636, 1637, 1638, 1643, 1644, 1645, 1649, 1650, 1655]}, "histogram": {"y": [2, 0, 3, 4, 5, 16, 20, 27, 26, 105, 15, 6, 14, 3, 18, 0], "x": [1536.0, 1544.0, 1552.0, 1560.0, 1568.0, 1576.0, 1584.0, 1592.0, 1600.0, 1608.0, 1616.0, 1624.0, 1632.0, 1640.0, 1648.0, 1656.0]}}