{"percentile": {"x": [799, 848, 890, 955, 1036, 1216, 1217, 1239, 1269, 1276, 1284, 1289, 1295, 1299, 1307, 1326, 1373, 1390, 1391, 1441, 1453, 1456, 1465, 1477, 1478, 1479, 1486, 1489, 1490, 1492, 1500, 1501, 1502, 1504, 1512, 1513, 1514, 1515, 1516, 1518, 1520, 1524, 1525, 1526, 1527, 1528, 1530, 1535, 1536, 1537, 1538, 1539, 1540, 1541, 1548, 1549, 1550, 1551, 1552, 1555, 1556, 1557, 1558, 1560, 1561, 1562, 1563, 1564, 1567, 1568, 1572, 1573, 1574, 1575, 1576, 1585, 1586, 1587, 1588, 1589, 1590, 1592, 1593, 1594, 1595, 1596, 1597, 1598, 1599, 1600, 1601, 1602, 1603, 1604, 1605, 1606, 1608, 1609, 1610, 1611, 1612, 1613, 1614, 1617, 1618, 1620, 1621, 1623, 1626, 1634, 1649, 1650, 1655], "y": [99.8, 99.6, 99.4, 99.1, 98.9, 98.7, 98.4, 98.2, 98.0, 97.8, 97.5, 97.3, 97.1, 96.8, 96.6, 96.4, 96.1, 95.9, 95.7, 95.5, 94.3, 94.1, 92.7, 92.2, 91.5, 91.3, 91.1, 89.9, 89.5, 89.2, 89.0, 87.6, 80.7, 80.5, 80.3, 78.7, 76.4, 73.6, 73.4, 72.9, 72.7, 72.5, 71.1, 70.9, 68.6, 68.3, 68.1, 67.9, 67.4, 66.9, 66.3, 65.1, 64.9, 64.6, 64.4, 61.9, 58.9, 56.6, 53.2, 52.9, 52.5, 52.0, 51.8, 49.9, 48.3, 46.5, 45.1, 44.2, 44.0, 43.7, 43.3, 43.0, 42.3, 42.1, 41.2, 38.2, 36.4, 32.5, 29.900000000000006, 27.900000000000006, 27.400000000000006, 27.200000000000003, 26.5, 25.799999999999997, 25.599999999999994, 23.299999999999997, 21.200000000000003, 19.799999999999997, 18.400000000000006, 18.0, 15.200000000000003, 14.799999999999997, 14.099999999999994, 13.599999999999994, 13.400000000000006, 12.900000000000006, 12.0, 11.799999999999997, 9.900000000000006, 8.299999999999997, 6.900000000000006, 4.0, 3.299999999999997, 3.0, 2.799999999999997, 2.0999999999999943, 1.9000000000000057, 1.7000000000000028, 1.4000000000000057, 1.2000000000000028, 1.0, 0.0, -0.20000000000000284]}, "histogram": {"x": [792.0, 800.0, 808.0, 816.0, 824.0, 832.0, 840.0, 848.0, 856.0, 864.0, 872.0, 880.0, 888.0, 896.0, 904.0, 912.0, 920.0, 928.0, 936.0, 944.0, 952.0, 960.0, 968.0, 976.0, 984.0, 992.0, 1000.0, 1008.0, 1016.0, 1024.0, 1032.0, 1040.0, 1048.0, 1056.0, 1064.0, 1072.0, 1080.0, 1088.0, 1096.0, 1104.0, 1112.0, 1120.0, 1128.0, 1136.0, 1144.0, 1152.0, 1160.0, 1168.0, 1176.0, 1184.0, 1192.0, 1200.0, 1208.0, 1216.0, 1224.0, 1232.0, 1240.0, 1248.0, 1256.0, 1264.0, 1272.0, 1280.0, 1288.0, 1296.0, 1304.0, 1312.0, 1320.0, 1328.0, 1336.0, 1344.0, 1352.0, 1360.0, 1368.0, 1376.0, 1384.0, 1392.0, 1400.0, 1408.0, 1416.0, 1424.0, 1432.0, 1440.0, 1448.0, 1456.0, 1464.0, 1472.0, 1480.0, 1488.0, 1496.0, 1504.0, 1512.0, 1520.0, 1528.0, 1536.0, 1544.0, 1552.0, 1560.0, 1568.0, 1576.0, 1584.0, 1592.0, 1600.0, 1608.0, 1616.0, 1624.0, 1632.0, 1640.0, 1648.0, 1656.0], "y": [1, 0, 0, 0, 0, 0, 0, 1, 0, 0, 0, 0, 1, 0, 0, 0, 0, 0, 0, 0, 1, 0, 0, 0, 0, 0, 0, 0, 0, 0, 1, 0, 0, 0, 0, 0, 0, 0, 0, 0, 0, 0, 0, 0, 0, 0, 0, 0, 0, 0, 0, 0, 0, 2, 0, 1, 0, 0, 0, 1, 1, 1, 2, 1, 1, 0, 1, 0, 0, 0, 0, 0, 1, 0, 2, 0, 0, 0, 0, 0, 0, 1, 5, 1, 6, 6, 1, 8, 37, 1, 33, 19, 3, 14, 35, 21, 34, 8, 4, 60, 39, 24, 42, 7, 1, 1, 0, 6, 0]}}