{"histogram": {"x": [1476.0, 1494.0, 1512.0, 1530.0, 1548.0, 1566.0, 1584.0, 1602.0, 1620.0, 1638.0, 1656.0], "y": [1, 0, 0, 3, 1, 8, 3, 12, 13, 6, 3, 0]}, "percentile": {"x": [1465, 1513, 1525, 1527, 1537, 1551, 1553, 1558, 1562, 1564, 1574, 1576, 1585, 1587, 1588, 1594, 1595, 1597, 1599, 1609, 1611, 1612, 1613, 1614, 1620, 1623, 1624, 1626, 1649, 1650, 1655], "y": [98.0, 96.0, 93.9, 91.9, 89.8, 87.8, 85.8, 83.7, 79.6, 73.5, 69.4, 67.4, 65.4, 63.3, 55.2, 53.1, 49.0, 44.9, 42.9, 36.8, 34.7, 24.5, 18.400000000000006, 16.400000000000006, 10.299999999999997, 8.200000000000003, 6.200000000000003, 4.099999999999994, 2.0999999999999943, 0.0, -2.0]}}