{"percentile": {"x": [1334, 1478, 1501, 1502, 1504, 1514, 1515, 1520, 1523, 1526, 1527, 1537, 1539, 1548, 1549, 1550, 1551, 1552, 1555, 1557, 1558, 1560, 1562, 1563, 1564, 1567, 1575, 1576, 1585, 1586, 1587, 1588, 1589, 1595, 1596, 1597, 1598, 1599, 1601, 1602, 1608, 1611, 1613, 1620, 1621, 1650], "y": [99.0, 98.0, 95.9, 91.8, 90.8, 89.7, 87.7, 86.6, 84.6, 82.5, 80.5, 79.4, 76.3, 73.2, 72.2, 70.2, 67.1, 66.0, 65.0, 64.0, 62.9, 60.9, 58.8, 53.7, 51.6, 50.6, 49.5, 47.5, 42.3, 39.2, 36.1, 33.0, 29.900000000000006, 27.900000000000006, 23.799999999999997, 21.700000000000003, 19.599999999999994, 18.599999999999994, 15.5, 13.5, 11.400000000000006, 10.400000000000006, 2.0999999999999943, 1.0999999999999943, 0.0, -1.0]}, "histogram": {"x": [1328.0, 1336.0, 1344.0, 1352.0, 1360.0, 1368.0, 1376.0, 1384.0, 1392.0, 1400.0, 1408.0, 1416.0, 1424.0, 1432.0, 1440.0, 1448.0, 1456.0, 1464.0, 1472.0, 1480.0, 1488.0, 1496.0, 1504.0, 1512.0, 1520.0, 1528.0, 1536.0, 1544.0, 1552.0, 1560.0, 1568.0, 1576.0, 1584.0, 1592.0, 1600.0, 1608.0, 1616.0, 1624.0, 1632.0, 1640.0, 1648.0], "y": [1, 0, 0, 0, 0, 0, 0, 0, 0, 0, 0, 0, 0, 0, 0, 0, 0, 0, 1, 0, 0, 6, 1, 3, 7, 0, 4, 9, 4, 12, 1, 2, 17, 11, 5, 11, 2, 0, 0, 0, 1]}}