{"histogram": {"x": [1376.0, 1384.0, 1392.0, 1400.0, 1408.0, 1416.0, 1424.0, 1432.0, 1440.0, 1448.0, 1456.0, 1464.0, 1472.0, 1480.0, 1488.0, 1496.0, 1504.0, 1512.0, 1520.0, 1528.0, 1536.0, 1544.0, 1552.0, 1560.0, 1568.0, 1576.0, 1584.0, 1592.0, 1600.0, 1608.0, 1616.0, 1624.0, 1632.0, 1640.0, 1648.0, 1656.0], "y": [1, 0, 0, 0, 0, 0, 0, 0, 0, 1, 0, 2, 0, 0, 3, 27, 0, 19, 20, 2, 13, 24, 11, 32, 12, 8, 51, 50, 35, 98, 8, 3, 9, 0, 17, 0]}, "percentile": {"x": [1376, 1453, 1465, 1489, 1490, 1500, 1501, 1502, 1512, 1513, 1514, 1515, 1521, 1522, 1524, 1525, 1526, 1527, 1528, 1530, 1536, 1537, 1539, 1549, 1550, 1551, 1552, 1553, 1556, 1557, 1560, 1561, 1562, 1563, 1564, 1572, 1573, 1574, 1575, 1576, 1580, 1585, 1586, 1587, 1588, 1589, 1590, 1592, 1593, 1594, 1595, 1596, 1597, 1598, 1599, 1600, 1601, 1604, 1608, 1609, 1610, 1611, 1612, 1613, 1614, 1617, 1620, 1623, 1624, 1626, 1633, 1634, 1636, 1637, 1638, 1648, 1649, 1650, 1655], "y": [99.8, 99.6, 99.2, 98.9, 98.5, 98.3, 97.4, 92.4, 92.0, 91.1, 89.3, 88.1, 87.9, 87.7, 87.2, 85.9, 84.8, 83.6, 83.4, 83.2, 82.7, 82.1, 80.3, 78.5, 76.5, 74.9, 73.1, 72.9, 72.6, 72.4, 71.5, 69.9, 68.1, 66.3, 65.2, 64.8, 63.6, 62.7, 62.5, 60.9, 60.7, 59.2, 56.2, 53.3, 51.3, 49.5, 49.3, 49.0, 48.8, 48.6, 48.4, 45.2, 42.3, 40.0, 38.0, 34.2, 30.599999999999994, 30.200000000000003, 28.599999999999994, 27.700000000000003, 25.700000000000003, 23.200000000000003, 19.599999999999994, 9.0, 8.099999999999994, 7.700000000000003, 6.799999999999997, 6.299999999999997, 6.099999999999994, 5.700000000000003, 5.400000000000006, 4.799999999999997, 4.299999999999997, 3.9000000000000057, 3.5999999999999943, 3.4000000000000057, 2.700000000000003, 0.29999999999999716, -0.20000000000000284]}}