{"percentile": {"x": [1564, 1573, 1576, 1599, 1600, 1601, 1608, 1610, 1612, 1613], "y": [85.8, 78.6, 71.5, 64.3, 57.2, 50.0, 35.8, 28.599999999999994, 14.299999999999997, -7.099999999999994]}, "histogram": {"x": [1560.0, 1568.0, 1576.0, 1584.0, 1592.0, 1600.0, 1608.0, 1616.0], "y": [2, 1, 1, 0, 1, 2, 8, 0]}}