{"percentile": {"x": [1465, 1477, 1501, 1502, 1515, 1537, 1539, 1541, 1551, 1552, 1553, 1555, 1562, 1563, 1576, 1585, 1587, 1589, 1597, 1598, 1599, 1600, 1605, 1612, 1613], "y": [97.4, 94.8, 92.2, 89.5, 84.3, 81.6, 73.7, 71.1, 65.8, 63.2, 60.6, 57.9, 55.3, 52.7, 47.4, 44.8, 42.2, 34.3, 29.0, 23.700000000000003, 18.5, 13.200000000000003, 10.599999999999994, 5.299999999999997, -2.5999999999999943]}, "histogram": {"x": [1476.0, 1494.0, 1512.0, 1530.0, 1548.0, 1566.0, 1584.0, 1602.0, 1620.0], "y": [1, 1, 2, 2, 5, 7, 2, 13, 6, 0]}}