{"percentile": {"x": [1441, 1551, 1560, 1564, 1572, 1573, 1574, 1575, 1576, 1585, 1588, 1589, 1595, 1597, 1598, 1599, 1602, 1611, 1613, 1614, 1620, 1621, 1623, 1637, 1646, 1647, 1649, 1650], "y": [98.0, 95.9, 93.8, 89.6, 87.5, 85.5, 83.4, 81.3, 77.1, 75.0, 73.0, 70.9, 68.8, 64.6, 62.5, 58.4, 56.3, 54.2, 25.0, 23.0, 20.900000000000006, 14.599999999999994, 12.5, 8.400000000000006, 6.299999999999997, 4.200000000000003, 2.0999999999999943, -2.0]}, "histogram": {"x": [1458.0, 1476.0, 1494.0, 1512.0, 1530.0, 1548.0, 1566.0, 1584.0, 1602.0, 1620.0, 1638.0, 1656.0], "y": [1, 0, 0, 0, 0, 0, 4, 6, 9, 17, 7, 5, 0]}}