{"percentile": {"y": [99.0, 98.0, 95.9, 94.8, 93.8, 92.8, 90.7, 89.6, 88.6, 87.5, 86.5, 85.5, 84.4, 83.4, 81.3, 80.3, 77.1, 75.0, 71.9, 70.9, 69.8, 67.8, 66.7, 64.6, 61.5, 55.3, 52.1, 51.1, 50.0, 49.0, 45.9, 44.8, 40.7, 38.6, 34.400000000000006, 33.400000000000006, 32.3, 28.200000000000003, 26.099999999999994, 25.0, 24.0, 17.799999999999997, 7.299999999999997, 6.299999999999997, 5.299999999999997, 4.200000000000003, 2.0999999999999943, 1.0999999999999943, 0.0, -1.0], "x": [1490, 1501, 1502, 1513, 1515, 1524, 1536, 1538, 1549, 1550, 1551, 1552, 1553, 1554, 1558, 1561, 1562, 1563, 1564, 1565, 1573, 1576, 1584, 1585, 1586, 1587, 1588, 1589, 1595, 1596, 1597, 1598, 1599, 1600, 1601, 1605, 1606, 1608, 1609, 1610, 1611, 1612, 1613, 1614, 1617, 1618, 1620, 1621, 1623, 1625]}, "histogram": {"y": [1, 3, 0, 2, 1, 0, 3, 3, 5, 10, 1, 2, 16, 10, 8, 25, 6, 1], "x": [1488.0, 1496.0, 1504.0, 1512.0, 1520.0, 1528.0, 1536.0, 1544.0, 1552.0, 1560.0, 1568.0, 1576.0, 1584.0, 1592.0, 1600.0, 1608.0, 1616.0, 1624.0]}}