{"percentile": {"y": [100.0, 100.0, 99.9, 99.9, 99.8, 99.8, 99.8, 99.7, 99.7, 99.6, 99.6, 99.6, 99.5, 99.5, 99.4, 99.4, 99.4, 99.3, 99.3, 99.2, 99.2, 99.1, 99.1, 99.1, 99.0, 99.0, 98.9, 98.9, 98.9, 98.8, 98.8, 98.7, 98.7, 98.6, 98.6, 98.5, 98.5, 98.5, 98.4, 98.4, 98.3, 98.3, 98.2, 98.2, 98.2, 98.1, 98.1, 98.0, 98.0, 98.0, 97.9, 97.8, 97.8, 97.8, 97.7, 97.6, 97.6, 97.5, 97.5, 97.4, 97.4, 97.3, 97.3, 97.3, 97.2, 97.2, 97.1, 97.1, 97.0, 97.0, 96.9, 96.9, 96.8, 96.8, 96.7, 96.6, 96.6, 96.6, 96.5, 96.5, 96.4, 96.4, 96.3, 96.2, 96.2, 96.2, 96.1, 96.1, 96.0, 96.0, 95.9, 95.8, 95.7, 95.7, 95.6, 95.6, 95.5, 95.5, 95.4, 95.3, 95.3, 95.3, 95.1, 95.1, 95.0, 95.0, 94.9, 94.9, 94.8, 94.8, 94.7, 94.7, 94.6, 94.6, 94.6, 94.5, 94.5, 94.4, 94.4, 94.3, 94.3, 94.3, 94.2, 94.2, 94.1, 94.1, 94.0, 94.0, 93.9, 93.9, 93.8, 93.8, 93.7, 93.7, 93.7, 92.9, 92.9, 92.8, 92.7, 92.7, 92.5, 91.8, 91.7, 91.7, 91.6, 88.8, 88.8, 88.7, 87.8, 86.6, 86.5, 86.4, 86.4, 86.3, 86.3, 86.2, 85.7, 84.6, 83.3, 83.3, 83.2, 83.2, 83.1, 83.0, 82.8, 81.7, 79.6, 79.6, 79.5, 77.5, 75.6, 73.0, 72.7, 72.6, 72.4, 72.2, 72.0, 71.7, 71.5, 71.4, 69.7, 67.6, 65.3, 63.2, 63.1, 63.0, 63.0, 62.8, 62.6, 62.6, 62.3, 61.8, 61.0, 60.1, 58.5, 58.5, 58.4, 58.4, 58.3, 58.3, 58.3, 58.2, 57.7, 55.4, 52.8, 49.8, 47.0, 46.8, 46.3, 46.0, 45.6, 45.2, 44.8, 44.6, 42.4, 40.0, 37.7, 35.599999999999994, 33.599999999999994, 33.5, 33.3, 33.099999999999994, 32.900000000000006, 32.8, 32.0, 31.099999999999994, 30.5, 29.700000000000003, 28.900000000000006, 28.799999999999997, 28.599999999999994, 27.299999999999997, 25.5, 23.299999999999997, 21.299999999999997, 18.700000000000003, 18.400000000000006, 17.900000000000006, 17.599999999999994, 17.5, 17.299999999999997, 17.200000000000003, 15.599999999999994, 14.400000000000006, 13.299999999999997, 11.900000000000006, 10.799999999999997, 9.400000000000006, 9.200000000000003, 9.0, 8.900000000000006, 8.700000000000003, 8.700000000000003, 8.5, 8.0, 7.0, 5.900000000000006, 5.099999999999994, 4.400000000000006, 2.299999999999997, 2.0, 1.9000000000000057, 1.7999999999999972, 1.5999999999999943, 1.2999999999999972, 1.2999999999999972, 1.2000000000000028, 1.2000000000000028, 1.0999999999999943, 1.0, 1.0, 0.9000000000000057, 0.9000000000000057, 0.09999999999999432, 0.0], "x": [535, 806, 816, 851, 857, 879, 893, 913, 915, 918, 925, 938, 954, 960, 963, 964, 976, 998, 1001, 1013, 1018, 1033, 1052, 1059, 1075, 1086, 1090, 1104, 1105, 1106, 1108, 1111, 1118, 1122, 1125, 1131, 1133, 1140, 1147, 1155, 1157, 1159, 1160, 1162, 1166, 1168, 1176, 1181, 1186, 1189, 1192, 1194, 1197, 1215, 1221, 1224, 1226, 1230, 1232, 1238, 1241, 1243, 1244, 1253, 1254, 1255, 1260, 1265, 1266, 1269, 1271, 1278, 1281, 1282, 1286, 1289, 1294, 1296, 1298, 1299, 1302, 1303, 1308, 1312, 1322, 1325, 1327, 1328, 1329, 1330, 1332, 1333, 1340, 1349, 1350, 1351, 1353, 1355, 1356, 1357, 1359, 1361, 1363, 1364, 1365, 1370, 1373, 1375, 1382, 1386, 1390, 1392, 1393, 1394, 1395, 1399, 1401, 1403, 1406, 1407, 1409, 1411, 1415, 1416, 1418, 1420, 1421, 1428, 1429, 1430, 1431, 1432, 1433, 1436, 1439, 1441, 1445, 1446, 1449, 1450, 1452, 1453, 1457, 1460, 1464, 1465, 1475, 1476, 1477, 1478, 1479, 1481, 1482, 1483, 1485, 1486, 1488, 1489, 1490, 1491, 1493, 1494, 1495, 1498, 1500, 1501, 1502, 1508, 1512, 1513, 1514, 1515, 1516, 1517, 1518, 1519, 1520, 1521, 1522, 1523, 1524, 1525, 1526, 1527, 1528, 1529, 1530, 1532, 1533, 1534, 1535, 1536, 1537, 1538, 1539, 1540, 1541, 1542, 1544, 1545, 1546, 1547, 1548, 1549, 1550, 1551, 1552, 1553, 1554, 1555, 1556, 1557, 1558, 1559, 1560, 1561, 1562, 1563, 1564, 1565, 1566, 1567, 1569, 1570, 1572, 1573, 1574, 1575, 1576, 1582, 1584, 1585, 1586, 1587, 1588, 1589, 1590, 1591, 1592, 1593, 1594, 1595, 1596, 1597, 1598, 1599, 1600, 1601, 1602, 1603, 1604, 1605, 1606, 1607, 1608, 1609, 1610, 1611, 1612, 1613, 1614, 1615, 1617, 1619, 1620, 1621, 1622, 1623, 1624, 1635, 1638, 1648, 1649, 1650, 1655]}, "histogram": {"y": [1, 0, 0, 0, 0, 0, 0, 0, 0, 0, 0, 0, 0, 0, 0, 0, 0, 0, 0, 0, 0, 0, 0, 0, 0, 0, 0, 0, 0, 0, 0, 0, 0, 0, 1, 0, 1, 0, 0, 0, 1, 1, 0, 1, 0, 1, 0, 0, 3, 1, 0, 1, 0, 1, 3, 0, 1, 0, 1, 1, 1, 1, 0, 1, 0, 1, 1, 0, 1, 1, 1, 0, 5, 1, 3, 2, 1, 1, 3, 3, 1, 2, 2, 4, 0, 1, 1, 5, 2, 3, 3, 1, 6, 1, 3, 3, 5, 2, 2, 3, 7, 2, 4, 7, 6, 4, 1, 3, 5, 4, 3, 5, 5, 4, 20, 26, 2, 70, 56, 7, 77, 84, 1, 179, 220, 22, 96, 209, 126, 282, 81, 22, 266, 148, 81, 161, 18, 3, 3, 0, 23, 0], "x": [528.0, 536.0, 544.0, 552.0, 560.0, 568.0, 576.0, 584.0, 592.0, 600.0, 608.0, 616.0, 624.0, 632.0, 640.0, 648.0, 656.0, 664.0, 672.0, 680.0, 688.0, 696.0, 704.0, 712.0, 720.0, 728.0, 736.0, 744.0, 752.0, 760.0, 768.0, 776.0, 784.0, 792.0, 800.0, 808.0, 816.0, 824.0, 832.0, 840.0, 848.0, 856.0, 864.0, 872.0, 880.0, 888.0, 896.0, 904.0, 912.0, 920.0, 928.0, 936.0, 944.0, 952.0, 960.0, 968.0, 976.0, 984.0, 992.0, 1000.0, 1008.0, 1016.0, 1024.0, 1032.0, 1040.0, 1048.0, 1056.0, 1064.0, 1072.0, 1080.0, 1088.0, 1096.0, 1104.0, 1112.0, 1120.0, 1128.0, 1136.0, 1144.0, 1152.0, 1160.0, 1168.0, 1176.0, 1184.0, 1192.0, 1200.0, 1208.0, 1216.0, 1224.0, 1232.0, 1240.0, 1248.0, 1256.0, 1264.0, 1272.0, 1280.0, 1288.0, 1296.0, 1304.0, 1312.0, 1320.0, 1328.0, 1336.0, 1344.0, 1352.0, 1360.0, 1368.0, 1376.0, 1384.0, 1392.0, 1400.0, 1408.0, 1416.0, 1424.0, 1432.0, 1440.0, 1448.0, 1456.0, 1464.0, 1472.0, 1480.0, 1488.0, 1496.0, 1504.0, 1512.0, 1520.0, 1528.0, 1536.0, 1544.0, 1552.0, 1560.0, 1568.0, 1576.0, 1584.0, 1592.0, 1600.0, 1608.0, 1616.0, 1624.0, 1632.0, 1640.0, 1648.0, 1656.0]}}