{"percentile": {"y": [98.0, 95.9, 93.8, 89.6, 87.5, 85.5, 83.4, 81.3, 77.1, 75.0, 73.0, 70.9, 68.8, 64.6, 62.5, 58.4, 56.3, 54.2, 25.0, 23.0, 20.900000000000006, 14.599999999999994, 12.5, 8.400000000000006, 6.299999999999997, 4.200000000000003, 2.0999999999999943, -2.0], "x": [1441, 1551, 1560, 1564, 1572, 1573, 1574, 1575, 1576, 1585, 1588, 1589, 1595, 1597, 1598, 1599, 1602, 1611, 1613, 1614, 1620, 1621, 1623, 1637, 1646, 1647, 1649, 1650]}, "histogram": {"y": [1, 0, 0, 0, 0, 0, 0, 0, 0, 0, 0, 0, 0, 1, 0, 3, 4, 2, 3, 6, 1, 16, 5, 0, 2, 2, 3, 0], "x": [1440.0, 1448.0, 1456.0, 1464.0, 1472.0, 1480.0, 1488.0, 1496.0, 1504.0, 1512.0, 1520.0, 1528.0, 1536.0, 1544.0, 1552.0, 1560.0, 1568.0, 1576.0, 1584.0, 1592.0, 1600.0, 1608.0, 1616.0, 1624.0, 1632.0, 1640.0, 1648.0, 1656.0]}}