{"percentile": {"x": [538, 650, 1321, 1331, 1421, 1453, 1465, 1476, 1478, 1501, 1502, 1512, 1513, 1514, 1515, 1516, 1517, 1519, 1524, 1526, 1527, 1537, 1538, 1539, 1548, 1549, 1550, 1551, 1552, 1555, 1556, 1557, 1560, 1561, 1562, 1563, 1564, 1572, 1576, 1584, 1585, 1586, 1587, 1588, 1589, 1591, 1592, 1593, 1595, 1596, 1597, 1598, 1599, 1600, 1601, 1604, 1606, 1608, 1609, 1610, 1611, 1612, 1613, 1614, 1618, 1622, 1625, 1630, 1633, 1636, 1646, 1649], "y": [99.5, 98.9, 98.4, 97.8, 97.3, 96.7, 96.2, 95.6, 95.0, 94.5, 88.9, 88.4, 87.8, 87.3, 86.7, 86.2, 85.6, 85.0, 84.5, 82.8, 82.3, 80.6, 80.0, 78.9, 78.4, 77.8, 75.6, 72.3, 70.0, 69.5, 68.9, 68.4, 64.5, 63.4, 61.2, 59.5, 57.8, 57.3, 56.2, 55.0, 53.4, 51.7, 46.2, 42.3, 37.8, 37.3, 36.7, 36.2, 35.599999999999994, 32.8, 31.200000000000003, 30.0, 26.200000000000003, 24.5, 21.200000000000003, 20.599999999999994, 20.0, 18.900000000000006, 15.599999999999994, 13.400000000000006, 12.299999999999997, 11.200000000000003, 4.5, 3.9000000000000057, 3.4000000000000057, 2.799999999999997, 2.299999999999997, 1.7000000000000028, 1.2000000000000028, 0.5999999999999943, 0.0, -0.5]}, "histogram": {"x": [536.0, 544.0, 552.0, 560.0, 568.0, 576.0, 584.0, 592.0, 600.0, 608.0, 616.0, 624.0, 632.0, 640.0, 648.0, 656.0, 664.0, 672.0, 680.0, 688.0, 696.0, 704.0, 712.0, 720.0, 728.0, 736.0, 744.0, 752.0, 760.0, 768.0, 776.0, 784.0, 792.0, 800.0, 808.0, 816.0, 824.0, 832.0, 840.0, 848.0, 856.0, 864.0, 872.0, 880.0, 888.0, 896.0, 904.0, 912.0, 920.0, 928.0, 936.0, 944.0, 952.0, 960.0, 968.0, 976.0, 984.0, 992.0, 1000.0, 1008.0, 1016.0, 1024.0, 1032.0, 1040.0, 1048.0, 1056.0, 1064.0, 1072.0, 1080.0, 1088.0, 1096.0, 1104.0, 1112.0, 1120.0, 1128.0, 1136.0, 1144.0, 1152.0, 1160.0, 1168.0, 1176.0, 1184.0, 1192.0, 1200.0, 1208.0, 1216.0, 1224.0, 1232.0, 1240.0, 1248.0, 1256.0, 1264.0, 1272.0, 1280.0, 1288.0, 1296.0, 1304.0, 1312.0, 1320.0, 1328.0, 1336.0, 1344.0, 1352.0, 1360.0, 1368.0, 1376.0, 1384.0, 1392.0, 1400.0, 1408.0, 1416.0, 1424.0, 1432.0, 1440.0, 1448.0, 1456.0, 1464.0, 1472.0, 1480.0, 1488.0, 1496.0, 1504.0, 1512.0, 1520.0, 1528.0, 1536.0, 1544.0, 1552.0, 1560.0, 1568.0, 1576.0, 1584.0, 1592.0, 1600.0, 1608.0, 1616.0, 1624.0, 1632.0, 1640.0, 1648.0], "y": [1, 0, 0, 0, 0, 0, 0, 0, 0, 0, 0, 0, 0, 0, 1, 0, 0, 0, 0, 0, 0, 0, 0, 0, 0, 0, 0, 0, 0, 0, 0, 0, 0, 0, 0, 0, 0, 0, 0, 0, 0, 0, 0, 0, 0, 0, 0, 0, 0, 0, 0, 0, 0, 0, 0, 0, 0, 0, 0, 0, 0, 0, 0, 0, 0, 0, 0, 0, 0, 0, 0, 0, 0, 0, 0, 0, 0, 0, 0, 0, 0, 0, 0, 0, 0, 0, 0, 0, 0, 0, 0, 0, 0, 0, 0, 0, 0, 0, 1, 1, 0, 0, 0, 0, 0, 0, 0, 0, 0, 0, 1, 0, 0, 0, 1, 0, 1, 2, 0, 0, 11, 0, 7, 5, 0, 6, 12, 7, 19, 1, 2, 34, 20, 11, 29, 2, 2, 2, 1, 1]}}