{"percentile": {"x": [460, 1166, 1477, 1489, 1502, 1512, 1513, 1525, 1526, 1527, 1532, 1537, 1538, 1539, 1541, 1548, 1549, 1550, 1551, 1552, 1554, 1556, 1558, 1560, 1562, 1563, 1564, 1573, 1574, 1575, 1576, 1583, 1585, 1586, 1587, 1588, 1589, 1590, 1592, 1594, 1595, 1596, 1597, 1598, 1599, 1600, 1601, 1604, 1608, 1609, 1610, 1611, 1612, 1613, 1614, 1616, 1617, 1618, 1620, 1621, 1622, 1626, 1631, 1632, 1636, 1638, 1649, 1650, 1655], "y": [99.6, 99.1, 98.6, 98.1, 94.8, 94.3, 93.4, 92.4, 91.5, 90.5, 90.0, 89.1, 88.6, 87.7, 87.2, 86.7, 85.8, 83.9, 81.5, 80.5, 80.0, 79.6, 79.1, 77.7, 76.7, 74.8, 73.9, 73.4, 72.9, 72.4, 70.5, 70.0, 68.6, 65.3, 61.5, 61.0, 56.7, 56.2, 55.3, 54.8, 53.4, 50.5, 48.6, 45.3, 43.4, 41.5, 39.6, 39.1, 36.7, 36.2, 34.8, 30.5, 27.200000000000003, 14.799999999999997, 14.299999999999997, 13.400000000000006, 12.900000000000006, 12.0, 8.599999999999994, 8.099999999999994, 6.700000000000003, 5.799999999999997, 4.799999999999997, 4.299999999999997, 3.9000000000000057, 2.9000000000000057, 2.4000000000000057, 0.0, -0.4000000000000057]}, "histogram": {"x": [468.0, 486.0, 504.0, 522.0, 540.0, 558.0, 576.0, 594.0, 612.0, 630.0, 648.0, 666.0, 684.0, 702.0, 720.0, 738.0, 756.0, 774.0, 792.0, 810.0, 828.0, 846.0, 864.0, 882.0, 900.0, 918.0, 936.0, 954.0, 972.0, 990.0, 1008.0, 1026.0, 1044.0, 1062.0, 1080.0, 1098.0, 1116.0, 1134.0, 1152.0, 1170.0, 1188.0, 1206.0, 1224.0, 1242.0, 1260.0, 1278.0, 1296.0, 1314.0, 1332.0, 1350.0, 1368.0, 1386.0, 1404.0, 1422.0, 1440.0, 1458.0, 1476.0, 1494.0, 1512.0, 1530.0, 1548.0, 1566.0, 1584.0, 1602.0, 1620.0, 1638.0, 1656.0], "y": [1, 0, 0, 0, 0, 0, 0, 0, 0, 0, 0, 0, 0, 0, 0, 0, 0, 0, 0, 0, 0, 0, 0, 0, 0, 0, 0, 0, 0, 0, 0, 0, 0, 0, 0, 0, 0, 0, 0, 1, 0, 0, 0, 0, 0, 0, 0, 0, 0, 0, 0, 0, 0, 0, 0, 0, 0, 2, 7, 9, 7, 28, 8, 64, 58, 17, 9, 0]}}