{"percentile": {"y": [98.2, 96.4, 94.6, 92.8, 91.0, 87.3, 85.5, 83.7, 81.9, 80.0, 78.2, 76.4, 74.6, 72.8, 69.1, 67.3, 63.7, 61.9, 58.2, 56.4, 49.1, 25.5, 23.700000000000003, 21.900000000000006, 20.0, 18.200000000000003, 16.400000000000006, 14.599999999999994, 11.0, 9.099999999999994, 7.299999999999997, 5.5, 3.700000000000003, -1.7999999999999972], "x": [1552, 1563, 1564, 1565, 1572, 1586, 1587, 1588, 1589, 1590, 1596, 1597, 1599, 1600, 1601, 1603, 1608, 1609, 1610, 1611, 1612, 1613, 1616, 1617, 1619, 1622, 1623, 1624, 1625, 1632, 1633, 1635, 1637, 1650]}, "histogram": {"y": [4, 1, 12, 27, 9, 3, 0], "x": [1566.0, 1584.0, 1602.0, 1620.0, 1638.0, 1656.0]}}