{"percentile": {"x": [990, 1128, 1267, 1278, 1297, 1300, 1354, 1365, 1396, 1430, 1432, 1441, 1453, 1457, 1465, 1477, 1478, 1483, 1487, 1489, 1490, 1501, 1502, 1512, 1513, 1514, 1515, 1518, 1522, 1524, 1525, 1526, 1527, 1532, 1536, 1537, 1538, 1539, 1548, 1549, 1550, 1551, 1552, 1554, 1556, 1558, 1559, 1560, 1561, 1562, 1563, 1564, 1569, 1573, 1574, 1575, 1576, 1585, 1586, 1587, 1588, 1589, 1590, 1591, 1592, 1593, 1594, 1596, 1597, 1598, 1599, 1600, 1601, 1602, 1605, 1606, 1608, 1610, 1611, 1612, 1613, 1619, 1620, 1623], "y": [99.7, 99.4, 99.0, 98.7, 98.4, 98.0, 97.7, 97.4, 97.0, 96.7, 96.4, 95.7, 95.0, 94.7, 94.4, 94.0, 93.4, 93.0, 92.7, 91.7, 90.7, 90.0, 88.4, 88.0, 87.7, 86.0, 84.0, 83.7, 83.4, 83.0, 80.0, 78.7, 77.0, 76.7, 74.7, 73.4, 72.0, 69.7, 69.4, 67.7, 64.7, 61.7, 57.0, 56.4, 56.0, 55.7, 55.4, 52.4, 49.0, 46.7, 44.7, 40.4, 40.0, 39.0, 37.7, 36.4, 36.0, 34.0, 33.400000000000006, 31.400000000000006, 29.0, 27.0, 26.400000000000006, 26.0, 25.700000000000003, 25.400000000000006, 24.700000000000003, 23.0, 20.700000000000003, 16.700000000000003, 13.400000000000006, 11.0, 10.0, 9.400000000000006, 9.0, 8.700000000000003, 7.700000000000003, 6.0, 5.0, 4.0, 0.7000000000000028, 0.4000000000000057, 0.0, -0.29999999999999716]}, "histogram": {"x": [984.0, 992.0, 1000.0, 1008.0, 1016.0, 1024.0, 1032.0, 1040.0, 1048.0, 1056.0, 1064.0, 1072.0, 1080.0, 1088.0, 1096.0, 1104.0, 1112.0, 1120.0, 1128.0, 1136.0, 1144.0, 1152.0, 1160.0, 1168.0, 1176.0, 1184.0, 1192.0, 1200.0, 1208.0, 1216.0, 1224.0, 1232.0, 1240.0, 1248.0, 1256.0, 1264.0, 1272.0, 1280.0, 1288.0, 1296.0, 1304.0, 1312.0, 1320.0, 1328.0, 1336.0, 1344.0, 1352.0, 1360.0, 1368.0, 1376.0, 1384.0, 1392.0, 1400.0, 1408.0, 1416.0, 1424.0, 1432.0, 1440.0, 1448.0, 1456.0, 1464.0, 1472.0, 1480.0, 1488.0, 1496.0, 1504.0, 1512.0, 1520.0, 1528.0, 1536.0, 1544.0, 1552.0, 1560.0, 1568.0, 1576.0, 1584.0, 1592.0, 1600.0, 1608.0, 1616.0, 1624.0], "y": [1, 0, 0, 0, 0, 0, 0, 0, 0, 0, 0, 0, 0, 0, 0, 0, 0, 0, 1, 0, 0, 0, 0, 0, 0, 0, 0, 0, 0, 0, 0, 0, 0, 0, 0, 1, 1, 0, 0, 2, 0, 0, 0, 0, 0, 0, 1, 1, 0, 0, 0, 1, 0, 0, 0, 1, 1, 2, 2, 1, 1, 3, 2, 6, 7, 0, 14, 20, 1, 21, 24, 19, 45, 12, 1, 30, 38, 14, 24, 3, 0]}}