{"histogram": {"x": [1530.0, 1548.0, 1566.0, 1584.0, 1602.0, 1620.0, 1638.0, 1656.0], "y": [9, 22, 152, 555, 1611, 3397, 736, 491, 0]}, "percentile": {"x": [1513, 1514, 1516, 1524, 1527, 1537, 1538, 1539, 1549, 1550, 1551, 1552, 1554, 1555, 1556, 1557, 1559, 1560, 1561, 1562, 1563, 1564, 1565, 1566, 1567, 1568, 1569, 1570, 1571, 1572, 1573, 1574, 1575, 1576, 1578, 1580, 1583, 1584, 1585, 1586, 1587, 1588, 1589, 1590, 1591, 1592, 1593, 1594, 1595, 1596, 1597, 1598, 1599, 1600, 1601, 1602, 1603, 1604, 1605, 1606, 1607, 1608, 1609, 1610, 1611, 1612, 1613, 1614, 1615, 1616, 1617, 1618, 1619, 1620, 1621, 1622, 1623, 1624, 1625, 1626, 1627, 1628, 1629, 1630, 1631, 1632, 1633, 1634, 1635, 1636, 1637, 1638, 1639, 1640, 1641, 1642, 1643, 1644, 1645, 1646, 1647, 1648, 1649, 1650, 1651, 1652, 1653, 1654, 1655], "y": [100.0, 100.0, 100.0, 100.0, 99.9, 99.9, 99.8, 99.6, 99.6, 99.5, 99.4, 99.2, 99.2, 99.1, 99.1, 99.1, 99.1, 99.0, 98.8, 98.5, 98.2, 97.5, 97.4, 97.4, 97.3, 97.3, 97.3, 97.2, 97.2, 97.1, 96.6, 95.9, 95.0, 89.5, 89.5, 89.5, 89.5, 89.4, 88.7, 87.8, 86.7, 85.1, 83.1, 82.6, 82.1, 81.6, 81.1, 80.6, 80.3, 79.3, 77.5, 75.1, 73.0, 70.3, 66.4, 65.9, 65.2, 64.7, 64.1, 63.6, 63.2, 62.0, 58.9, 55.5, 51.1, 44.6, 22.099999999999994, 21.099999999999994, 20.299999999999997, 19.400000000000006, 18.799999999999997, 18.200000000000003, 17.599999999999994, 16.299999999999997, 15.5, 14.599999999999994, 13.700000000000003, 12.599999999999994, 11.700000000000003, 10.900000000000006, 10.700000000000003, 10.400000000000006, 10.099999999999994, 10.0, 9.799999999999997, 9.5, 9.099999999999994, 8.5, 8.0, 7.5, 7.099999999999994, 6.700000000000003, 6.599999999999994, 6.5, 6.400000000000006, 6.400000000000006, 6.299999999999997, 6.200000000000003, 6.0, 5.799999999999997, 5.5, 5.200000000000003, 4.799999999999997, 0.5, 0.5, 0.4000000000000057, 0.4000000000000057, 0.29999999999999716, 0.0]}}