{"histogram": {"x": [1566.0, 1584.0, 1602.0, 1620.0, 1638.0], "y": [1, 2, 9, 26, 3, 6]}, "percentile": {"x": [1560, 1572, 1576, 1584, 1587, 1588, 1591, 1596, 1598, 1599, 1602, 1609, 1610, 1611, 1612, 1613, 1615, 1620, 1626, 1633, 1639, 1641, 1642, 1644, 1648], "y": [97.9, 95.7, 93.5, 91.4, 89.2, 87.0, 84.8, 82.7, 78.3, 74.0, 69.6, 65.3, 60.9, 58.7, 56.6, 21.799999999999997, 17.400000000000006, 15.299999999999997, 13.099999999999994, 10.900000000000006, 8.700000000000003, 4.400000000000006, 2.200000000000003, 0.0, -2.0999999999999943]}}