{"percentile": {"x": [1502, 1514, 1527, 1537, 1538, 1539, 1550, 1551, 1552, 1557, 1561, 1562, 1563, 1564, 1565, 1574, 1576, 1578, 1585, 1586, 1587, 1588, 1589, 1593, 1597, 1598, 1599, 1600, 1601, 1608, 1609, 1610, 1611, 1612, 1613, 1614, 1615, 1617, 1618, 1620, 1621, 1622, 1623, 1624, 1633, 1635, 1638, 1646, 1647, 1648, 1649, 1650], "y": [99.2, 98.4, 97.6, 96.8, 96.0, 95.2, 93.5, 92.7, 91.9, 91.1, 90.3, 89.5, 84.6, 83.0, 82.2, 78.9, 74.8, 74.0, 72.4, 70.8, 70.0, 66.7, 65.1, 64.3, 61.0, 60.2, 58.6, 56.1, 53.7, 52.9, 51.3, 48.8, 44.0, 39.9, 22.799999999999997, 22.0, 21.200000000000003, 20.400000000000006, 19.599999999999994, 15.5, 13.900000000000006, 12.200000000000003, 10.599999999999994, 9.799999999999997, 9.0, 6.599999999999994, 5.700000000000003, 4.900000000000006, 4.099999999999994, 2.5, 1.7000000000000028, -0.7999999999999972]}, "histogram": {"x": [1496.0, 1504.0, 1512.0, 1520.0, 1528.0, 1536.0, 1544.0, 1552.0, 1560.0, 1568.0, 1576.0, 1584.0, 1592.0, 1600.0, 1608.0, 1616.0, 1624.0, 1632.0, 1640.0, 1648.0], "y": [1, 0, 1, 1, 0, 3, 3, 2, 11, 4, 6, 11, 8, 6, 40, 13, 1, 5, 2, 6]}}