{"percentile": {"x": [1552, 1561, 1562, 1564, 1576, 1585, 1586, 1587, 1588, 1589, 1591, 1592, 1593, 1595, 1596, 1597, 1598, 1599, 1600, 1601, 1602, 1603, 1605, 1606, 1607, 1608, 1609, 1610, 1611, 1612, 1613, 1614, 1615, 1616, 1617, 1618, 1619, 1620, 1621, 1622, 1623, 1624, 1625, 1626, 1627, 1629, 1630, 1631, 1632, 1633, 1635, 1637, 1638, 1639, 1640, 1642, 1646, 1647, 1648, 1649, 1650, 1655], "y": [99.7, 99.4, 99.1, 98.8, 95.2, 94.6, 94.3, 94.0, 93.7, 93.1, 92.8, 92.5, 92.2, 91.9, 91.6, 90.7, 88.2, 86.7, 83.4, 80.4, 79.1, 78.5, 78.2, 77.6, 77.3, 76.7, 73.1, 70.7, 67.3, 63.1, 31.0, 30.400000000000006, 29.700000000000003, 28.5, 27.900000000000006, 27.299999999999997, 27.0, 25.200000000000003, 24.299999999999997, 23.400000000000006, 22.200000000000003, 19.400000000000006, 18.799999999999997, 16.700000000000003, 16.099999999999994, 15.799999999999997, 15.5, 15.200000000000003, 14.900000000000006, 14.599999999999994, 13.700000000000003, 12.5, 11.900000000000006, 11.599999999999994, 11.299999999999997, 11.0, 10.400000000000006, 9.700000000000003, 9.400000000000006, 8.200000000000003, 0.0, -0.29999999999999716]}, "histogram": {"x": [1566.0, 1584.0, 1602.0, 1620.0, 1638.0, 1656.0], "y": [4, 12, 49, 176, 48, 42, 0]}}