{"histogram": {"y": [1, 0, 0, 0, 0, 0, 0, 0, 0, 0, 0, 0, 0, 0, 0, 0, 0, 0, 0, 0, 0, 0, 0, 0, 0, 0, 0, 0, 2, 0, 1, 0, 0, 0, 0, 0, 0, 0, 0, 0, 0, 0, 0, 0, 0, 0, 0, 0, 0, 0, 0, 0, 0, 0, 0, 0, 1, 0, 1, 0, 0, 0, 0, 1, 0, 0, 0, 0, 0, 0, 2, 0, 0, 0, 1, 0, 0, 0, 0, 0, 0, 0, 0, 0, 0, 2, 0, 1, 0, 2, 2, 1, 0, 0, 0, 0, 0, 0, 0, 0, 1, 1, 0, 2, 0, 0, 1, 0, 2, 0, 0, 2, 1, 1, 0, 1, 1, 0, 0, 2, 1, 0, 0, 16, 9, 1, 16, 21, 1, 39, 64, 2, 38, 61, 34, 100, 18, 9, 107, 80, 34, 68, 7, 3, 1, 0, 5, 0], "x": [480.0, 488.0, 496.0, 504.0, 512.0, 520.0, 528.0, 536.0, 544.0, 552.0, 560.0, 568.0, 576.0, 584.0, 592.0, 600.0, 608.0, 616.0, 624.0, 632.0, 640.0, 648.0, 656.0, 664.0, 672.0, 680.0, 688.0, 696.0, 704.0, 712.0, 720.0, 728.0, 736.0, 744.0, 752.0, 760.0, 768.0, 776.0, 784.0, 792.0, 800.0, 808.0, 816.0, 824.0, 832.0, 840.0, 848.0, 856.0, 864.0, 872.0, 880.0, 888.0, 896.0, 904.0, 912.0, 920.0, 928.0, 936.0, 944.0, 952.0, 960.0, 968.0, 976.0, 984.0, 992.0, 1000.0, 1008.0, 1016.0, 1024.0, 1032.0, 1040.0, 1048.0, 1056.0, 1064.0, 1072.0, 1080.0, 1088.0, 1096.0, 1104.0, 1112.0, 1120.0, 1128.0, 1136.0, 1144.0, 1152.0, 1160.0, 1168.0, 1176.0, 1184.0, 1192.0, 1200.0, 1208.0, 1216.0, 1224.0, 1232.0, 1240.0, 1248.0, 1256.0, 1264.0, 1272.0, 1280.0, 1288.0, 1296.0, 1304.0, 1312.0, 1320.0, 1328.0, 1336.0, 1344.0, 1352.0, 1360.0, 1368.0, 1376.0, 1384.0, 1392.0, 1400.0, 1408.0, 1416.0, 1424.0, 1432.0, 1440.0, 1448.0, 1456.0, 1464.0, 1472.0, 1480.0, 1488.0, 1496.0, 1504.0, 1512.0, 1520.0, 1528.0, 1536.0, 1544.0, 1552.0, 1560.0, 1568.0, 1576.0, 1584.0, 1592.0, 1600.0, 1608.0, 1616.0, 1624.0, 1632.0, 1640.0, 1648.0, 1656.0]}, "percentile": {"y": [99.9, 99.8, 99.7, 99.5, 99.4, 99.3, 99.1, 99.0, 98.9, 98.7, 98.6, 98.5, 98.4, 98.1, 98.0, 97.8, 97.7, 97.6, 97.4, 97.3, 97.2, 97.1, 96.9, 96.8, 96.7, 96.5, 96.4, 96.3, 96.1, 96.0, 95.9, 95.7, 95.6, 95.2, 93.5, 92.9, 92.4, 92.2, 92.0, 90.7, 90.1, 90.0, 89.9, 89.0, 87.4, 87.3, 86.5, 84.4, 82.6, 82.4, 82.3, 82.2, 81.9, 81.7, 81.4, 80.1, 78.1, 75.3, 73.8, 73.7, 73.6, 72.5, 71.5, 70.7, 68.8, 68.6, 68.1, 66.4, 63.8, 60.7, 58.2, 57.8, 57.7, 57.3, 57.2, 56.9, 56.5, 56.2, 54.0, 52.1, 50.2, 46.7, 43.7, 43.6, 43.5, 43.2, 43.1, 42.8, 42.7, 42.6, 42.2, 41.6, 41.1, 40.9, 40.1, 39.8, 39.7, 37.9, 34.599999999999994, 31.900000000000006, 29.599999999999994, 26.599999999999994, 26.0, 25.700000000000003, 25.5, 25.0, 24.799999999999997, 24.200000000000003, 22.099999999999994, 20.299999999999997, 17.400000000000006, 15.299999999999997, 14.299999999999997, 12.299999999999997, 11.900000000000006, 11.700000000000003, 11.5, 11.299999999999997, 11.099999999999994, 10.900000000000006, 10.0, 8.900000000000006, 7.900000000000006, 7.0, 6.400000000000006, 2.0999999999999943, 2.0, 1.9000000000000057, 1.5, 1.4000000000000057, 1.0999999999999943, 0.7999999999999972, 0.7000000000000028, 0.5999999999999943, 0.4000000000000057, 0.0, -0.09999999999999432], "x": [480, 706, 708, 720, 933, 947, 986, 1042, 1043, 1074, 1164, 1165, 1179, 1193, 1200, 1206, 1214, 1280, 1295, 1304, 1307, 1334, 1346, 1350, 1369, 1372, 1376, 1386, 1403, 1410, 1434, 1435, 1442, 1464, 1465, 1477, 1478, 1486, 1488, 1489, 1490, 1497, 1500, 1501, 1502, 1504, 1513, 1514, 1515, 1517, 1518, 1519, 1520, 1521, 1523, 1524, 1525, 1526, 1527, 1528, 1534, 1536, 1537, 1538, 1539, 1541, 1548, 1549, 1550, 1551, 1552, 1553, 1554, 1555, 1556, 1557, 1558, 1559, 1560, 1561, 1562, 1563, 1564, 1565, 1566, 1567, 1568, 1569, 1570, 1571, 1572, 1573, 1574, 1575, 1576, 1578, 1583, 1585, 1586, 1587, 1588, 1589, 1590, 1591, 1592, 1593, 1594, 1595, 1596, 1597, 1598, 1599, 1600, 1601, 1602, 1603, 1604, 1605, 1606, 1607, 1608, 1609, 1610, 1611, 1612, 1613, 1615, 1619, 1620, 1621, 1623, 1624, 1626, 1632, 1648, 1650, 1655]}}