{"percentile": {"y": [99.0, 97.9, 96.9, 94.8, 93.7, 92.7, 91.6, 89.5, 86.4, 84.3, 83.2, 80.0, 79.0, 72.7, 69.5, 68.5, 62.2, 61.1, 60.0, 57.9, 53.7, 52.7, 49.5, 48.5, 45.3, 43.2, 41.1, 37.9, 36.9, 35.8, 34.8, 32.7, 31.599999999999994, 28.5, 27.400000000000006, 24.299999999999997, 20.0, 17.900000000000006, 16.900000000000006, 15.799999999999997, 13.700000000000003, 10.599999999999994, 8.5, 6.400000000000006, 2.200000000000003, 1.0999999999999943, 0.0, -1.0], "x": [719, 1447, 1488, 1502, 1513, 1514, 1515, 1525, 1526, 1527, 1537, 1538, 1539, 1549, 1550, 1551, 1552, 1554, 1557, 1561, 1562, 1563, 1564, 1574, 1575, 1576, 1585, 1586, 1587, 1588, 1589, 1590, 1592, 1596, 1597, 1598, 1599, 1600, 1601, 1605, 1608, 1609, 1610, 1611, 1613, 1620, 1626, 1649]}, "histogram": {"y": [1, 0, 0, 0, 0, 0, 0, 0, 0, 0, 0, 0, 0, 0, 0, 0, 0, 0, 0, 0, 0, 0, 0, 0, 0, 0, 0, 0, 0, 0, 0, 0, 0, 0, 0, 0, 0, 0, 0, 0, 0, 0, 0, 0, 0, 0, 0, 0, 0, 0, 0, 0, 0, 0, 0, 0, 0, 0, 0, 0, 0, 0, 0, 0, 0, 0, 0, 0, 0, 0, 0, 0, 0, 0, 0, 0, 0, 0, 0, 0, 0, 0, 0, 0, 0, 0, 0, 0, 0, 0, 0, 1, 0, 0, 0, 0, 0, 1, 2, 0, 3, 7, 0, 5, 10, 8, 10, 4, 2, 10, 12, 4, 13, 1, 1, 0, 0, 1], "x": [712.0, 720.0, 728.0, 736.0, 744.0, 752.0, 760.0, 768.0, 776.0, 784.0, 792.0, 800.0, 808.0, 816.0, 824.0, 832.0, 840.0, 848.0, 856.0, 864.0, 872.0, 880.0, 888.0, 896.0, 904.0, 912.0, 920.0, 928.0, 936.0, 944.0, 952.0, 960.0, 968.0, 976.0, 984.0, 992.0, 1000.0, 1008.0, 1016.0, 1024.0, 1032.0, 1040.0, 1048.0, 1056.0, 1064.0, 1072.0, 1080.0, 1088.0, 1096.0, 1104.0, 1112.0, 1120.0, 1128.0, 1136.0, 1144.0, 1152.0, 1160.0, 1168.0, 1176.0, 1184.0, 1192.0, 1200.0, 1208.0, 1216.0, 1224.0, 1232.0, 1240.0, 1248.0, 1256.0, 1264.0, 1272.0, 1280.0, 1288.0, 1296.0, 1304.0, 1312.0, 1320.0, 1328.0, 1336.0, 1344.0, 1352.0, 1360.0, 1368.0, 1376.0, 1384.0, 1392.0, 1400.0, 1408.0, 1416.0, 1424.0, 1432.0, 1440.0, 1448.0, 1456.0, 1464.0, 1472.0, 1480.0, 1488.0, 1496.0, 1504.0, 1512.0, 1520.0, 1528.0, 1536.0, 1544.0, 1552.0, 1560.0, 1568.0, 1576.0, 1584.0, 1592.0, 1600.0, 1608.0, 1616.0, 1624.0, 1632.0, 1640.0, 1648.0]}}