{"histogram": {"x": [954.0, 972.0, 990.0, 1008.0, 1026.0, 1044.0, 1062.0, 1080.0, 1098.0, 1116.0, 1134.0, 1152.0, 1170.0, 1188.0, 1206.0, 1224.0, 1242.0, 1260.0, 1278.0, 1296.0, 1314.0, 1332.0, 1350.0, 1368.0, 1386.0, 1404.0, 1422.0, 1440.0, 1458.0, 1476.0, 1494.0, 1512.0, 1530.0, 1548.0, 1566.0, 1584.0, 1602.0, 1620.0, 1638.0, 1656.0], "y": [1, 0, 0, 0, 1, 0, 0, 0, 0, 0, 1, 0, 0, 2, 1, 1, 0, 0, 0, 1, 0, 4, 1, 0, 1, 1, 0, 3, 5, 8, 16, 10, 43, 9, 73, 14, 68, 18, 0, 4, 0]}, "percentile": {"x": [940, 1013, 1120, 1170, 1190, 1214, 1292, 1319, 1321, 1330, 1333, 1381, 1390, 1426, 1433, 1441, 1453, 1465, 1466, 1477, 1478, 1481, 1486, 1488, 1489, 1490, 1492, 1500, 1502, 1513, 1514, 1515, 1517, 1521, 1523, 1524, 1525, 1526, 1536, 1537, 1538, 1539, 1548, 1549, 1550, 1551, 1552, 1553, 1554, 1555, 1557, 1560, 1561, 1562, 1563, 1564, 1568, 1569, 1570, 1572, 1573, 1575, 1576, 1584, 1585, 1586, 1587, 1588, 1589, 1593, 1594, 1596, 1597, 1598, 1599, 1600, 1601, 1602, 1607, 1608, 1609, 1610, 1611, 1612, 1613, 1614, 1650, 1651], "y": [99.7, 99.3, 99.0, 98.3, 97.9, 97.6, 97.2, 96.9, 96.5, 95.8, 95.5, 95.1, 94.8, 94.1, 93.7, 93.4, 92.0, 89.5, 89.2, 88.5, 88.1, 87.8, 87.4, 86.7, 85.0, 83.9, 83.6, 82.9, 80.0, 78.6, 75.8, 73.4, 73.0, 72.7, 72.0, 70.6, 68.1, 65.0, 64.6, 63.9, 62.9, 61.8, 61.5, 60.8, 57.9, 56.2, 53.0, 52.3, 52.0, 51.3, 50.2, 47.1, 44.6, 40.8, 38.6, 36.2, 35.8, 35.5, 35.099999999999994, 33.7, 33.0, 32.0, 31.299999999999997, 30.900000000000006, 29.900000000000006, 26.400000000000006, 23.900000000000006, 20.0, 17.900000000000006, 17.599999999999994, 17.200000000000003, 15.799999999999997, 14.799999999999997, 12.299999999999997, 11.299999999999997, 8.799999999999997, 7.400000000000006, 7.099999999999994, 6.700000000000003, 6.0, 5.700000000000003, 4.599999999999994, 4.299999999999997, 2.9000000000000057, 2.200000000000003, 1.0999999999999943, 0.0, -0.29999999999999716]}}