{"histogram": {"y": [1, 0, 0, 0, 1, 1, 1, 0, 0, 0, 0, 2, 0, 0, 0, 2, 0, 1, 4, 1, 5, 7, 0, 11, 30, 2, 12, 20, 16, 95, 94, 183, 132, 200, 194, 670, 125, 84, 48, 33, 76, 0], "x": [1328.0, 1336.0, 1344.0, 1352.0, 1360.0, 1368.0, 1376.0, 1384.0, 1392.0, 1400.0, 1408.0, 1416.0, 1424.0, 1432.0, 1440.0, 1448.0, 1456.0, 1464.0, 1472.0, 1480.0, 1488.0, 1496.0, 1504.0, 1512.0, 1520.0, 1528.0, 1536.0, 1544.0, 1552.0, 1560.0, 1568.0, 1576.0, 1584.0, 1592.0, 1600.0, 1608.0, 1616.0, 1624.0, 1632.0, 1640.0, 1648.0, 1656.0]}, "percentile": {"y": [100.0, 100.0, 99.9, 99.9, 99.8, 99.7, 99.7, 99.6, 99.6, 99.4, 99.4, 99.1, 99.1, 98.8, 98.7, 98.6, 98.3, 98.2, 98.2, 98.1, 98.0, 98.0, 97.6, 97.3, 96.8, 96.7, 96.7, 96.6, 96.4, 96.3, 96.1, 95.9, 95.6, 95.1, 94.6, 94.5, 94.5, 94.4, 94.3, 94.2, 93.9, 93.2, 92.1, 90.0, 90.0, 89.8, 89.7, 89.7, 89.6, 89.4, 89.1, 88.1, 86.5, 85.1, 76.2, 76.2, 76.1, 75.9, 74.8, 73.8, 72.3, 70.6, 70.3, 69.8, 69.4, 68.5, 67.5, 67.1, 66.4, 64.4, 62.2, 60.0, 57.2, 53.6, 53.1, 52.6, 52.1, 51.5, 51.1, 50.5, 49.2, 46.9, 44.1, 40.9, 37.1, 19.799999999999997, 18.5, 17.900000000000006, 17.400000000000006, 16.099999999999994, 15.299999999999997, 14.299999999999997, 13.299999999999997, 12.900000000000006, 12.400000000000006, 11.799999999999997, 10.900000000000006, 10.700000000000003, 10.099999999999994, 9.799999999999997, 9.299999999999997, 8.799999999999997, 8.0, 7.700000000000003, 7.299999999999997, 7.0, 6.599999999999994, 6.400000000000006, 6.200000000000003, 5.900000000000006, 5.700000000000003, 5.299999999999997, 5.0, 4.700000000000003, 4.5, 4.200000000000003, 4.0, 4.0, 3.799999999999997, 3.700000000000003, 3.4000000000000057, 1.9000000000000057, 1.7000000000000028, 1.4000000000000057, 1.2000000000000028, 0.7999999999999972, 0.0], "x": [1328, 1365, 1372, 1380, 1422, 1452, 1453, 1464, 1477, 1478, 1480, 1490, 1501, 1502, 1513, 1514, 1515, 1518, 1520, 1521, 1523, 1524, 1525, 1526, 1527, 1528, 1535, 1536, 1537, 1538, 1539, 1549, 1550, 1551, 1552, 1553, 1555, 1556, 1558, 1560, 1561, 1562, 1563, 1564, 1565, 1566, 1567, 1568, 1569, 1570, 1572, 1573, 1574, 1575, 1576, 1582, 1584, 1585, 1586, 1587, 1588, 1589, 1590, 1591, 1592, 1593, 1594, 1595, 1596, 1597, 1598, 1599, 1600, 1601, 1602, 1603, 1604, 1605, 1606, 1607, 1608, 1609, 1610, 1611, 1612, 1613, 1614, 1615, 1616, 1617, 1618, 1619, 1620, 1621, 1622, 1623, 1624, 1625, 1626, 1627, 1628, 1629, 1630, 1631, 1632, 1633, 1634, 1635, 1636, 1637, 1638, 1639, 1640, 1641, 1642, 1643, 1644, 1645, 1646, 1647, 1649, 1650, 1651, 1652, 1653, 1654, 1655]}}