{"percentile": {"x": [1551, 1552, 1561, 1564, 1574, 1575, 1576, 1587, 1589, 1592, 1596, 1597, 1598, 1599, 1600, 1601, 1603, 1605, 1607, 1608, 1609, 1610, 1611, 1612, 1613, 1615, 1616, 1617, 1618, 1620, 1621, 1622, 1624, 1626, 1627, 1628, 1629, 1634, 1635, 1636, 1637, 1643, 1647, 1649, 1650, 1653, 1655], "y": [99.4, 98.8, 98.1, 96.9, 96.2, 95.0, 91.1, 89.9, 87.3, 86.7, 86.0, 85.4, 83.5, 82.2, 79.0, 78.4, 76.5, 75.8, 75.2, 73.9, 70.8, 66.3, 61.2, 54.8, 26.799999999999997, 26.200000000000003, 24.900000000000006, 23.599999999999994, 23.0, 19.799999999999997, 19.200000000000003, 16.599999999999994, 15.299999999999997, 14.099999999999994, 13.400000000000006, 12.799999999999997, 12.200000000000003, 11.5, 10.200000000000003, 9.599999999999994, 9.0, 8.299999999999997, 7.700000000000003, 7.099999999999994, 1.2999999999999972, 0.7000000000000028, -0.5999999999999943]}, "histogram": {"x": [1566.0, 1584.0, 1602.0, 1620.0, 1638.0, 1656.0], "y": [5, 9, 20, 87, 22, 15, 0]}}