{"percentile": {"y": [99.9, 99.7, 99.5, 99.3, 99.2, 99.0, 98.8, 98.6, 98.4, 98.3, 98.1, 97.9, 97.7, 97.5, 97.4, 97.2, 97.0, 96.8, 96.6, 96.5, 96.3, 96.1, 95.7, 95.6, 94.8, 94.7, 94.3, 93.9, 93.8, 92.9, 92.3, 90.3, 84.0, 83.1, 81.2, 78.8, 77.9, 77.6, 77.2, 76.8, 76.7, 75.4, 74.7, 72.7, 71.6, 71.5, 70.0, 69.8, 68.6, 68.4, 68.2, 68.0, 67.7, 67.1, 65.0, 62.3, 59.8, 59.0, 58.9, 58.5, 58.0, 57.4, 57.1, 55.6, 53.6, 52.2, 51.1, 49.9, 49.7, 49.5, 48.8, 48.4, 47.5, 47.2, 46.5, 44.5, 42.0, 38.5, 36.4, 33.5, 33.0, 32.8, 32.2, 31.900000000000006, 31.200000000000003, 31.0, 29.200000000000003, 27.900000000000006, 25.799999999999997, 22.700000000000003, 20.599999999999994, 18.400000000000006, 18.0, 17.5, 17.099999999999994, 17.0, 16.799999999999997, 15.5, 14.400000000000006, 13.0, 10.299999999999997, 8.299999999999997, 3.5999999999999943, 3.0999999999999943, 2.200000000000003, 1.7999999999999972, 1.7000000000000028, 1.5, 1.2999999999999972, 0.9000000000000057, 0.20000000000000284, 0.0, -0.09999999999999432], "x": [174, 184, 317, 427, 468, 480, 868, 936, 1006, 1091, 1136, 1167, 1240, 1250, 1269, 1271, 1278, 1293, 1341, 1355, 1441, 1444, 1453, 1462, 1465, 1476, 1477, 1478, 1489, 1490, 1500, 1501, 1502, 1513, 1514, 1515, 1516, 1519, 1520, 1521, 1523, 1524, 1525, 1526, 1527, 1530, 1537, 1538, 1539, 1541, 1544, 1546, 1548, 1549, 1550, 1551, 1552, 1554, 1555, 1556, 1557, 1558, 1559, 1560, 1561, 1562, 1563, 1564, 1565, 1566, 1572, 1573, 1574, 1575, 1576, 1585, 1586, 1587, 1588, 1589, 1590, 1591, 1592, 1593, 1594, 1595, 1596, 1597, 1598, 1599, 1600, 1601, 1602, 1603, 1604, 1605, 1606, 1608, 1609, 1610, 1611, 1612, 1613, 1614, 1620, 1621, 1622, 1623, 1626, 1630, 1650, 1654, 1655]}, "histogram": {"y": [1, 1, 0, 0, 0, 0, 0, 0, 1, 0, 0, 0, 0, 0, 1, 0, 0, 2, 0, 0, 0, 0, 0, 0, 0, 0, 0, 0, 0, 0, 0, 0, 0, 0, 0, 0, 0, 0, 0, 1, 0, 0, 0, 1, 0, 0, 1, 0, 0, 0, 0, 1, 0, 0, 1, 1, 0, 0, 0, 1, 1, 2, 2, 0, 0, 1, 1, 0, 0, 0, 0, 4, 5, 11, 49, 69, 20, 102, 18, 156, 85, 12, 6, 0], "x": [180.0, 198.0, 216.0, 234.0, 252.0, 270.0, 288.0, 306.0, 324.0, 342.0, 360.0, 378.0, 396.0, 414.0, 432.0, 450.0, 468.0, 486.0, 504.0, 522.0, 540.0, 558.0, 576.0, 594.0, 612.0, 630.0, 648.0, 666.0, 684.0, 702.0, 720.0, 738.0, 756.0, 774.0, 792.0, 810.0, 828.0, 846.0, 864.0, 882.0, 900.0, 918.0, 936.0, 954.0, 972.0, 990.0, 1008.0, 1026.0, 1044.0, 1062.0, 1080.0, 1098.0, 1116.0, 1134.0, 1152.0, 1170.0, 1188.0, 1206.0, 1224.0, 1242.0, 1260.0, 1278.0, 1296.0, 1314.0, 1332.0, 1350.0, 1368.0, 1386.0, 1404.0, 1422.0, 1440.0, 1458.0, 1476.0, 1494.0, 1512.0, 1530.0, 1548.0, 1566.0, 1584.0, 1602.0, 1620.0, 1638.0, 1656.0]}}