{"percentile": {"x": [916, 985, 1047, 1123, 1168, 1191, 1247, 1258, 1279, 1282, 1299, 1325, 1329, 1332, 1357, 1387, 1407, 1417, 1424, 1432, 1434, 1441, 1453, 1465, 1476, 1477, 1478, 1488, 1489, 1490, 1500, 1501, 1502, 1513, 1514, 1515, 1518, 1524, 1525, 1526, 1527, 1529, 1536, 1537, 1538, 1539, 1541, 1548, 1549, 1550, 1551, 1552, 1553, 1554, 1555, 1556, 1557, 1559, 1560, 1561, 1562, 1563, 1564, 1565, 1567, 1568, 1572, 1573, 1574, 1575, 1576, 1580, 1584, 1585, 1586, 1587, 1588, 1589, 1590, 1593, 1594, 1595, 1596, 1597, 1598, 1599, 1600, 1601, 1605, 1607, 1608, 1609, 1610, 1611, 1612, 1613, 1614, 1615, 1618, 1619, 1620, 1621, 1625, 1646, 1649, 1650], "y": [99.8, 99.6, 99.3, 99.1, 98.9, 98.6, 98.4, 98.2, 97.9, 97.7, 97.5, 97.2, 97.0, 96.8, 96.5, 96.3, 96.1, 95.8, 95.6, 95.4, 95.1, 94.2, 93.3, 90.9, 90.4, 90.0, 89.3, 88.3, 87.4, 86.5, 86.2, 85.8, 84.6, 83.9, 83.2, 81.3, 81.1, 80.1, 77.8, 76.2, 74.8, 74.5, 74.1, 73.4, 71.7, 70.8, 70.5, 70.3, 68.9, 67.5, 65.9, 62.3, 61.9, 61.6, 61.4, 61.2, 60.5, 60.2, 58.6, 56.3, 51.6, 49.7, 46.9, 46.7, 46.4, 46.2, 46.0, 45.0, 42.9, 42.2, 40.3, 40.1, 39.9, 37.5, 34.5, 31.900000000000006, 29.299999999999997, 26.0, 25.599999999999994, 25.099999999999994, 24.900000000000006, 24.200000000000003, 23.0, 22.299999999999997, 20.400000000000006, 18.099999999999994, 17.400000000000006, 15.5, 15.299999999999997, 14.799999999999997, 13.200000000000003, 11.299999999999997, 9.400000000000006, 8.700000000000003, 7.799999999999997, 3.799999999999997, 3.5999999999999943, 3.299999999999997, 3.0999999999999943, 2.9000000000000057, 2.4000000000000057, 2.200000000000003, 1.9000000000000057, 1.7000000000000028, 1.5, -0.20000000000000284]}, "histogram": {"x": [918.0, 936.0, 954.0, 972.0, 990.0, 1008.0, 1026.0, 1044.0, 1062.0, 1080.0, 1098.0, 1116.0, 1134.0, 1152.0, 1170.0, 1188.0, 1206.0, 1224.0, 1242.0, 1260.0, 1278.0, 1296.0, 1314.0, 1332.0, 1350.0, 1368.0, 1386.0, 1404.0, 1422.0, 1440.0, 1458.0, 1476.0, 1494.0, 1512.0, 1530.0, 1548.0, 1566.0, 1584.0, 1602.0, 1620.0, 1638.0], "y": [1, 0, 0, 0, 1, 0, 0, 0, 1, 0, 0, 0, 1, 0, 1, 0, 1, 0, 0, 2, 0, 2, 1, 2, 1, 1, 0, 1, 2, 3, 8, 10, 19, 8, 43, 17, 102, 28, 105, 54, 4, 9]}}