{"percentile": {"x": [1538, 1550, 1551, 1552, 1562, 1564, 1568, 1573, 1575, 1576, 1585, 1586, 1587, 1588, 1589, 1590, 1591, 1592, 1593, 1594, 1595, 1596, 1597, 1598, 1599, 1600, 1601, 1602, 1603, 1604, 1605, 1606, 1608, 1609, 1610, 1611, 1612, 1613, 1614, 1615, 1616, 1617, 1618, 1619, 1620, 1622, 1623, 1624, 1625, 1626, 1627, 1628, 1629, 1630, 1631, 1632, 1633, 1634, 1635, 1636, 1637, 1638, 1640, 1641, 1642, 1643, 1644, 1646, 1648, 1649, 1650, 1651, 1652, 1655], "y": [99.6, 99.3, 99.1, 98.9, 98.6, 98.2, 97.9, 97.5, 96.1, 89.5, 89.1, 87.7, 86.7, 85.3, 83.9, 83.5, 82.3, 81.8, 81.6, 81.4, 80.9, 80.4, 79.3, 77.6, 76.5, 74.1, 70.6, 69.9, 68.7, 68.0, 67.3, 66.9, 65.9, 63.8, 60.6, 55.9, 51.5, 23.400000000000006, 22.700000000000003, 22.200000000000003, 22.0, 21.799999999999997, 20.599999999999994, 19.200000000000003, 17.099999999999994, 16.200000000000003, 15.5, 14.299999999999997, 13.799999999999997, 13.599999999999994, 13.400000000000006, 12.700000000000003, 11.700000000000003, 11.5, 11.0, 10.099999999999994, 9.900000000000006, 9.200000000000003, 8.900000000000006, 8.200000000000003, 7.5, 7.299999999999997, 7.099999999999994, 6.599999999999994, 6.099999999999994, 5.700000000000003, 5.400000000000006, 5.0, 4.700000000000003, 4.299999999999997, 1.5, 1.0, 0.7999999999999972, -0.20000000000000284]}, "histogram": {"x": [1536.0, 1544.0, 1552.0, 1560.0, 1568.0, 1576.0, 1584.0, 1592.0, 1600.0, 1608.0, 1616.0, 1624.0, 1632.0, 1640.0, 1648.0, 1656.0], "y": [2, 2, 1, 3, 9, 28, 31, 25, 41, 191, 29, 19, 16, 10, 22, 0]}}