{"histogram": {"x": [472.0, 480.0, 488.0, 496.0, 504.0, 512.0, 520.0, 528.0, 536.0, 544.0, 552.0, 560.0, 568.0, 576.0, 584.0, 592.0, 600.0, 608.0, 616.0, 624.0, 632.0, 640.0, 648.0, 656.0, 664.0, 672.0, 680.0, 688.0, 696.0, 704.0, 712.0, 720.0, 728.0, 736.0, 744.0, 752.0, 760.0, 768.0, 776.0, 784.0, 792.0, 800.0, 808.0, 816.0, 824.0, 832.0, 840.0, 848.0, 856.0, 864.0, 872.0, 880.0, 888.0, 896.0, 904.0, 912.0, 920.0, 928.0, 936.0, 944.0, 952.0, 960.0, 968.0, 976.0, 984.0, 992.0, 1000.0, 1008.0, 1016.0, 1024.0, 1032.0, 1040.0, 1048.0, 1056.0, 1064.0, 1072.0, 1080.0, 1088.0, 1096.0, 1104.0, 1112.0, 1120.0, 1128.0, 1136.0, 1144.0, 1152.0, 1160.0, 1168.0, 1176.0, 1184.0, 1192.0, 1200.0, 1208.0, 1216.0, 1224.0, 1232.0, 1240.0, 1248.0, 1256.0, 1264.0, 1272.0, 1280.0, 1288.0, 1296.0, 1304.0, 1312.0, 1320.0, 1328.0, 1336.0, 1344.0, 1352.0, 1360.0, 1368.0, 1376.0, 1384.0, 1392.0, 1400.0, 1408.0, 1416.0, 1424.0, 1432.0, 1440.0, 1448.0, 1456.0, 1464.0, 1472.0, 1480.0, 1488.0, 1496.0, 1504.0, 1512.0, 1520.0, 1528.0, 1536.0, 1544.0, 1552.0, 1560.0, 1568.0, 1576.0, 1584.0, 1592.0, 1600.0, 1608.0, 1616.0, 1624.0, 1632.0, 1640.0, 1648.0], "y": [1, 0, 0, 0, 0, 0, 0, 0, 0, 0, 0, 0, 0, 0, 0, 0, 0, 0, 0, 0, 0, 0, 0, 0, 0, 0, 0, 0, 0, 0, 0, 0, 0, 0, 0, 0, 0, 0, 0, 0, 0, 0, 0, 0, 0, 0, 0, 0, 0, 0, 0, 0, 0, 0, 0, 0, 0, 0, 0, 0, 0, 0, 0, 0, 0, 0, 0, 0, 0, 0, 0, 0, 0, 0, 0, 0, 0, 0, 0, 0, 0, 0, 0, 0, 0, 0, 0, 0, 0, 0, 0, 0, 0, 0, 0, 0, 0, 0, 0, 0, 0, 0, 0, 0, 0, 0, 0, 0, 0, 0, 0, 0, 0, 0, 0, 0, 0, 0, 0, 0, 0, 0, 1, 0, 2, 1, 0, 1, 0, 0, 0, 2, 0, 3, 2, 3, 9, 3, 0, 11, 3, 3, 5, 1, 0, 0, 0, 1]}, "percentile": {"x": [479, 1453, 1465, 1478, 1488, 1525, 1537, 1538, 1548, 1551, 1552, 1560, 1562, 1563, 1564, 1567, 1568, 1574, 1575, 1584, 1586, 1587, 1588, 1589, 1598, 1599, 1600, 1601, 1605, 1608, 1609, 1611, 1613, 1618, 1650], "y": [98.1, 96.1, 92.2, 90.2, 88.3, 84.4, 82.4, 78.5, 76.5, 74.6, 68.7, 66.7, 58.9, 55.0, 53.0, 51.0, 49.1, 47.1, 45.1, 43.2, 39.3, 35.3, 29.5, 23.599999999999994, 21.599999999999994, 17.700000000000003, 15.700000000000003, 13.799999999999997, 11.799999999999997, 9.900000000000006, 7.900000000000006, 5.900000000000006, 2.0, 0.0, -1.9000000000000057]}}