{"percentile": {"x": [480, 647, 1081, 1440, 1441, 1464, 1465, 1477, 1478, 1489, 1490, 1500, 1501, 1502, 1513, 1514, 1515, 1517, 1524, 1525, 1526, 1527, 1537, 1539, 1549, 1550, 1551, 1552, 1554, 1557, 1560, 1561, 1562, 1563, 1564, 1573, 1575, 1576, 1585, 1586, 1587, 1588, 1589, 1593, 1596, 1597, 1598, 1599, 1600, 1601, 1602, 1605, 1608, 1609, 1610, 1611, 1612, 1613, 1614, 1616, 1619, 1620, 1622, 1624, 1635, 1636, 1638, 1650, 1655], "y": [99.6, 99.1, 98.6, 98.2, 97.7, 97.2, 96.8, 96.3, 95.8, 94.9, 94.4, 94.0, 93.5, 89.8, 87.9, 87.4, 84.6, 84.2, 82.8, 80.9, 79.5, 78.1, 77.6, 76.2, 74.3, 72.9, 69.2, 65.0, 64.5, 63.6, 62.7, 61.7, 59.9, 58.9, 58.5, 58.0, 57.1, 56.1, 55.2, 52.4, 49.1, 46.8, 44.4, 43.5, 41.2, 37.0, 34.599999999999994, 32.8, 31.400000000000006, 29.0, 28.599999999999994, 27.599999999999994, 24.299999999999997, 22.0, 19.700000000000003, 15.900000000000006, 14.5, 10.299999999999997, 8.5, 8.0, 7.5, 4.700000000000003, 4.299999999999997, 3.799999999999997, 3.299999999999997, 2.9000000000000057, 1.9000000000000057, 0.0, -0.4000000000000057]}, "histogram": {"x": [486.0, 504.0, 522.0, 540.0, 558.0, 576.0, 594.0, 612.0, 630.0, 648.0, 666.0, 684.0, 702.0, 720.0, 738.0, 756.0, 774.0, 792.0, 810.0, 828.0, 846.0, 864.0, 882.0, 900.0, 918.0, 936.0, 954.0, 972.0, 990.0, 1008.0, 1026.0, 1044.0, 1062.0, 1080.0, 1098.0, 1116.0, 1134.0, 1152.0, 1170.0, 1188.0, 1206.0, 1224.0, 1242.0, 1260.0, 1278.0, 1296.0, 1314.0, 1332.0, 1350.0, 1368.0, 1386.0, 1404.0, 1422.0, 1440.0, 1458.0, 1476.0, 1494.0, 1512.0, 1530.0, 1548.0, 1566.0, 1584.0, 1602.0, 1620.0, 1638.0, 1656.0], "y": [1, 0, 0, 0, 0, 0, 0, 0, 0, 1, 0, 0, 0, 0, 0, 0, 0, 0, 0, 0, 0, 0, 0, 0, 0, 0, 0, 0, 0, 0, 0, 0, 0, 0, 1, 0, 0, 0, 0, 0, 0, 0, 0, 0, 0, 0, 0, 0, 0, 0, 0, 0, 0, 0, 2, 2, 5, 10, 25, 4, 38, 5, 58, 46, 10, 7, 0]}}