{"histogram": {"x": [1544.0, 1552.0, 1560.0, 1568.0, 1576.0, 1584.0, 1592.0, 1600.0, 1608.0, 1616.0, 1624.0, 1632.0, 1640.0, 1648.0, 1656.0], "y": [1, 0, 2, 1, 6, 6, 7, 6, 48, 17, 4, 12, 10, 10, 0]}, "percentile": {"x": [1550, 1563, 1564, 1575, 1576, 1588, 1589, 1591, 1596, 1597, 1598, 1599, 1600, 1601, 1607, 1608, 1609, 1610, 1611, 1612, 1613, 1614, 1615, 1616, 1617, 1618, 1619, 1620, 1621, 1622, 1623, 1626, 1627, 1628, 1632, 1633, 1634, 1636, 1637, 1639, 1640, 1642, 1643, 1644, 1645, 1648, 1650, 1652, 1654, 1655], "y": [99.3, 98.5, 97.7, 96.9, 92.3, 90.0, 89.2, 87.6, 86.9, 86.1, 83.0, 82.2, 80.7, 78.3, 77.6, 76.8, 72.1, 69.8, 64.4, 62.1, 44.2, 42.7, 40.4, 38.0, 37.3, 35.7, 32.599999999999994, 30.299999999999997, 28.700000000000003, 28.0, 27.200000000000003, 26.400000000000006, 24.900000000000006, 24.099999999999994, 21.799999999999997, 21.0, 18.700000000000003, 17.900000000000006, 16.299999999999997, 14.799999999999997, 14.0, 11.700000000000003, 10.099999999999994, 8.599999999999994, 7.0, 5.5, 3.9000000000000057, 3.200000000000003, 0.0, -0.7000000000000028]}}