{"percentile": {"y": [98.7, 97.4, 94.8, 93.5, 92.2, 90.8, 89.5, 88.2, 85.6, 82.9, 81.6, 76.4, 75.0, 73.7, 72.4, 71.1, 69.8, 67.2, 64.5, 63.2, 61.9, 60.6, 57.9, 56.6, 55.3, 54.0, 52.7, 50.0, 46.1, 21.099999999999994, 18.5, 17.200000000000003, 15.799999999999997, 14.5, 13.200000000000003, 10.599999999999994, 6.599999999999994, 2.700000000000003, 1.4000000000000057, 0.0, -1.2999999999999972], "x": [1490, 1526, 1549, 1550, 1552, 1560, 1562, 1563, 1573, 1574, 1575, 1576, 1586, 1587, 1592, 1597, 1598, 1599, 1600, 1601, 1603, 1604, 1606, 1607, 1608, 1609, 1610, 1611, 1612, 1613, 1619, 1620, 1621, 1622, 1625, 1626, 1630, 1637, 1639, 1640, 1655]}, "histogram": {"y": [1, 0, 1, 0, 7, 9, 10, 34, 12, 3, 0], "x": [1494.0, 1512.0, 1530.0, 1548.0, 1566.0, 1584.0, 1602.0, 1620.0, 1638.0, 1656.0]}}