{"histogram": {"y": [1, 2, 1, 1, 0, 1, 0, 0, 1, 1, 0, 1, 1, 2, 0, 3, 1, 2, 0, 0, 2, 2, 1, 1, 1, 2, 2, 10, 12, 59, 153, 196, 43, 352, 43, 581, 326, 40, 30, 0], "x": [972.0, 990.0, 1008.0, 1026.0, 1044.0, 1062.0, 1080.0, 1098.0, 1116.0, 1134.0, 1152.0, 1170.0, 1188.0, 1206.0, 1224.0, 1242.0, 1260.0, 1278.0, 1296.0, 1314.0, 1332.0, 1350.0, 1368.0, 1386.0, 1404.0, 1422.0, 1440.0, 1458.0, 1476.0, 1494.0, 1512.0, 1530.0, 1548.0, 1566.0, 1584.0, 1602.0, 1620.0, 1638.0, 1656.0]}, "percentile": {"y": [100.0, 99.9, 99.9, 99.8, 99.8, 99.7, 99.7, 99.6, 99.6, 99.5, 99.5, 99.4, 99.4, 99.3, 99.2, 99.2, 99.1, 99.1, 99.0, 98.9, 98.9, 98.8, 98.8, 98.7, 98.7, 98.6, 98.6, 98.5, 98.4, 98.4, 98.3, 98.3, 98.0, 97.9, 97.3, 96.8, 96.2, 96.0, 96.0, 95.9, 95.8, 95.7, 95.1, 94.3, 94.2, 94.2, 94.1, 94.0, 93.7, 92.5, 86.1, 86.1, 86.0, 86.0, 84.6, 83.4, 81.3, 81.2, 81.1, 81.1, 80.9, 80.8, 80.7, 80.6, 80.3, 79.6, 78.2, 76.6, 75.5, 75.5, 75.4, 75.2, 74.4, 74.2, 73.4, 73.4, 73.2, 72.9, 71.8, 69.6, 67.6, 64.8, 64.7, 64.3, 64.0, 63.8, 63.6, 63.3, 63.1, 61.3, 59.4, 57.4, 55.8, 54.5, 54.4, 54.3, 54.3, 54.1, 53.8, 53.3, 53.1, 52.3, 52.2, 52.2, 51.9, 49.6, 47.4, 44.4, 41.6, 38.8, 38.7, 38.4, 37.9, 37.5, 37.2, 36.7, 35.099999999999994, 32.7, 29.700000000000003, 27.0, 24.0, 21.099999999999994, 20.799999999999997, 20.599999999999994, 20.5, 20.400000000000006, 20.099999999999994, 20.0, 18.700000000000003, 17.299999999999997, 14.799999999999997, 12.799999999999997, 10.700000000000003, 4.400000000000006, 4.200000000000003, 4.099999999999994, 3.9000000000000057, 3.9000000000000057, 3.700000000000003, 2.799999999999997, 2.700000000000003, 2.700000000000003, 2.5, 2.299999999999997, 2.0, 2.0, 1.9000000000000057, 1.7999999999999972, 1.7000000000000028, 1.5999999999999943, 1.5, 1.5, 1.4000000000000057, 1.2999999999999972, 1.2000000000000028, 1.2000000000000028, 1.0999999999999943, 0.4000000000000057, 0.4000000000000057, 0.0], "x": [955, 974, 979, 993, 1018, 1055, 1101, 1119, 1165, 1171, 1189, 1200, 1224, 1232, 1235, 1248, 1265, 1274, 1316, 1333, 1340, 1351, 1384, 1391, 1417, 1420, 1437, 1438, 1441, 1442, 1447, 1449, 1453, 1464, 1465, 1477, 1478, 1479, 1482, 1484, 1487, 1488, 1489, 1490, 1491, 1492, 1496, 1498, 1500, 1501, 1502, 1505, 1510, 1512, 1513, 1514, 1515, 1516, 1517, 1518, 1519, 1520, 1521, 1522, 1523, 1524, 1525, 1526, 1527, 1532, 1533, 1536, 1537, 1538, 1539, 1541, 1547, 1548, 1549, 1550, 1551, 1552, 1553, 1554, 1555, 1556, 1557, 1558, 1559, 1560, 1561, 1562, 1563, 1564, 1568, 1570, 1571, 1572, 1573, 1574, 1575, 1576, 1580, 1583, 1584, 1585, 1586, 1587, 1588, 1589, 1590, 1591, 1592, 1593, 1594, 1595, 1596, 1597, 1598, 1599, 1600, 1601, 1602, 1603, 1604, 1605, 1606, 1607, 1608, 1609, 1610, 1611, 1612, 1613, 1614, 1615, 1616, 1617, 1619, 1620, 1621, 1622, 1623, 1624, 1626, 1627, 1633, 1634, 1635, 1636, 1638, 1639, 1640, 1644, 1646, 1647, 1648, 1650, 1653, 1655]}}