{"histogram": {"x": [324.0, 342.0, 360.0, 378.0, 396.0, 414.0, 432.0, 450.0, 468.0, 486.0, 504.0, 522.0, 540.0, 558.0, 576.0, 594.0, 612.0, 630.0, 648.0, 666.0, 684.0, 702.0, 720.0, 738.0, 756.0, 774.0, 792.0, 810.0, 828.0, 846.0, 864.0, 882.0, 900.0, 918.0, 936.0, 954.0, 972.0, 990.0, 1008.0, 1026.0, 1044.0, 1062.0, 1080.0, 1098.0, 1116.0, 1134.0, 1152.0, 1170.0, 1188.0, 1206.0, 1224.0, 1242.0, 1260.0, 1278.0, 1296.0, 1314.0, 1332.0, 1350.0, 1368.0, 1386.0, 1404.0, 1422.0, 1440.0, 1458.0, 1476.0, 1494.0, 1512.0, 1530.0, 1548.0, 1566.0, 1584.0, 1602.0, 1620.0, 1638.0, 1656.0], "y": [1, 0, 0, 0, 1, 0, 0, 0, 0, 0, 0, 0, 0, 0, 0, 0, 0, 0, 0, 0, 0, 0, 1, 0, 0, 0, 0, 0, 0, 0, 0, 0, 0, 0, 0, 0, 0, 0, 0, 0, 0, 0, 0, 0, 0, 0, 0, 0, 0, 0, 1, 0, 0, 0, 1, 0, 0, 0, 0, 0, 0, 0, 0, 2, 0, 1, 5, 6, 6, 47, 9, 163, 302, 77, 84, 0]}, "percentile": {"x": [311, 392, 707, 1223, 1289, 1440, 1443, 1488, 1501, 1502, 1513, 1515, 1525, 1526, 1527, 1532, 1533, 1537, 1539, 1548, 1549, 1550, 1551, 1552, 1553, 1554, 1556, 1560, 1561, 1562, 1563, 1564, 1569, 1573, 1575, 1576, 1583, 1584, 1585, 1586, 1587, 1588, 1589, 1590, 1591, 1592, 1594, 1596, 1597, 1598, 1599, 1600, 1601, 1602, 1604, 1605, 1607, 1608, 1609, 1610, 1611, 1612, 1613, 1614, 1615, 1617, 1618, 1619, 1620, 1621, 1622, 1623, 1624, 1625, 1626, 1628, 1630, 1631, 1632, 1633, 1634, 1635, 1636, 1637, 1638, 1640, 1642, 1645, 1646, 1647, 1648, 1649, 1650, 1651, 1654, 1655], "y": [99.9, 99.8, 99.6, 99.5, 99.3, 99.2, 99.1, 98.9, 98.8, 98.2, 98.1, 97.9, 97.8, 97.6, 97.4, 97.2, 97.1, 96.9, 96.5, 96.4, 96.1, 95.8, 95.4, 94.0, 93.7, 93.5, 93.4, 93.0, 92.3, 91.8, 91.0, 89.9, 89.7, 89.6, 89.4, 88.7, 88.6, 88.4, 87.7, 86.3, 85.5, 83.3, 80.9, 80.8, 79.9, 79.7, 79.5, 77.5, 75.1, 73.0, 71.6, 68.7, 65.5, 65.3, 64.9, 64.4, 63.9, 61.1, 58.3, 54.7, 51.6, 47.8, 25.099999999999994, 23.599999999999994, 23.299999999999997, 23.099999999999994, 22.900000000000006, 22.700000000000003, 20.400000000000006, 19.700000000000003, 19.200000000000003, 18.0, 17.0, 16.099999999999994, 14.799999999999997, 14.599999999999994, 14.5, 14.400000000000006, 13.900000000000006, 13.799999999999997, 13.099999999999994, 12.799999999999997, 12.099999999999994, 11.799999999999997, 11.700000000000003, 11.5, 11.400000000000006, 11.099999999999994, 10.799999999999997, 10.700000000000003, 9.299999999999997, 8.5, 0.29999999999999716, 0.20000000000000284, 0.0, -0.09999999999999432]}}
