{"percentile": {"x": [240, 410, 1453, 1464, 1490, 1501, 1502, 1513, 1514, 1525, 1526, 1537, 1538, 1539, 1545, 1549, 1550, 1551, 1552, 1557, 1559, 1560, 1561, 1562, 1563, 1564, 1571, 1572, 1575, 1576, 1584, 1585, 1586, 1587, 1588, 1589, 1590, 1591, 1593, 1594, 1596, 1597, 1598, 1599, 1600, 1601, 1602, 1605, 1606, 1608, 1609, 1610, 1611, 1612, 1613, 1614, 1617, 1618, 1620, 1625, 1626, 1636, 1644, 1649, 1650, 1655], "y": [99.5, 99.0, 98.5, 98.0, 97.5, 96.9, 94.9, 91.8, 90.2, 89.7, 89.2, 88.7, 86.6, 86.1, 85.5, 85.0, 83.0, 82.4, 81.4, 80.9, 80.4, 78.8, 78.3, 76.2, 75.7, 74.7, 74.1, 73.6, 73.1, 72.6, 71.6, 68.4, 66.9, 64.8, 64.3, 60.2, 59.1, 58.6, 57.6, 57.0, 56.0, 55.0, 49.8, 48.2, 45.6, 43.1, 42.5, 42.0, 41.5, 38.4, 35.8, 32.2, 28.5, 24.400000000000006, 10.900000000000006, 9.400000000000006, 8.900000000000006, 8.299999999999997, 5.200000000000003, 3.700000000000003, 3.200000000000003, 2.0999999999999943, 1.5999999999999943, 1.0999999999999943, 0.0, -0.5]}, "histogram": {"x": [252.0, 270.0, 288.0, 306.0, 324.0, 342.0, 360.0, 378.0, 396.0, 414.0, 432.0, 450.0, 468.0, 486.0, 504.0, 522.0, 540.0, 558.0, 576.0, 594.0, 612.0, 630.0, 648.0, 666.0, 684.0, 702.0, 720.0, 738.0, 756.0, 774.0, 792.0, 810.0, 828.0, 846.0, 864.0, 882.0, 900.0, 918.0, 936.0, 954.0, 972.0, 990.0, 1008.0, 1026.0, 1044.0, 1062.0, 1080.0, 1098.0, 1116.0, 1134.0, 1152.0, 1170.0, 1188.0, 1206.0, 1224.0, 1242.0, 1260.0, 1278.0, 1296.0, 1314.0, 1332.0, 1350.0, 1368.0, 1386.0, 1404.0, 1422.0, 1440.0, 1458.0, 1476.0, 1494.0, 1512.0, 1530.0, 1548.0, 1566.0, 1584.0, 1602.0, 1620.0, 1638.0, 1656.0], "y": [1, 0, 0, 0, 0, 0, 0, 0, 0, 1, 0, 0, 0, 0, 0, 0, 0, 0, 0, 0, 0, 0, 0, 0, 0, 0, 0, 0, 0, 0, 0, 0, 0, 0, 0, 0, 0, 0, 0, 0, 0, 0, 0, 0, 0, 0, 0, 0, 0, 0, 0, 0, 0, 0, 0, 0, 0, 0, 0, 0, 0, 0, 0, 0, 0, 0, 0, 1, 1, 1, 5, 11, 7, 21, 4, 57, 67, 12, 5, 0]}}