{"percentile": {"y": [98.6, 97.1, 95.6, 94.2, 92.7, 91.2, 89.8, 83.9, 82.4, 76.5, 75.0, 73.6, 70.6, 69.2, 67.7, 64.8, 61.8, 60.3, 57.4, 55.9, 54.5, 51.5, 47.1, 45.6, 44.2, 42.7, 41.2, 39.8, 35.3, 33.900000000000006, 32.400000000000006, 30.900000000000006, 29.5, 28.0, 25.0, 22.099999999999994, 20.599999999999994, 16.200000000000003, 14.799999999999997, 11.799999999999997, 8.900000000000006, 3.0, 1.5, 0.0, -1.4000000000000057], "x": [1100, 1131, 1270, 1340, 1347, 1397, 1475, 1490, 1501, 1502, 1512, 1513, 1514, 1515, 1526, 1539, 1550, 1551, 1552, 1553, 1559, 1560, 1561, 1562, 1564, 1573, 1574, 1576, 1585, 1586, 1587, 1588, 1589, 1590, 1597, 1598, 1599, 1600, 1602, 1608, 1612, 1613, 1614, 1623, 1650]}, "histogram": {"y": [1, 0, 0, 0, 1, 0, 0, 0, 0, 0, 0, 0, 0, 0, 0, 0, 0, 0, 0, 0, 0, 1, 0, 0, 0, 0, 0, 0, 0, 0, 1, 1, 0, 0, 0, 0, 0, 1, 0, 0, 0, 0, 0, 0, 0, 0, 0, 1, 0, 4, 5, 0, 5, 1, 0, 2, 3, 4, 7, 2, 1, 8, 5, 4, 9, 1, 0, 0, 0, 1], "x": [1096.0, 1104.0, 1112.0, 1120.0, 1128.0, 1136.0, 1144.0, 1152.0, 1160.0, 1168.0, 1176.0, 1184.0, 1192.0, 1200.0, 1208.0, 1216.0, 1224.0, 1232.0, 1240.0, 1248.0, 1256.0, 1264.0, 1272.0, 1280.0, 1288.0, 1296.0, 1304.0, 1312.0, 1320.0, 1328.0, 1336.0, 1344.0, 1352.0, 1360.0, 1368.0, 1376.0, 1384.0, 1392.0, 1400.0, 1408.0, 1416.0, 1424.0, 1432.0, 1440.0, 1448.0, 1456.0, 1464.0, 1472.0, 1480.0, 1488.0, 1496.0, 1504.0, 1512.0, 1520.0, 1528.0, 1536.0, 1544.0, 1552.0, 1560.0, 1568.0, 1576.0, 1584.0, 1592.0, 1600.0, 1608.0, 1616.0, 1624.0, 1632.0, 1640.0, 1648.0]}}