{"histogram": {"x": [72.0, 90.0, 108.0, 126.0, 144.0, 162.0, 180.0, 198.0, 216.0, 234.0, 252.0, 270.0, 288.0, 306.0, 324.0, 342.0, 360.0, 378.0, 396.0, 414.0, 432.0, 450.0, 468.0, 486.0, 504.0, 522.0, 540.0, 558.0, 576.0, 594.0, 612.0, 630.0, 648.0, 666.0, 684.0, 702.0, 720.0, 738.0, 756.0, 774.0, 792.0, 810.0, 828.0, 846.0, 864.0, 882.0, 900.0, 918.0, 936.0, 954.0, 972.0, 990.0, 1008.0, 1026.0, 1044.0, 1062.0, 1080.0, 1098.0, 1116.0, 1134.0, 1152.0, 1170.0, 1188.0, 1206.0, 1224.0, 1242.0, 1260.0, 1278.0, 1296.0, 1314.0, 1332.0, 1350.0, 1368.0, 1386.0, 1404.0, 1422.0, 1440.0, 1458.0, 1476.0, 1494.0, 1512.0, 1530.0, 1548.0, 1566.0, 1584.0, 1602.0, 1620.0, 1638.0, 1656.0], "y": [1, 0, 0, 0, 0, 0, 0, 0, 0, 1, 0, 0, 0, 0, 0, 0, 0, 0, 0, 0, 0, 0, 0, 0, 0, 0, 0, 0, 0, 0, 0, 0, 0, 0, 0, 0, 0, 0, 0, 0, 0, 0, 0, 0, 0, 0, 0, 0, 0, 0, 0, 0, 0, 0, 0, 0, 0, 0, 0, 0, 0, 0, 0, 0, 0, 0, 0, 0, 1, 0, 0, 0, 1, 1, 0, 0, 0, 2, 3, 8, 11, 25, 5, 35, 7, 64, 36, 4, 1, 0]}, "percentile": {"x": [60, 216, 1285, 1361, 1371, 1441, 1465, 1477, 1480, 1489, 1490, 1500, 1501, 1502, 1513, 1514, 1515, 1524, 1525, 1526, 1527, 1536, 1538, 1539, 1548, 1549, 1550, 1551, 1552, 1553, 1554, 1555, 1557, 1559, 1560, 1561, 1562, 1564, 1566, 1567, 1574, 1576, 1579, 1585, 1586, 1587, 1588, 1589, 1590, 1592, 1593, 1596, 1597, 1598, 1599, 1600, 1601, 1605, 1606, 1608, 1609, 1610, 1611, 1612, 1613, 1614, 1620, 1621, 1632, 1649], "y": [99.6, 99.1, 98.6, 98.1, 97.6, 96.6, 95.2, 94.7, 94.2, 92.7, 91.3, 90.8, 90.3, 85.9, 84.4, 82.5, 81.0, 79.6, 77.1, 75.2, 73.7, 72.7, 72.2, 71.3, 70.8, 69.3, 68.3, 64.0, 61.5, 61.0, 60.0, 59.6, 59.1, 58.6, 57.6, 57.1, 55.7, 54.2, 53.7, 53.2, 52.2, 51.8, 50.8, 48.8, 47.4, 44.0, 41.5, 38.1, 37.6, 37.1, 36.6, 34.2, 32.7, 31.799999999999997, 28.299999999999997, 23.0, 19.599999999999994, 19.099999999999994, 18.599999999999994, 16.599999999999994, 15.700000000000003, 13.700000000000003, 11.799999999999997, 10.799999999999997, 3.0, 2.0, 1.0, 0.5, 0.0, -0.4000000000000057]}}