{"percentile": {"x": [654, 720, 940, 1013, 1120, 1170, 1190, 1214, 1292, 1319, 1321, 1330, 1333, 1381, 1390, 1426, 1433, 1441, 1453, 1465, 1466, 1477, 1478, 1481, 1486, 1488, 1489, 1490, 1492, 1500, 1502, 1513, 1514, 1515, 1517, 1521, 1523, 1524, 1525, 1526, 1536, 1537, 1538, 1539, 1549, 1550, 1551, 1552, 1553, 1554, 1555, 1557, 1560, 1561, 1562, 1563, 1564, 1568, 1569, 1572, 1573, 1575, 1576, 1584, 1585, 1586, 1587, 1588, 1589, 1593, 1594, 1596, 1597, 1598, 1599, 1600, 1601, 1602, 1607, 1608, 1609, 1610, 1611, 1612, 1613, 1614, 1650, 1651], "y": [99.7, 99.3, 98.9, 98.5, 98.1, 97.3, 96.9, 96.5, 96.2, 95.8, 95.4, 94.6, 94.2, 93.8, 93.4, 92.7, 92.3, 91.9, 90.7, 88.4, 88.0, 87.6, 87.2, 86.8, 86.4, 85.7, 84.1, 82.9, 82.5, 81.8, 78.6, 77.1, 74.0, 72.4, 72.0, 71.6, 71.3, 69.7, 67.4, 63.9, 63.5, 63.1, 61.9, 60.8, 60.0, 58.0, 56.5, 53.0, 52.2, 51.8, 51.0, 49.9, 46.7, 44.0, 40.1, 38.2, 35.8, 35.5, 35.099999999999994, 33.5, 32.7, 31.599999999999994, 31.200000000000003, 30.799999999999997, 29.599999999999994, 26.099999999999994, 23.400000000000006, 19.099999999999994, 16.799999999999997, 16.400000000000006, 16.0, 14.400000000000006, 13.299999999999997, 11.700000000000003, 11.299999999999997, 9.0, 7.400000000000006, 7.099999999999994, 6.700000000000003, 5.900000000000006, 5.5, 4.299999999999997, 3.9000000000000057, 3.200000000000003, 2.4000000000000057, 1.2000000000000028, 0.0, -0.29999999999999716]}, "histogram": {"x": [648.0, 656.0, 664.0, 672.0, 680.0, 688.0, 696.0, 704.0, 712.0, 720.0, 728.0, 736.0, 744.0, 752.0, 760.0, 768.0, 776.0, 784.0, 792.0, 800.0, 808.0, 816.0, 824.0, 832.0, 840.0, 848.0, 856.0, 864.0, 872.0, 880.0, 888.0, 896.0, 904.0, 912.0, 920.0, 928.0, 936.0, 944.0, 952.0, 960.0, 968.0, 976.0, 984.0, 992.0, 1000.0, 1008.0, 1016.0, 1024.0, 1032.0, 1040.0, 1048.0, 1056.0, 1064.0, 1072.0, 1080.0, 1088.0, 1096.0, 1104.0, 1112.0, 1120.0, 1128.0, 1136.0, 1144.0, 1152.0, 1160.0, 1168.0, 1176.0, 1184.0, 1192.0, 1200.0, 1208.0, 1216.0, 1224.0, 1232.0, 1240.0, 1248.0, 1256.0, 1264.0, 1272.0, 1280.0, 1288.0, 1296.0, 1304.0, 1312.0, 1320.0, 1328.0, 1336.0, 1344.0, 1352.0, 1360.0, 1368.0, 1376.0, 1384.0, 1392.0, 1400.0, 1408.0, 1416.0, 1424.0, 1432.0, 1440.0, 1448.0, 1456.0, 1464.0, 1472.0, 1480.0, 1488.0, 1496.0, 1504.0, 1512.0, 1520.0, 1528.0, 1536.0, 1544.0, 1552.0, 1560.0, 1568.0, 1576.0, 1584.0, 1592.0, 1600.0, 1608.0, 1616.0, 1624.0, 1632.0, 1640.0, 1648.0], "y": [1, 0, 0, 0, 0, 0, 0, 0, 0, 1, 0, 0, 0, 0, 0, 0, 0, 0, 0, 0, 0, 0, 0, 0, 0, 0, 0, 0, 0, 0, 0, 0, 0, 0, 0, 0, 1, 0, 0, 0, 0, 0, 0, 0, 0, 1, 0, 0, 0, 0, 0, 0, 0, 0, 0, 0, 0, 0, 0, 1, 0, 0, 0, 0, 0, 2, 0, 1, 0, 0, 1, 0, 0, 0, 0, 0, 0, 0, 0, 0, 1, 0, 0, 1, 1, 3, 0, 0, 0, 0, 0, 1, 1, 0, 0, 0, 0, 2, 1, 1, 3, 0, 7, 2, 2, 10, 10, 0, 17, 21, 0, 8, 11, 17, 36, 11, 1, 37, 14, 12, 14, 0, 0, 0, 0, 4]}}