{"percentile": {"y": [99.7, 99.4, 99.1, 98.8, 98.5, 98.1, 97.8, 97.5, 97.2, 95.9, 95.3, 94.0, 93.7, 93.4, 92.4, 90.8, 90.5, 89.9, 88.9, 87.0, 86.0, 82.9, 82.5, 81.6, 80.3, 77.1, 75.5, 75.2, 74.3, 72.3, 71.4, 68.8, 66.3, 64.4, 59.0, 56.7, 56.4, 56.1, 55.5, 55.1, 53.2, 50.7, 47.8, 45.3, 41.8, 41.5, 41.1, 40.5, 39.9, 39.2, 37.6, 35.400000000000006, 34.099999999999994, 32.5, 31.599999999999994, 28.700000000000003, 25.5, 23.0, 22.700000000000003, 21.700000000000003, 19.200000000000003, 16.599999999999994, 14.400000000000006, 12.799999999999997, 11.799999999999997, 10.200000000000003, 9.900000000000006, 9.599999999999994, 9.299999999999997, 9.0, 8.299999999999997, 7.400000000000006, 6.099999999999994, 5.5, 4.799999999999997, 3.200000000000003, 1.2999999999999972, 1.0, 0.7000000000000028, 0.0, -0.29999999999999716], "x": [683, 852, 1215, 1246, 1294, 1359, 1418, 1441, 1452, 1465, 1477, 1478, 1485, 1488, 1489, 1490, 1492, 1501, 1502, 1513, 1514, 1515, 1517, 1524, 1525, 1526, 1527, 1532, 1536, 1537, 1538, 1539, 1549, 1550, 1551, 1552, 1554, 1557, 1558, 1559, 1560, 1561, 1562, 1563, 1564, 1567, 1571, 1572, 1573, 1574, 1575, 1576, 1584, 1585, 1586, 1587, 1588, 1589, 1594, 1595, 1596, 1597, 1598, 1599, 1600, 1601, 1602, 1603, 1604, 1606, 1607, 1608, 1609, 1610, 1611, 1612, 1613, 1626, 1634, 1650, 1655]}, "histogram": {"y": [1, 0, 0, 0, 0, 0, 0, 0, 0, 0, 1, 0, 0, 0, 0, 0, 0, 0, 0, 0, 0, 0, 0, 0, 0, 0, 0, 0, 0, 0, 1, 0, 1, 0, 1, 0, 0, 0, 1, 0, 0, 1, 0, 2, 4, 17, 5, 42, 21, 85, 20, 79, 28, 2, 3, 0], "x": [684.0, 702.0, 720.0, 738.0, 756.0, 774.0, 792.0, 810.0, 828.0, 846.0, 864.0, 882.0, 900.0, 918.0, 936.0, 954.0, 972.0, 990.0, 1008.0, 1026.0, 1044.0, 1062.0, 1080.0, 1098.0, 1116.0, 1134.0, 1152.0, 1170.0, 1188.0, 1206.0, 1224.0, 1242.0, 1260.0, 1278.0, 1296.0, 1314.0, 1332.0, 1350.0, 1368.0, 1386.0, 1404.0, 1422.0, 1440.0, 1458.0, 1476.0, 1494.0, 1512.0, 1530.0, 1548.0, 1566.0, 1584.0, 1602.0, 1620.0, 1638.0, 1656.0]}}