{"percentile": {"x": [1490, 1502, 1534, 1550, 1561, 1574, 1575, 1576, 1588, 1596, 1597, 1599, 1600, 1605, 1609, 1610, 1611, 1612, 1613, 1620, 1629], "y": [96.7, 93.4, 90.0, 86.7, 83.4, 80.0, 76.7, 73.4, 70.0, 66.7, 60.0, 53.4, 50.0, 46.7, 43.4, 36.7, 30.0, 23.400000000000006, 3.4000000000000057, 0.0, -3.299999999999997]}, "histogram": {"x": [1494.0, 1512.0, 1530.0, 1548.0, 1566.0, 1584.0, 1602.0, 1620.0], "y": [1, 1, 0, 1, 2, 3, 7, 14, 2]}}