{"histogram": {"y": [1, 2, 2, 7, 6, 5, 7, 39, 7, 6, 6, 2, 9, 0], "x": [1552.0, 1560.0, 1568.0, 1576.0, 1584.0, 1592.0, 1600.0, 1608.0, 1616.0, 1624.0, 1632.0, 1640.0, 1648.0, 1656.0]}, "percentile": {"y": [99.0, 98.0, 97.0, 96.0, 94.9, 87.8, 85.8, 83.7, 82.7, 81.7, 80.7, 77.6, 76.6, 72.5, 71.5, 70.5, 69.4, 68.4, 63.3, 59.2, 54.1, 48.0, 31.700000000000003, 29.599999999999994, 28.599999999999994, 27.599999999999994, 26.599999999999994, 24.5, 23.5, 22.5, 20.5, 18.400000000000006, 17.400000000000006, 16.400000000000006, 15.400000000000006, 12.299999999999997, 11.299999999999997, 10.299999999999997, 8.200000000000003, 7.200000000000003, 0.0, -1.0], "x": [1552, 1562, 1563, 1573, 1575, 1576, 1585, 1587, 1588, 1590, 1593, 1598, 1599, 1600, 1601, 1602, 1607, 1608, 1609, 1610, 1611, 1612, 1613, 1614, 1616, 1617, 1620, 1621, 1622, 1623, 1624, 1625, 1626, 1631, 1632, 1634, 1635, 1636, 1645, 1649, 1650, 1652]}}