{"percentile": {"y": [99.5, 99.0, 98.4, 95.8, 94.7, 93.1, 91.5, 91.0, 89.9, 89.4, 87.2, 86.7, 86.1, 85.6, 84.5, 84.0, 82.9, 82.4, 80.3, 75.5, 71.7, 71.2, 69.0, 68.5, 65.8, 62.6, 62.1, 59.9, 57.8, 53.0, 50.3, 47.6, 42.8, 42.3, 41.8, 41.2, 39.1, 37.5, 33.2, 29.5, 27.299999999999997, 25.700000000000003, 25.200000000000003, 24.599999999999994, 24.099999999999994, 23.599999999999994, 21.400000000000006, 18.799999999999997, 15.0, 14.5, 2.700000000000003, 2.200000000000003, 1.7000000000000028, 1.0999999999999943, 0.5999999999999943, 0.0, -0.5], "x": [1242, 1490, 1501, 1502, 1513, 1514, 1515, 1517, 1524, 1525, 1527, 1532, 1536, 1537, 1538, 1539, 1548, 1549, 1550, 1551, 1552, 1558, 1560, 1561, 1562, 1564, 1572, 1576, 1585, 1586, 1587, 1588, 1589, 1590, 1592, 1593, 1596, 1597, 1598, 1599, 1600, 1601, 1602, 1603, 1604, 1606, 1609, 1610, 1611, 1612, 1613, 1616, 1624, 1625, 1638, 1644, 1650]}, "histogram": {"y": [1, 0, 0, 0, 0, 0, 0, 0, 0, 0, 0, 0, 0, 0, 0, 0, 0, 0, 0, 0, 0, 0, 0, 0, 0, 0, 0, 0, 0, 0, 0, 1, 6, 0, 9, 7, 1, 5, 16, 8, 16, 1, 4, 33, 24, 11, 39, 1, 2, 1, 1, 1, 0], "x": [1240.0, 1248.0, 1256.0, 1264.0, 1272.0, 1280.0, 1288.0, 1296.0, 1304.0, 1312.0, 1320.0, 1328.0, 1336.0, 1344.0, 1352.0, 1360.0, 1368.0, 1376.0, 1384.0, 1392.0, 1400.0, 1408.0, 1416.0, 1424.0, 1432.0, 1440.0, 1448.0, 1456.0, 1464.0, 1472.0, 1480.0, 1488.0, 1496.0, 1504.0, 1512.0, 1520.0, 1528.0, 1536.0, 1544.0, 1552.0, 1560.0, 1568.0, 1576.0, 1584.0, 1592.0, 1600.0, 1608.0, 1616.0, 1624.0, 1632.0, 1640.0, 1648.0, 1656.0]}}