{"histogram": {"x": [1496.0, 1504.0, 1512.0, 1520.0, 1528.0, 1536.0, 1544.0, 1552.0, 1560.0, 1568.0, 1576.0, 1584.0, 1592.0, 1600.0, 1608.0, 1616.0, 1624.0, 1632.0, 1640.0, 1648.0], "y": [1, 0, 0, 2, 0, 1, 1, 2, 2, 1, 0, 0, 0, 4, 18, 0, 0, 0, 0, 4]}, "percentile": {"x": [1502, 1525, 1527, 1539, 1551, 1552, 1563, 1564, 1569, 1601, 1604, 1605, 1607, 1608, 1611, 1612, 1613, 1614, 1648, 1650], "y": [97.2, 94.3, 91.5, 88.6, 85.8, 80.0, 77.2, 74.3, 71.5, 68.6, 65.8, 62.9, 60.0, 57.2, 45.8, 42.9, 11.5, 8.599999999999994, 5.799999999999997, -2.799999999999997]}}