{"histogram": {"x": [1536.0, 1544.0, 1552.0, 1560.0, 1568.0, 1576.0, 1584.0, 1592.0, 1600.0, 1608.0, 1616.0, 1624.0, 1632.0, 1640.0, 1648.0], "y": [2, 0, 2, 1, 0, 1, 1, 3, 2, 8, 1, 0, 0, 1, 0]}, "percentile": {"x": [1539, 1540, 1552, 1561, 1576, 1588, 1594, 1597, 1599, 1601, 1609, 1610, 1611, 1613, 1616, 1646], "y": [95.3, 90.5, 81.0, 76.2, 71.5, 66.7, 62.0, 57.2, 52.4, 42.9, 33.400000000000006, 28.599999999999994, 23.900000000000006, 4.799999999999997, 0.0, -4.700000000000003]}}