{"percentile": {"y": [100.0, 99.9, 99.8, 99.8, 99.6, 99.5, 99.4, 99.3, 99.0, 98.9, 98.6, 98.4, 98.4, 98.3, 98.1, 97.8, 97.5, 97.5, 97.4, 97.4, 97.3, 97.3, 97.2, 97.0, 96.8, 96.4, 96.1, 95.7, 95.5, 94.9, 94.9, 94.8, 94.7, 94.7, 94.6, 94.4, 93.8, 93.2, 92.5, 91.6, 91.4, 91.3, 91.2, 91.1, 91.1, 91.0, 91.0, 89.8, 88.5, 86.9, 78.7, 78.6, 78.5, 78.5, 78.4, 77.7, 76.8, 75.8, 74.0, 72.0, 71.5, 71.1, 70.5, 69.8, 69.3, 68.9, 67.6, 66.4, 64.4, 61.7, 58.8, 55.7, 55.2, 54.2, 53.4, 53.0, 52.5, 51.9, 50.5, 48.0, 45.1, 41.6, 37.1, 18.599999999999994, 17.400000000000006, 16.299999999999997, 15.599999999999994, 14.700000000000003, 14.0, 13.5, 12.0, 11.0, 10.599999999999994, 10.099999999999994, 9.299999999999997, 9.0, 8.599999999999994, 8.200000000000003, 7.900000000000006, 7.200000000000003, 7.0, 6.700000000000003, 6.299999999999997, 6.0, 5.700000000000003, 5.5, 5.200000000000003, 4.900000000000006, 4.799999999999997, 4.599999999999994, 4.099999999999994, 3.9000000000000057, 3.5999999999999943, 3.299999999999997, 3.200000000000003, 3.0999999999999943, 3.0, 2.9000000000000057, 1.9000000000000057, 1.5999999999999943, 1.4000000000000057, 1.2999999999999972, 0.7999999999999972, 0.0], "x": [1439, 1441, 1465, 1477, 1478, 1489, 1490, 1501, 1502, 1513, 1514, 1515, 1518, 1521, 1525, 1526, 1527, 1529, 1530, 1531, 1533, 1534, 1535, 1537, 1538, 1539, 1549, 1550, 1551, 1552, 1554, 1555, 1556, 1557, 1559, 1560, 1561, 1562, 1563, 1564, 1565, 1567, 1568, 1569, 1570, 1571, 1572, 1573, 1574, 1575, 1576, 1578, 1580, 1582, 1584, 1585, 1586, 1587, 1588, 1589, 1590, 1591, 1592, 1593, 1594, 1595, 1596, 1597, 1598, 1599, 1600, 1601, 1602, 1603, 1604, 1605, 1606, 1607, 1608, 1609, 1610, 1611, 1612, 1613, 1614, 1615, 1616, 1617, 1618, 1619, 1620, 1621, 1622, 1623, 1624, 1625, 1626, 1627, 1628, 1629, 1630, 1631, 1632, 1633, 1634, 1635, 1636, 1637, 1638, 1640, 1641, 1642, 1643, 1644, 1645, 1646, 1648, 1649, 1650, 1651, 1652, 1653, 1654, 1655]}, "histogram": {"y": [1, 3, 1, 11, 10, 38, 28, 124, 322, 568, 1054, 214, 123, 0], "x": [1440.0, 1458.0, 1476.0, 1494.0, 1512.0, 1530.0, 1548.0, 1566.0, 1584.0, 1602.0, 1620.0, 1638.0, 1656.0]}}