{"percentile": {"y": [93.4, 86.7, 80.0, 66.7, 53.4, 46.7, 40.0, 26.700000000000003, 20.0, 13.400000000000006, 6.700000000000003, 0.0, -6.599999999999994], "x": [1567, 1608, 1609, 1612, 1613, 1620, 1621, 1623, 1626, 1632, 1637, 1646, 1650]}, "histogram": {"y": [1, 0, 6, 7, 2, 0], "x": [1584.0, 1602.0, 1620.0, 1638.0, 1656.0]}}