{"percentile": {"y": [98.0, 95.9, 93.8, 91.7, 89.6, 85.5, 83.4, 81.3, 79.2, 75.0, 73.0, 70.9, 68.8, 62.5, 58.4, 56.3, 52.1, 48.0, 45.9, 43.8, 39.6, 37.5, 35.5, 31.299999999999997, 27.099999999999994, 18.799999999999997, 16.700000000000003, 14.599999999999994, 12.5, 10.5, 6.299999999999997, 0.0, -2.0], "x": [1318, 1339, 1490, 1514, 1525, 1526, 1527, 1530, 1536, 1538, 1539, 1548, 1549, 1550, 1551, 1559, 1560, 1561, 1562, 1563, 1574, 1575, 1576, 1587, 1588, 1589, 1594, 1596, 1598, 1609, 1612, 1613, 1614]}, "histogram": {"y": [1, 0, 0, 1, 0, 0, 0, 0, 0, 0, 0, 0, 0, 0, 0, 0, 0, 0, 0, 0, 0, 0, 1, 0, 0, 1, 4, 1, 4, 7, 1, 6, 3, 1, 8, 3, 0, 7, 0], "x": [1312.0, 1320.0, 1328.0, 1336.0, 1344.0, 1352.0, 1360.0, 1368.0, 1376.0, 1384.0, 1392.0, 1400.0, 1408.0, 1416.0, 1424.0, 1432.0, 1440.0, 1448.0, 1456.0, 1464.0, 1472.0, 1480.0, 1488.0, 1496.0, 1504.0, 1512.0, 1520.0, 1528.0, 1536.0, 1544.0, 1552.0, 1560.0, 1568.0, 1576.0, 1584.0, 1592.0, 1600.0, 1608.0, 1616.0]}}