{"percentile": {"x": [1094, 1110, 1297, 1344, 1441, 1465, 1477, 1478, 1482, 1488, 1489, 1490, 1492, 1494, 1500, 1501, 1502, 1512, 1513, 1514, 1515, 1517, 1519, 1523, 1524, 1525, 1526, 1527, 1537, 1538, 1539, 1541, 1547, 1548, 1549, 1550, 1551, 1552, 1553, 1555, 1556, 1557, 1559, 1560, 1561, 1562, 1563, 1564, 1568, 1572, 1573, 1574, 1575, 1576, 1577, 1578, 1582, 1583, 1584, 1585, 1586, 1587, 1588, 1589, 1590, 1591, 1592, 1594, 1596, 1597, 1598, 1599, 1600, 1601, 1602, 1603, 1604, 1605, 1607, 1608, 1609, 1610, 1611, 1612, 1613, 1615, 1616, 1617, 1620, 1622, 1624, 1626, 1629, 1633, 1635, 1650, 1653, 1655], "y": [99.9, 99.7, 99.6, 99.4, 99.1, 98.7, 98.5, 98.1, 97.9, 97.8, 97.6, 96.1, 96.0, 95.8, 95.5, 94.8, 88.6, 88.3, 87.2, 85.7, 83.7, 83.6, 83.4, 83.3, 82.5, 81.0, 79.5, 78.6, 78.3, 77.8, 76.0, 75.9, 75.6, 75.4, 73.5, 71.0, 69.1, 65.8, 65.5, 64.9, 64.6, 64.2, 64.1, 62.1, 60.3, 58.7, 57.5, 56.4, 56.1, 55.3, 55.0, 54.7, 54.6, 54.0, 53.8, 53.5, 53.4, 53.2, 52.9, 49.9, 47.8, 43.4, 40.8, 36.8, 36.5, 36.0, 35.7, 35.400000000000006, 33.7, 31.0, 28.0, 25.700000000000003, 23.799999999999997, 21.200000000000003, 21.0, 20.700000000000003, 20.400000000000006, 20.099999999999994, 19.799999999999997, 18.599999999999994, 17.599999999999994, 15.200000000000003, 12.299999999999997, 10.599999999999994, 4.099999999999994, 4.0, 3.799999999999997, 3.700000000000003, 2.5, 2.299999999999997, 2.0, 1.9000000000000057, 1.7000000000000028, 1.5999999999999943, 1.2999999999999972, 0.4000000000000057, 0.20000000000000284, -0.09999999999999432]}, "histogram": {"x": [1098.0, 1116.0, 1134.0, 1152.0, 1170.0, 1188.0, 1206.0, 1224.0, 1242.0, 1260.0, 1278.0, 1296.0, 1314.0, 1332.0, 1350.0, 1368.0, 1386.0, 1404.0, 1422.0, 1440.0, 1458.0, 1476.0, 1494.0, 1512.0, 1530.0, 1548.0, 1566.0, 1584.0, 1602.0, 1620.0, 1638.0, 1656.0], "y": [1, 1, 0, 0, 0, 0, 0, 0, 0, 0, 0, 0, 1, 0, 1, 0, 0, 0, 0, 0, 2, 3, 18, 49, 66, 20, 127, 21, 212, 116, 16, 9, 0]}}