{"percentile": {"y": [97.4, 94.8, 92.2, 89.5, 86.9, 81.6, 76.4, 73.7, 71.1, 68.5, 65.8, 63.2, 60.6, 57.9, 55.3, 44.8, 39.5, 10.599999999999994, 7.900000000000006, 5.299999999999997, -2.5999999999999943], "x": [1502, 1525, 1527, 1539, 1551, 1552, 1563, 1564, 1569, 1601, 1604, 1605, 1607, 1608, 1610, 1611, 1612, 1613, 1614, 1648, 1650]}, "histogram": {"y": [1, 2, 1, 6, 1, 1, 23, 0, 4, 0], "x": [1512.0, 1530.0, 1548.0, 1566.0, 1584.0, 1602.0, 1620.0, 1638.0, 1656.0]}}