{"percentile": {"y": [95.7, 91.4, 87.0, 78.3, 74.0, 69.6, 65.3, 60.9, 56.6, 52.2, 47.9, 43.5, 13.099999999999994, 8.700000000000003, 4.400000000000006, -4.299999999999997], "x": [1539, 1556, 1563, 1576, 1589, 1594, 1597, 1600, 1606, 1609, 1610, 1612, 1613, 1632, 1636, 1650]}, "histogram": {"y": [1, 2, 2, 4, 11, 2, 2, 0], "x": [1548.0, 1566.0, 1584.0, 1602.0, 1620.0, 1638.0, 1656.0]}}