{"histogram": {"x": [1496.0, 1504.0, 1512.0, 1520.0, 1528.0, 1536.0, 1544.0, 1552.0, 1560.0, 1568.0, 1576.0, 1584.0, 1592.0, 1600.0, 1608.0, 1616.0, 1624.0], "y": [1, 0, 0, 0, 0, 0, 0, 0, 0, 0, 0, 4, 1, 3, 9, 0, 1]}, "percentile": {"x": [1502, 1588, 1589, 1591, 1598, 1600, 1609, 1610, 1612, 1613, 1615, 1624], "y": [94.5, 88.9, 77.8, 72.3, 66.7, 50.0, 44.5, 38.9, 27.799999999999997, 5.599999999999994, 0.0, -5.5]}}