{"histogram": {"x": [1472.0, 1480.0, 1488.0, 1496.0, 1504.0, 1512.0, 1520.0, 1528.0, 1536.0, 1544.0, 1552.0, 1560.0, 1568.0, 1576.0, 1584.0, 1592.0, 1600.0, 1608.0, 1616.0, 1624.0, 1632.0, 1640.0, 1648.0, 1656.0], "y": [1, 1, 1, 5, 0, 7, 5, 0, 1, 11, 5, 7, 1, 4, 26, 21, 11, 31, 7, 2, 2, 1, 7, 0]}, "percentile": {"x": [1477, 1481, 1490, 1501, 1502, 1513, 1514, 1515, 1525, 1526, 1527, 1539, 1549, 1550, 1551, 1552, 1553, 1554, 1557, 1560, 1561, 1562, 1563, 1564, 1575, 1576, 1585, 1586, 1587, 1588, 1589, 1591, 1594, 1596, 1597, 1598, 1599, 1600, 1601, 1604, 1608, 1609, 1610, 1611, 1612, 1613, 1614, 1619, 1620, 1621, 1625, 1632, 1637, 1642, 1649, 1650, 1654], "y": [99.4, 98.8, 98.1, 97.5, 94.9, 94.3, 92.4, 90.4, 89.8, 88.5, 87.2, 86.6, 85.3, 83.4, 79.5, 78.3, 77.6, 77.0, 76.3, 75.7, 75.0, 73.8, 72.5, 71.8, 71.2, 68.6, 66.7, 64.2, 60.3, 57.7, 52.6, 52.0, 51.3, 48.8, 46.2, 42.4, 38.5, 36.6, 32.099999999999994, 31.5, 30.200000000000003, 27.0, 25.0, 23.099999999999994, 19.900000000000006, 12.200000000000003, 11.599999999999994, 10.299999999999997, 9.0, 7.099999999999994, 5.799999999999997, 5.200000000000003, 4.5, 3.9000000000000057, 2.5999999999999943, 0.0, -0.5999999999999943]}}