{"percentile": {"y": [99.9, 99.7, 99.5, 99.4, 99.2, 99.0, 98.8, 98.7, 98.5, 98.3, 98.1, 98.0, 97.6, 97.3, 97.1, 96.9, 95.9, 95.0, 94.9, 94.7, 93.8, 88.6, 87.6, 86.2, 84.8, 84.7, 84.5, 84.3, 84.1, 84.0, 83.8, 83.4, 82.4, 81.0, 80.0, 79.6, 79.1, 78.9, 77.4, 76.2, 73.6, 72.0, 68.6, 68.4, 68.0, 67.5, 67.0, 66.8, 66.5, 64.8, 62.5, 60.3, 59.2, 57.5, 57.1, 57.0, 56.6, 55.9, 55.4, 54.4, 54.2, 52.5, 50.4, 48.0, 46.4, 43.0, 42.6, 42.1, 41.6, 41.2, 40.9, 40.5, 37.2, 35.3, 32.400000000000006, 29.799999999999997, 26.299999999999997, 22.900000000000006, 22.700000000000003, 22.5, 22.200000000000003, 21.799999999999997, 21.5, 20.299999999999997, 17.5, 16.0, 14.099999999999994, 11.5, 3.9000000000000057, 3.700000000000003, 3.299999999999997, 3.200000000000003, 1.5999999999999943, 1.2999999999999972, 0.9000000000000057, 0.7000000000000028, 0.5999999999999943, 0.4000000000000057, 0.20000000000000284, -0.09999999999999432], "x": [947, 996, 1084, 1100, 1132, 1321, 1335, 1358, 1375, 1412, 1422, 1453, 1465, 1478, 1481, 1488, 1489, 1490, 1493, 1498, 1501, 1502, 1513, 1514, 1515, 1517, 1518, 1519, 1520, 1521, 1523, 1524, 1525, 1526, 1527, 1536, 1537, 1538, 1539, 1549, 1550, 1551, 1552, 1553, 1555, 1556, 1557, 1558, 1559, 1560, 1561, 1562, 1563, 1564, 1570, 1571, 1572, 1573, 1574, 1576, 1584, 1585, 1586, 1587, 1588, 1589, 1590, 1591, 1592, 1593, 1594, 1595, 1596, 1597, 1598, 1599, 1600, 1601, 1603, 1604, 1605, 1606, 1607, 1608, 1609, 1610, 1611, 1612, 1613, 1614, 1615, 1618, 1620, 1623, 1624, 1632, 1635, 1636, 1639, 1650]}, "histogram": {"y": [1, 0, 0, 1, 0, 0, 0, 0, 1, 1, 1, 0, 0, 0, 0, 0, 0, 0, 0, 0, 0, 1, 1, 1, 1, 0, 1, 1, 1, 2, 16, 36, 50, 15, 115, 18, 182, 114, 16, 3, 0], "x": [954.0, 972.0, 990.0, 1008.0, 1026.0, 1044.0, 1062.0, 1080.0, 1098.0, 1116.0, 1134.0, 1152.0, 1170.0, 1188.0, 1206.0, 1224.0, 1242.0, 1260.0, 1278.0, 1296.0, 1314.0, 1332.0, 1350.0, 1368.0, 1386.0, 1404.0, 1422.0, 1440.0, 1458.0, 1476.0, 1494.0, 1512.0, 1530.0, 1548.0, 1566.0, 1584.0, 1602.0, 1620.0, 1638.0, 1656.0]}}