{"percentile": {"y": [100.0, 100.0, 100.0, 100.0, 99.9, 99.9, 99.9, 99.8, 99.7, 99.5, 99.4, 99.3, 98.9, 98.9, 98.8, 98.7, 98.7, 98.7, 98.6, 98.3, 98.1, 97.8, 97.8, 97.8, 97.7, 97.5, 97.3, 96.8, 96.7, 96.6, 96.3, 95.8, 95.0, 95.0, 94.9, 94.7, 94.6, 94.6, 94.5, 94.4, 94.3, 93.8, 93.2, 92.3, 91.0, 90.9, 90.9, 90.8, 90.7, 90.7, 90.6, 90.5, 89.7, 88.7, 87.2, 78.6, 78.6, 78.6, 78.6, 77.7, 76.7, 75.2, 73.5, 71.8, 71.2, 70.4, 69.8, 69.2, 68.5, 68.0, 66.7, 65.2, 63.4, 61.3, 58.6, 55.3, 54.7, 54.1, 53.2, 52.7, 52.0, 51.6, 50.4, 48.3, 45.2, 41.7, 37.4, 19.5, 18.5, 17.799999999999997, 16.799999999999997, 15.900000000000006, 15.0, 14.099999999999994, 13.099999999999994, 12.599999999999994, 11.900000000000006, 11.400000000000006, 11.099999999999994, 10.599999999999994, 10.099999999999994, 9.700000000000003, 9.400000000000006, 8.700000000000003, 8.400000000000006, 7.900000000000006, 7.400000000000006, 7.200000000000003, 6.700000000000003, 6.400000000000006, 6.0, 5.799999999999997, 5.599999999999994, 5.299999999999997, 5.099999999999994, 4.700000000000003, 4.400000000000006, 4.200000000000003, 3.799999999999997, 3.799999999999997, 3.5999999999999943, 3.5, 3.299999999999997, 3.200000000000003, 1.7000000000000028, 1.4000000000000057, 1.2000000000000028, 1.0, 0.7000000000000028, 0.0], "x": [1293, 1316, 1351, 1423, 1441, 1453, 1465, 1478, 1489, 1490, 1493, 1501, 1502, 1513, 1514, 1515, 1519, 1520, 1524, 1525, 1526, 1527, 1530, 1535, 1536, 1537, 1538, 1539, 1541, 1549, 1550, 1551, 1552, 1553, 1554, 1555, 1556, 1557, 1558, 1559, 1560, 1561, 1562, 1563, 1564, 1565, 1566, 1567, 1568, 1570, 1571, 1572, 1573, 1574, 1575, 1576, 1578, 1583, 1584, 1585, 1586, 1587, 1588, 1589, 1590, 1591, 1592, 1593, 1594, 1595, 1596, 1597, 1598, 1599, 1600, 1601, 1602, 1603, 1604, 1605, 1606, 1607, 1608, 1609, 1610, 1611, 1612, 1613, 1614, 1615, 1616, 1617, 1618, 1619, 1620, 1621, 1622, 1623, 1624, 1625, 1626, 1627, 1628, 1629, 1630, 1631, 1632, 1633, 1634, 1635, 1636, 1637, 1638, 1639, 1640, 1641, 1642, 1643, 1644, 1645, 1646, 1647, 1648, 1649, 1650, 1651, 1652, 1653, 1654, 1655]}, "histogram": {"y": [1, 0, 0, 1, 0, 0, 0, 1, 0, 0, 0, 0, 0, 0, 0, 0, 1, 0, 0, 2, 1, 0, 1, 3, 0, 16, 19, 0, 10, 37, 2, 43, 40, 57, 152, 151, 359, 342, 380, 407, 1412, 267, 145, 110, 74, 146, 0], "x": [1288.0, 1296.0, 1304.0, 1312.0, 1320.0, 1328.0, 1336.0, 1344.0, 1352.0, 1360.0, 1368.0, 1376.0, 1384.0, 1392.0, 1400.0, 1408.0, 1416.0, 1424.0, 1432.0, 1440.0, 1448.0, 1456.0, 1464.0, 1472.0, 1480.0, 1488.0, 1496.0, 1504.0, 1512.0, 1520.0, 1528.0, 1536.0, 1544.0, 1552.0, 1560.0, 1568.0, 1576.0, 1584.0, 1592.0, 1600.0, 1608.0, 1616.0, 1624.0, 1632.0, 1640.0, 1648.0, 1656.0]}}