{"percentile": {"x": [1195, 1257, 1329, 1333, 1435, 1441, 1452, 1464, 1465, 1477, 1478, 1482, 1484, 1489, 1490, 1493, 1502, 1512, 1514, 1515, 1518, 1520, 1521, 1524, 1525, 1526, 1527, 1534, 1536, 1537, 1539, 1540, 1549, 1550, 1551, 1552, 1554, 1558, 1559, 1560, 1561, 1562, 1564, 1571, 1572, 1573, 1574, 1584, 1585, 1586, 1587, 1588, 1589, 1590, 1594, 1595, 1596, 1597, 1598, 1599, 1600, 1604, 1608, 1610, 1611, 1612, 1613, 1619, 1624, 1629], "y": [99.4, 98.8, 98.1, 97.5, 96.8, 96.2, 95.5, 94.9, 91.7, 91.0, 89.7, 89.1, 88.4, 86.5, 85.9, 85.2, 83.9, 83.3, 82.0, 80.0, 78.8, 78.1, 77.5, 75.5, 74.2, 72.3, 69.7, 69.1, 68.4, 67.8, 65.9, 65.2, 64.6, 60.7, 58.1, 54.2, 53.6, 51.7, 50.4, 47.8, 43.9, 41.3, 39.4, 38.8, 38.1, 36.8, 35.5, 34.900000000000006, 33.599999999999994, 30.400000000000006, 27.799999999999997, 25.900000000000006, 23.299999999999997, 22.599999999999994, 22.0, 21.299999999999997, 16.200000000000003, 14.200000000000003, 11.700000000000003, 9.700000000000003, 7.799999999999997, 7.099999999999994, 5.900000000000006, 5.200000000000003, 4.599999999999994, 3.9000000000000057, 1.2999999999999972, 0.7000000000000028, 0.0, -0.5999999999999943]}, "histogram": {"x": [1192.0, 1200.0, 1208.0, 1216.0, 1224.0, 1232.0, 1240.0, 1248.0, 1256.0, 1264.0, 1272.0, 1280.0, 1288.0, 1296.0, 1304.0, 1312.0, 1320.0, 1328.0, 1336.0, 1344.0, 1352.0, 1360.0, 1368.0, 1376.0, 1384.0, 1392.0, 1400.0, 1408.0, 1416.0, 1424.0, 1432.0, 1440.0, 1448.0, 1456.0, 1464.0, 1472.0, 1480.0, 1488.0, 1496.0, 1504.0, 1512.0, 1520.0, 1528.0, 1536.0, 1544.0, 1552.0, 1560.0, 1568.0, 1576.0, 1584.0, 1592.0, 1600.0, 1608.0, 1616.0, 1624.0, 1632.0], "y": [1, 0, 0, 0, 0, 0, 0, 0, 1, 0, 0, 0, 0, 0, 0, 0, 0, 2, 0, 0, 0, 0, 0, 0, 0, 0, 0, 0, 0, 0, 1, 1, 1, 0, 6, 3, 2, 5, 2, 0, 8, 14, 1, 6, 11, 12, 17, 6, 0, 20, 20, 4, 9, 1, 2, 0]}}