{"histogram": {"y": [2, 11, 23, 109, 38, 17, 0], "x": [1566.0, 1584.0, 1602.0, 1620.0, 1638.0, 1656.0]}, "percentile": {"y": [99.5, 99.0, 98.5, 97.0, 93.5, 91.5, 91.0, 90.5, 89.5, 88.5, 88.0, 87.0, 86.5, 85.0, 82.0, 81.0, 79.9, 79.4, 78.9, 78.4, 75.4, 74.4, 70.9, 62.9, 33.7, 32.7, 29.700000000000003, 27.700000000000003, 27.200000000000003, 24.200000000000003, 22.200000000000003, 20.700000000000003, 19.099999999999994, 17.599999999999994, 16.599999999999994, 16.099999999999994, 15.099999999999994, 14.099999999999994, 13.099999999999994, 12.599999999999994, 11.099999999999994, 10.099999999999994, 8.099999999999994, 7.099999999999994, 6.599999999999994, 6.099999999999994, 5.599999999999994, 4.599999999999994, 3.5999999999999943, 3.0999999999999943, 2.0999999999999943, 1.5999999999999943, 0.5999999999999943, -0.5], "x": [1561, 1564, 1574, 1575, 1576, 1587, 1588, 1589, 1590, 1592, 1594, 1598, 1599, 1600, 1601, 1602, 1603, 1604, 1606, 1608, 1609, 1610, 1611, 1612, 1613, 1614, 1615, 1618, 1619, 1620, 1621, 1622, 1624, 1625, 1626, 1627, 1629, 1630, 1631, 1634, 1635, 1636, 1637, 1638, 1639, 1642, 1643, 1644, 1646, 1647, 1650, 1651, 1653, 1654]}}