{"percentile": {"x": [1124, 1243, 1377, 1392, 1441, 1442, 1445, 1452, 1453, 1465, 1477, 1478, 1479, 1481, 1484, 1485, 1488, 1489, 1490, 1492, 1495, 1497, 1500, 1501, 1502, 1513, 1514, 1515, 1516, 1517, 1519, 1520, 1523, 1524, 1525, 1526, 1527, 1529, 1530, 1532, 1534, 1536, 1537, 1538, 1539, 1540, 1545, 1547, 1548, 1549, 1550, 1551, 1552, 1553, 1554, 1555, 1556, 1557, 1558, 1559, 1560, 1561, 1562, 1563, 1564, 1565, 1566, 1567, 1568, 1569, 1570, 1571, 1572, 1573, 1574, 1575, 1576, 1577, 1578, 1579, 1581, 1582, 1584, 1585, 1586, 1587, 1588, 1589, 1590, 1591, 1592, 1593, 1594, 1595, 1596, 1597, 1598, 1599, 1600, 1601, 1602, 1603, 1604, 1605, 1606, 1607, 1608, 1609, 1610, 1611, 1612, 1613, 1614, 1615, 1616, 1617, 1618, 1619, 1620, 1621, 1622, 1623, 1624, 1625, 1626, 1627, 1628, 1629, 1630, 1631, 1632, 1633, 1634, 1635, 1636, 1637, 1638, 1639, 1640, 1641, 1642, 1643, 1644, 1645, 1646, 1647, 1648, 1649, 1650, 1651, 1652, 1654, 1655], "y": [100.0, 100.0, 100.0, 100.0, 99.9, 99.9, 99.9, 99.9, 99.8, 99.8, 99.7, 99.6, 99.6, 99.5, 99.5, 99.5, 99.4, 99.3, 99.1, 99.1, 99.1, 99.1, 99.0, 99.0, 98.9, 98.7, 98.5, 98.2, 98.2, 98.1, 98.1, 98.1, 98.0, 97.9, 97.6, 97.0, 96.5, 96.4, 96.4, 96.4, 96.4, 96.3, 95.8, 95.2, 93.5, 93.4, 93.4, 93.4, 93.4, 93.0, 92.4, 91.5, 90.2, 90.2, 90.0, 89.9, 89.7, 89.6, 89.5, 89.4, 88.9, 87.9, 86.7, 85.1, 83.3, 83.1, 83.0, 82.8, 82.6, 82.5, 82.3, 82.1, 81.8, 80.0, 78.3, 76.0, 67.5, 67.5, 67.5, 67.4, 67.4, 67.4, 67.3, 66.1, 64.6, 62.9, 60.5, 57.8, 57.2, 56.4, 55.8, 55.3, 54.7, 54.1, 52.6, 50.8, 48.5, 45.5, 42.5, 39.1, 38.4, 37.9, 37.4, 37.0, 36.8, 36.4, 35.2, 32.7, 30.299999999999997, 27.0, 22.900000000000006, 10.5, 9.700000000000003, 9.299999999999997, 8.900000000000006, 8.5, 8.299999999999997, 7.900000000000006, 7.299999999999997, 6.900000000000006, 6.400000000000006, 6.0, 5.599999999999994, 5.0, 4.599999999999994, 4.5, 4.400000000000006, 4.299999999999997, 4.200000000000003, 4.0, 3.9000000000000057, 3.700000000000003, 3.5999999999999943, 3.299999999999997, 3.0999999999999943, 3.0, 2.9000000000000057, 2.799999999999997, 2.700000000000003, 2.700000000000003, 2.700000000000003, 2.700000000000003, 2.5999999999999943, 2.4000000000000057, 2.299999999999997, 2.200000000000003, 2.0999999999999943, 2.0, 0.4000000000000057, 0.29999999999999716, 0.20000000000000284, 0.20000000000000284, 0.0]}, "histogram": {"x": [1120.0, 1128.0, 1136.0, 1144.0, 1152.0, 1160.0, 1168.0, 1176.0, 1184.0, 1192.0, 1200.0, 1208.0, 1216.0, 1224.0, 1232.0, 1240.0, 1248.0, 1256.0, 1264.0, 1272.0, 1280.0, 1288.0, 1296.0, 1304.0, 1312.0, 1320.0, 1328.0, 1336.0, 1344.0, 1352.0, 1360.0, 1368.0, 1376.0, 1384.0, 1392.0, 1400.0, 1408.0, 1416.0, 1424.0, 1432.0, 1440.0, 1448.0, 1456.0, 1464.0, 1472.0, 1480.0, 1488.0, 1496.0, 1504.0, 1512.0, 1520.0, 1528.0, 1536.0, 1544.0, 1552.0, 1560.0, 1568.0, 1576.0, 1584.0, 1592.0, 1600.0, 1608.0, 1616.0, 1624.0, 1632.0, 1640.0, 1648.0, 1656.0], "y": [1, 0, 0, 0, 0, 0, 0, 0, 0, 0, 0, 0, 0, 0, 0, 1, 0, 0, 0, 0, 0, 0, 0, 0, 0, 0, 0, 0, 0, 0, 0, 0, 1, 0, 1, 0, 0, 0, 0, 0, 6, 3, 0, 3, 13, 4, 23, 12, 0, 46, 93, 7, 171, 115, 122, 382, 398, 503, 638, 634, 535, 1577, 191, 116, 74, 33, 127, 0]}}