{"histogram": {"y": [2, 3, 4, 17, 21, 49, 60, 81, 65, 264, 30, 15, 20, 5, 30, 0], "x": [1536.0, 1544.0, 1552.0, 1560.0, 1568.0, 1576.0, 1584.0, 1592.0, 1600.0, 1608.0, 1616.0, 1624.0, 1632.0, 1640.0, 1648.0, 1656.0]}, "percentile": {"y": [99.9, 99.7, 99.4, 99.3, 99.0, 98.8, 98.7, 98.5, 97.9, 97.8, 97.3, 96.3, 96.1, 96.0, 95.2, 94.8, 93.0, 85.6, 85.5, 84.9, 83.2, 82.0, 79.6, 77.9, 77.5, 76.6, 75.8, 75.1, 74.6, 73.7, 72.1, 70.6, 67.7, 64.4, 61.6, 57.5, 56.7, 56.3, 55.8, 55.7, 54.8, 54.6, 53.6, 49.7, 45.8, 41.1, 34.8, 16.400000000000006, 15.5, 14.900000000000006, 14.0, 13.400000000000006, 13.099999999999994, 12.799999999999997, 11.599999999999994, 10.900000000000006, 10.700000000000003, 10.400000000000006, 9.5, 9.099999999999994, 8.5, 8.200000000000003, 7.900000000000006, 7.299999999999997, 6.799999999999997, 6.700000000000003, 6.200000000000003, 5.599999999999994, 5.200000000000003, 5.0, 4.900000000000006, 4.700000000000003, 4.599999999999994, 4.400000000000006, 4.0, 0.20000000000000284, 0.0, -0.09999999999999432], "x": [1538, 1539, 1550, 1551, 1552, 1554, 1556, 1560, 1561, 1562, 1563, 1564, 1565, 1569, 1573, 1574, 1575, 1576, 1584, 1585, 1586, 1587, 1588, 1589, 1590, 1591, 1592, 1593, 1594, 1595, 1596, 1597, 1598, 1599, 1600, 1601, 1602, 1603, 1604, 1605, 1606, 1607, 1608, 1609, 1610, 1611, 1612, 1613, 1614, 1615, 1616, 1617, 1618, 1619, 1620, 1621, 1622, 1623, 1624, 1625, 1626, 1628, 1632, 1633, 1634, 1635, 1636, 1637, 1638, 1640, 1641, 1644, 1645, 1646, 1649, 1650, 1653, 1654]}}