{"percentile": {"y": [98.3, 96.5, 94.7, 92.9, 91.1, 89.3, 87.5, 84.0, 82.2, 80.4, 78.6, 76.8, 71.5, 67.9, 50.0, 48.3, 46.5, 44.7, 41.1, 37.5, 35.8, 32.2, 30.400000000000006, 26.799999999999997, 25.0, 21.5, 19.700000000000003, 17.900000000000006, 16.099999999999994, 14.299999999999997, 12.5, 10.799999999999997, 0.0, -1.7000000000000028], "x": [1518, 1550, 1574, 1576, 1589, 1591, 1598, 1600, 1601, 1602, 1605, 1610, 1611, 1612, 1613, 1614, 1615, 1616, 1620, 1621, 1622, 1623, 1626, 1632, 1633, 1635, 1636, 1637, 1643, 1645, 1647, 1649, 1650, 1652]}, "histogram": {"y": [1, 0, 0, 0, 1, 0, 0, 1, 1, 2, 1, 5, 18, 8, 1, 7, 3, 8], "x": [1512.0, 1520.0, 1528.0, 1536.0, 1544.0, 1552.0, 1560.0, 1568.0, 1576.0, 1584.0, 1592.0, 1600.0, 1608.0, 1616.0, 1624.0, 1632.0, 1640.0, 1648.0]}}