{"percentile": {"x": [1501, 1514, 1515, 1525, 1526, 1527, 1528, 1531, 1533, 1536, 1538, 1539, 1548, 1549, 1550, 1551, 1552, 1555, 1556, 1557, 1560, 1561, 1562, 1563, 1564, 1565, 1566, 1567, 1568, 1569, 1570, 1572, 1573, 1574, 1575, 1576, 1585, 1586, 1587, 1588, 1589, 1590, 1591, 1592, 1593, 1594, 1595, 1596, 1597, 1598, 1599, 1600, 1601, 1602, 1603, 1604, 1605, 1606, 1607, 1608, 1609, 1610, 1611, 1612, 1613, 1614, 1615, 1616, 1617, 1618, 1619, 1620, 1621, 1622, 1623, 1625, 1626, 1627, 1630, 1631, 1632, 1633, 1634, 1635, 1636, 1637, 1638, 1640, 1641, 1643, 1646, 1648, 1649, 1650, 1653, 1655], "y": [99.9, 99.8, 99.4, 99.3, 99.1, 98.8, 98.7, 98.5, 98.4, 98.3, 98.2, 97.5, 97.3, 97.2, 96.8, 96.3, 95.4, 95.4, 95.2, 95.0, 94.6, 93.7, 92.6, 91.0, 89.9, 89.6, 89.3, 89.0, 88.9, 88.8, 88.7, 88.0, 86.3, 84.3, 81.0, 72.2, 70.8, 69.2, 67.2, 64.7, 62.0, 60.9, 60.4, 60.0, 59.5, 59.0, 58.4, 56.5, 54.7, 51.2, 47.5, 44.4, 41.1, 40.8, 40.3, 40.1, 39.4, 38.6, 38.3, 36.9, 33.900000000000006, 30.900000000000006, 27.400000000000006, 23.5, 10.200000000000003, 9.299999999999997, 8.799999999999997, 8.200000000000003, 7.599999999999994, 7.099999999999994, 6.700000000000003, 6.400000000000006, 6.0, 5.599999999999994, 5.200000000000003, 5.099999999999994, 4.599999999999994, 4.5, 4.400000000000006, 4.200000000000003, 4.0, 3.700000000000003, 3.5999999999999943, 3.299999999999997, 2.9000000000000057, 2.799999999999997, 2.5999999999999943, 2.4000000000000057, 2.299999999999997, 2.0999999999999943, 2.0, 1.7000000000000028, 1.5999999999999943, 0.20000000000000284, 0.09999999999999432, 0.0]}, "histogram": {"x": [1512.0, 1530.0, 1548.0, 1566.0, 1584.0, 1602.0, 1620.0, 1638.0, 1656.0], "y": [2, 13, 13, 88, 193, 344, 381, 44, 31, 0]}}