{"histogram": {"x": [1602.0, 1620.0, 1638.0, 1656.0], "y": [4, 20, 6, 3, 0]}, "percentile": {"x": [1596, 1597, 1601, 1610, 1611, 1612, 1613, 1615, 1619, 1620, 1621, 1624, 1625, 1627, 1636, 1644, 1649, 1650], "y": [96.9, 93.8, 87.5, 81.3, 75.0, 68.8, 31.299999999999997, 28.200000000000003, 25.0, 21.900000000000006, 18.799999999999997, 15.700000000000003, 12.5, 9.400000000000006, 6.299999999999997, 3.200000000000003, 0.0, -3.0999999999999943]}}