{"percentile": {"x": [1576, 1585, 1591, 1599, 1600, 1601, 1606, 1607, 1608, 1609, 1610, 1611, 1612, 1613, 1614, 1616, 1617, 1618, 1619, 1620, 1621, 1622, 1623, 1625, 1626, 1631, 1632, 1633, 1634, 1635, 1636, 1637, 1641, 1642, 1644, 1648, 1649, 1650, 1652, 1653, 1654, 1655], "y": [95.3, 94.3, 93.4, 92.4, 89.6, 86.7, 84.8, 83.9, 82.9, 82.0, 80.0, 78.1, 71.5, 37.2, 36.2, 35.3, 34.3, 33.400000000000006, 32.400000000000006, 31.5, 30.5, 29.599999999999994, 28.599999999999994, 27.700000000000003, 24.799999999999997, 23.900000000000006, 22.0, 21.0, 16.200000000000003, 15.299999999999997, 13.400000000000006, 12.400000000000006, 11.5, 10.5, 9.599999999999994, 8.599999999999994, 7.700000000000003, 6.700000000000003, 4.799999999999997, 3.9000000000000057, 2.0, -0.9000000000000057]}, "histogram": {"x": [1584.0, 1602.0, 1620.0, 1638.0, 1656.0], "y": [5, 9, 57, 21, 14, 0]}}