{"percentile": {"y": [97.7, 95.3, 92.9, 90.5, 88.1, 85.8, 83.4, 81.0, 78.6, 76.2, 73.9, 71.5, 66.7, 62.0, 59.6, 26.200000000000003, 23.900000000000006, 21.5, 19.099999999999994, 16.700000000000003, 14.299999999999997, -2.299999999999997], "x": [1502, 1527, 1564, 1576, 1586, 1589, 1593, 1596, 1597, 1598, 1599, 1600, 1601, 1608, 1610, 1613, 1619, 1623, 1640, 1645, 1648, 1650]}, "histogram": {"y": [1, 1, 0, 1, 1, 10, 18, 1, 10, 0], "x": [1512.0, 1530.0, 1548.0, 1566.0, 1584.0, 1602.0, 1620.0, 1638.0, 1656.0]}}