{"percentile": {"x": [1439, 1441, 1465, 1477, 1478, 1489, 1490, 1501, 1502, 1513, 1514, 1515, 1518, 1521, 1525, 1526, 1527, 1529, 1530, 1531, 1533, 1534, 1535, 1537, 1538, 1539, 1549, 1550, 1551, 1552, 1554, 1555, 1556, 1557, 1559, 1560, 1561, 1562, 1563, 1564, 1565, 1567, 1568, 1569, 1570, 1571, 1572, 1573, 1574, 1575, 1576, 1578, 1580, 1582, 1584, 1585, 1586, 1587, 1588, 1589, 1590, 1591, 1592, 1593, 1594, 1595, 1596, 1597, 1598, 1599, 1600, 1601, 1602, 1603, 1604, 1605, 1606, 1607, 1608, 1609, 1610, 1611, 1612, 1613, 1614, 1615, 1616, 1617, 1618, 1619, 1620, 1621, 1622, 1623, 1624, 1625, 1626, 1627, 1628, 1629, 1630, 1631, 1632, 1633, 1634, 1635, 1636, 1637, 1638, 1640, 1641, 1642, 1643, 1644, 1645, 1646, 1648, 1649, 1650, 1651, 1652, 1653, 1654, 1655], "y": [100.0, 99.9, 99.8, 99.8, 99.6, 99.5, 99.4, 99.3, 99.0, 98.9, 98.6, 98.4, 98.4, 98.3, 98.1, 97.8, 97.5, 97.5, 97.4, 97.4, 97.3, 97.3, 97.2, 97.1, 96.8, 96.4, 96.1, 95.8, 95.5, 95.0, 95.0, 94.9, 94.8, 94.8, 94.7, 94.4, 93.9, 93.1, 92.5, 91.5, 91.3, 91.2, 91.2, 91.1, 91.0, 90.9, 90.9, 89.8, 88.5, 87.0, 78.9, 78.9, 78.8, 78.8, 78.7, 78.1, 77.1, 76.1, 74.4, 72.4, 71.9, 71.4, 70.8, 70.0, 69.5, 69.1, 67.7, 66.6, 64.5, 62.0, 59.0, 55.8, 55.2, 54.2, 53.4, 53.0, 52.4, 51.9, 50.5, 48.2, 45.3, 41.8, 37.3, 18.799999999999997, 17.599999999999994, 16.599999999999994, 15.900000000000006, 15.0, 14.200000000000003, 13.799999999999997, 12.200000000000003, 11.200000000000003, 10.700000000000003, 10.099999999999994, 9.400000000000006, 9.099999999999994, 8.599999999999994, 8.299999999999997, 7.900000000000006, 7.299999999999997, 7.099999999999994, 6.799999999999997, 6.299999999999997, 6.0, 5.700000000000003, 5.5, 5.200000000000003, 4.900000000000006, 4.799999999999997, 4.5, 4.0, 3.799999999999997, 3.5, 3.299999999999997, 3.200000000000003, 3.0999999999999943, 3.0, 2.9000000000000057, 1.7000000000000028, 1.5, 1.2999999999999972, 1.2000000000000028, 0.7000000000000028, 0.0]}, "histogram": {"x": [1432.0, 1440.0, 1448.0, 1456.0, 1464.0, 1472.0, 1480.0, 1488.0, 1496.0, 1504.0, 1512.0, 1520.0, 1528.0, 1536.0, 1544.0, 1552.0, 1560.0, 1568.0, 1576.0, 1584.0, 1592.0, 1600.0, 1608.0, 1616.0, 1624.0, 1632.0, 1640.0, 1648.0, 1656.0], "y": [1, 3, 0, 0, 1, 7, 0, 4, 10, 0, 16, 21, 7, 21, 21, 21, 86, 104, 204, 183, 234, 249, 876, 159, 83, 50, 42, 76, 0]}}