{"percentile": {"x": [1537, 1550, 1551, 1568, 1576, 1584, 1587, 1589, 1598, 1599, 1601, 1608, 1609, 1610, 1611, 1612, 1613, 1614], "y": [96.9, 93.8, 90.7, 87.5, 78.2, 71.9, 65.7, 62.5, 46.9, 40.7, 37.5, 34.400000000000006, 31.299999999999997, 28.200000000000003, 21.900000000000006, 15.700000000000003, 0.0, -3.0999999999999943]}, "histogram": {"x": [1548.0, 1566.0, 1584.0, 1602.0, 1620.0], "y": [1, 2, 4, 13, 13, 0]}}