{"histogram": {"x": [1530.0, 1548.0, 1566.0, 1584.0, 1602.0, 1620.0, 1638.0, 1656.0], "y": [2, 2, 7, 1, 11, 9, 3, 2, 0]}, "percentile": {"x": [1515, 1525, 1537, 1539, 1549, 1552, 1560, 1561, 1563, 1564, 1573, 1584, 1586, 1587, 1588, 1589, 1595, 1597, 1600, 1601, 1605, 1608, 1610, 1611, 1612, 1613, 1620, 1625, 1636, 1647, 1650], "y": [97.3, 94.5, 91.7, 88.9, 86.2, 83.4, 80.6, 77.8, 72.3, 69.5, 66.7, 63.9, 61.2, 58.4, 52.8, 50.0, 47.3, 44.5, 38.9, 36.2, 33.400000000000006, 30.599999999999994, 27.799999999999997, 22.299999999999997, 19.5, 11.200000000000003, 8.400000000000006, 5.599999999999994, 2.799999999999997, 0.0, -2.700000000000003]}}