{"percentile": {"y": [66.7, 33.400000000000006, 0.0, -33.30000000000001], "x": [1597, 1608, 1613, 1623]}, "histogram": {"y": [1, 0, 2, 1, 0], "x": [1592.0, 1600.0, 1608.0, 1616.0, 1624.0]}}