{"percentile": {"y": [100.0, 100.0, 100.0, 100.0, 100.0, 99.9, 99.8, 99.8, 99.8, 99.7, 99.6, 99.6, 99.6, 99.5, 99.2, 99.2, 99.2, 99.2, 99.1, 99.1, 99.1, 99.1, 99.0, 98.8, 98.5, 98.5, 98.5, 98.5, 98.4, 98.3, 98.0, 97.8, 97.8, 97.8, 97.7, 97.5, 97.3, 97.0, 96.8, 96.8, 96.8, 96.7, 96.7, 96.7, 96.6, 96.5, 96.1, 95.7, 95.2, 94.5, 94.5, 94.5, 94.3, 94.3, 94.2, 94.1, 94.1, 93.9, 93.3, 92.4, 91.4, 85.3, 85.3, 85.3, 85.3, 85.3, 85.2, 84.6, 83.9, 82.9, 81.8, 80.4, 80.0, 79.4, 78.9, 78.3, 77.8, 77.4, 76.3, 75.1, 73.4, 71.6, 69.5, 66.6, 66.0, 65.3, 64.7, 64.1, 63.8, 63.3, 62.0, 59.7, 57.6, 54.7, 50.7, 30.599999999999994, 29.400000000000006, 28.200000000000003, 26.799999999999997, 25.299999999999997, 24.299999999999997, 23.5, 21.599999999999994, 20.799999999999997, 20.0, 19.200000000000003, 18.299999999999997, 17.599999999999994, 16.599999999999994, 16.0, 15.200000000000003, 14.400000000000006, 13.799999999999997, 13.099999999999994, 12.299999999999997, 11.700000000000003, 10.900000000000006, 10.599999999999994, 10.099999999999994, 9.299999999999997, 8.799999999999997, 8.400000000000006, 8.0, 7.5, 7.0, 6.599999999999994, 6.299999999999997, 6.0, 5.700000000000003, 5.299999999999997, 5.200000000000003, 4.700000000000003, 2.200000000000003, 1.9000000000000057, 1.7000000000000028, 1.2999999999999972, 1.0, 0.0], "x": [1177, 1297, 1365, 1420, 1441, 1477, 1478, 1479, 1489, 1490, 1500, 1501, 1502, 1514, 1515, 1516, 1517, 1519, 1520, 1521, 1522, 1524, 1525, 1526, 1527, 1529, 1533, 1535, 1536, 1537, 1538, 1539, 1540, 1547, 1549, 1550, 1551, 1552, 1553, 1554, 1555, 1556, 1557, 1558, 1559, 1560, 1561, 1562, 1563, 1564, 1565, 1566, 1567, 1568, 1569, 1570, 1571, 1572, 1573, 1574, 1575, 1576, 1577, 1578, 1579, 1583, 1584, 1585, 1586, 1587, 1588, 1589, 1590, 1591, 1592, 1593, 1594, 1595, 1596, 1597, 1598, 1599, 1600, 1601, 1602, 1603, 1604, 1605, 1606, 1607, 1608, 1609, 1610, 1611, 1612, 1613, 1614, 1615, 1616, 1617, 1618, 1619, 1620, 1621, 1622, 1623, 1624, 1625, 1626, 1627, 1628, 1629, 1630, 1631, 1632, 1633, 1634, 1635, 1636, 1637, 1638, 1639, 1640, 1641, 1642, 1643, 1644, 1645, 1646, 1647, 1648, 1649, 1650, 1651, 1652, 1653, 1654, 1655]}, "histogram": {"y": [1, 0, 0, 0, 0, 0, 0, 0, 0, 0, 0, 0, 0, 0, 0, 1, 0, 0, 0, 0, 0, 0, 0, 2, 0, 0, 0, 0, 0, 0, 1, 0, 0, 2, 0, 0, 0, 10, 0, 13, 8, 0, 33, 51, 5, 51, 40, 57, 180, 234, 488, 468, 622, 663, 2802, 720, 484, 373, 245, 423, 0], "x": [1176.0, 1184.0, 1192.0, 1200.0, 1208.0, 1216.0, 1224.0, 1232.0, 1240.0, 1248.0, 1256.0, 1264.0, 1272.0, 1280.0, 1288.0, 1296.0, 1304.0, 1312.0, 1320.0, 1328.0, 1336.0, 1344.0, 1352.0, 1360.0, 1368.0, 1376.0, 1384.0, 1392.0, 1400.0, 1408.0, 1416.0, 1424.0, 1432.0, 1440.0, 1448.0, 1456.0, 1464.0, 1472.0, 1480.0, 1488.0, 1496.0, 1504.0, 1512.0, 1520.0, 1528.0, 1536.0, 1544.0, 1552.0, 1560.0, 1568.0, 1576.0, 1584.0, 1592.0, 1600.0, 1608.0, 1616.0, 1624.0, 1632.0, 1640.0, 1648.0, 1656.0]}}