{"percentile": {"y": [99.1, 98.2, 97.3, 96.4, 95.5, 94.5, 93.6, 92.7, 90.9, 89.0, 88.1, 87.2, 86.3, 84.5, 83.5, 82.6, 78.9, 77.1, 75.3, 68.9, 67.0, 66.1, 65.2, 64.3, 59.7, 54.2, 52.3, 47.8, 46.8, 44.1, 41.3, 39.5, 38.6, 37.7, 33.099999999999994, 31.200000000000003, 26.700000000000003, 25.700000000000003, 24.799999999999997, 23.900000000000006, 21.200000000000003, 18.400000000000006, 17.5, 16.599999999999994, 15.599999999999994, 14.700000000000003, 13.799999999999997, 12.900000000000006, 10.099999999999994, 8.299999999999997, 5.599999999999994, 0.0, -0.9000000000000057], "x": [1350, 1400, 1465, 1477, 1478, 1483, 1501, 1502, 1514, 1515, 1516, 1521, 1525, 1526, 1536, 1538, 1549, 1550, 1551, 1552, 1554, 1555, 1558, 1560, 1561, 1562, 1563, 1564, 1572, 1573, 1575, 1576, 1585, 1586, 1587, 1588, 1589, 1590, 1591, 1594, 1596, 1598, 1599, 1600, 1601, 1605, 1606, 1608, 1610, 1611, 1612, 1613, 1655]}, "histogram": {"y": [1, 0, 1, 0, 0, 0, 1, 3, 2, 9, 2, 38, 9, 26, 17, 0, 1, 0], "x": [1368.0, 1386.0, 1404.0, 1422.0, 1440.0, 1458.0, 1476.0, 1494.0, 1512.0, 1530.0, 1548.0, 1566.0, 1584.0, 1602.0, 1620.0, 1638.0, 1656.0]}}