{"percentile": {"x": [1576, 1598, 1601, 1612, 1613, 1615, 1624, 1625, 1626, 1631, 1635, 1643, 1650, 1653], "y": [95.7, 91.4, 87.0, 78.3, 39.2, 34.8, 30.5, 26.099999999999994, 21.799999999999997, 17.400000000000006, 13.099999999999994, 8.700000000000003, 0.0, -4.299999999999997]}, "histogram": {"x": [1576.0, 1584.0, 1592.0, 1600.0, 1608.0, 1616.0, 1624.0, 1632.0, 1640.0, 1648.0, 1656.0], "y": [1, 0, 1, 1, 12, 0, 4, 1, 1, 3, 0]}}