{"histogram": {"y": [3, 1, 0, 3, 2, 1, 11, 1, 0, 1, 0], "x": [1560.0, 1568.0, 1576.0, 1584.0, 1592.0, 1600.0, 1608.0, 1616.0, 1624.0, 1632.0, 1640.0]}, "percentile": {"y": [95.5, 86.4, 81.9, 77.3, 68.2, 63.7, 59.1, 54.6, 50.0, 41.0, 27.299999999999997, 22.799999999999997, 13.700000000000003, 4.599999999999994, 0.0, -4.5], "x": [1561, 1563, 1573, 1586, 1589, 1596, 1599, 1600, 1608, 1609, 1610, 1611, 1612, 1613, 1622, 1635]}}