{"percentile": {"y": [99.6, 99.2, 98.8, 98.4, 98.0, 94.2, 93.8, 93.4, 93.0, 92.6, 91.3, 90.9, 89.7, 87.2, 86.8, 85.9, 83.5, 83.0, 82.6, 82.2, 81.0, 80.5, 78.5, 76.4, 74.7, 73.1, 72.7, 71.0, 70.2, 68.5, 66.0, 64.4, 64.0, 63.1, 62.7, 61.5, 59.4, 56.9, 54.8, 53.2, 51.5, 51.1, 50.3, 48.6, 47.4, 46.1, 45.7, 44.4, 42.4, 40.7, 37.0, 34.5, 33.2, 32.400000000000006, 32.0, 29.5, 29.099999999999994, 27.900000000000006, 24.900000000000006, 23.700000000000003, 21.200000000000003, 20.799999999999997, 20.400000000000006, 19.099999999999994, 18.299999999999997, 17.5, 15.0, 12.900000000000006, 6.700000000000003, 6.299999999999997, 5.0, 4.599999999999994, 4.200000000000003, 3.799999999999997, 3.4000000000000057, 3.0, 2.5, 2.0999999999999943, -0.4000000000000057], "x": [465, 795, 960, 1452, 1453, 1465, 1477, 1478, 1488, 1489, 1490, 1498, 1501, 1502, 1512, 1513, 1515, 1518, 1519, 1520, 1524, 1525, 1526, 1527, 1538, 1539, 1540, 1548, 1549, 1550, 1551, 1552, 1553, 1554, 1556, 1559, 1560, 1561, 1562, 1563, 1564, 1572, 1573, 1574, 1575, 1576, 1584, 1585, 1586, 1587, 1588, 1589, 1592, 1593, 1594, 1596, 1597, 1598, 1599, 1600, 1601, 1603, 1604, 1608, 1609, 1610, 1611, 1612, 1613, 1618, 1620, 1623, 1626, 1627, 1635, 1636, 1637, 1648, 1650]}, "histogram": {"y": [1, 0, 0, 0, 0, 0, 0, 0, 0, 0, 0, 0, 0, 0, 0, 0, 0, 0, 0, 1, 0, 0, 0, 0, 0, 0, 0, 0, 1, 0, 0, 0, 0, 0, 0, 0, 0, 0, 0, 0, 0, 0, 0, 0, 0, 0, 0, 0, 0, 0, 0, 0, 0, 0, 0, 2, 9, 7, 10, 26, 9, 51, 13, 60, 36, 9, 7], "x": [468.0, 486.0, 504.0, 522.0, 540.0, 558.0, 576.0, 594.0, 612.0, 630.0, 648.0, 666.0, 684.0, 702.0, 720.0, 738.0, 756.0, 774.0, 792.0, 810.0, 828.0, 846.0, 864.0, 882.0, 900.0, 918.0, 936.0, 954.0, 972.0, 990.0, 1008.0, 1026.0, 1044.0, 1062.0, 1080.0, 1098.0, 1116.0, 1134.0, 1152.0, 1170.0, 1188.0, 1206.0, 1224.0, 1242.0, 1260.0, 1278.0, 1296.0, 1314.0, 1332.0, 1350.0, 1368.0, 1386.0, 1404.0, 1422.0, 1440.0, 1458.0, 1476.0, 1494.0, 1512.0, 1530.0, 1548.0, 1566.0, 1584.0, 1602.0, 1620.0, 1638.0]}}