{"percentile": {"x": [1136, 1292, 1325, 1353, 1358, 1379, 1411, 1413, 1441, 1453, 1465, 1477, 1478, 1479, 1480, 1482, 1485, 1487, 1489, 1490, 1492, 1493, 1499, 1501, 1502, 1513, 1514, 1515, 1516, 1517, 1518, 1519, 1520, 1521, 1522, 1523, 1524, 1525, 1526, 1527, 1528, 1529, 1531, 1533, 1536, 1537, 1538, 1539, 1548, 1549, 1550, 1551, 1552, 1553, 1554, 1555, 1556, 1557, 1558, 1559, 1560, 1561, 1562, 1563, 1564, 1565, 1566, 1567, 1568, 1569, 1570, 1571, 1572, 1573, 1574, 1575, 1576, 1577, 1580, 1581, 1584, 1585, 1586, 1587, 1588, 1589, 1590, 1591, 1592, 1593, 1594, 1595, 1596, 1597, 1598, 1599, 1600, 1601, 1602, 1603, 1604, 1605, 1606, 1607, 1608, 1609, 1610, 1611, 1612, 1613, 1614, 1615, 1616, 1617, 1618, 1619, 1620, 1621, 1622, 1623, 1624, 1625, 1626, 1627, 1628, 1629, 1630, 1631, 1632, 1633, 1634, 1635, 1636, 1637, 1638, 1639, 1640, 1641, 1643, 1644, 1645, 1646, 1647, 1648, 1649, 1650, 1652, 1653, 1654, 1655], "y": [100.0, 100.0, 100.0, 100.0, 99.9, 99.9, 99.9, 99.9, 99.8, 99.6, 99.5, 99.4, 99.2, 99.2, 99.1, 99.1, 99.1, 99.1, 98.8, 98.6, 98.6, 98.6, 98.6, 98.4, 98.3, 98.1, 97.9, 97.5, 97.4, 97.4, 97.4, 97.3, 97.3, 97.3, 97.3, 97.3, 97.1, 96.9, 96.4, 95.9, 95.9, 95.8, 95.8, 95.8, 95.7, 95.2, 94.6, 93.1, 93.1, 92.6, 92.1, 91.1, 90.1, 90.0, 90.0, 89.8, 89.6, 89.5, 89.4, 89.3, 88.7, 87.6, 86.1, 84.3, 82.2, 82.2, 82.0, 81.8, 81.6, 81.5, 81.4, 81.2, 80.7, 79.5, 77.8, 75.3, 67.3, 67.3, 67.3, 67.2, 67.1, 66.0, 64.4, 62.5, 60.1, 57.4, 56.6, 56.0, 55.4, 54.9, 54.4, 53.5, 52.0, 50.3, 47.6, 44.6, 41.3, 37.9, 37.5, 37.0, 36.8, 36.2, 35.599999999999994, 35.2, 33.7, 31.299999999999997, 28.299999999999997, 25.200000000000003, 20.799999999999997, 9.099999999999994, 8.299999999999997, 8.0, 7.599999999999994, 7.400000000000006, 7.099999999999994, 6.799999999999997, 6.0, 5.599999999999994, 5.200000000000003, 4.700000000000003, 4.400000000000006, 4.0, 3.5999999999999943, 3.5, 3.4000000000000057, 3.299999999999997, 3.200000000000003, 3.0999999999999943, 3.0, 2.799999999999997, 2.700000000000003, 2.5, 2.299999999999997, 2.0999999999999943, 1.9000000000000057, 1.9000000000000057, 1.7999999999999972, 1.7999999999999972, 1.7000000000000028, 1.5999999999999943, 1.5999999999999943, 1.5, 1.5, 1.4000000000000057, 1.2999999999999972, 0.29999999999999716, 0.29999999999999716, 0.20000000000000284, 0.20000000000000284, 0.0]}, "histogram": {"x": [1152.0, 1170.0, 1188.0, 1206.0, 1224.0, 1242.0, 1260.0, 1278.0, 1296.0, 1314.0, 1332.0, 1350.0, 1368.0, 1386.0, 1404.0, 1422.0, 1440.0, 1458.0, 1476.0, 1494.0, 1512.0, 1530.0, 1548.0, 1566.0, 1584.0, 1602.0, 1620.0, 1638.0, 1656.0], "y": [1, 0, 0, 0, 0, 0, 0, 0, 1, 0, 1, 0, 2, 1, 0, 3, 0, 12, 8, 44, 15, 120, 136, 542, 739, 1451, 1541, 235, 101, 0]}}