{"histogram": {"y": [1, 0, 0, 3, 1, 1, 11, 21, 31, 42, 52, 56, 266, 33, 27, 13, 2, 21, 0], "x": [1512.0, 1520.0, 1528.0, 1536.0, 1544.0, 1552.0, 1560.0, 1568.0, 1576.0, 1584.0, 1592.0, 1600.0, 1608.0, 1616.0, 1624.0, 1632.0, 1640.0, 1648.0, 1656.0]}, "percentile": {"y": [99.9, 99.7, 99.5, 99.4, 99.2, 99.0, 98.8, 98.3, 98.2, 97.3, 97.1, 96.8, 96.1, 94.7, 93.5, 88.2, 87.6, 87.3, 86.3, 83.7, 81.9, 81.1, 80.9, 80.6, 80.0, 79.4, 78.5, 76.8, 73.2, 71.9, 69.7, 65.2, 65.0, 64.7, 64.0, 63.3, 63.2, 62.3, 61.4, 57.5, 53.2, 48.2, 40.0, 17.799999999999997, 16.799999999999997, 16.400000000000006, 15.900000000000006, 15.400000000000006, 15.200000000000003, 14.5, 13.299999999999997, 13.0, 11.799999999999997, 10.700000000000003, 9.400000000000006, 8.299999999999997, 7.5, 6.900000000000006, 6.599999999999994, 6.400000000000006, 6.099999999999994, 5.900000000000006, 5.400000000000006, 5.200000000000003, 4.900000000000006, 4.700000000000003, 4.5, 3.799999999999997, 3.5, 3.299999999999997, 3.0, 0.20000000000000284, 0.0, -0.09999999999999432], "x": [1516, 1537, 1538, 1539, 1551, 1552, 1561, 1562, 1563, 1564, 1565, 1572, 1573, 1574, 1575, 1576, 1585, 1586, 1587, 1588, 1589, 1590, 1591, 1593, 1594, 1595, 1596, 1597, 1598, 1599, 1600, 1601, 1602, 1603, 1604, 1605, 1606, 1607, 1608, 1609, 1610, 1611, 1612, 1613, 1614, 1615, 1616, 1617, 1618, 1619, 1620, 1621, 1622, 1623, 1624, 1625, 1626, 1627, 1628, 1630, 1631, 1632, 1633, 1634, 1635, 1636, 1637, 1638, 1645, 1648, 1649, 1650, 1653, 1655]}}