{"histogram": {"x": [832.0, 840.0, 848.0, 856.0, 864.0, 872.0, 880.0, 888.0, 896.0, 904.0, 912.0, 920.0, 928.0, 936.0, 944.0, 952.0, 960.0, 968.0, 976.0, 984.0, 992.0, 1000.0, 1008.0, 1016.0, 1024.0, 1032.0, 1040.0, 1048.0, 1056.0, 1064.0, 1072.0, 1080.0, 1088.0, 1096.0, 1104.0, 1112.0, 1120.0, 1128.0, 1136.0, 1144.0, 1152.0, 1160.0, 1168.0, 1176.0, 1184.0, 1192.0, 1200.0, 1208.0, 1216.0, 1224.0, 1232.0, 1240.0, 1248.0, 1256.0, 1264.0, 1272.0, 1280.0, 1288.0, 1296.0, 1304.0, 1312.0, 1320.0, 1328.0, 1336.0, 1344.0, 1352.0, 1360.0, 1368.0, 1376.0, 1384.0, 1392.0, 1400.0, 1408.0, 1416.0, 1424.0, 1432.0, 1440.0, 1448.0, 1456.0, 1464.0, 1472.0, 1480.0, 1488.0, 1496.0, 1504.0, 1512.0, 1520.0, 1528.0, 1536.0, 1544.0, 1552.0, 1560.0, 1568.0, 1576.0, 1584.0, 1592.0, 1600.0, 1608.0, 1616.0, 1624.0, 1632.0, 1640.0, 1648.0, 1656.0], "y": [1, 0, 0, 0, 0, 0, 0, 0, 0, 0, 0, 0, 0, 0, 0, 0, 0, 0, 0, 0, 0, 0, 0, 0, 0, 0, 0, 0, 0, 0, 0, 0, 0, 0, 0, 0, 0, 0, 0, 0, 0, 0, 0, 0, 0, 0, 0, 0, 0, 0, 0, 0, 0, 0, 0, 0, 0, 0, 0, 0, 0, 0, 0, 0, 0, 0, 0, 0, 0, 0, 0, 0, 0, 0, 0, 0, 0, 0, 0, 0, 0, 0, 1, 5, 0, 6, 4, 0, 4, 8, 4, 17, 3, 1, 28, 16, 9, 28, 5, 1, 1, 0, 6, 0]}, "percentile": {"x": [839, 1491, 1500, 1502, 1513, 1514, 1515, 1521, 1526, 1527, 1538, 1539, 1542, 1549, 1550, 1551, 1552, 1553, 1554, 1560, 1561, 1562, 1563, 1564, 1566, 1575, 1576, 1584, 1585, 1586, 1587, 1588, 1589, 1590, 1592, 1595, 1596, 1597, 1598, 1599, 1600, 1601, 1608, 1609, 1610, 1611, 1612, 1613, 1615, 1620, 1625, 1638, 1649, 1650, 1655], "y": [99.4, 98.7, 98.0, 95.3, 94.6, 91.9, 91.2, 90.5, 89.8, 88.5, 87.8, 86.4, 85.8, 84.4, 82.4, 80.3, 79.0, 78.3, 77.6, 76.2, 73.5, 69.4, 67.4, 66.7, 66.0, 64.0, 63.3, 62.6, 59.2, 58.6, 53.1, 49.7, 44.9, 44.3, 42.9, 42.2, 40.2, 39.5, 36.8, 33.400000000000006, 29.299999999999997, 27.299999999999997, 25.200000000000003, 24.5, 23.200000000000003, 21.799999999999997, 16.400000000000006, 8.900000000000006, 8.200000000000003, 4.799999999999997, 4.099999999999994, 3.5, 2.799999999999997, 0.0, -0.5999999999999943]}}