{"percentile": {"y": [96.9, 93.8, 90.7, 87.5, 84.4, 81.3, 75.0, 71.9, 68.8, 62.5, 59.4, 50.0, 46.9, 43.8, 37.5, 28.200000000000003, 18.799999999999997, 15.700000000000003, 12.5, 3.200000000000003, 0.0, -3.0999999999999943], "x": [1453, 1502, 1524, 1526, 1539, 1549, 1576, 1585, 1587, 1588, 1590, 1598, 1600, 1601, 1608, 1609, 1610, 1611, 1612, 1613, 1634, 1650]}, "histogram": {"y": [1, 0, 0, 0, 0, 0, 1, 0, 0, 2, 0, 1, 1, 0, 0, 0, 2, 5, 3, 2, 13, 0, 0, 1, 0, 1], "x": [1448.0, 1456.0, 1464.0, 1472.0, 1480.0, 1488.0, 1496.0, 1504.0, 1512.0, 1520.0, 1528.0, 1536.0, 1544.0, 1552.0, 1560.0, 1568.0, 1576.0, 1584.0, 1592.0, 1600.0, 1608.0, 1616.0, 1624.0, 1632.0, 1640.0, 1648.0]}}