{"histogram": {"x": [1560.0, 1568.0, 1576.0, 1584.0, 1592.0, 1600.0, 1608.0, 1616.0, 1624.0, 1632.0, 1640.0], "y": [2, 1, 0, 1, 1, 3, 8, 0, 0, 1, 0]}, "percentile": {"x": [1561, 1563, 1571, 1586, 1597, 1600, 1601, 1608, 1609, 1611, 1613, 1634], "y": [93.8, 87.5, 81.3, 75.0, 68.8, 62.5, 50.0, 43.8, 31.299999999999997, 25.0, 0.0, -6.200000000000003]}}