{"histogram": {"y": [3, 0, 7, 6, 4, 11, 8, 0, 1, 0], "x": [1512.0, 1530.0, 1548.0, 1566.0, 1584.0, 1602.0, 1620.0, 1638.0, 1656.0]}, "percentile": {"y": [97.5, 94.9, 92.4, 89.8, 87.2, 74.4, 71.8, 69.3, 66.7, 61.6, 59.0, 56.5, 53.9, 51.3, 48.8, 43.6, 35.900000000000006, 33.400000000000006, 30.799999999999997, 28.299999999999997, 25.700000000000003, 20.599999999999994, 18.0, 12.900000000000006, 7.700000000000003, 0.0, -2.5], "x": [1500, 1501, 1502, 1534, 1538, 1539, 1549, 1550, 1552, 1562, 1563, 1569, 1572, 1575, 1582, 1585, 1586, 1587, 1588, 1595, 1599, 1601, 1608, 1610, 1611, 1613, 1650]}}