{"percentile": {"x": [1097, 1182, 1188, 1213, 1266, 1320, 1322, 1344, 1345, 1349, 1358, 1362, 1377, 1389, 1404, 1414, 1415, 1422, 1431, 1441, 1447, 1453, 1461, 1464, 1465, 1477, 1478, 1479, 1481, 1485, 1486, 1489, 1490, 1501, 1502, 1504, 1512, 1513, 1514, 1515, 1516, 1517, 1518, 1519, 1520, 1521, 1522, 1523, 1524, 1525, 1526, 1527, 1528, 1529, 1530, 1531, 1532, 1533, 1534, 1535, 1536, 1537, 1538, 1539, 1540, 1543, 1548, 1549, 1550, 1551, 1552, 1553, 1554, 1555, 1556, 1557, 1558, 1559, 1560, 1561, 1562, 1563, 1564, 1565, 1566, 1567, 1568, 1569, 1570, 1571, 1572, 1573, 1574, 1575, 1576, 1578, 1579, 1580, 1581, 1582, 1584, 1585, 1586, 1587, 1588, 1589, 1590, 1591, 1592, 1593, 1594, 1595, 1596, 1597, 1598, 1599, 1600, 1601, 1602, 1603, 1604, 1605, 1606, 1607, 1608, 1609, 1610, 1611, 1612, 1613, 1614, 1615, 1616, 1617, 1618, 1619, 1620, 1621, 1622, 1623, 1624, 1625, 1626, 1627, 1628, 1629, 1630, 1631, 1632, 1633, 1634, 1635, 1636, 1637, 1638, 1639, 1640, 1641, 1642, 1643, 1644, 1645, 1646, 1647, 1648, 1649, 1650, 1651, 1652, 1654, 1655], "y": [100.0, 100.0, 100.0, 100.0, 100.0, 100.0, 100.0, 100.0, 99.9, 99.9, 99.9, 99.9, 99.9, 99.9, 99.9, 99.9, 99.9, 99.8, 99.8, 99.8, 99.8, 99.7, 99.7, 99.6, 99.5, 99.4, 99.3, 99.2, 99.2, 99.2, 99.2, 99.0, 98.8, 98.7, 98.6, 98.6, 98.6, 98.5, 98.2, 97.7, 97.7, 97.6, 97.6, 97.6, 97.6, 97.5, 97.5, 97.5, 97.3, 96.9, 96.4, 95.6, 95.5, 95.5, 95.5, 95.4, 95.4, 95.4, 95.3, 95.3, 95.2, 94.7, 94.0, 91.8, 91.8, 91.8, 91.8, 91.5, 90.6, 89.7, 88.4, 88.3, 88.1, 87.9, 87.7, 87.6, 87.5, 87.3, 86.7, 85.8, 84.3, 82.6, 80.3, 80.3, 80.0, 79.9, 79.8, 79.7, 79.5, 79.4, 78.9, 77.7, 75.6, 72.8, 63.2, 63.2, 63.2, 63.2, 63.2, 63.1, 63.1, 62.0, 60.7, 59.0, 56.7, 53.3, 52.8, 52.1, 51.4, 50.7, 49.9, 49.4, 48.0, 45.9, 43.5, 40.8, 37.7, 34.3, 33.7, 33.099999999999994, 32.599999999999994, 32.099999999999994, 31.700000000000003, 31.200000000000003, 30.099999999999994, 28.200000000000003, 25.700000000000003, 22.799999999999997, 19.0, 8.5, 7.900000000000006, 7.400000000000006, 7.0, 6.700000000000003, 6.400000000000006, 6.200000000000003, 5.5, 5.299999999999997, 4.900000000000006, 4.700000000000003, 4.299999999999997, 4.0, 3.799999999999997, 3.5999999999999943, 3.5999999999999943, 3.4000000000000057, 3.299999999999997, 3.200000000000003, 3.0999999999999943, 3.0, 2.9000000000000057, 2.799999999999997, 2.700000000000003, 2.5999999999999943, 2.5, 2.4000000000000057, 2.299999999999997, 2.299999999999997, 2.200000000000003, 2.200000000000003, 2.200000000000003, 2.0999999999999943, 2.0, 2.0, 1.7999999999999972, 1.7999999999999972, 0.29999999999999716, 0.29999999999999716, 0.29999999999999716, 0.29999999999999716, 0.0]}, "histogram": {"x": [1098.0, 1116.0, 1134.0, 1152.0, 1170.0, 1188.0, 1206.0, 1224.0, 1242.0, 1260.0, 1278.0, 1296.0, 1314.0, 1332.0, 1350.0, 1368.0, 1386.0, 1404.0, 1422.0, 1440.0, 1458.0, 1476.0, 1494.0, 1512.0, 1530.0, 1548.0, 1566.0, 1584.0, 1602.0, 1620.0, 1638.0, 1656.0], "y": [1, 0, 0, 0, 0, 1, 1, 1, 0, 0, 1, 0, 0, 2, 3, 2, 1, 1, 3, 2, 14, 14, 59, 20, 274, 324, 1015, 1503, 2538, 2468, 317, 221, 0]}}