{"histogram": {"y": [3, 0, 0, 3, 5, 2, 26, 2, 0, 2, 1, 12, 0], "x": [1560.0, 1568.0, 1576.0, 1584.0, 1592.0, 1600.0, 1608.0, 1616.0, 1624.0, 1632.0, 1640.0, 1648.0, 1656.0]}, "percentile": {"y": [98.2, 94.6, 91.0, 89.1, 87.3, 81.9, 80.0, 78.2, 76.4, 69.1, 65.5, 56.4, 29.099999999999994, 27.299999999999997, 25.5, 23.700000000000003, 21.900000000000006, 20.0, -1.7999999999999972], "x": [1561, 1564, 1587, 1589, 1597, 1598, 1599, 1600, 1601, 1610, 1611, 1612, 1613, 1620, 1623, 1636, 1638, 1644, 1650]}}