{"percentile": {"x": [973, 1017, 1217, 1304, 1339, 1356, 1375, 1393, 1412, 1413, 1425, 1433, 1439, 1440, 1441, 1442, 1453, 1464, 1465, 1477, 1478, 1488, 1489, 1490, 1491, 1501, 1502, 1503, 1513, 1514, 1515, 1516, 1519, 1520, 1521, 1522, 1523, 1524, 1525, 1526, 1527, 1532, 1536, 1537, 1538, 1539, 1549, 1550, 1551, 1552, 1553, 1554, 1555, 1556, 1557, 1558, 1559, 1560, 1561, 1562, 1563, 1564, 1572, 1573, 1574, 1575, 1576, 1578, 1584, 1585, 1586, 1587, 1588, 1589, 1592, 1593, 1594, 1595, 1596, 1597, 1598, 1599, 1600, 1601, 1602, 1603, 1607, 1608, 1609, 1610, 1611, 1612, 1613, 1614, 1620, 1623, 1625, 1626, 1635, 1647, 1650, 1655], "y": [99.9, 99.7, 99.5, 99.3, 99.2, 99.0, 98.8, 98.6, 98.4, 98.3, 98.1, 97.9, 97.7, 97.5, 97.2, 96.8, 96.5, 96.1, 95.2, 95.0, 94.2, 93.8, 93.3, 90.9, 90.6, 89.2, 83.4, 83.3, 82.0, 79.7, 78.4, 78.1, 77.7, 77.4, 77.2, 76.8, 76.7, 75.9, 74.5, 73.6, 72.9, 72.7, 72.5, 72.4, 71.8, 70.2, 69.0, 67.0, 64.0, 60.9, 60.6, 60.2, 60.0, 59.3, 59.0, 58.8, 58.6, 57.2, 56.7, 54.0, 52.7, 50.6, 50.0, 49.5, 48.8, 48.3, 47.4, 47.2, 47.0, 45.8, 42.9, 41.5, 39.0, 35.599999999999994, 34.900000000000006, 34.5, 34.2, 33.599999999999994, 30.599999999999994, 29.200000000000003, 26.700000000000003, 23.799999999999997, 21.5, 19.700000000000003, 19.5, 19.0, 18.599999999999994, 17.700000000000003, 16.299999999999997, 13.599999999999994, 11.799999999999997, 9.0, 3.0999999999999943, 2.9000000000000057, 2.4000000000000057, 2.200000000000003, 1.7999999999999972, 1.5, 1.2999999999999972, 1.0999999999999943, 0.20000000000000284, -0.09999999999999432]}, "histogram": {"x": [990.0, 1008.0, 1026.0, 1044.0, 1062.0, 1080.0, 1098.0, 1116.0, 1134.0, 1152.0, 1170.0, 1188.0, 1206.0, 1224.0, 1242.0, 1260.0, 1278.0, 1296.0, 1314.0, 1332.0, 1350.0, 1368.0, 1386.0, 1404.0, 1422.0, 1440.0, 1458.0, 1476.0, 1494.0, 1512.0, 1530.0, 1548.0, 1566.0, 1584.0, 1602.0, 1620.0, 1638.0, 1656.0], "y": [1, 0, 1, 0, 0, 0, 0, 0, 0, 0, 0, 0, 0, 1, 0, 0, 0, 0, 1, 0, 1, 1, 1, 1, 2, 3, 7, 7, 26, 41, 58, 15, 110, 19, 154, 94, 9, 8, 0]}}