{"percentile": {"x": [1549, 1551, 1560, 1572, 1575, 1576, 1584, 1585, 1587, 1588, 1589, 1591, 1595, 1596, 1597, 1598, 1599, 1600, 1601, 1602, 1603, 1608, 1609, 1610, 1611, 1612, 1613, 1614, 1615, 1616, 1617, 1618, 1619, 1620, 1621, 1622, 1623, 1624, 1625, 1626, 1627, 1628, 1629, 1630, 1631, 1632, 1633, 1635, 1636, 1637, 1638, 1639, 1640, 1641, 1642, 1643, 1644, 1647, 1648, 1649, 1650, 1651, 1652, 1653, 1654, 1655], "y": [99.8, 99.5, 99.2, 98.9, 98.6, 96.3, 96.0, 95.4, 94.9, 94.3, 93.7, 92.6, 92.3, 91.4, 90.8, 90.0, 88.2, 86.8, 83.6, 83.0, 82.8, 82.2, 81.0, 78.1, 75.3, 71.5, 37.5, 36.4, 34.599999999999994, 32.900000000000006, 31.200000000000003, 30.900000000000006, 29.400000000000006, 27.700000000000003, 27.099999999999994, 26.0, 25.099999999999994, 24.799999999999997, 24.299999999999997, 23.400000000000006, 22.5, 21.700000000000003, 21.400000000000006, 21.099999999999994, 19.099999999999994, 18.200000000000003, 17.599999999999994, 17.099999999999994, 16.799999999999997, 16.200000000000003, 15.900000000000006, 14.700000000000003, 14.5, 13.900000000000006, 11.599999999999994, 9.799999999999997, 8.400000000000006, 8.099999999999994, 7.799999999999997, 7.299999999999997, 4.099999999999994, 3.799999999999997, 3.200000000000003, 2.9000000000000057, 1.2000000000000028, -0.20000000000000284]}, "histogram": {"x": [1566.0, 1584.0, 1602.0, 1620.0, 1638.0, 1656.0], "y": [3, 10, 44, 188, 46, 57, 0]}}
