{"histogram": {"x": [1520.0, 1528.0, 1536.0, 1544.0, 1552.0, 1560.0, 1568.0, 1576.0, 1584.0, 1592.0, 1600.0, 1608.0, 1616.0, 1624.0, 1632.0, 1640.0, 1648.0], "y": [1, 0, 8, 8, 2, 23, 18, 34, 71, 71, 81, 227, 33, 10, 7, 2, 11]}, "percentile": {"x": [1527, 1538, 1539, 1549, 1550, 1551, 1552, 1560, 1561, 1562, 1563, 1564, 1571, 1573, 1574, 1575, 1576, 1585, 1586, 1587, 1588, 1589, 1590, 1591, 1592, 1593, 1594, 1595, 1596, 1597, 1598, 1599, 1600, 1601, 1602, 1603, 1604, 1605, 1606, 1607, 1608, 1609, 1610, 1611, 1612, 1613, 1614, 1616, 1618, 1619, 1620, 1621, 1622, 1623, 1624, 1625, 1626, 1629, 1630, 1632, 1633, 1635, 1637, 1646, 1647, 1649, 1650, 1654], "y": [99.9, 99.4, 98.6, 98.1, 97.9, 97.2, 96.9, 96.7, 96.3, 95.4, 94.6, 93.1, 93.0, 92.8, 91.6, 90.1, 84.5, 83.4, 81.7, 80.1, 76.8, 74.0, 73.2, 72.8, 72.3, 72.0, 71.5, 71.2, 69.5, 67.2, 64.6, 61.1, 56.2, 51.5, 50.5, 50.0, 49.4, 48.6, 48.1, 47.7, 45.9, 42.3, 38.2, 33.900000000000006, 28.400000000000006, 11.099999999999994, 10.299999999999997, 10.0, 9.5, 9.0, 7.5, 6.299999999999997, 5.700000000000003, 4.799999999999997, 4.700000000000003, 4.200000000000003, 3.700000000000003, 3.4000000000000057, 3.200000000000003, 2.9000000000000057, 2.5, 2.4000000000000057, 2.0, 1.9000000000000057, 1.7000000000000028, 1.4000000000000057, 0.0, -0.09999999999999432]}}