{"percentile": {"x": [993, 1119, 1248, 1437, 1464, 1465, 1478, 1490, 1491, 1501, 1502, 1513, 1514, 1515, 1519, 1522, 1524, 1525, 1526, 1527, 1537, 1539, 1549, 1550, 1551, 1552, 1553, 1554, 1557, 1560, 1561, 1562, 1563, 1564, 1575, 1576, 1584, 1585, 1586, 1587, 1588, 1589, 1592, 1593, 1594, 1595, 1596, 1597, 1598, 1599, 1600, 1601, 1602, 1607, 1608, 1609, 1610, 1611, 1612, 1613, 1616, 1619, 1620, 1621, 1623, 1624, 1626, 1639, 1640, 1644, 1646, 1653, 1655], "y": [99.6, 99.2, 98.8, 98.4, 98.0, 97.1, 96.7, 96.3, 95.9, 94.7, 88.4, 88.0, 86.4, 84.7, 84.3, 83.9, 83.0, 81.8, 80.1, 78.1, 77.6, 77.2, 76.0, 75.2, 72.2, 69.3, 68.9, 68.1, 67.7, 65.6, 65.2, 64.0, 61.0, 58.1, 57.7, 57.3, 56.5, 52.7, 51.1, 47.8, 45.3, 43.6, 43.2, 42.8, 41.5, 40.7, 39.1, 36.1, 34.099999999999994, 32.400000000000006, 27.900000000000006, 24.5, 24.099999999999994, 23.700000000000003, 23.299999999999997, 22.5, 19.599999999999994, 16.599999999999994, 13.700000000000003, 7.5, 7.099999999999994, 6.700000000000003, 5.0, 4.599999999999994, 4.200000000000003, 3.799999999999997, 3.4000000000000057, 3.0, 2.5, 1.7000000000000028, 0.9000000000000057, 0.5, -0.4000000000000057]}, "histogram": {"x": [992.0, 1000.0, 1008.0, 1016.0, 1024.0, 1032.0, 1040.0, 1048.0, 1056.0, 1064.0, 1072.0, 1080.0, 1088.0, 1096.0, 1104.0, 1112.0, 1120.0, 1128.0, 1136.0, 1144.0, 1152.0, 1160.0, 1168.0, 1176.0, 1184.0, 1192.0, 1200.0, 1208.0, 1216.0, 1224.0, 1232.0, 1240.0, 1248.0, 1256.0, 1264.0, 1272.0, 1280.0, 1288.0, 1296.0, 1304.0, 1312.0, 1320.0, 1328.0, 1336.0, 1344.0, 1352.0, 1360.0, 1368.0, 1376.0, 1384.0, 1392.0, 1400.0, 1408.0, 1416.0, 1424.0, 1432.0, 1440.0, 1448.0, 1456.0, 1464.0, 1472.0, 1480.0, 1488.0, 1496.0, 1504.0, 1512.0, 1520.0, 1528.0, 1536.0, 1544.0, 1552.0, 1560.0, 1568.0, 1576.0, 1584.0, 1592.0, 1600.0, 1608.0, 1616.0, 1624.0, 1632.0, 1640.0, 1648.0, 1656.0], "y": [1, 0, 0, 0, 0, 0, 0, 0, 0, 0, 0, 0, 0, 0, 0, 1, 0, 0, 0, 0, 0, 0, 0, 0, 0, 0, 0, 0, 0, 0, 0, 0, 1, 0, 0, 0, 0, 0, 0, 0, 0, 0, 0, 0, 0, 0, 0, 0, 0, 0, 0, 0, 0, 0, 0, 1, 0, 0, 0, 3, 1, 0, 2, 18, 0, 10, 15, 0, 2, 12, 11, 23, 1, 1, 33, 27, 21, 39, 8, 2, 1, 5, 3, 0]}}