{"percentile": {"y": [99.5, 98.9, 98.3, 97.7, 96.5, 94.7, 94.1, 93.5, 92.9, 89.9, 89.3, 88.7, 87.5, 87.0, 84.6, 82.2, 80.4, 78.6, 75.6, 74.5, 73.9, 73.3, 71.5, 66.7, 64.9, 64.3, 63.7, 60.8, 58.4, 56.0, 51.8, 49.5, 48.9, 47.7, 46.5, 43.5, 42.3, 41.7, 39.3, 38.7, 35.2, 34.0, 31.599999999999994, 31.0, 30.400000000000006, 29.799999999999997, 29.200000000000003, 25.599999999999994, 24.5, 22.700000000000003, 19.700000000000003, 17.299999999999997, 16.700000000000003, 16.099999999999994, 15.5, 13.099999999999994, 12.5, 12.0, 10.200000000000003, 4.200000000000003, 3.0, 2.4000000000000057, 1.7999999999999972, 1.2000000000000028, -0.5], "x": [660, 1201, 1397, 1401, 1453, 1465, 1490, 1497, 1500, 1502, 1513, 1514, 1515, 1523, 1524, 1525, 1526, 1527, 1538, 1539, 1548, 1549, 1550, 1551, 1552, 1553, 1555, 1560, 1561, 1562, 1563, 1564, 1571, 1572, 1573, 1574, 1575, 1576, 1585, 1586, 1587, 1588, 1589, 1590, 1591, 1592, 1594, 1596, 1597, 1598, 1600, 1601, 1604, 1607, 1608, 1609, 1610, 1611, 1612, 1613, 1620, 1621, 1635, 1636, 1650]}, "histogram": {"y": [1, 0, 0, 0, 0, 0, 0, 0, 0, 0, 0, 0, 0, 0, 0, 0, 0, 0, 0, 0, 0, 0, 0, 0, 0, 0, 0, 0, 0, 0, 1, 0, 0, 0, 0, 0, 0, 0, 0, 0, 0, 2, 0, 0, 2, 3, 1, 7, 19, 7, 42, 13, 41, 22, 5, 3, 0], "x": [666.0, 684.0, 702.0, 720.0, 738.0, 756.0, 774.0, 792.0, 810.0, 828.0, 846.0, 864.0, 882.0, 900.0, 918.0, 936.0, 954.0, 972.0, 990.0, 1008.0, 1026.0, 1044.0, 1062.0, 1080.0, 1098.0, 1116.0, 1134.0, 1152.0, 1170.0, 1188.0, 1206.0, 1224.0, 1242.0, 1260.0, 1278.0, 1296.0, 1314.0, 1332.0, 1350.0, 1368.0, 1386.0, 1404.0, 1422.0, 1440.0, 1458.0, 1476.0, 1494.0, 1512.0, 1530.0, 1548.0, 1566.0, 1584.0, 1602.0, 1620.0, 1638.0, 1656.0]}}