{"percentile": {"y": [96.9, 93.8, 87.5, 81.3, 75.0, 68.8, 31.299999999999997, 28.200000000000003, 25.0, 21.900000000000006, 18.799999999999997, 15.700000000000003, 12.5, 9.400000000000006, 6.299999999999997, 3.200000000000003, 0.0, -3.0999999999999943], "x": [1596, 1597, 1601, 1610, 1611, 1612, 1613, 1615, 1619, 1620, 1621, 1624, 1625, 1627, 1636, 1644, 1649, 1650]}, "histogram": {"y": [2, 2, 19, 3, 3, 1, 1, 2], "x": [1592.0, 1600.0, 1608.0, 1616.0, 1624.0, 1632.0, 1640.0, 1648.0]}}