{"percentile": {"y": [99.8, 99.5, 99.3, 99.0, 98.5, 98.0, 97.7, 97.4, 97.2, 96.6, 96.4, 96.1, 95.6, 95.3, 89.1, 88.5, 88.0, 87.5, 86.2, 84.6, 84.3, 84.1, 83.8, 83.3, 82.5, 82.2, 81.7, 80.7, 80.2, 78.1, 76.2, 72.0, 71.3, 70.7, 70.2, 69.4, 69.2, 68.6, 67.1, 65.5, 63.9, 59.5, 53.7, 29.900000000000006, 27.799999999999997, 26.0, 24.400000000000006, 22.599999999999994, 20.700000000000003, 20.5, 18.599999999999994, 17.900000000000006, 17.099999999999994, 16.0, 15.200000000000003, 13.900000000000006, 13.400000000000006, 12.900000000000006, 12.599999999999994, 12.099999999999994, 11.299999999999997, 10.799999999999997, 10.5, 10.0, 8.400000000000006, 8.200000000000003, 7.599999999999994, 7.400000000000006, 6.599999999999994, 6.099999999999994, 5.799999999999997, 5.299999999999997, 4.799999999999997, 4.5, 4.200000000000003, 4.0, 3.700000000000003, 1.4000000000000057, 1.0999999999999943, 0.5999999999999943, 0.29999999999999716, 0.0, -0.20000000000000284], "x": [1502, 1513, 1527, 1531, 1538, 1550, 1552, 1560, 1563, 1564, 1572, 1573, 1574, 1575, 1576, 1585, 1586, 1587, 1588, 1589, 1590, 1591, 1592, 1593, 1594, 1595, 1596, 1597, 1598, 1599, 1600, 1601, 1602, 1603, 1604, 1605, 1606, 1607, 1608, 1609, 1610, 1611, 1612, 1613, 1614, 1615, 1616, 1617, 1618, 1619, 1620, 1621, 1622, 1623, 1624, 1625, 1626, 1627, 1628, 1630, 1631, 1632, 1633, 1634, 1635, 1636, 1637, 1638, 1639, 1640, 1641, 1642, 1643, 1644, 1645, 1646, 1647, 1650, 1651, 1652, 1653, 1654, 1655]}, "histogram": {"y": [1, 2, 3, 7, 29, 65, 197, 49, 30, 0], "x": [1512.0, 1530.0, 1548.0, 1566.0, 1584.0, 1602.0, 1620.0, 1638.0, 1656.0]}}