{"percentile": {"y": [95.7, 87.0, 82.7, 78.3, 74.0, 65.3, 60.9, 56.6, 52.2, 43.5, 34.8, 30.5, 26.099999999999994, 21.799999999999997, 17.400000000000006, 8.700000000000003, 4.400000000000006, 0.0, -4.299999999999997], "x": [1478, 1514, 1549, 1553, 1555, 1563, 1574, 1576, 1584, 1585, 1587, 1590, 1595, 1599, 1600, 1608, 1609, 1611, 1613]}, "histogram": {"y": [1, 0, 0, 0, 0, 2, 0, 0, 0, 1, 2, 2, 1, 1, 6, 2, 1, 5], "x": [1472.0, 1480.0, 1488.0, 1496.0, 1504.0, 1512.0, 1520.0, 1528.0, 1536.0, 1544.0, 1552.0, 1560.0, 1568.0, 1576.0, 1584.0, 1592.0, 1600.0, 1608.0]}}