{"percentile": {"y": [99.9, 99.5, 99.4, 99.2, 99.1, 98.9, 98.8, 98.1, 98.0, 97.8, 97.5, 97.1, 97.0, 96.1, 95.4, 95.3, 94.6, 94.5, 94.3, 94.2, 93.8, 92.8, 91.5, 84.4, 83.7, 83.6, 81.2, 79.7, 77.1, 76.3, 75.3, 74.8, 74.1, 73.5, 73.4, 72.8, 71.3, 69.5, 67.8, 65.1, 62.5, 61.6, 61.1, 60.1, 59.5, 59.1, 58.6, 57.7, 55.9, 53.0, 49.4, 44.2, 23.799999999999997, 22.400000000000006, 21.700000000000003, 21.099999999999994, 19.700000000000003, 18.299999999999997, 17.599999999999994, 16.900000000000006, 16.299999999999997, 14.599999999999994, 13.900000000000006, 13.599999999999994, 12.599999999999994, 12.200000000000003, 11.599999999999994, 11.200000000000003, 10.5, 9.799999999999997, 9.700000000000003, 8.299999999999997, 8.200000000000003, 7.299999999999997, 7.0, 6.900000000000006, 6.599999999999994, 6.299999999999997, 5.599999999999994, 5.200000000000003, 5.099999999999994, 4.5, 4.200000000000003, 4.099999999999994, 2.0999999999999943, 1.7000000000000028, 1.4000000000000057, 1.2999999999999972, 1.0, -0.09999999999999432], "x": [1501, 1502, 1515, 1526, 1535, 1537, 1538, 1539, 1541, 1549, 1551, 1552, 1559, 1561, 1562, 1563, 1564, 1565, 1570, 1571, 1573, 1574, 1575, 1576, 1585, 1586, 1587, 1588, 1589, 1590, 1591, 1592, 1593, 1594, 1595, 1596, 1597, 1598, 1599, 1600, 1601, 1602, 1603, 1604, 1605, 1606, 1607, 1608, 1609, 1610, 1611, 1612, 1613, 1614, 1615, 1616, 1617, 1618, 1619, 1620, 1621, 1622, 1623, 1624, 1625, 1626, 1627, 1628, 1629, 1630, 1631, 1632, 1633, 1634, 1635, 1636, 1637, 1638, 1641, 1642, 1643, 1644, 1646, 1648, 1650, 1651, 1652, 1653, 1654, 1655]}, "histogram": {"y": [4, 0, 1, 1, 1, 8, 3, 4, 18, 21, 51, 65, 54, 66, 264, 56, 30, 24, 15, 31, 0], "x": [1496.0, 1504.0, 1512.0, 1520.0, 1528.0, 1536.0, 1544.0, 1552.0, 1560.0, 1568.0, 1576.0, 1584.0, 1592.0, 1600.0, 1608.0, 1616.0, 1624.0, 1632.0, 1640.0, 1648.0, 1656.0]}}