{"percentile": {"x": [1465, 1477, 1490, 1501, 1539, 1561, 1563, 1574, 1588, 1597, 1599, 1601, 1610, 1612, 1613, 1622], "y": [96.2, 88.5, 84.7, 80.8, 73.1, 61.6, 50.0, 46.2, 42.4, 38.5, 34.7, 23.099999999999994, 19.299999999999997, 11.599999999999994, 0.0, -3.799999999999997]}, "histogram": {"x": [1476.0, 1494.0, 1512.0, 1530.0, 1548.0, 1566.0, 1584.0, 1602.0, 1620.0], "y": [1, 3, 1, 0, 2, 6, 1, 6, 6, 1]}}