{"histogram": {"x": [1584.0, 1602.0, 1620.0, 1638.0, 1656.0], "y": [1, 1, 6, 7, 2, 0]}, "percentile": {"x": [1567, 1600, 1608, 1609, 1612, 1613, 1620, 1621, 1623, 1626, 1632, 1637, 1646, 1650], "y": [93.8, 87.5, 81.3, 75.0, 62.5, 50.0, 43.8, 37.5, 25.0, 18.799999999999997, 12.5, 6.299999999999997, 0.0, -6.200000000000003]}}