{"histogram": {"x": [1350.0, 1368.0, 1386.0, 1404.0, 1422.0, 1440.0, 1458.0, 1476.0, 1494.0, 1512.0, 1530.0, 1548.0, 1566.0, 1584.0, 1602.0, 1620.0, 1638.0, 1656.0], "y": [1, 0, 1, 0, 0, 0, 4, 7, 2, 4, 14, 8, 46, 12, 48, 29, 3, 2, 0]}, "percentile": {"x": [1333, 1378, 1441, 1453, 1465, 1478, 1489, 1501, 1502, 1513, 1514, 1515, 1524, 1526, 1527, 1532, 1536, 1537, 1539, 1542, 1549, 1550, 1551, 1552, 1554, 1556, 1557, 1560, 1561, 1562, 1563, 1564, 1569, 1572, 1573, 1574, 1575, 1576, 1585, 1586, 1587, 1588, 1589, 1592, 1595, 1596, 1597, 1598, 1599, 1600, 1601, 1607, 1608, 1609, 1610, 1611, 1612, 1613, 1614, 1620, 1622, 1623, 1649, 1650], "y": [99.5, 98.9, 97.3, 96.7, 92.8, 92.3, 91.7, 91.2, 89.5, 88.9, 88.4, 86.7, 85.0, 83.9, 81.7, 81.2, 80.6, 80.0, 77.8, 77.3, 76.2, 73.9, 70.6, 65.6, 65.0, 64.5, 63.4, 62.8, 59.5, 55.6, 53.4, 51.7, 51.2, 50.0, 47.8, 47.3, 45.6, 45.0, 43.4, 41.7, 35.599999999999994, 33.400000000000006, 30.599999999999994, 30.0, 29.5, 28.400000000000006, 27.299999999999997, 25.0, 22.799999999999997, 19.5, 18.400000000000006, 17.299999999999997, 16.700000000000003, 10.599999999999994, 8.900000000000006, 8.400000000000006, 6.200000000000003, 2.799999999999997, 2.299999999999997, 1.7000000000000028, 1.2000000000000028, 0.5999999999999943, 0.0, -0.5]}}