{"percentile": {"y": [85.8, 71.5, 57.2, 28.599999999999994, 14.299999999999997, -14.200000000000003], "x": [1513, 1552, 1564, 1601, 1608, 1613]}, "histogram": {"y": [1, 0, 0, 0, 0, 1, 1, 0, 0, 0, 0, 2, 3, 0], "x": [1512.0, 1520.0, 1528.0, 1536.0, 1544.0, 1552.0, 1560.0, 1568.0, 1576.0, 1584.0, 1592.0, 1600.0, 1608.0, 1616.0]}}