{"percentile": {"y": [99.0, 96.8, 95.7, 94.6, 93.5, 92.4, 90.3, 89.2, 87.0, 84.8, 83.7, 82.7, 80.5, 79.4, 78.3, 77.2, 72.9, 68.5, 66.4, 64.2, 63.1, 58.7, 56.6, 54.4, 45.7, 17.400000000000006, 16.400000000000006, 15.299999999999997, 14.200000000000003, 13.099999999999994, 12.0, 10.900000000000006, 9.799999999999997, 8.700000000000003, 6.599999999999994, 5.5, 4.400000000000006, 3.299999999999997, 2.200000000000003, 1.0999999999999943, 0.0, -1.0], "x": [1502, 1514, 1515, 1524, 1527, 1537, 1539, 1551, 1552, 1561, 1563, 1564, 1585, 1590, 1591, 1592, 1596, 1599, 1600, 1601, 1603, 1608, 1610, 1611, 1612, 1613, 1616, 1617, 1622, 1624, 1627, 1629, 1631, 1633, 1634, 1636, 1640, 1641, 1643, 1644, 1645, 1650]}, "histogram": {"y": [1, 0, 3, 2, 0, 3, 1, 2, 4, 0, 0, 4, 9, 5, 42, 3, 4, 4, 5, 1], "x": [1496.0, 1504.0, 1512.0, 1520.0, 1528.0, 1536.0, 1544.0, 1552.0, 1560.0, 1568.0, 1576.0, 1584.0, 1592.0, 1600.0, 1608.0, 1616.0, 1624.0, 1632.0, 1640.0, 1648.0]}}