{"histogram": {"y": [1, 0, 0, 2, 2, 0, 6, 4, 0, 11, 12, 1, 9, 16, 11, 19, 6, 2, 21, 19, 6, 17, 2, 1, 0, 0, 2], "x": [1440.0, 1448.0, 1456.0, 1464.0, 1472.0, 1480.0, 1488.0, 1496.0, 1504.0, 1512.0, 1520.0, 1528.0, 1536.0, 1544.0, 1552.0, 1560.0, 1568.0, 1576.0, 1584.0, 1592.0, 1600.0, 1608.0, 1616.0, 1624.0, 1632.0, 1640.0, 1648.0]}, "percentile": {"y": [99.5, 98.3, 97.1, 96.5, 94.1, 93.5, 91.2, 88.8, 87.6, 85.3, 84.7, 83.5, 81.7, 79.9, 77.6, 77.0, 76.4, 75.8, 73.4, 72.2, 71.6, 66.9, 63.4, 62.2, 56.9, 56.3, 55.7, 53.9, 52.7, 49.2, 47.4, 45.0, 44.4, 43.8, 43.2, 40.9, 39.7, 37.3, 34.400000000000006, 33.8, 31.400000000000006, 29.0, 27.900000000000006, 27.299999999999997, 26.700000000000003, 26.099999999999994, 25.5, 21.900000000000006, 21.400000000000006, 19.0, 16.0, 14.799999999999997, 13.700000000000003, 13.099999999999994, 12.5, 11.299999999999997, 8.900000000000006, 7.700000000000003, 5.400000000000006, 4.799999999999997, 2.4000000000000057, 1.2000000000000028, 0.5999999999999943, 0.0, -0.5], "x": [1447, 1465, 1477, 1488, 1489, 1490, 1502, 1513, 1514, 1515, 1516, 1524, 1525, 1526, 1527, 1528, 1536, 1537, 1538, 1539, 1540, 1549, 1550, 1551, 1552, 1554, 1557, 1560, 1561, 1562, 1563, 1564, 1565, 1573, 1574, 1575, 1576, 1585, 1586, 1587, 1588, 1589, 1590, 1591, 1592, 1593, 1594, 1596, 1597, 1598, 1599, 1600, 1601, 1603, 1605, 1608, 1609, 1610, 1611, 1612, 1613, 1620, 1626, 1649, 1650]}}