{"percentile": {"x": [1500, 1563, 1574, 1575, 1587, 1588, 1589, 1598, 1601, 1605, 1608, 1609, 1610, 1611, 1612, 1613, 1616, 1619, 1621, 1630, 1631, 1633, 1637, 1640, 1650, 1651, 1655], "y": [97.9, 95.7, 93.5, 91.4, 89.2, 87.0, 84.8, 82.7, 78.3, 76.1, 71.8, 67.4, 60.9, 52.2, 41.4, 26.099999999999994, 21.799999999999997, 19.599999999999994, 15.299999999999997, 13.099999999999994, 10.900000000000006, 8.700000000000003, 6.599999999999994, 4.400000000000006, 2.200000000000003, 0.0, -2.0999999999999943]}, "histogram": {"x": [1496.0, 1504.0, 1512.0, 1520.0, 1528.0, 1536.0, 1544.0, 1552.0, 1560.0, 1568.0, 1576.0, 1584.0, 1592.0, 1600.0, 1608.0, 1616.0, 1624.0, 1632.0, 1640.0, 1648.0, 1656.0], "y": [1, 0, 0, 0, 0, 0, 0, 0, 1, 2, 0, 3, 1, 3, 23, 5, 2, 2, 1, 3, 0]}}