{"percentile": {"x": [1538, 1549, 1560, 1564, 1572, 1574, 1575, 1576, 1585, 1586, 1587, 1588, 1589, 1591, 1592, 1593, 1594, 1595, 1596, 1597, 1598, 1599, 1600, 1601, 1603, 1604, 1605, 1606, 1607, 1608, 1609, 1610, 1611, 1612, 1613, 1614, 1615, 1616, 1617, 1618, 1619, 1621, 1622, 1623, 1625, 1626, 1627, 1628, 1630, 1632, 1633, 1634, 1636, 1638, 1639, 1645, 1646, 1647, 1649, 1650], "y": [99.7, 99.3, 99.0, 98.6, 97.9, 96.4, 95.7, 93.1, 92.8, 92.4, 92.0, 90.9, 88.7, 88.0, 87.6, 86.5, 86.2, 85.8, 84.0, 82.9, 81.1, 78.5, 76.0, 73.0, 72.7, 72.3, 71.9, 71.2, 70.5, 69.0, 65.7, 61.0, 56.6, 48.2, 22.700000000000003, 21.599999999999994, 21.200000000000003, 20.900000000000006, 20.5, 19.400000000000006, 18.299999999999997, 16.799999999999997, 15.700000000000003, 15.400000000000006, 13.900000000000006, 13.599999999999994, 12.799999999999997, 12.099999999999994, 11.700000000000003, 11.400000000000006, 10.299999999999997, 9.5, 8.799999999999997, 8.400000000000006, 7.700000000000003, 6.599999999999994, 6.299999999999997, 5.900000000000006, 5.200000000000003, -0.29999999999999716]}, "histogram": {"x": [1548.0, 1566.0, 1584.0, 1602.0, 1620.0, 1638.0, 1656.0], "y": [1, 3, 15, 55, 150, 26, 25, 0]}}