{"percentile": {"y": [100.0, 100.0, 100.0, 99.9, 99.8, 99.8, 99.7, 99.7, 99.7, 99.6, 99.6, 99.6, 99.5, 99.5, 99.5, 99.4, 99.4, 99.4, 99.3, 99.3, 99.2, 99.2, 99.2, 99.1, 99.1, 99.1, 99.0, 99.0, 98.9, 98.9, 98.9, 98.9, 98.8, 98.8, 98.8, 98.7, 98.7, 98.7, 98.6, 98.6, 98.5, 98.5, 98.5, 98.4, 98.4, 98.3, 98.3, 98.3, 98.2, 98.2, 98.1, 98.1, 98.0, 98.0, 98.0, 97.9, 97.9, 97.9, 97.8, 97.8, 97.8, 97.7, 97.7, 97.7, 97.6, 97.6, 97.6, 97.5, 97.5, 97.5, 97.4, 97.4, 97.3, 97.3, 97.2, 97.2, 97.2, 97.1, 97.1, 97.1, 97.0, 97.0, 97.0, 96.9, 96.9, 96.8, 96.7, 96.7, 96.6, 96.6, 96.5, 96.5, 96.5, 96.4, 96.3, 96.3, 96.2, 96.2, 95.8, 95.8, 95.8, 95.7, 95.6, 95.1, 95.1, 95.1, 94.9, 92.8, 92.7, 92.6, 91.8, 90.4, 90.4, 90.3, 90.2, 90.2, 90.0, 90.0, 90.0, 89.9, 89.8, 89.5, 88.5, 87.4, 87.4, 87.3, 87.3, 87.3, 87.2, 86.9, 86.0, 84.2, 84.1, 83.8, 81.8, 80.0, 77.7, 77.7, 77.4, 77.3, 77.2, 77.1, 77.0, 76.8, 76.4, 75.1, 72.7, 70.9, 68.9, 68.8, 68.7, 68.7, 68.6, 68.5, 68.5, 68.4, 68.4, 67.9, 66.8, 65.5, 63.4, 63.4, 63.3, 63.3, 63.2, 63.2, 63.1, 62.8, 60.2, 57.9, 54.7, 51.4, 51.3, 50.9, 50.7, 50.4, 50.2, 49.9, 49.5, 47.6, 45.5, 42.8, 40.4, 38.1, 38.0, 37.9, 37.7, 37.6, 37.5, 37.4, 37.0, 35.900000000000006, 35.099999999999994, 34.2, 33.099999999999994, 33.099999999999994, 33.0, 33.0, 33.0, 32.900000000000006, 32.5, 30.900000000000006, 29.200000000000003, 27.200000000000003, 24.5, 21.799999999999997, 21.5, 21.099999999999994, 20.900000000000006, 20.5, 20.099999999999994, 19.900000000000006, 18.400000000000006, 16.700000000000003, 14.900000000000006, 13.200000000000003, 11.599999999999994, 10.299999999999997, 10.099999999999994, 9.799999999999997, 9.700000000000003, 9.599999999999994, 9.400000000000006, 9.299999999999997, 8.5, 7.700000000000003, 6.799999999999997, 5.5, 4.599999999999994, 2.200000000000003, 2.0999999999999943, 2.0, 2.0, 1.9000000000000057, 1.7999999999999972, 1.4000000000000057, 1.4000000000000057, 1.2999999999999972, 1.2000000000000028, 1.2000000000000028, 1.0999999999999943, 1.0, 1.0, 0.9000000000000057, 0.7999999999999972, 0.7000000000000028, 0.7000000000000028, 0.7000000000000028, 0.0, 0.0], "x": [795, 821, 852, 887, 948, 960, 975, 990, 994, 1016, 1040, 1042, 1062, 1072, 1077, 1104, 1122, 1123, 1125, 1128, 1136, 1137, 1165, 1166, 1168, 1177, 1187, 1188, 1193, 1194, 1200, 1203, 1208, 1214, 1215, 1218, 1219, 1228, 1229, 1246, 1260, 1261, 1267, 1271, 1273, 1275, 1276, 1278, 1281, 1286, 1289, 1290, 1293, 1294, 1296, 1297, 1300, 1302, 1306, 1308, 1315, 1327, 1331, 1334, 1336, 1344, 1345, 1351, 1352, 1354, 1359, 1360, 1363, 1365, 1366, 1372, 1373, 1374, 1377, 1378, 1382, 1394, 1396, 1397, 1398, 1413, 1414, 1415, 1418, 1419, 1420, 1422, 1425, 1430, 1432, 1433, 1435, 1440, 1441, 1447, 1449, 1451, 1452, 1453, 1457, 1462, 1464, 1465, 1475, 1476, 1477, 1478, 1479, 1480, 1481, 1482, 1483, 1484, 1485, 1486, 1487, 1488, 1489, 1490, 1491, 1492, 1493, 1498, 1499, 1500, 1501, 1502, 1504, 1512, 1513, 1514, 1515, 1516, 1517, 1518, 1519, 1520, 1521, 1522, 1523, 1524, 1525, 1526, 1527, 1528, 1529, 1530, 1531, 1532, 1533, 1534, 1535, 1536, 1537, 1538, 1539, 1540, 1541, 1542, 1544, 1546, 1547, 1548, 1549, 1550, 1551, 1552, 1553, 1554, 1555, 1556, 1557, 1558, 1559, 1560, 1561, 1562, 1563, 1564, 1565, 1566, 1567, 1569, 1570, 1571, 1572, 1573, 1574, 1575, 1576, 1579, 1580, 1581, 1582, 1583, 1584, 1585, 1586, 1587, 1588, 1589, 1590, 1591, 1592, 1593, 1594, 1595, 1596, 1597, 1598, 1599, 1600, 1601, 1602, 1603, 1604, 1605, 1606, 1607, 1608, 1609, 1610, 1611, 1612, 1613, 1614, 1615, 1617, 1618, 1619, 1620, 1621, 1622, 1623, 1625, 1626, 1627, 1632, 1634, 1635, 1636, 1637, 1648, 1650, 1655]}, "histogram": {"y": [1, 0, 0, 1, 0, 0, 0, 1, 0, 0, 0, 2, 0, 0, 0, 0, 0, 0, 0, 2, 0, 2, 1, 0, 1, 1, 0, 0, 1, 0, 0, 2, 0, 1, 0, 2, 0, 0, 0, 1, 0, 4, 1, 2, 0, 0, 2, 1, 1, 3, 2, 2, 3, 2, 2, 0, 2, 0, 2, 3, 4, 3, 5, 4, 2, 1, 2, 2, 1, 3, 4, 5, 3, 3, 0, 5, 0, 6, 5, 4, 6, 12, 21, 2, 71, 74, 16, 78, 97, 1, 214, 255, 17, 157, 264, 162, 363, 108, 40, 364, 243, 122, 225, 24, 6, 10, 0, 21, 0], "x": [792.0, 800.0, 808.0, 816.0, 824.0, 832.0, 840.0, 848.0, 856.0, 864.0, 872.0, 880.0, 888.0, 896.0, 904.0, 912.0, 920.0, 928.0, 936.0, 944.0, 952.0, 960.0, 968.0, 976.0, 984.0, 992.0, 1000.0, 1008.0, 1016.0, 1024.0, 1032.0, 1040.0, 1048.0, 1056.0, 1064.0, 1072.0, 1080.0, 1088.0, 1096.0, 1104.0, 1112.0, 1120.0, 1128.0, 1136.0, 1144.0, 1152.0, 1160.0, 1168.0, 1176.0, 1184.0, 1192.0, 1200.0, 1208.0, 1216.0, 1224.0, 1232.0, 1240.0, 1248.0, 1256.0, 1264.0, 1272.0, 1280.0, 1288.0, 1296.0, 1304.0, 1312.0, 1320.0, 1328.0, 1336.0, 1344.0, 1352.0, 1360.0, 1368.0, 1376.0, 1384.0, 1392.0, 1400.0, 1408.0, 1416.0, 1424.0, 1432.0, 1440.0, 1448.0, 1456.0, 1464.0, 1472.0, 1480.0, 1488.0, 1496.0, 1504.0, 1512.0, 1520.0, 1528.0, 1536.0, 1544.0, 1552.0, 1560.0, 1568.0, 1576.0, 1584.0, 1592.0, 1600.0, 1608.0, 1616.0, 1624.0, 1632.0, 1640.0, 1648.0, 1656.0]}}