{"histogram": {"x": [270.0, 288.0, 306.0, 324.0, 342.0, 360.0, 378.0, 396.0, 414.0, 432.0, 450.0, 468.0, 486.0, 504.0, 522.0, 540.0, 558.0, 576.0, 594.0, 612.0, 630.0, 648.0, 666.0, 684.0, 702.0, 720.0, 738.0, 756.0, 774.0, 792.0, 810.0, 828.0, 846.0, 864.0, 882.0, 900.0, 918.0, 936.0, 954.0, 972.0, 990.0, 1008.0, 1026.0, 1044.0, 1062.0, 1080.0, 1098.0, 1116.0, 1134.0, 1152.0, 1170.0, 1188.0, 1206.0, 1224.0, 1242.0, 1260.0, 1278.0, 1296.0, 1314.0, 1332.0, 1350.0, 1368.0, 1386.0, 1404.0, 1422.0, 1440.0, 1458.0, 1476.0, 1494.0, 1512.0, 1530.0, 1548.0, 1566.0, 1584.0, 1602.0, 1620.0, 1638.0, 1656.0], "y": [1, 0, 0, 0, 0, 0, 0, 1, 0, 0, 0, 1, 0, 0, 0, 0, 0, 0, 0, 0, 0, 0, 0, 0, 0, 0, 0, 0, 0, 0, 0, 0, 0, 0, 0, 0, 0, 0, 0, 0, 0, 0, 0, 0, 0, 0, 0, 0, 0, 0, 0, 0, 0, 0, 0, 0, 0, 1, 0, 0, 0, 0, 1, 0, 0, 1, 0, 0, 2, 1, 7, 7, 49, 33, 129, 206, 55, 62, 0]}, "percentile": {"x": [253, 387, 455, 1294, 1380, 1439, 1478, 1490, 1504, 1515, 1525, 1527, 1539, 1542, 1547, 1549, 1550, 1551, 1552, 1554, 1555, 1556, 1558, 1559, 1560, 1561, 1562, 1563, 1564, 1568, 1570, 1572, 1573, 1574, 1575, 1576, 1577, 1579, 1583, 1584, 1585, 1586, 1587, 1588, 1589, 1590, 1591, 1592, 1594, 1595, 1596, 1597, 1598, 1599, 1600, 1601, 1602, 1603, 1604, 1605, 1608, 1609, 1610, 1611, 1612, 1613, 1614, 1615, 1617, 1618, 1619, 1620, 1621, 1622, 1623, 1624, 1625, 1626, 1631, 1633, 1634, 1635, 1636, 1637, 1638, 1647, 1649, 1650], "y": [100.0, 99.9, 99.7, 99.5, 99.3, 99.2, 99.0, 98.8, 98.6, 98.4, 98.1, 97.5, 97.2, 96.3, 96.1, 95.9, 95.2, 94.3, 93.4, 91.6, 91.4, 91.2, 91.1, 90.5, 90.3, 90.0, 89.3, 88.5, 87.6, 87.1, 86.9, 86.7, 86.4, 85.7, 84.8, 83.9, 81.7, 81.5, 81.3, 81.2, 80.4, 79.5, 78.3, 76.5, 74.2, 72.0, 71.5, 70.9, 70.6, 70.2, 70.0, 68.2, 66.8, 64.1, 62.6, 59.2, 58.0, 57.4, 57.1, 56.9, 56.5, 54.4, 52.0, 50.0, 47.5, 42.5, 22.700000000000003, 22.0, 21.799999999999997, 21.599999999999994, 21.299999999999997, 20.900000000000006, 18.599999999999994, 17.5, 17.0, 16.200000000000003, 15.900000000000006, 14.799999999999997, 13.900000000000006, 13.700000000000003, 13.5, 13.200000000000003, 12.099999999999994, 11.599999999999994, 11.0, 10.5, 10.299999999999997, 9.599999999999994]}}
