{"histogram": {"x": [880.0, 888.0, 896.0, 904.0, 912.0, 920.0, 928.0, 936.0, 944.0, 952.0, 960.0, 968.0, 976.0, 984.0, 992.0, 1000.0, 1008.0, 1016.0, 1024.0, 1032.0, 1040.0, 1048.0, 1056.0, 1064.0, 1072.0, 1080.0, 1088.0, 1096.0, 1104.0, 1112.0, 1120.0, 1128.0, 1136.0, 1144.0, 1152.0, 1160.0, 1168.0, 1176.0, 1184.0, 1192.0, 1200.0, 1208.0, 1216.0, 1224.0, 1232.0, 1240.0, 1248.0, 1256.0, 1264.0, 1272.0, 1280.0, 1288.0, 1296.0, 1304.0, 1312.0, 1320.0, 1328.0, 1336.0, 1344.0, 1352.0, 1360.0, 1368.0, 1376.0, 1384.0, 1392.0, 1400.0, 1408.0, 1416.0, 1424.0, 1432.0, 1440.0, 1448.0, 1456.0, 1464.0, 1472.0, 1480.0, 1488.0, 1496.0, 1504.0, 1512.0, 1520.0, 1528.0, 1536.0, 1544.0, 1552.0, 1560.0, 1568.0, 1576.0, 1584.0, 1592.0, 1600.0, 1608.0, 1616.0, 1624.0, 1632.0, 1640.0, 1648.0, 1656.0], "y": [1, 0, 0, 0, 0, 0, 0, 0, 0, 0, 0, 0, 0, 0, 0, 0, 0, 0, 0, 0, 0, 0, 0, 1, 0, 0, 2, 0, 1, 0, 0, 1, 0, 0, 1, 0, 0, 0, 0, 0, 1, 0, 0, 0, 0, 0, 0, 0, 0, 0, 0, 0, 1, 0, 0, 1, 0, 0, 1, 0, 0, 0, 0, 1, 1, 0, 0, 0, 1, 1, 2, 2, 0, 9, 18, 1, 22, 88, 1, 60, 53, 1, 25, 70, 45, 75, 14, 9, 141, 84, 52, 115, 13, 4, 4, 0, 11, 0]}, "percentile": {"x": [885, 1066, 1094, 1110, 1133, 1156, 1202, 1297, 1320, 1344, 1385, 1399, 1431, 1434, 1441, 1453, 1465, 1476, 1477, 1478, 1479, 1482, 1488, 1489, 1490, 1491, 1492, 1494, 1500, 1501, 1502, 1510, 1512, 1513, 1514, 1515, 1516, 1517, 1519, 1521, 1523, 1524, 1525, 1526, 1527, 1534, 1537, 1538, 1539, 1541, 1547, 1548, 1549, 1550, 1551, 1552, 1553, 1554, 1555, 1556, 1557, 1559, 1560, 1561, 1562, 1563, 1564, 1567, 1568, 1572, 1573, 1574, 1575, 1576, 1577, 1578, 1582, 1583, 1584, 1585, 1586, 1587, 1588, 1589, 1590, 1591, 1592, 1593, 1594, 1595, 1596, 1597, 1598, 1599, 1600, 1601, 1602, 1603, 1604, 1605, 1606, 1607, 1608, 1609, 1610, 1611, 1612, 1613, 1615, 1616, 1617, 1618, 1620, 1622, 1624, 1626, 1629, 1633, 1634, 1635, 1650, 1653, 1655], "y": [99.9, 99.8, 99.6, 99.5, 99.4, 99.3, 99.2, 99.1, 99.0, 98.9, 98.8, 98.7, 98.5, 98.4, 98.2, 98.0, 97.0, 96.8, 95.9, 95.2, 95.1, 95.0, 94.9, 94.6, 93.0, 92.9, 92.8, 92.7, 92.4, 91.6, 83.2, 83.1, 82.8, 81.6, 79.6, 77.6, 77.4, 77.0, 76.7, 76.6, 76.5, 75.3, 73.6, 72.0, 71.0, 70.9, 70.6, 69.8, 68.3, 68.2, 68.0, 67.9, 65.8, 62.8, 60.7, 57.5, 57.3, 57.2, 56.5, 56.2, 56.0, 55.9, 53.7, 51.8, 50.2, 49.1, 48.0, 47.9, 47.6, 47.1, 46.8, 46.6, 46.4, 45.9, 45.8, 45.6, 45.5, 45.4, 45.1, 42.5, 40.8, 37.1, 34.599999999999994, 31.099999999999994, 30.700000000000003, 30.299999999999997, 30.099999999999994, 30.0, 29.700000000000003, 29.599999999999994, 28.200000000000003, 25.900000000000006, 23.299999999999997, 21.299999999999997, 19.099999999999994, 16.900000000000006, 16.700000000000003, 16.400000000000006, 16.200000000000003, 16.0, 15.900000000000006, 15.700000000000003, 14.700000000000003, 13.799999999999997, 12.099999999999994, 9.799999999999997, 8.599999999999994, 3.5, 3.4000000000000057, 3.299999999999997, 3.200000000000003, 3.0999999999999943, 2.0999999999999943, 2.0, 1.7999999999999972, 1.7000000000000028, 1.5999999999999943, 1.4000000000000057, 1.2999999999999972, 1.0999999999999943, 0.4000000000000057, 0.29999999999999716, -0.09999999999999432]}}