{"percentile": {"x": [1490, 1501, 1502, 1514, 1515, 1517, 1524, 1525, 1527, 1532, 1536, 1537, 1538, 1548, 1550, 1551, 1552, 1558, 1560, 1562, 1564, 1572, 1576, 1585, 1586, 1587, 1588, 1589, 1590, 1592, 1593, 1596, 1597, 1598, 1599, 1600, 1601, 1604, 1606, 1609, 1610, 1611, 1612, 1613, 1624, 1625, 1638, 1644, 1650], "y": [99.4, 98.7, 96.8, 95.4, 93.5, 92.8, 92.2, 91.5, 89.5, 88.9, 88.2, 87.5, 86.2, 85.6, 83.6, 79.0, 74.4, 73.7, 71.8, 69.1, 66.5, 65.8, 63.9, 61.9, 56.0, 53.3, 51.4, 46.8, 46.1, 45.4, 44.8, 44.1, 42.8, 37.5, 33.599999999999994, 31.0, 29.0, 28.299999999999997, 27.700000000000003, 25.0, 21.799999999999997, 17.200000000000003, 16.5, 2.700000000000003, 2.0, 1.4000000000000057, 0.7000000000000028, 0.0, -0.5999999999999943]}, "histogram": {"x": [1494.0, 1512.0, 1530.0, 1548.0, 1566.0, 1584.0, 1602.0, 1620.0, 1638.0], "y": [1, 4, 11, 5, 30, 4, 53, 40, 2, 3]}}