{"percentile": {"y": [99.0, 98.0, 96.0, 91.9, 90.9, 89.8, 87.8, 86.8, 84.7, 82.7, 80.7, 79.6, 76.6, 73.5, 72.5, 70.5, 67.4, 66.4, 65.4, 64.3, 63.3, 61.3, 59.2, 53.1, 51.1, 50.0, 49.0, 47.0, 41.9, 38.8, 35.8, 32.7, 29.599999999999994, 27.599999999999994, 23.5, 21.5, 19.400000000000006, 18.400000000000006, 15.400000000000006, 13.299999999999997, 11.299999999999997, 10.299999999999997, 2.0999999999999943, 1.0999999999999943, 0.0, -1.0], "x": [1334, 1478, 1501, 1502, 1504, 1514, 1515, 1520, 1523, 1526, 1527, 1537, 1539, 1548, 1549, 1550, 1551, 1552, 1555, 1557, 1558, 1560, 1562, 1563, 1564, 1567, 1575, 1576, 1585, 1586, 1587, 1588, 1589, 1595, 1596, 1597, 1598, 1599, 1601, 1602, 1608, 1611, 1613, 1620, 1621, 1650]}, "histogram": {"y": [1, 0, 0, 0, 0, 0, 0, 0, 1, 7, 10, 4, 25, 4, 31, 13, 2, 1, 0], "x": [1350.0, 1368.0, 1386.0, 1404.0, 1422.0, 1440.0, 1458.0, 1476.0, 1494.0, 1512.0, 1530.0, 1548.0, 1566.0, 1584.0, 1602.0, 1620.0, 1638.0, 1656.0]}}