{"percentile": {"x": [1500, 1502, 1514, 1515, 1526, 1527, 1528, 1537, 1539, 1549, 1551, 1552, 1555, 1557, 1558, 1559, 1561, 1562, 1563, 1564, 1565, 1567, 1572, 1573, 1574, 1575, 1576, 1584, 1585, 1586, 1587, 1588, 1589, 1590, 1591, 1592, 1593, 1594, 1595, 1596, 1597, 1598, 1599, 1600, 1601, 1602, 1603, 1604, 1605, 1606, 1607, 1608, 1609, 1610, 1611, 1612, 1613, 1614, 1615, 1616, 1617, 1618, 1619, 1620, 1621, 1622, 1623, 1624, 1625, 1626, 1627, 1628, 1629, 1630, 1631, 1632, 1633, 1634, 1635, 1636, 1637, 1638, 1639, 1640, 1641, 1642, 1643, 1644, 1645, 1647, 1648, 1650, 1651, 1652, 1653, 1654, 1655], "y": [99.9, 99.8, 99.7, 99.5, 99.4, 98.7, 98.5, 98.4, 98.0, 97.8, 97.5, 97.4, 97.3, 97.2, 97.0, 96.9, 96.8, 96.4, 95.6, 94.6, 94.5, 94.4, 94.1, 93.9, 93.2, 92.2, 86.6, 86.4, 85.9, 85.3, 84.1, 82.5, 81.2, 80.7, 80.4, 79.3, 78.4, 78.0, 77.8, 76.5, 74.9, 73.0, 71.0, 68.4, 64.9, 64.3, 63.7, 62.6, 61.6, 61.1, 60.4, 58.1, 55.8, 52.8, 48.5, 44.9, 24.700000000000003, 24.400000000000006, 23.5, 22.200000000000003, 21.200000000000003, 20.299999999999997, 18.799999999999997, 17.599999999999994, 16.5, 15.700000000000003, 14.400000000000006, 14.0, 13.700000000000003, 12.900000000000006, 12.400000000000006, 12.099999999999994, 11.5, 10.799999999999997, 10.0, 9.200000000000003, 8.900000000000006, 8.099999999999994, 7.700000000000003, 7.5, 7.0, 6.200000000000003, 6.0, 5.5, 5.200000000000003, 5.099999999999994, 4.5, 3.799999999999997, 3.700000000000003, 3.5, 3.299999999999997, 1.5999999999999943, 1.4000000000000057, 1.2999999999999972, 1.2000000000000028, 0.5999999999999943, -0.09999999999999432]}, "histogram": {"x": [1496.0, 1504.0, 1512.0, 1520.0, 1528.0, 1536.0, 1544.0, 1552.0, 1560.0, 1568.0, 1576.0, 1584.0, 1592.0, 1600.0, 1608.0, 1616.0, 1624.0, 1632.0, 1640.0, 1648.0, 1656.0], "y": [2, 0, 2, 7, 1, 4, 4, 5, 20, 17, 45, 49, 75, 84, 293, 72, 35, 32, 20, 28, 0]}}