{"histogram": {"y": [1, 0, 0, 2, 1, 0, 4, 4, 0, 5, 6, 2, 15, 1, 1, 9, 6, 3, 7, 1, 0, 0, 0, 2, 0], "x": [1464.0, 1472.0, 1480.0, 1488.0, 1496.0, 1504.0, 1512.0, 1520.0, 1528.0, 1536.0, 1544.0, 1552.0, 1560.0, 1568.0, 1576.0, 1584.0, 1592.0, 1600.0, 1608.0, 1616.0, 1624.0, 1632.0, 1640.0, 1648.0, 1656.0]}, "percentile": {"y": [98.6, 97.2, 95.7, 94.3, 92.8, 88.5, 87.0, 84.1, 82.7, 79.8, 76.9, 75.4, 69.6, 66.7, 65.3, 63.8, 59.5, 53.7, 45.0, 42.1, 40.6, 39.2, 37.7, 33.400000000000006, 31.900000000000006, 29.0, 26.099999999999994, 24.700000000000003, 18.900000000000006, 17.400000000000006, 14.5, 13.099999999999994, 10.200000000000003, 8.700000000000003, 7.299999999999997, 4.400000000000006, 2.9000000000000057, 1.5, -1.4000000000000057], "x": [1465, 1488, 1489, 1502, 1513, 1515, 1524, 1525, 1526, 1537, 1538, 1539, 1549, 1551, 1552, 1556, 1560, 1561, 1562, 1564, 1572, 1581, 1585, 1586, 1587, 1588, 1589, 1592, 1596, 1598, 1600, 1601, 1608, 1610, 1611, 1613, 1614, 1620, 1650]}}