{"percentile": {"x": [60, 699, 719, 891, 961, 1025, 1028, 1075, 1166, 1220, 1263, 1302, 1304, 1316, 1330, 1332, 1357, 1395, 1412, 1417, 1427, 1441, 1447, 1450, 1453, 1464, 1465, 1476, 1477, 1478, 1488, 1489, 1490, 1500, 1501, 1502, 1509, 1513, 1514, 1515, 1517, 1518, 1522, 1524, 1525, 1526, 1527, 1528, 1530, 1534, 1536, 1537, 1538, 1539, 1541, 1547, 1549, 1550, 1551, 1552, 1553, 1554, 1555, 1556, 1557, 1558, 1559, 1560, 1561, 1562, 1563, 1564, 1565, 1566, 1568, 1569, 1570, 1572, 1573, 1574, 1575, 1576, 1577, 1579, 1580, 1585, 1586, 1587, 1588, 1589, 1590, 1591, 1592, 1593, 1594, 1595, 1596, 1597, 1598, 1599, 1600, 1601, 1604, 1605, 1608, 1609, 1610, 1611, 1612, 1613, 1614, 1620, 1625, 1626, 1636, 1648, 1649, 1650], "y": [99.9, 99.8, 99.7, 99.5, 99.4, 99.3, 99.1, 99.0, 98.9, 98.8, 98.6, 98.5, 98.4, 98.2, 98.1, 98.0, 97.9, 97.7, 97.6, 97.5, 97.3, 97.0, 96.8, 96.7, 95.9, 95.8, 94.0, 93.9, 93.7, 93.1, 92.8, 92.4, 91.9, 91.8, 90.9, 89.1, 89.0, 87.0, 84.6, 81.6, 81.5, 81.2, 81.0, 80.3, 78.5, 77.1, 75.2, 75.0, 74.9, 74.8, 74.0, 72.9, 71.8, 70.3, 70.2, 70.0, 67.1, 64.2, 60.7, 57.8, 57.5, 57.1, 57.0, 56.2, 56.0, 55.7, 55.6, 54.6, 52.4, 49.3, 47.2, 43.7, 43.6, 43.5, 43.0, 42.8, 42.7, 42.4, 41.2, 39.9, 38.6, 37.4, 37.2, 37.0, 36.9, 34.3, 32.400000000000006, 30.099999999999994, 28.099999999999994, 26.700000000000003, 26.5, 26.299999999999997, 26.0, 25.400000000000006, 24.900000000000006, 24.799999999999997, 23.099999999999994, 21.700000000000003, 19.0, 16.900000000000006, 14.900000000000006, 13.700000000000003, 13.299999999999997, 13.200000000000003, 11.099999999999994, 9.5, 7.799999999999997, 5.599999999999994, 4.400000000000006, 2.0, 1.9000000000000057, 1.2999999999999972, 1.0999999999999943, 1.0, 0.7999999999999972, 0.7000000000000028, 0.5999999999999943, -0.09999999999999432]}, "histogram": {"x": [72.0, 90.0, 108.0, 126.0, 144.0, 162.0, 180.0, 198.0, 216.0, 234.0, 252.0, 270.0, 288.0, 306.0, 324.0, 342.0, 360.0, 378.0, 396.0, 414.0, 432.0, 450.0, 468.0, 486.0, 504.0, 522.0, 540.0, 558.0, 576.0, 594.0, 612.0, 630.0, 648.0, 666.0, 684.0, 702.0, 720.0, 738.0, 756.0, 774.0, 792.0, 810.0, 828.0, 846.0, 864.0, 882.0, 900.0, 918.0, 936.0, 954.0, 972.0, 990.0, 1008.0, 1026.0, 1044.0, 1062.0, 1080.0, 1098.0, 1116.0, 1134.0, 1152.0, 1170.0, 1188.0, 1206.0, 1224.0, 1242.0, 1260.0, 1278.0, 1296.0, 1314.0, 1332.0, 1350.0, 1368.0, 1386.0, 1404.0, 1422.0, 1440.0, 1458.0, 1476.0, 1494.0, 1512.0, 1530.0, 1548.0, 1566.0, 1584.0, 1602.0, 1620.0, 1638.0, 1656.0], "y": [1, 0, 0, 0, 0, 0, 0, 0, 0, 0, 0, 0, 0, 0, 0, 0, 0, 0, 0, 0, 0, 0, 0, 0, 0, 0, 0, 0, 0, 0, 0, 0, 0, 0, 0, 1, 1, 0, 0, 0, 0, 0, 0, 0, 0, 0, 1, 0, 0, 0, 1, 0, 0, 1, 1, 0, 1, 0, 0, 0, 0, 1, 0, 0, 1, 0, 0, 1, 0, 2, 2, 1, 1, 0, 1, 2, 1, 11, 15, 16, 23, 108, 39, 205, 52, 180, 92, 8, 7, 0]}}