{"percentile": {"x": [480, 706, 708, 720, 933, 947, 986, 1042, 1043, 1074, 1164, 1165, 1179, 1193, 1200, 1206, 1214, 1280, 1295, 1304, 1307, 1334, 1346, 1350, 1369, 1372, 1374, 1376, 1386, 1403, 1410, 1434, 1435, 1442, 1464, 1465, 1477, 1478, 1486, 1488, 1489, 1490, 1497, 1500, 1501, 1502, 1504, 1513, 1514, 1515, 1517, 1518, 1519, 1520, 1521, 1523, 1524, 1525, 1526, 1527, 1528, 1534, 1536, 1537, 1538, 1539, 1541, 1548, 1549, 1550, 1551, 1552, 1553, 1554, 1555, 1556, 1557, 1558, 1559, 1560, 1561, 1562, 1563, 1564, 1565, 1566, 1567, 1568, 1569, 1570, 1571, 1572, 1573, 1574, 1575, 1576, 1578, 1583, 1585, 1586, 1587, 1588, 1589, 1590, 1591, 1592, 1593, 1594, 1595, 1596, 1597, 1598, 1599, 1600, 1601, 1602, 1603, 1604, 1605, 1606, 1607, 1608, 1609, 1610, 1611, 1612, 1613, 1615, 1619, 1620, 1621, 1623, 1624, 1626, 1632, 1648, 1650, 1655], "y": [99.9, 99.8, 99.7, 99.5, 99.4, 99.3, 99.1, 99.0, 98.9, 98.8, 98.6, 98.5, 98.4, 98.1, 98.0, 97.8, 97.7, 97.6, 97.5, 97.3, 97.2, 97.1, 96.9, 96.8, 96.7, 96.5, 96.4, 96.3, 96.2, 96.0, 95.9, 95.8, 95.6, 95.5, 95.1, 93.3, 92.6, 92.1, 92.0, 91.7, 90.4, 89.9, 89.8, 89.7, 88.8, 87.2, 87.1, 86.3, 84.2, 82.4, 82.3, 82.1, 82.0, 81.6, 81.3, 81.1, 79.7, 77.6, 74.7, 73.3, 73.2, 73.0, 72.0, 71.0, 70.2, 68.4, 68.2, 67.6, 65.9, 63.3, 60.2, 57.7, 57.3, 57.2, 56.9, 56.8, 56.5, 56.2, 55.9, 53.7, 51.9, 50.0, 46.5, 43.6, 43.4, 43.3, 43.0, 42.9, 42.6, 42.5, 42.4, 42.0, 41.5, 41.0, 40.7, 39.9, 39.7, 39.5, 37.7, 34.5, 31.700000000000003, 29.700000000000003, 26.700000000000003, 26.0, 25.799999999999997, 25.5, 25.0, 24.900000000000006, 24.200000000000003, 22.099999999999994, 20.299999999999997, 17.5, 15.400000000000006, 14.299999999999997, 12.299999999999997, 11.900000000000006, 11.599999999999994, 11.5, 11.200000000000003, 11.099999999999994, 10.799999999999997, 9.900000000000006, 9.0, 8.0, 7.099999999999994, 6.5, 2.0999999999999943, 2.0, 1.9000000000000057, 1.5, 1.2999999999999972, 1.0999999999999943, 0.7999999999999972, 0.7000000000000028, 0.5999999999999943, 0.4000000000000057, 0.0, -0.09999999999999432]}, "histogram": {"x": [486.0, 504.0, 522.0, 540.0, 558.0, 576.0, 594.0, 612.0, 630.0, 648.0, 666.0, 684.0, 702.0, 720.0, 738.0, 756.0, 774.0, 792.0, 810.0, 828.0, 846.0, 864.0, 882.0, 900.0, 918.0, 936.0, 954.0, 972.0, 990.0, 1008.0, 1026.0, 1044.0, 1062.0, 1080.0, 1098.0, 1116.0, 1134.0, 1152.0, 1170.0, 1188.0, 1206.0, 1224.0, 1242.0, 1260.0, 1278.0, 1296.0, 1314.0, 1332.0, 1350.0, 1368.0, 1386.0, 1404.0, 1422.0, 1440.0, 1458.0, 1476.0, 1494.0, 1512.0, 1530.0, 1548.0, 1566.0, 1584.0, 1602.0, 1620.0, 1638.0, 1656.0], "y": [1, 0, 0, 0, 0, 0, 0, 0, 0, 0, 0, 0, 0, 2, 1, 0, 0, 0, 0, 0, 0, 0, 0, 0, 0, 1, 1, 0, 1, 0, 0, 2, 0, 1, 0, 0, 0, 0, 2, 1, 3, 2, 0, 0, 0, 2, 2, 0, 2, 1, 4, 2, 1, 2, 1, 17, 26, 22, 107, 38, 191, 30, 210, 80, 10, 5, 0]}}