{"percentile": {"y": [77.8, 66.7, 55.6, 11.200000000000003, 0.0, -11.099999999999994], "x": [1550, 1584, 1599, 1613, 1621, 1646]}, "histogram": {"y": [2, 0, 2, 4, 1, 1, 0], "x": [1566.0, 1584.0, 1602.0, 1620.0, 1638.0, 1656.0]}}