{"histogram": {"y": [1, 0, 0, 0, 0, 0, 0, 1, 1, 2, 0, 1, 1, 2, 0, 0, 2, 1, 3, 0, 0, 2, 2, 3, 2, 1, 4, 1, 0, 2, 10, 8, 44, 138, 170, 50, 380, 64, 713, 354, 49, 37, 0], "x": [918.0, 936.0, 954.0, 972.0, 990.0, 1008.0, 1026.0, 1044.0, 1062.0, 1080.0, 1098.0, 1116.0, 1134.0, 1152.0, 1170.0, 1188.0, 1206.0, 1224.0, 1242.0, 1260.0, 1278.0, 1296.0, 1314.0, 1332.0, 1350.0, 1368.0, 1386.0, 1404.0, 1422.0, 1440.0, 1458.0, 1476.0, 1494.0, 1512.0, 1530.0, 1548.0, 1566.0, 1584.0, 1602.0, 1620.0, 1638.0, 1656.0]}, "percentile": {"y": [100.0, 100.0, 99.9, 99.9, 99.8, 99.8, 99.7, 99.7, 99.6, 99.6, 99.5, 99.5, 99.4, 99.4, 99.3, 99.3, 99.2, 99.2, 99.1, 99.1, 99.0, 99.0, 98.9, 98.9, 98.8, 98.8, 98.7, 98.7, 98.6, 98.6, 98.5, 98.5, 98.3, 98.2, 98.2, 98.1, 98.1, 98.0, 98.0, 97.9, 97.6, 97.2, 96.9, 96.9, 96.6, 96.0, 95.6, 95.5, 95.4, 95.2, 94.0, 88.8, 88.7, 88.5, 87.5, 86.2, 84.5, 84.4, 84.3, 84.2, 84.1, 84.0, 83.9, 83.0, 81.9, 81.2, 80.5, 80.4, 80.3, 80.3, 80.2, 80.1, 79.8, 79.6, 78.1, 78.0, 78.0, 77.8, 76.2, 74.3, 72.1, 68.9, 68.6, 68.3, 68.1, 67.9, 67.5, 67.2, 67.0, 65.4, 63.2, 61.9, 60.4, 59.4, 59.4, 59.3, 59.2, 59.1, 59.0, 58.4, 57.9, 57.5, 57.3, 56.6, 56.5, 56.4, 56.3, 56.3, 55.9, 53.8, 51.0, 47.9, 44.7, 41.4, 41.2, 40.7, 40.2, 39.8, 39.6, 39.4, 36.3, 33.900000000000006, 30.400000000000006, 26.700000000000003, 24.299999999999997, 21.5, 21.299999999999997, 21.099999999999994, 20.799999999999997, 20.5, 20.400000000000006, 20.299999999999997, 19.0, 17.900000000000006, 15.900000000000006, 13.900000000000006, 11.200000000000003, 4.799999999999997, 4.400000000000006, 4.299999999999997, 4.200000000000003, 4.200000000000003, 3.5999999999999943, 3.5, 3.200000000000003, 3.0, 2.799999999999997, 2.5, 2.4000000000000057, 2.299999999999997, 2.200000000000003, 2.0999999999999943, 2.0, 1.9000000000000057, 1.7999999999999972, 1.7999999999999972, 1.7000000000000028, 1.7000000000000028, 1.5999999999999943, 1.5, 1.4000000000000057, 0.09999999999999432, 0.0, 0.0], "x": [916, 1033, 1052, 1062, 1075, 1112, 1129, 1137, 1148, 1193, 1194, 1220, 1228, 1232, 1239, 1287, 1291, 1301, 1306, 1316, 1321, 1328, 1336, 1345, 1362, 1375, 1382, 1383, 1385, 1400, 1423, 1434, 1441, 1442, 1446, 1449, 1452, 1453, 1462, 1464, 1465, 1477, 1478, 1487, 1488, 1489, 1490, 1492, 1497, 1500, 1501, 1502, 1511, 1512, 1513, 1514, 1515, 1516, 1517, 1518, 1519, 1522, 1523, 1524, 1525, 1526, 1527, 1529, 1532, 1533, 1534, 1536, 1537, 1538, 1539, 1541, 1542, 1548, 1549, 1550, 1551, 1552, 1553, 1554, 1555, 1556, 1557, 1558, 1559, 1560, 1561, 1562, 1563, 1564, 1566, 1567, 1568, 1570, 1571, 1572, 1573, 1574, 1575, 1576, 1578, 1580, 1581, 1583, 1584, 1585, 1586, 1587, 1588, 1589, 1590, 1591, 1592, 1593, 1594, 1595, 1596, 1597, 1598, 1599, 1600, 1601, 1602, 1603, 1604, 1605, 1606, 1607, 1608, 1609, 1610, 1611, 1612, 1613, 1614, 1617, 1618, 1619, 1620, 1621, 1622, 1623, 1624, 1625, 1626, 1630, 1632, 1634, 1635, 1636, 1637, 1638, 1641, 1644, 1646, 1647, 1648, 1650, 1654, 1655]}}