{"percentile": {"y": [100.0, 99.8, 99.7, 99.6, 99.5, 99.3, 99.2, 98.2, 98.1, 98.0, 97.7, 97.5, 97.5, 97.4, 97.3, 97.1, 96.7, 95.9, 95.6, 94.9, 94.8, 94.7, 94.6, 94.6, 94.4, 94.3, 94.2, 92.9, 91.8, 89.8, 82.5, 81.1, 80.2, 78.4, 77.4, 75.0, 74.4, 74.1, 73.2, 72.5, 72.1, 71.5, 70.2, 69.0, 66.3, 62.7, 59.7, 55.9, 55.4, 54.6, 53.8, 53.5, 53.1, 52.6, 51.3, 48.9, 45.4, 42.1, 35.3, 16.900000000000006, 16.0, 15.400000000000006, 15.0, 14.400000000000006, 14.099999999999994, 13.900000000000006, 12.799999999999997, 12.299999999999997, 11.400000000000006, 10.799999999999997, 9.799999999999997, 9.0, 8.599999999999994, 8.400000000000006, 8.200000000000003, 8.0, 7.700000000000003, 7.5, 7.400000000000006, 6.900000000000006, 6.400000000000006, 5.799999999999997, 5.5, 5.099999999999994, 4.799999999999997, 4.700000000000003, 4.5, 4.400000000000006, 4.299999999999997, 3.799999999999997, 3.5999999999999943, 3.200000000000003, 0.5, 0.5, 0.0], "x": [1478, 1514, 1525, 1527, 1529, 1537, 1538, 1539, 1549, 1550, 1551, 1552, 1553, 1554, 1557, 1560, 1561, 1562, 1563, 1564, 1565, 1566, 1568, 1569, 1570, 1571, 1572, 1573, 1574, 1575, 1576, 1585, 1586, 1587, 1588, 1589, 1590, 1591, 1592, 1593, 1594, 1595, 1596, 1597, 1598, 1599, 1600, 1601, 1602, 1603, 1604, 1605, 1606, 1607, 1608, 1609, 1610, 1611, 1612, 1613, 1614, 1615, 1616, 1617, 1618, 1619, 1620, 1621, 1622, 1623, 1624, 1625, 1626, 1627, 1628, 1629, 1630, 1631, 1632, 1633, 1634, 1635, 1636, 1637, 1640, 1641, 1642, 1645, 1646, 1647, 1648, 1649, 1650, 1651, 1655]}, "histogram": {"y": [1, 0, 0, 0, 0, 2, 3, 1, 16, 6, 5, 32, 61, 90, 104, 141, 126, 460, 57, 41, 29, 16, 48, 0], "x": [1472.0, 1480.0, 1488.0, 1496.0, 1504.0, 1512.0, 1520.0, 1528.0, 1536.0, 1544.0, 1552.0, 1560.0, 1568.0, 1576.0, 1584.0, 1592.0, 1600.0, 1608.0, 1616.0, 1624.0, 1632.0, 1640.0, 1648.0, 1656.0]}}