{"histogram": {"x": [180.0, 198.0, 216.0, 234.0, 252.0, 270.0, 288.0, 306.0, 324.0, 342.0, 360.0, 378.0, 396.0, 414.0, 432.0, 450.0, 468.0, 486.0, 504.0, 522.0, 540.0, 558.0, 576.0, 594.0, 612.0, 630.0, 648.0, 666.0, 684.0, 702.0, 720.0, 738.0, 756.0, 774.0, 792.0, 810.0, 828.0, 846.0, 864.0, 882.0, 900.0, 918.0, 936.0, 954.0, 972.0, 990.0, 1008.0, 1026.0, 1044.0, 1062.0, 1080.0, 1098.0, 1116.0, 1134.0, 1152.0, 1170.0, 1188.0, 1206.0, 1224.0, 1242.0, 1260.0, 1278.0, 1296.0, 1314.0, 1332.0, 1350.0, 1368.0, 1386.0, 1404.0, 1422.0, 1440.0, 1458.0, 1476.0, 1494.0, 1512.0, 1530.0, 1548.0, 1566.0, 1584.0, 1602.0, 1620.0, 1638.0, 1656.0], "y": [1, 0, 0, 0, 0, 0, 1, 0, 0, 0, 0, 1, 0, 0, 0, 2, 1, 0, 0, 0, 0, 0, 0, 0, 0, 0, 0, 0, 0, 0, 0, 0, 0, 0, 0, 0, 0, 0, 0, 0, 0, 0, 0, 0, 0, 0, 0, 0, 1, 0, 0, 0, 1, 1, 0, 0, 0, 0, 0, 1, 0, 1, 0, 0, 3, 0, 0, 1, 0, 1, 0, 3, 5, 23, 57, 82, 26, 208, 29, 307, 166, 21, 14, 0]}, "percentile": {"x": [169, 282, 370, 440, 449, 450, 1036, 1103, 1116, 1231, 1260, 1316, 1326, 1327, 1377, 1408, 1441, 1453, 1465, 1477, 1478, 1480, 1489, 1490, 1493, 1494, 1496, 1500, 1501, 1502, 1512, 1513, 1514, 1515, 1516, 1517, 1518, 1519, 1521, 1522, 1524, 1525, 1526, 1527, 1528, 1531, 1536, 1537, 1538, 1539, 1548, 1549, 1550, 1551, 1552, 1553, 1554, 1555, 1557, 1558, 1559, 1560, 1561, 1562, 1563, 1564, 1566, 1570, 1572, 1573, 1574, 1575, 1576, 1578, 1584, 1585, 1586, 1587, 1588, 1589, 1590, 1591, 1592, 1593, 1595, 1596, 1597, 1598, 1599, 1600, 1601, 1602, 1603, 1604, 1606, 1607, 1608, 1609, 1610, 1611, 1612, 1613, 1614, 1617, 1618, 1620, 1624, 1625, 1626, 1630, 1631, 1633, 1635, 1636, 1637, 1647, 1650, 1652], "y": [99.9, 99.8, 99.7, 99.6, 99.5, 99.4, 99.3, 99.2, 99.1, 99.0, 98.9, 98.8, 98.7, 98.6, 98.5, 98.4, 98.3, 98.1, 97.5, 97.2, 96.3, 96.2, 95.8, 95.2, 95.1, 95.0, 94.9, 94.5, 93.9, 89.2, 89.1, 88.0, 87.3, 85.3, 85.2, 84.9, 84.7, 84.6, 84.3, 83.9, 83.2, 82.5, 81.6, 80.8, 80.6, 80.4, 80.3, 79.5, 78.7, 77.9, 77.6, 75.3, 72.6, 69.8, 66.1, 65.4, 65.3, 65.1, 65.0, 64.9, 64.6, 62.4, 60.8, 59.4, 57.6, 56.1, 56.0, 55.9, 55.7, 55.2, 54.7, 54.3, 53.3, 53.1, 52.5, 50.9, 49.3, 46.8, 43.3, 40.5, 39.9, 39.3, 39.2, 39.0, 38.9, 36.0, 33.5, 30.0, 26.900000000000006, 24.700000000000003, 21.0, 20.900000000000006, 20.599999999999994, 20.299999999999997, 20.200000000000003, 19.799999999999997, 18.400000000000006, 16.200000000000003, 14.200000000000003, 11.900000000000006, 9.799999999999997, 4.400000000000006, 3.9000000000000057, 3.700000000000003, 3.5999999999999943, 2.799999999999997, 2.5999999999999943, 2.4000000000000057, 2.200000000000003, 2.0999999999999943, 2.0, 1.7999999999999972, 1.5999999999999943, 1.5, 1.4000000000000057, 1.2000000000000028, 0.0, -0.09999999999999432]}}