{"histogram": {"y": [1, 0, 0, 0, 0, 0, 1, 1, 0, 1, 8, 6, 7, 6, 2, 14, 6, 2, 10, 1, 0, 1, 0], "x": [1464.0, 1472.0, 1480.0, 1488.0, 1496.0, 1504.0, 1512.0, 1520.0, 1528.0, 1536.0, 1544.0, 1552.0, 1560.0, 1568.0, 1576.0, 1584.0, 1592.0, 1600.0, 1608.0, 1616.0, 1624.0, 1632.0, 1640.0]}, "percentile": {"y": [98.5, 97.0, 95.5, 94.0, 91.0, 86.4, 81.9, 74.3, 72.8, 71.3, 69.7, 68.2, 65.2, 62.2, 60.7, 59.1, 54.6, 53.1, 51.6, 50.0, 47.0, 42.5, 39.4, 33.400000000000006, 31.900000000000006, 28.799999999999997, 27.299999999999997, 24.299999999999997, 19.700000000000003, 18.200000000000003, 16.700000000000003, 15.200000000000003, 10.700000000000003, 9.099999999999994, 7.599999999999994, 6.099999999999994, 3.0999999999999943, 1.5999999999999943, 0.0, -1.5], "x": [1465, 1514, 1527, 1539, 1549, 1550, 1551, 1552, 1558, 1560, 1561, 1562, 1563, 1564, 1572, 1573, 1574, 1575, 1576, 1579, 1584, 1585, 1586, 1587, 1588, 1589, 1593, 1598, 1599, 1600, 1603, 1608, 1609, 1610, 1611, 1612, 1613, 1615, 1618, 1638]}}