{"histogram": {"y": [1, 0, 1, 0, 0, 1, 1, 4, 4, 1, 1, 0, 0, 3], "x": [1544.0, 1552.0, 1560.0, 1568.0, 1576.0, 1584.0, 1592.0, 1600.0, 1608.0, 1616.0, 1624.0, 1632.0, 1640.0, 1648.0]}, "percentile": {"y": [93.8, 87.5, 81.3, 75.0, 50.0, 43.8, 31.299999999999997, 25.0, 18.799999999999997, 12.5, -6.200000000000003], "x": [1548, 1564, 1585, 1599, 1600, 1610, 1612, 1613, 1623, 1624, 1650]}}