{"histogram": {"y": [1, 1, 1, 4, 5, 2, 24, 1, 1, 2, 4, 2, 0], "x": [1560.0, 1568.0, 1576.0, 1584.0, 1592.0, 1600.0, 1608.0, 1616.0, 1624.0, 1632.0, 1640.0, 1648.0, 1656.0]}, "percentile": {"y": [97.9, 95.8, 93.7, 91.5, 89.4, 87.3, 85.2, 83.0, 78.8, 74.5, 70.3, 66.0, 61.8, 59.6, 57.5, 23.5, 19.200000000000003, 17.099999999999994, 14.900000000000006, 12.799999999999997, 10.700000000000003, 6.400000000000006, 4.299999999999997, 2.200000000000003, 0.0, -2.0999999999999943], "x": [1560, 1572, 1576, 1584, 1587, 1588, 1591, 1596, 1598, 1599, 1602, 1609, 1610, 1611, 1612, 1613, 1615, 1620, 1626, 1633, 1639, 1641, 1642, 1644, 1648, 1650]}}