{"percentile": {"x": [903, 928, 954, 979, 1081, 1098, 1148, 1177, 1195, 1197, 1229, 1246, 1250, 1266, 1316, 1321, 1346, 1380, 1384, 1389, 1393, 1403, 1410, 1435, 1439, 1440, 1441, 1442, 1459, 1462, 1464, 1465, 1475, 1476, 1477, 1478, 1480, 1481, 1482, 1485, 1489, 1490, 1495, 1500, 1501, 1502, 1504, 1506, 1510, 1511, 1512, 1513, 1514, 1515, 1516, 1517, 1518, 1519, 1520, 1521, 1522, 1524, 1525, 1526, 1527, 1528, 1530, 1532, 1535, 1536, 1537, 1538, 1539, 1540, 1541, 1545, 1548, 1549, 1550, 1551, 1552, 1553, 1554, 1555, 1556, 1557, 1558, 1559, 1560, 1561, 1562, 1563, 1564, 1565, 1566, 1567, 1570, 1571, 1572, 1573, 1574, 1575, 1576, 1577, 1579, 1581, 1582, 1583, 1584, 1585, 1586, 1587, 1588, 1589, 1590, 1591, 1592, 1593, 1594, 1595, 1596, 1597, 1598, 1599, 1600, 1601, 1602, 1603, 1604, 1605, 1606, 1607, 1608, 1609, 1610, 1611, 1612, 1613, 1614, 1615, 1616, 1617, 1618, 1619, 1620, 1621, 1622, 1623, 1624, 1625, 1626, 1628, 1629, 1631, 1632, 1633, 1634, 1635, 1636, 1637, 1638, 1639, 1640, 1644, 1646, 1647, 1648, 1649, 1650, 1651, 1652, 1653, 1654, 1655], "y": [100.0, 100.0, 100.0, 100.0, 99.9, 99.9, 99.9, 99.9, 99.8, 99.8, 99.8, 99.8, 99.7, 99.7, 99.7, 99.7, 99.7, 99.6, 99.6, 99.6, 99.6, 99.5, 99.5, 99.5, 99.4, 99.3, 99.3, 99.2, 99.2, 99.2, 99.2, 98.9, 98.9, 98.9, 98.7, 98.5, 98.5, 98.4, 98.4, 98.4, 98.0, 97.6, 97.6, 97.5, 96.9, 92.4, 92.4, 92.3, 92.3, 92.3, 92.2, 91.4, 90.3, 88.6, 88.5, 88.3, 88.2, 88.1, 88.1, 88.0, 87.9, 87.2, 86.2, 85.4, 84.5, 84.5, 84.5, 84.4, 84.4, 84.1, 83.7, 83.3, 82.2, 82.2, 82.1, 82.1, 81.9, 80.6, 78.7, 76.3, 73.4, 73.2, 73.0, 72.8, 72.6, 72.3, 72.1, 72.0, 70.5, 69.0, 67.1, 65.7, 64.3, 64.2, 64.1, 64.1, 64.1, 64.0, 63.7, 63.2, 62.7, 62.1, 60.8, 60.8, 60.7, 60.7, 60.7, 60.6, 60.3, 58.4, 55.7, 52.9, 50.4, 47.2, 46.9, 46.5, 46.0, 45.5, 45.2, 45.0, 42.8, 40.2, 37.0, 34.3, 31.400000000000006, 28.599999999999994, 28.400000000000006, 28.299999999999997, 28.0, 27.799999999999997, 27.400000000000006, 27.0, 25.400000000000006, 23.599999999999994, 21.5, 19.0, 16.400000000000006, 7.799999999999997, 7.299999999999997, 7.099999999999994, 7.0, 6.900000000000006, 6.700000000000003, 6.599999999999994, 5.400000000000006, 5.200000000000003, 5.0, 4.700000000000003, 4.299999999999997, 4.099999999999994, 3.9000000000000057, 3.9000000000000057, 3.799999999999997, 3.799999999999997, 3.5999999999999943, 3.5, 3.4000000000000057, 3.0999999999999943, 3.0, 2.9000000000000057, 2.700000000000003, 2.700000000000003, 2.700000000000003, 2.5999999999999943, 2.5, 2.4000000000000057, 2.200000000000003, 2.200000000000003, 0.4000000000000057, 0.4000000000000057, 0.29999999999999716, 0.29999999999999716, 0.29999999999999716, 0.0]}, "histogram": {"x": [918.0, 936.0, 954.0, 972.0, 990.0, 1008.0, 1026.0, 1044.0, 1062.0, 1080.0, 1098.0, 1116.0, 1134.0, 1152.0, 1170.0, 1188.0, 1206.0, 1224.0, 1242.0, 1260.0, 1278.0, 1296.0, 1314.0, 1332.0, 1350.0, 1368.0, 1386.0, 1404.0, 1422.0, 1440.0, 1458.0, 1476.0, 1494.0, 1512.0, 1530.0, 1548.0, 1566.0, 1584.0, 1602.0, 1620.0, 1638.0, 1656.0], "y": [1, 1, 0, 1, 1, 0, 0, 0, 0, 0, 1, 1, 0, 1, 0, 1, 2, 0, 1, 2, 1, 0, 0, 2, 1, 0, 2, 3, 1, 3, 9, 15, 53, 227, 333, 102, 760, 154, 1363, 936, 159, 123, 0]}}