{"percentile": {"y": [99.8, 99.5, 99.2, 99.0, 98.7, 98.4, 98.1, 97.9, 97.6, 97.3, 97.0, 96.5, 95.9, 95.4, 95.1, 94.8, 94.3, 93.7, 88.8, 88.3, 86.4, 85.0, 84.4, 84.2, 82.2, 81.4, 81.1, 80.9, 80.6, 79.2, 79.0, 77.6, 75.4, 74.3, 69.9, 69.6, 69.1, 68.8, 68.3, 67.7, 67.4, 66.6, 64.7, 63.1, 60.9, 59.8, 59.5, 58.4, 57.3, 57.0, 56.2, 55.7, 53.5, 51.3, 48.5, 43.9, 40.0, 39.8, 39.5, 39.0, 35.7, 32.900000000000006, 28.799999999999997, 23.299999999999997, 22.799999999999997, 18.400000000000006, 18.099999999999994, 17.900000000000006, 17.599999999999994, 17.299999999999997, 17.0, 16.799999999999997, 16.5, 15.700000000000003, 14.0, 11.799999999999997, 10.200000000000003, 4.400000000000006, 3.299999999999997, 2.799999999999997, 2.5, 2.0, 1.7000000000000028, 1.4000000000000057, 1.0999999999999943, 0.9000000000000057, 0.5999999999999943, -0.20000000000000284], "x": [222, 442, 480, 1033, 1129, 1301, 1383, 1400, 1423, 1465, 1477, 1478, 1488, 1489, 1490, 1497, 1500, 1501, 1502, 1513, 1514, 1515, 1518, 1524, 1525, 1526, 1527, 1534, 1536, 1539, 1548, 1549, 1550, 1551, 1552, 1553, 1554, 1555, 1556, 1557, 1559, 1560, 1561, 1562, 1563, 1564, 1568, 1572, 1574, 1575, 1576, 1584, 1585, 1586, 1587, 1588, 1589, 1592, 1594, 1595, 1596, 1597, 1598, 1599, 1600, 1601, 1602, 1603, 1604, 1605, 1606, 1607, 1608, 1609, 1610, 1611, 1612, 1613, 1614, 1620, 1622, 1625, 1634, 1635, 1641, 1647, 1648, 1650]}, "histogram": {"y": [1, 0, 0, 0, 0, 0, 0, 0, 0, 0, 0, 0, 1, 0, 1, 0, 0, 0, 0, 0, 0, 0, 0, 0, 0, 0, 0, 0, 0, 0, 0, 0, 0, 0, 0, 0, 0, 0, 0, 0, 0, 0, 0, 0, 0, 1, 0, 0, 0, 0, 1, 0, 0, 0, 0, 0, 0, 0, 0, 0, 1, 0, 0, 0, 1, 1, 0, 1, 0, 1, 8, 23, 28, 7, 71, 13, 138, 55, 7, 6, 0], "x": [234.0, 252.0, 270.0, 288.0, 306.0, 324.0, 342.0, 360.0, 378.0, 396.0, 414.0, 432.0, 450.0, 468.0, 486.0, 504.0, 522.0, 540.0, 558.0, 576.0, 594.0, 612.0, 630.0, 648.0, 666.0, 684.0, 702.0, 720.0, 738.0, 756.0, 774.0, 792.0, 810.0, 828.0, 846.0, 864.0, 882.0, 900.0, 918.0, 936.0, 954.0, 972.0, 990.0, 1008.0, 1026.0, 1044.0, 1062.0, 1080.0, 1098.0, 1116.0, 1134.0, 1152.0, 1170.0, 1188.0, 1206.0, 1224.0, 1242.0, 1260.0, 1278.0, 1296.0, 1314.0, 1332.0, 1350.0, 1368.0, 1386.0, 1404.0, 1422.0, 1440.0, 1458.0, 1476.0, 1494.0, 1512.0, 1530.0, 1548.0, 1566.0, 1584.0, 1602.0, 1620.0, 1638.0, 1656.0]}}