{"histogram": {"y": [1, 0, 0, 0, 0, 0, 0, 0, 0, 0, 0, 0, 0, 0, 0, 0, 0, 0, 0, 0, 0, 0, 0, 0, 0, 0, 0, 0, 0, 0, 0, 0, 0, 0, 0, 0, 0, 0, 0, 0, 0, 0, 0, 0, 0, 0, 0, 0, 0, 0, 0, 0, 0, 0, 0, 0, 0, 0, 0, 0, 0, 0, 0, 0, 0, 0, 0, 0, 0, 0, 0, 0, 0, 0, 0, 0, 0, 0, 0, 0, 0, 0, 0, 0, 0, 0, 0, 0, 0, 0, 0, 0, 0, 0, 0, 0, 0, 0, 0, 0, 0, 0, 0, 0, 0, 0, 0, 0, 0, 0, 0, 0, 0, 0, 0, 0, 0, 0, 0, 0, 0, 0, 0, 0, 0, 0, 0, 0, 0, 0, 0, 0, 0, 0, 0, 1, 1, 0, 0, 2, 0, 2, 2, 0, 7, 8, 1, 7, 6, 7, 15, 5, 2, 18, 9, 8, 16, 2, 0, 1, 0, 4, 0], "x": [360.0, 368.0, 376.0, 384.0, 392.0, 400.0, 408.0, 416.0, 424.0, 432.0, 440.0, 448.0, 456.0, 464.0, 472.0, 480.0, 488.0, 496.0, 504.0, 512.0, 520.0, 528.0, 536.0, 544.0, 552.0, 560.0, 568.0, 576.0, 584.0, 592.0, 600.0, 608.0, 616.0, 624.0, 632.0, 640.0, 648.0, 656.0, 664.0, 672.0, 680.0, 688.0, 696.0, 704.0, 712.0, 720.0, 728.0, 736.0, 744.0, 752.0, 760.0, 768.0, 776.0, 784.0, 792.0, 800.0, 808.0, 816.0, 824.0, 832.0, 840.0, 848.0, 856.0, 864.0, 872.0, 880.0, 888.0, 896.0, 904.0, 912.0, 920.0, 928.0, 936.0, 944.0, 952.0, 960.0, 968.0, 976.0, 984.0, 992.0, 1000.0, 1008.0, 1016.0, 1024.0, 1032.0, 1040.0, 1048.0, 1056.0, 1064.0, 1072.0, 1080.0, 1088.0, 1096.0, 1104.0, 1112.0, 1120.0, 1128.0, 1136.0, 1144.0, 1152.0, 1160.0, 1168.0, 1176.0, 1184.0, 1192.0, 1200.0, 1208.0, 1216.0, 1224.0, 1232.0, 1240.0, 1248.0, 1256.0, 1264.0, 1272.0, 1280.0, 1288.0, 1296.0, 1304.0, 1312.0, 1320.0, 1328.0, 1336.0, 1344.0, 1352.0, 1360.0, 1368.0, 1376.0, 1384.0, 1392.0, 1400.0, 1408.0, 1416.0, 1424.0, 1432.0, 1440.0, 1448.0, 1456.0, 1464.0, 1472.0, 1480.0, 1488.0, 1496.0, 1504.0, 1512.0, 1520.0, 1528.0, 1536.0, 1544.0, 1552.0, 1560.0, 1568.0, 1576.0, 1584.0, 1592.0, 1600.0, 1608.0, 1616.0, 1624.0, 1632.0, 1640.0, 1648.0, 1656.0]}, "percentile": {"y": [99.2, 98.4, 97.6, 96.0, 95.2, 94.4, 93.6, 92.8, 92.0, 89.6, 88.8, 88.0, 87.1, 86.3, 85.5, 83.1, 81.5, 80.7, 79.9, 79.1, 74.2, 71.8, 70.2, 69.4, 66.2, 65.4, 64.6, 63.8, 61.3, 58.1, 56.5, 54.9, 52.5, 51.7, 50.0, 49.2, 47.6, 46.8, 46.0, 42.0, 39.6, 38.0, 31.5, 28.299999999999997, 26.700000000000003, 24.200000000000003, 23.400000000000006, 19.400000000000006, 18.599999999999994, 17.799999999999997, 17.0, 16.200000000000003, 14.599999999999994, 13.0, 11.299999999999997, 5.700000000000003, 4.900000000000006, 3.299999999999997, 2.5, 1.7000000000000028, -0.7999999999999972], "x": [360, 1441, 1452, 1477, 1490, 1494, 1501, 1502, 1513, 1514, 1515, 1516, 1518, 1521, 1524, 1525, 1526, 1527, 1535, 1536, 1539, 1549, 1550, 1551, 1552, 1555, 1557, 1559, 1560, 1561, 1562, 1563, 1564, 1567, 1573, 1574, 1575, 1576, 1582, 1586, 1587, 1588, 1589, 1596, 1597, 1598, 1600, 1601, 1602, 1605, 1608, 1609, 1610, 1611, 1612, 1613, 1614, 1620, 1638, 1648, 1650]}}