{"percentile": {"x": [1552, 1553, 1562, 1564, 1573, 1574, 1576, 1586, 1588, 1589, 1596, 1598, 1599, 1600, 1601, 1605, 1608, 1609, 1610, 1612, 1613, 1616, 1617, 1618, 1622, 1625, 1628, 1633, 1635, 1638, 1650], "y": [96.7, 95.0, 93.4, 91.7, 90.0, 88.4, 83.4, 81.7, 78.4, 75.0, 73.4, 68.4, 63.4, 60.0, 55.0, 53.4, 50.0, 48.4, 46.7, 41.7, 18.400000000000006, 16.700000000000003, 15.0, 13.400000000000006, 11.700000000000003, 8.400000000000006, 6.700000000000003, 5.0, 3.4000000000000057, 0.0, -1.5999999999999943]}, "histogram": {"x": [1552.0, 1560.0, 1568.0, 1576.0, 1584.0, 1592.0, 1600.0, 1608.0, 1616.0, 1624.0, 1632.0, 1640.0, 1648.0, 1656.0], "y": [3, 2, 2, 3, 5, 7, 6, 21, 4, 3, 4, 0, 1, 0]}}