{"histogram": {"x": [1520.0, 1528.0, 1536.0, 1544.0, 1552.0, 1560.0, 1568.0, 1576.0, 1584.0, 1592.0, 1600.0, 1608.0, 1616.0, 1624.0, 1632.0, 1640.0, 1648.0, 1656.0], "y": [1, 0, 8, 7, 4, 17, 35, 58, 86, 99, 77, 282, 42, 17, 15, 4, 29, 0]}, "percentile": {"x": [1526, 1538, 1539, 1545, 1550, 1551, 1552, 1557, 1558, 1560, 1561, 1562, 1563, 1564, 1567, 1570, 1573, 1574, 1575, 1576, 1584, 1585, 1586, 1587, 1588, 1589, 1590, 1591, 1592, 1593, 1595, 1596, 1597, 1598, 1599, 1600, 1601, 1602, 1603, 1604, 1605, 1606, 1607, 1608, 1609, 1610, 1611, 1612, 1613, 1614, 1615, 1616, 1617, 1618, 1619, 1620, 1621, 1622, 1623, 1624, 1625, 1626, 1627, 1629, 1632, 1633, 1634, 1635, 1636, 1637, 1639, 1640, 1643, 1644, 1647, 1648, 1650, 1651, 1655], "y": [99.9, 99.7, 98.9, 98.8, 98.4, 98.0, 97.7, 97.6, 97.5, 97.4, 97.1, 96.2, 96.1, 95.4, 95.3, 95.0, 93.6, 92.4, 90.8, 83.4, 83.3, 82.5, 81.1, 79.4, 76.2, 73.5, 72.7, 72.4, 71.3, 70.6, 69.8, 68.3, 66.1, 63.4, 59.7, 56.8, 52.9, 52.4, 51.6, 50.9, 50.6, 50.4, 49.8, 48.8, 45.7, 42.7, 39.4, 33.8, 15.200000000000003, 14.0, 13.599999999999994, 12.900000000000006, 11.799999999999997, 11.299999999999997, 10.799999999999997, 9.900000000000006, 9.700000000000003, 8.599999999999994, 8.299999999999997, 7.900000000000006, 7.0, 6.5, 6.299999999999997, 6.099999999999994, 5.900000000000006, 5.599999999999994, 5.299999999999997, 4.700000000000003, 4.400000000000006, 4.299999999999997, 4.200000000000003, 4.0, 3.9000000000000057, 3.799999999999997, 3.5999999999999943, 3.0999999999999943, 0.4000000000000057, 0.20000000000000284, -0.09999999999999432]}}