{"histogram": {"y": [1, 0, 2, 2, 1, 1, 2, 5, 6, 2, 6, 13, 10, 7, 11, 2, 0, 2, 0, 4], "x": [1496.0, 1504.0, 1512.0, 1520.0, 1528.0, 1536.0, 1544.0, 1552.0, 1560.0, 1568.0, 1576.0, 1584.0, 1592.0, 1600.0, 1608.0, 1616.0, 1624.0, 1632.0, 1640.0, 1648.0]}, "percentile": {"y": [98.7, 97.4, 96.1, 94.8, 93.5, 92.2, 90.8, 88.2, 81.6, 79.0, 76.4, 73.7, 72.4, 71.1, 63.2, 59.3, 57.9, 52.7, 51.4, 47.4, 46.1, 44.8, 42.2, 38.2, 36.9, 32.900000000000006, 27.700000000000003, 23.700000000000003, 22.400000000000006, 19.799999999999997, 18.5, 14.5, 9.299999999999997, 7.900000000000006, 6.599999999999994, 5.299999999999997, 4.0, -1.2999999999999972], "x": [1502, 1515, 1516, 1525, 1526, 1529, 1539, 1550, 1552, 1561, 1562, 1564, 1573, 1575, 1576, 1585, 1586, 1587, 1588, 1589, 1590, 1592, 1593, 1596, 1598, 1599, 1600, 1601, 1608, 1609, 1610, 1612, 1613, 1620, 1623, 1634, 1635, 1650]}}