{"percentile": {"x": [396, 1514, 1526, 1549, 1551, 1552, 1560, 1561, 1562, 1578, 1585, 1586, 1588, 1589, 1591, 1595, 1596, 1597, 1598, 1599, 1600, 1601, 1604, 1608, 1610, 1611, 1612, 1613, 1623, 1626, 1650, 1655], "y": [98.6, 97.1, 95.6, 92.7, 91.2, 86.8, 83.9, 82.4, 80.9, 79.5, 76.5, 73.6, 72.1, 70.6, 67.7, 66.2, 60.3, 58.9, 57.4, 54.5, 48.6, 44.2, 42.7, 41.2, 36.8, 35.3, 32.400000000000006, 5.900000000000006, 4.5, 3.0, 0.0, -1.4000000000000057]}, "histogram": {"x": [414.0, 432.0, 450.0, 468.0, 486.0, 504.0, 522.0, 540.0, 558.0, 576.0, 594.0, 612.0, 630.0, 648.0, 666.0, 684.0, 702.0, 720.0, 738.0, 756.0, 774.0, 792.0, 810.0, 828.0, 846.0, 864.0, 882.0, 900.0, 918.0, 936.0, 954.0, 972.0, 990.0, 1008.0, 1026.0, 1044.0, 1062.0, 1080.0, 1098.0, 1116.0, 1134.0, 1152.0, 1170.0, 1188.0, 1206.0, 1224.0, 1242.0, 1260.0, 1278.0, 1296.0, 1314.0, 1332.0, 1350.0, 1368.0, 1386.0, 1404.0, 1422.0, 1440.0, 1458.0, 1476.0, 1494.0, 1512.0, 1530.0, 1548.0, 1566.0, 1584.0, 1602.0, 1620.0, 1638.0, 1656.0], "y": [1, 0, 0, 0, 0, 0, 0, 0, 0, 0, 0, 0, 0, 0, 0, 0, 0, 0, 0, 0, 0, 0, 0, 0, 0, 0, 0, 0, 0, 0, 0, 0, 0, 0, 0, 0, 0, 0, 0, 0, 0, 0, 0, 0, 0, 0, 0, 0, 0, 0, 0, 0, 0, 0, 0, 0, 0, 0, 0, 0, 0, 0, 2, 0, 10, 1, 24, 26, 2, 3, 0]}}