{"percentile": {"y": [91.7, 83.4, 75.0, 66.7, 50.0, 41.7, 33.400000000000006, 25.0, 16.700000000000003, 8.400000000000006, 0.0, -8.299999999999997], "x": [1551, 1552, 1596, 1601, 1610, 1611, 1613, 1615, 1618, 1620, 1621, 1650]}, "histogram": {"y": [1, 1, 0, 0, 0, 0, 1, 1, 5, 3, 0, 0, 0, 1], "x": [1544.0, 1552.0, 1560.0, 1568.0, 1576.0, 1584.0, 1592.0, 1600.0, 1608.0, 1616.0, 1624.0, 1632.0, 1640.0, 1648.0]}}