{"histogram": {"x": [1568.0, 1576.0, 1584.0, 1592.0, 1600.0, 1608.0, 1616.0, 1624.0, 1632.0, 1640.0, 1648.0, 1656.0], "y": [1, 5, 13, 13, 12, 88, 10, 11, 6, 0, 7, 0]}, "percentile": {"x": [1575, 1576, 1585, 1586, 1587, 1588, 1589, 1590, 1591, 1592, 1594, 1595, 1596, 1597, 1598, 1599, 1600, 1601, 1604, 1605, 1606, 1608, 1609, 1610, 1611, 1612, 1613, 1614, 1615, 1616, 1617, 1619, 1620, 1621, 1622, 1623, 1624, 1625, 1626, 1631, 1633, 1635, 1636, 1637, 1638, 1650, 1655], "y": [99.4, 96.4, 95.2, 94.6, 93.4, 92.8, 91.0, 90.4, 88.5, 87.3, 86.7, 86.1, 85.5, 84.9, 83.1, 80.7, 78.2, 75.8, 75.2, 74.6, 73.4, 71.6, 69.1, 66.1, 61.3, 51.0, 23.099999999999994, 21.900000000000006, 20.0, 19.400000000000006, 18.799999999999997, 18.200000000000003, 16.400000000000006, 15.799999999999997, 15.200000000000003, 14.0, 11.599999999999994, 9.099999999999994, 7.900000000000006, 7.299999999999997, 6.700000000000003, 6.099999999999994, 4.900000000000006, 4.299999999999997, 3.700000000000003, 0.0, -0.5999999999999943]}}