{"histogram": {"y": [1, 0, 0, 0, 0, 0, 0, 0, 0, 0, 0, 0, 0, 0, 0, 0, 0, 0, 1, 0, 0, 0, 0, 0, 0, 0, 0, 0, 0, 0, 0, 0, 0, 0, 0, 1, 1, 0, 0, 2, 0, 0, 0, 0, 0, 0, 1, 1, 0, 0, 0, 1, 0, 0, 0, 1, 2, 2, 3, 1, 2, 5, 2, 7, 7, 0, 18, 20, 1, 21, 25, 19, 45, 12, 1, 32, 39, 14, 26, 3, 0], "x": [984.0, 992.0, 1000.0, 1008.0, 1016.0, 1024.0, 1032.0, 1040.0, 1048.0, 1056.0, 1064.0, 1072.0, 1080.0, 1088.0, 1096.0, 1104.0, 1112.0, 1120.0, 1128.0, 1136.0, 1144.0, 1152.0, 1160.0, 1168.0, 1176.0, 1184.0, 1192.0, 1200.0, 1208.0, 1216.0, 1224.0, 1232.0, 1240.0, 1248.0, 1256.0, 1264.0, 1272.0, 1280.0, 1288.0, 1296.0, 1304.0, 1312.0, 1320.0, 1328.0, 1336.0, 1344.0, 1352.0, 1360.0, 1368.0, 1376.0, 1384.0, 1392.0, 1400.0, 1408.0, 1416.0, 1424.0, 1432.0, 1440.0, 1448.0, 1456.0, 1464.0, 1472.0, 1480.0, 1488.0, 1496.0, 1504.0, 1512.0, 1520.0, 1528.0, 1536.0, 1544.0, 1552.0, 1560.0, 1568.0, 1576.0, 1584.0, 1592.0, 1600.0, 1608.0, 1616.0, 1624.0]}, "percentile": {"y": [99.7, 99.4, 99.1, 98.8, 98.5, 98.2, 97.8, 97.5, 97.2, 96.9, 96.6, 96.3, 95.6, 94.7, 94.4, 94.0, 93.7, 93.1, 92.1, 91.8, 91.5, 91.2, 90.2, 89.3, 88.7, 87.1, 86.8, 85.8, 83.9, 81.7, 81.4, 81.1, 80.7, 77.9, 76.6, 75.0, 74.7, 72.8, 71.6, 70.3, 68.1, 67.8, 66.2, 63.0, 60.2, 55.7, 55.1, 54.8, 54.5, 54.2, 51.3, 48.2, 45.9, 44.0, 39.9, 39.6, 38.7, 37.4, 36.1, 35.8, 33.599999999999994, 33.0, 31.099999999999994, 28.5, 26.599999999999994, 26.0, 25.700000000000003, 25.400000000000006, 25.0, 24.400000000000006, 22.799999999999997, 20.599999999999994, 16.5, 13.299999999999997, 11.099999999999994, 10.200000000000003, 9.5, 9.200000000000003, 8.900000000000006, 8.0, 6.099999999999994, 4.799999999999997, 3.799999999999997, 0.7000000000000028, 0.4000000000000057, 0.0, -0.29999999999999716], "x": [990, 1128, 1267, 1278, 1297, 1300, 1354, 1365, 1396, 1430, 1432, 1433, 1441, 1453, 1457, 1464, 1465, 1477, 1478, 1483, 1487, 1488, 1489, 1490, 1501, 1502, 1512, 1513, 1514, 1515, 1518, 1522, 1524, 1525, 1526, 1527, 1532, 1536, 1537, 1538, 1539, 1548, 1549, 1550, 1551, 1552, 1554, 1556, 1558, 1559, 1560, 1561, 1562, 1563, 1564, 1569, 1573, 1574, 1575, 1576, 1585, 1586, 1587, 1588, 1589, 1590, 1591, 1592, 1593, 1594, 1596, 1597, 1598, 1599, 1600, 1601, 1602, 1605, 1606, 1608, 1610, 1611, 1612, 1613, 1619, 1620, 1623]}}