{"histogram": {"y": [1, 0, 0, 0, 1, 0, 0, 0, 0, 0, 0, 0, 0, 0, 0, 0, 0, 1, 0, 0, 0, 0, 0, 0, 1, 0, 0, 0, 0, 0, 0, 0, 0, 0, 0, 0, 0, 1, 0, 0, 0, 0, 0, 0, 0, 0, 0, 0, 0, 0, 0, 1, 0, 1, 0, 1, 0, 0, 1, 0, 6, 8, 1, 10, 7, 0, 14, 22, 2, 15, 23, 18, 34, 8, 3, 35, 19, 13, 27, 4, 2, 1, 0, 5, 0], "x": [984.0, 992.0, 1000.0, 1008.0, 1016.0, 1024.0, 1032.0, 1040.0, 1048.0, 1056.0, 1064.0, 1072.0, 1080.0, 1088.0, 1096.0, 1104.0, 1112.0, 1120.0, 1128.0, 1136.0, 1144.0, 1152.0, 1160.0, 1168.0, 1176.0, 1184.0, 1192.0, 1200.0, 1208.0, 1216.0, 1224.0, 1232.0, 1240.0, 1248.0, 1256.0, 1264.0, 1272.0, 1280.0, 1288.0, 1296.0, 1304.0, 1312.0, 1320.0, 1328.0, 1336.0, 1344.0, 1352.0, 1360.0, 1368.0, 1376.0, 1384.0, 1392.0, 1400.0, 1408.0, 1416.0, 1424.0, 1432.0, 1440.0, 1448.0, 1456.0, 1464.0, 1472.0, 1480.0, 1488.0, 1496.0, 1504.0, 1512.0, 1520.0, 1528.0, 1536.0, 1544.0, 1552.0, 1560.0, 1568.0, 1576.0, 1584.0, 1592.0, 1600.0, 1608.0, 1616.0, 1624.0, 1632.0, 1640.0, 1648.0, 1656.0]}, "percentile": {"y": [99.7, 99.3, 99.0, 98.6, 98.3, 97.9, 97.6, 97.2, 96.9, 94.8, 93.0, 92.3, 92.0, 91.6, 90.6, 88.5, 88.1, 87.8, 85.7, 84.3, 82.5, 81.5, 81.1, 80.8, 79.3, 77.9, 74.8, 73.0, 72.7, 72.3, 69.9, 69.5, 67.1, 63.6, 61.5, 59.0, 56.2, 55.5, 53.4, 53.0, 52.7, 51.3, 47.8, 44.6, 40.8, 40.4, 40.0, 38.6, 37.9, 36.9, 34.400000000000006, 32.0, 29.900000000000006, 27.799999999999997, 24.599999999999994, 24.299999999999997, 23.900000000000006, 23.200000000000003, 21.5, 20.799999999999997, 19.700000000000003, 17.900000000000006, 15.799999999999997, 14.099999999999994, 13.700000000000003, 13.400000000000006, 12.299999999999997, 10.900000000000006, 10.200000000000003, 8.5, 7.400000000000006, 4.599999999999994, 3.9000000000000057, 3.5999999999999943, 2.5, 2.200000000000003, 1.7999999999999972, 1.5, 1.0999999999999943, -0.29999999999999716], "x": [985, 1016, 1121, 1180, 1284, 1395, 1410, 1428, 1453, 1465, 1477, 1478, 1479, 1481, 1489, 1490, 1492, 1501, 1502, 1513, 1514, 1515, 1516, 1517, 1524, 1525, 1526, 1527, 1530, 1533, 1537, 1538, 1539, 1549, 1550, 1551, 1552, 1554, 1555, 1556, 1559, 1560, 1561, 1562, 1564, 1571, 1573, 1574, 1575, 1576, 1585, 1586, 1587, 1588, 1589, 1592, 1593, 1595, 1596, 1597, 1598, 1599, 1600, 1601, 1603, 1605, 1608, 1609, 1610, 1611, 1612, 1613, 1614, 1619, 1620, 1624, 1625, 1636, 1649, 1650]}}