{"percentile": {"x": [1316, 1453, 1465, 1477, 1478, 1484, 1489, 1490, 1498, 1500, 1501, 1502, 1513, 1514, 1515, 1517, 1523, 1524, 1525, 1526, 1527, 1536, 1537, 1538, 1539, 1541, 1548, 1549, 1550, 1551, 1552, 1554, 1555, 1556, 1557, 1558, 1559, 1560, 1561, 1562, 1563, 1564, 1572, 1573, 1574, 1575, 1576, 1580, 1585, 1586, 1587, 1588, 1589, 1591, 1593, 1594, 1596, 1597, 1598, 1599, 1600, 1601, 1602, 1603, 1604, 1608, 1609, 1610, 1611, 1612, 1613, 1614, 1615, 1620, 1624, 1626, 1634, 1648, 1650, 1655], "y": [99.7, 99.4, 99.1, 97.8, 97.1, 96.8, 96.2, 95.2, 94.9, 93.9, 91.9, 85.1, 82.2, 80.9, 79.3, 78.9, 78.3, 77.6, 76.3, 75.7, 74.4, 74.1, 72.5, 71.8, 71.2, 70.8, 69.9, 68.6, 65.3, 62.7, 60.8, 60.4, 59.8, 58.8, 58.5, 57.5, 57.2, 55.6, 53.0, 51.0, 50.0, 49.1, 48.8, 48.1, 47.8, 47.5, 46.2, 45.8, 45.2, 43.2, 39.3, 36.7, 33.8, 33.5, 33.2, 32.8, 31.200000000000003, 29.299999999999997, 26.299999999999997, 24.400000000000006, 22.099999999999994, 19.5, 19.200000000000003, 18.900000000000006, 18.599999999999994, 17.299999999999997, 14.700000000000003, 12.700000000000003, 11.700000000000003, 10.400000000000006, 4.299999999999997, 3.5999999999999943, 3.299999999999997, 2.5999999999999943, 2.299999999999997, 1.2999999999999972, 1.0, 0.7000000000000028, 0.0, -0.29999999999999716]}, "histogram": {"x": [1332.0, 1350.0, 1368.0, 1386.0, 1404.0, 1422.0, 1440.0, 1458.0, 1476.0, 1494.0, 1512.0, 1530.0, 1548.0, 1566.0, 1584.0, 1602.0, 1620.0, 1638.0, 1656.0], "y": [1, 0, 0, 0, 0, 0, 0, 1, 1, 12, 31, 33, 11, 67, 10, 81, 50, 7, 4, 0]}}