{"percentile": {"x": [1500, 1501, 1525, 1564, 1569, 1570, 1574, 1576, 1585, 1588, 1589, 1596, 1601, 1609, 1610, 1611, 1612, 1613, 1623, 1628, 1632, 1655], "y": [96.7, 93.4, 90.0, 86.7, 83.4, 80.0, 76.7, 73.4, 70.0, 66.7, 60.0, 56.7, 53.4, 50.0, 46.7, 43.4, 36.7, 13.400000000000006, 10.0, 6.700000000000003, 0.0, -3.299999999999997]}, "histogram": {"x": [1496.0, 1504.0, 1512.0, 1520.0, 1528.0, 1536.0, 1544.0, 1552.0, 1560.0, 1568.0, 1576.0, 1584.0, 1592.0, 1600.0, 1608.0, 1616.0, 1624.0, 1632.0, 1640.0, 1648.0, 1656.0], "y": [2, 0, 0, 1, 0, 0, 0, 0, 1, 3, 1, 4, 1, 1, 12, 1, 1, 2, 0, 1, 0]}}