{"percentile": {"y": [99.0, 98.0, 95.9, 94.8, 89.6, 88.6, 86.5, 85.5, 83.4, 82.3, 80.3, 78.2, 74.0, 71.9, 67.8, 66.7, 64.6, 60.5, 55.3, 49.0, 27.099999999999994, 25.0, 24.0, 23.0, 20.900000000000006, 19.799999999999997, 18.799999999999997, 17.799999999999997, 15.700000000000003, 14.599999999999994, 13.599999999999994, 12.5, 11.5, 10.5, 9.400000000000006, 8.400000000000006, 0.0, -1.0], "x": [1551, 1567, 1574, 1575, 1576, 1586, 1587, 1589, 1592, 1595, 1596, 1598, 1599, 1600, 1601, 1607, 1609, 1610, 1611, 1612, 1613, 1614, 1615, 1618, 1620, 1622, 1624, 1625, 1626, 1634, 1636, 1638, 1643, 1645, 1646, 1649, 1650, 1651]}, "histogram": {"y": [1, 0, 1, 3, 5, 4, 11, 7, 41, 4, 4, 3, 3, 10], "x": [1544.0, 1552.0, 1560.0, 1568.0, 1576.0, 1584.0, 1592.0, 1600.0, 1608.0, 1616.0, 1624.0, 1632.0, 1640.0, 1648.0]}}