{"percentile": {"x": [1094, 1200, 1252, 1271, 1303, 1367, 1418, 1427, 1431, 1453, 1465, 1477, 1478, 1484, 1489, 1490, 1492, 1501, 1502, 1513, 1514, 1515, 1518, 1524, 1525, 1526, 1527, 1528, 1530, 1533, 1537, 1538, 1539, 1541, 1542, 1548, 1549, 1550, 1551, 1552, 1553, 1554, 1556, 1558, 1559, 1560, 1561, 1562, 1563, 1564, 1565, 1572, 1573, 1574, 1575, 1576, 1578, 1585, 1586, 1587, 1588, 1589, 1590, 1591, 1592, 1593, 1594, 1595, 1596, 1597, 1598, 1599, 1600, 1601, 1603, 1604, 1605, 1607, 1608, 1609, 1610, 1611, 1612, 1613, 1614, 1620, 1622, 1623, 1625, 1626, 1634, 1646, 1649, 1650, 1653], "y": [99.9, 99.7, 99.5, 99.3, 99.1, 98.9, 98.7, 98.5, 98.4, 98.2, 98.0, 97.8, 97.2, 96.8, 96.7, 95.9, 95.7, 95.0, 88.9, 88.5, 85.9, 83.4, 83.3, 82.5, 81.4, 80.8, 78.9, 78.5, 78.2, 78.0, 77.0, 76.3, 75.1, 75.0, 74.8, 74.6, 72.5, 68.5, 65.7, 62.3, 61.9, 61.4, 60.8, 60.6, 60.2, 58.5, 55.1, 52.7, 51.0, 49.5, 49.1, 48.5, 47.8, 47.2, 46.8, 46.3, 46.1, 44.0, 42.3, 39.3, 36.8, 34.599999999999994, 34.0, 33.599999999999994, 33.099999999999994, 32.7, 32.3, 31.900000000000006, 29.900000000000006, 28.400000000000006, 25.900000000000006, 24.200000000000003, 22.099999999999994, 18.900000000000006, 18.700000000000003, 18.5, 18.0, 17.400000000000006, 15.900000000000006, 14.799999999999997, 12.900000000000006, 11.0, 8.700000000000003, 4.400000000000006, 3.799999999999997, 2.700000000000003, 2.5, 2.299999999999997, 2.0999999999999943, 1.9000000000000057, 1.7000000000000028, 1.5999999999999943, 1.2000000000000028, 0.0, -0.09999999999999432]}, "histogram": {"x": [1098.0, 1116.0, 1134.0, 1152.0, 1170.0, 1188.0, 1206.0, 1224.0, 1242.0, 1260.0, 1278.0, 1296.0, 1314.0, 1332.0, 1350.0, 1368.0, 1386.0, 1404.0, 1422.0, 1440.0, 1458.0, 1476.0, 1494.0, 1512.0, 1530.0, 1548.0, 1566.0, 1584.0, 1602.0, 1620.0, 1638.0, 1656.0], "y": [1, 0, 0, 0, 0, 0, 1, 0, 0, 1, 1, 0, 1, 0, 0, 1, 0, 0, 1, 2, 1, 1, 12, 36, 55, 20, 136, 16, 144, 80, 11, 10, 0]}}