{"histogram": {"x": [1352.0, 1360.0, 1368.0, 1376.0, 1384.0, 1392.0, 1400.0, 1408.0, 1416.0, 1424.0, 1432.0, 1440.0, 1448.0, 1456.0, 1464.0, 1472.0, 1480.0, 1488.0, 1496.0, 1504.0, 1512.0, 1520.0, 1528.0, 1536.0, 1544.0, 1552.0, 1560.0, 1568.0, 1576.0, 1584.0, 1592.0, 1600.0, 1608.0, 1616.0], "y": [1, 0, 0, 0, 0, 0, 0, 0, 0, 0, 0, 0, 0, 0, 0, 1, 0, 1, 2, 0, 2, 3, 0, 3, 3, 2, 2, 1, 1, 5, 7, 5, 11, 3]}, "percentile": {"x": [1358, 1478, 1489, 1502, 1513, 1515, 1525, 1527, 1538, 1539, 1550, 1551, 1552, 1558, 1561, 1564, 1574, 1576, 1587, 1589, 1591, 1592, 1593, 1596, 1597, 1598, 1599, 1600, 1601, 1609, 1611, 1613, 1620], "y": [98.1, 96.2, 94.3, 90.4, 88.5, 86.6, 84.7, 80.8, 78.9, 75.0, 71.2, 69.3, 67.4, 65.4, 63.5, 61.6, 59.7, 57.7, 55.8, 50.0, 48.1, 46.2, 44.3, 42.4, 40.4, 38.5, 34.7, 32.7, 25.0, 19.299999999999997, 17.400000000000006, 3.9000000000000057, -1.9000000000000057]}}