{"histogram": {"y": [1, 1, 0, 0, 2, 0, 0, 0, 1, 5, 4, 2, 38, 9, 3, 3, 1, 19, 0], "x": [1512.0, 1520.0, 1528.0, 1536.0, 1544.0, 1552.0, 1560.0, 1568.0, 1576.0, 1584.0, 1592.0, 1600.0, 1608.0, 1616.0, 1624.0, 1632.0, 1640.0, 1648.0, 1656.0]}, "percentile": {"y": [98.9, 97.8, 96.6, 95.5, 94.4, 93.2, 92.1, 91.0, 89.8, 88.7, 85.3, 84.1, 81.9, 79.6, 76.2, 70.5, 67.1, 60.3, 44.4, 41.0, 38.7, 37.5, 35.3, 31.900000000000006, 30.700000000000003, 29.599999999999994, 28.5, 27.299999999999997, 26.200000000000003, 25.0, 23.900000000000006, 22.799999999999997, 21.599999999999994, 20.5, 19.400000000000006, 0.0, -1.0999999999999943], "x": [1515, 1524, 1549, 1551, 1576, 1585, 1586, 1588, 1589, 1591, 1597, 1599, 1601, 1608, 1609, 1610, 1611, 1612, 1613, 1614, 1615, 1616, 1619, 1620, 1621, 1622, 1623, 1625, 1626, 1627, 1634, 1636, 1637, 1645, 1649, 1650, 1655]}}