{"percentile": {"x": [956, 1411, 1434, 1441, 1443, 1444, 1449, 1453, 1477, 1478, 1479, 1489, 1493, 1494, 1501, 1502, 1513, 1514, 1515, 1523, 1525, 1526, 1527, 1528, 1529, 1537, 1538, 1539, 1549, 1550, 1551, 1552, 1553, 1554, 1555, 1556, 1557, 1558, 1560, 1561, 1562, 1563, 1564, 1565, 1566, 1567, 1568, 1569, 1570, 1571, 1572, 1573, 1574, 1575, 1576, 1578, 1580, 1581, 1584, 1585, 1586, 1587, 1588, 1589, 1590, 1591, 1592, 1593, 1594, 1595, 1596, 1597, 1598, 1599, 1600, 1601, 1602, 1603, 1604, 1605, 1606, 1607, 1608, 1609, 1610, 1611, 1612, 1613, 1614, 1615, 1616, 1617, 1618, 1619, 1620, 1621, 1622, 1623, 1624, 1625, 1626, 1627, 1628, 1629, 1630, 1631, 1632, 1633, 1634, 1635, 1636, 1637, 1638, 1639, 1640, 1641, 1642, 1643, 1644, 1645, 1646, 1647, 1648, 1649, 1650, 1651, 1652, 1653, 1654, 1655], "y": [100.0, 100.0, 100.0, 100.0, 99.9, 99.9, 99.9, 99.9, 99.8, 99.8, 99.8, 99.7, 99.7, 99.7, 99.6, 99.5, 99.5, 99.3, 99.2, 99.2, 99.0, 98.7, 98.5, 98.5, 98.5, 98.2, 98.0, 97.8, 97.7, 97.6, 97.4, 96.9, 96.8, 96.7, 96.7, 96.7, 96.6, 96.6, 96.4, 96.0, 95.7, 94.9, 94.0, 93.9, 93.9, 93.9, 93.8, 93.8, 93.7, 93.6, 93.4, 92.6, 92.0, 90.9, 84.2, 84.2, 84.1, 84.1, 84.1, 83.6, 82.9, 82.0, 80.7, 79.5, 79.1, 78.5, 78.0, 77.4, 76.9, 76.4, 75.0, 73.2, 71.6, 69.6, 67.5, 64.9, 64.6, 63.9, 63.4, 62.8, 62.3, 61.9, 60.6, 58.3, 55.7, 52.7, 49.0, 29.200000000000003, 28.200000000000003, 27.400000000000006, 26.200000000000003, 25.200000000000003, 24.200000000000003, 23.200000000000003, 21.099999999999994, 20.400000000000006, 19.299999999999997, 18.400000000000006, 17.599999999999994, 16.599999999999994, 15.700000000000003, 15.0, 14.200000000000003, 13.700000000000003, 12.900000000000006, 12.299999999999997, 11.400000000000006, 11.0, 10.299999999999997, 9.700000000000003, 9.099999999999994, 8.5, 7.900000000000006, 7.5, 6.900000000000006, 6.400000000000006, 6.099999999999994, 5.700000000000003, 5.299999999999997, 5.099999999999994, 4.799999999999997, 4.599999999999994, 4.400000000000006, 4.0, 1.7999999999999972, 1.5, 1.4000000000000057, 1.0, 0.7999999999999972, 0.0]}, "histogram": {"x": [972.0, 990.0, 1008.0, 1026.0, 1044.0, 1062.0, 1080.0, 1098.0, 1116.0, 1134.0, 1152.0, 1170.0, 1188.0, 1206.0, 1224.0, 1242.0, 1260.0, 1278.0, 1296.0, 1314.0, 1332.0, 1350.0, 1368.0, 1386.0, 1404.0, 1422.0, 1440.0, 1458.0, 1476.0, 1494.0, 1512.0, 1530.0, 1548.0, 1566.0, 1584.0, 1602.0, 1620.0, 1638.0, 1656.0], "y": [1, 0, 0, 0, 0, 0, 0, 0, 0, 0, 0, 0, 0, 0, 0, 0, 0, 0, 0, 0, 0, 0, 0, 0, 0, 1, 1, 5, 0, 7, 7, 45, 26, 165, 413, 811, 1754, 618, 359, 0]}}