{"percentile": {"x": [1576, 1592, 1593, 1597, 1598, 1599, 1600, 1601, 1609, 1610, 1612, 1613, 1614, 1615, 1617, 1618, 1619, 1620, 1621, 1622, 1623, 1624, 1625, 1627, 1628, 1629, 1630, 1631, 1632, 1634, 1635, 1636, 1637, 1638, 1640, 1641, 1642, 1649, 1650, 1652, 1653, 1654, 1655], "y": [97.1, 96.1, 95.1, 94.1, 92.1, 91.1, 89.2, 86.2, 85.2, 83.2, 81.2, 56.5, 55.5, 54.5, 52.5, 50.5, 49.6, 47.6, 44.6, 43.6, 42.6, 40.6, 37.7, 35.7, 33.7, 32.7, 30.700000000000003, 29.799999999999997, 27.799999999999997, 25.799999999999997, 23.799999999999997, 20.799999999999997, 18.900000000000006, 16.900000000000006, 15.900000000000006, 14.900000000000006, 13.900000000000006, 12.900000000000006, 3.0, 2.0, 1.0, 0.0, -0.9000000000000057]}, "histogram": {"x": [1584.0, 1602.0, 1620.0, 1638.0, 1656.0], "y": [3, 11, 37, 31, 20, 0]}}