{"histogram": {"y": [1, 0, 0, 1, 0, 0, 0, 0, 0, 0, 0, 0, 0, 0, 0, 0, 0, 0, 0, 0, 0, 0, 0, 0, 0, 0, 0, 0, 0, 0, 0, 0, 0, 0, 0, 0, 0, 0, 0, 0, 0, 0, 0, 0, 0, 0, 0, 0, 0, 0, 0, 0, 0, 0, 0, 0, 0, 0, 0, 0, 0, 0, 0, 0, 0, 0, 1, 0, 0, 0, 0, 0, 0, 0, 0, 0, 0, 0, 0, 0, 0, 0, 0, 0, 0, 0, 0, 0, 0, 0, 0, 0, 0, 0, 0, 0, 0, 0, 0, 0, 1, 0, 0, 0, 0, 0, 0, 0, 0, 0, 0, 0, 0, 0, 0, 0, 1, 0, 0, 0, 0, 0, 0, 1, 0, 1, 0, 0, 0, 3, 0, 0, 2, 21, 0, 10, 18, 0, 14, 30, 23, 33, 13, 6, 83, 70, 41, 134, 16, 5, 3, 3, 11, 0], "x": [432.0, 440.0, 448.0, 456.0, 464.0, 472.0, 480.0, 488.0, 496.0, 504.0, 512.0, 520.0, 528.0, 536.0, 544.0, 552.0, 560.0, 568.0, 576.0, 584.0, 592.0, 600.0, 608.0, 616.0, 624.0, 632.0, 640.0, 648.0, 656.0, 664.0, 672.0, 680.0, 688.0, 696.0, 704.0, 712.0, 720.0, 728.0, 736.0, 744.0, 752.0, 760.0, 768.0, 776.0, 784.0, 792.0, 800.0, 808.0, 816.0, 824.0, 832.0, 840.0, 848.0, 856.0, 864.0, 872.0, 880.0, 888.0, 896.0, 904.0, 912.0, 920.0, 928.0, 936.0, 944.0, 952.0, 960.0, 968.0, 976.0, 984.0, 992.0, 1000.0, 1008.0, 1016.0, 1024.0, 1032.0, 1040.0, 1048.0, 1056.0, 1064.0, 1072.0, 1080.0, 1088.0, 1096.0, 1104.0, 1112.0, 1120.0, 1128.0, 1136.0, 1144.0, 1152.0, 1160.0, 1168.0, 1176.0, 1184.0, 1192.0, 1200.0, 1208.0, 1216.0, 1224.0, 1232.0, 1240.0, 1248.0, 1256.0, 1264.0, 1272.0, 1280.0, 1288.0, 1296.0, 1304.0, 1312.0, 1320.0, 1328.0, 1336.0, 1344.0, 1352.0, 1360.0, 1368.0, 1376.0, 1384.0, 1392.0, 1400.0, 1408.0, 1416.0, 1424.0, 1432.0, 1440.0, 1448.0, 1456.0, 1464.0, 1472.0, 1480.0, 1488.0, 1496.0, 1504.0, 1512.0, 1520.0, 1528.0, 1536.0, 1544.0, 1552.0, 1560.0, 1568.0, 1576.0, 1584.0, 1592.0, 1600.0, 1608.0, 1616.0, 1624.0, 1632.0, 1640.0, 1648.0, 1656.0]}, "percentile": {"y": [99.9, 99.7, 99.5, 99.3, 99.1, 98.9, 98.8, 98.2, 98.0, 97.8, 97.7, 97.5, 94.0, 93.6, 93.4, 92.3, 92.2, 91.8, 90.9, 90.1, 88.9, 88.7, 88.1, 87.2, 86.3, 85.0, 83.4, 80.8, 78.2, 78.0, 77.8, 77.5, 77.1, 76.9, 76.7, 76.6, 75.6, 74.4, 73.4, 72.5, 70.9, 70.5, 70.3, 70.1, 69.4, 68.5, 68.1, 67.2, 67.0, 66.5, 63.7, 60.8, 58.0, 54.7, 51.8, 51.6, 49.4, 45.9, 41.5, 38.9, 36.4, 33.099999999999994, 32.900000000000006, 32.7, 32.2, 31.400000000000006, 29.799999999999997, 27.799999999999997, 25.0, 22.599999999999994, 17.099999999999994, 7.200000000000003, 6.799999999999997, 6.5, 6.099999999999994, 5.700000000000003, 5.0, 4.5, 4.299999999999997, 3.9000000000000057, 3.700000000000003, 3.4000000000000057, 3.200000000000003, 3.0, 2.5999999999999943, 2.4000000000000057, 2.299999999999997, 2.0999999999999943, 1.9000000000000057, 0.0, -0.09999999999999432], "x": [433, 462, 960, 1234, 1366, 1419, 1437, 1465, 1489, 1490, 1497, 1501, 1502, 1513, 1514, 1515, 1519, 1524, 1525, 1526, 1527, 1536, 1537, 1538, 1539, 1549, 1550, 1551, 1552, 1553, 1554, 1555, 1556, 1557, 1558, 1559, 1560, 1561, 1562, 1563, 1564, 1566, 1568, 1571, 1572, 1573, 1574, 1576, 1577, 1584, 1585, 1586, 1587, 1588, 1589, 1594, 1596, 1597, 1598, 1599, 1600, 1601, 1603, 1605, 1606, 1607, 1608, 1609, 1610, 1611, 1612, 1613, 1615, 1616, 1618, 1619, 1620, 1621, 1622, 1623, 1624, 1625, 1626, 1631, 1634, 1635, 1642, 1646, 1647, 1650, 1651]}}