{"percentile": {"y": [92.4, 84.7, 77.0, 69.3, 61.6, 53.9, 46.2, 15.400000000000006, 0.0, -7.599999999999994], "x": [1551, 1561, 1585, 1587, 1588, 1589, 1598, 1610, 1613, 1623]}, "histogram": {"y": [1, 0, 1, 0, 0, 4, 1, 0, 6, 1, 0], "x": [1544.0, 1552.0, 1560.0, 1568.0, 1576.0, 1584.0, 1592.0, 1600.0, 1608.0, 1616.0, 1624.0]}}