{"histogram": {"y": [2, 0, 0, 1, 0, 1, 3, 0, 4, 4, 4, 13, 23, 50, 52, 56, 65, 249, 55, 25, 18, 12, 21, 0], "x": [1472.0, 1480.0, 1488.0, 1496.0, 1504.0, 1512.0, 1520.0, 1528.0, 1536.0, 1544.0, 1552.0, 1560.0, 1568.0, 1576.0, 1584.0, 1592.0, 1600.0, 1608.0, 1616.0, 1624.0, 1632.0, 1640.0, 1648.0, 1656.0]}, "percentile": {"y": [99.7, 99.6, 99.4, 99.3, 99.1, 99.0, 98.8, 98.4, 98.1, 97.8, 97.2, 97.0, 96.5, 95.8, 95.5, 95.3, 95.2, 95.0, 94.9, 94.1, 92.7, 91.7, 84.1, 83.3, 83.0, 81.0, 79.2, 77.4, 76.9, 76.2, 75.5, 75.1, 74.8, 73.6, 71.9, 69.5, 67.6, 65.5, 61.7, 61.2, 60.3, 59.6, 59.0, 58.0, 57.7, 56.7, 54.4, 52.1, 48.5, 45.0, 22.900000000000006, 21.799999999999997, 19.799999999999997, 18.599999999999994, 17.200000000000003, 16.0, 15.299999999999997, 13.400000000000006, 12.700000000000003, 11.900000000000006, 11.5, 10.099999999999994, 9.599999999999994, 9.5, 8.900000000000006, 8.700000000000003, 8.299999999999997, 7.799999999999997, 7.700000000000003, 6.700000000000003, 6.599999999999994, 6.099999999999994, 6.0, 5.5, 4.900000000000006, 4.799999999999997, 4.599999999999994, 4.200000000000003, 3.9000000000000057, 3.5999999999999943, 3.4000000000000057, 3.0999999999999943, 2.5999999999999943, 1.0, 0.7999999999999972, 0.5, 0.20000000000000284, 0.0, -0.09999999999999432], "x": [1478, 1502, 1513, 1521, 1524, 1525, 1536, 1539, 1549, 1550, 1552, 1560, 1561, 1562, 1563, 1564, 1566, 1570, 1572, 1573, 1574, 1575, 1576, 1585, 1586, 1587, 1588, 1589, 1590, 1591, 1592, 1593, 1594, 1596, 1597, 1598, 1599, 1600, 1601, 1602, 1603, 1604, 1605, 1606, 1607, 1608, 1609, 1610, 1611, 1612, 1613, 1614, 1615, 1616, 1617, 1618, 1619, 1620, 1621, 1622, 1623, 1624, 1625, 1626, 1627, 1628, 1629, 1630, 1631, 1632, 1633, 1635, 1636, 1637, 1639, 1640, 1641, 1642, 1643, 1644, 1645, 1646, 1649, 1650, 1651, 1652, 1653, 1654, 1655]}}