{"histogram": {"x": [1350.0, 1368.0, 1386.0, 1404.0, 1422.0, 1440.0, 1458.0, 1476.0, 1494.0, 1512.0, 1530.0, 1548.0, 1566.0, 1584.0, 1602.0, 1620.0, 1638.0, 1656.0], "y": [1, 0, 1, 0, 0, 0, 4, 6, 2, 4, 14, 5, 41, 12, 42, 28, 3, 2, 0]}, "percentile": {"x": [1333, 1378, 1441, 1453, 1465, 1478, 1489, 1501, 1502, 1513, 1514, 1515, 1524, 1526, 1527, 1532, 1537, 1539, 1542, 1549, 1550, 1551, 1552, 1554, 1557, 1560, 1561, 1562, 1563, 1564, 1569, 1572, 1573, 1574, 1575, 1576, 1585, 1586, 1587, 1588, 1589, 1595, 1596, 1597, 1598, 1599, 1600, 1601, 1607, 1608, 1609, 1610, 1611, 1612, 1613, 1614, 1620, 1622, 1623, 1649, 1650], "y": [99.4, 98.8, 97.0, 96.4, 92.7, 92.1, 91.5, 90.9, 89.1, 88.5, 87.9, 86.0, 84.2, 83.0, 80.5, 79.9, 79.3, 78.1, 77.5, 76.3, 73.8, 70.8, 65.3, 64.7, 64.1, 63.5, 60.4, 56.1, 53.7, 52.5, 51.9, 50.7, 48.2, 47.6, 45.8, 45.2, 43.3, 41.5, 34.8, 33.599999999999994, 31.099999999999994, 30.5, 29.299999999999997, 28.099999999999994, 25.700000000000003, 23.200000000000003, 20.799999999999997, 19.599999999999994, 18.299999999999997, 17.700000000000003, 11.599999999999994, 9.799999999999997, 9.200000000000003, 6.799999999999997, 3.0999999999999943, 2.5, 1.9000000000000057, 1.2999999999999972, 0.7000000000000028, 0.0, -0.5999999999999943]}}