{"percentile": {"x": [960, 1042, 1111, 1338, 1431, 1441, 1442, 1453, 1454, 1465, 1478, 1489, 1490, 1492, 1498, 1500, 1501, 1502, 1513, 1514, 1515, 1518, 1521, 1522, 1524, 1525, 1526, 1527, 1536, 1537, 1538, 1539, 1543, 1549, 1550, 1551, 1552, 1553, 1554, 1555, 1556, 1557, 1560, 1561, 1562, 1563, 1564, 1569, 1571, 1573, 1574, 1575, 1576, 1585, 1586, 1587, 1588, 1589, 1590, 1591, 1592, 1595, 1596, 1597, 1598, 1599, 1600, 1601, 1603, 1604, 1607, 1608, 1609, 1610, 1611, 1612, 1613, 1617, 1618, 1620, 1621, 1645, 1650], "y": [99.7, 99.3, 99.0, 98.6, 98.3, 97.6, 97.2, 95.8, 95.5, 92.3, 90.9, 90.2, 89.1, 88.8, 88.4, 87.7, 86.3, 84.9, 82.8, 81.7, 79.3, 78.9, 78.6, 78.2, 77.2, 76.5, 74.0, 72.6, 72.2, 71.5, 70.5, 67.0, 66.6, 63.8, 61.3, 58.5, 54.6, 54.3, 53.9, 53.2, 52.9, 52.2, 48.6, 44.1, 40.2, 37.7, 36.3, 36.0, 35.599999999999994, 34.599999999999994, 33.5, 32.400000000000006, 31.0, 29.299999999999997, 27.200000000000003, 25.400000000000006, 22.200000000000003, 20.5, 20.099999999999994, 19.099999999999994, 18.700000000000003, 18.400000000000006, 17.299999999999997, 15.900000000000006, 13.799999999999997, 13.099999999999994, 12.0, 11.0, 10.299999999999997, 9.900000000000006, 9.599999999999994, 8.900000000000006, 8.5, 7.400000000000006, 6.700000000000003, 6.0, 2.200000000000003, 1.7999999999999972, 1.5, 1.0999999999999943, 0.7999999999999972, 0.4000000000000057, -0.29999999999999716]}, "histogram": {"x": [960.0, 968.0, 976.0, 984.0, 992.0, 1000.0, 1008.0, 1016.0, 1024.0, 1032.0, 1040.0, 1048.0, 1056.0, 1064.0, 1072.0, 1080.0, 1088.0, 1096.0, 1104.0, 1112.0, 1120.0, 1128.0, 1136.0, 1144.0, 1152.0, 1160.0, 1168.0, 1176.0, 1184.0, 1192.0, 1200.0, 1208.0, 1216.0, 1224.0, 1232.0, 1240.0, 1248.0, 1256.0, 1264.0, 1272.0, 1280.0, 1288.0, 1296.0, 1304.0, 1312.0, 1320.0, 1328.0, 1336.0, 1344.0, 1352.0, 1360.0, 1368.0, 1376.0, 1384.0, 1392.0, 1400.0, 1408.0, 1416.0, 1424.0, 1432.0, 1440.0, 1448.0, 1456.0, 1464.0, 1472.0, 1480.0, 1488.0, 1496.0, 1504.0, 1512.0, 1520.0, 1528.0, 1536.0, 1544.0, 1552.0, 1560.0, 1568.0, 1576.0, 1584.0, 1592.0, 1600.0, 1608.0, 1616.0, 1624.0, 1632.0, 1640.0, 1648.0, 1656.0], "y": [1, 0, 0, 0, 0, 0, 0, 0, 0, 0, 1, 0, 0, 0, 0, 0, 0, 0, 1, 0, 0, 0, 0, 0, 0, 0, 0, 0, 0, 0, 0, 0, 0, 0, 0, 0, 0, 0, 0, 0, 0, 0, 0, 0, 0, 0, 0, 1, 0, 0, 0, 0, 0, 0, 0, 0, 0, 0, 1, 0, 3, 5, 0, 9, 4, 0, 6, 11, 0, 17, 18, 0, 17, 23, 18, 45, 11, 4, 34, 17, 10, 21, 4, 0, 0, 1, 2, 0]}}