{"histogram": {"y": [2, 0, 1, 0, 0, 0, 2, 2, 3, 0, 1, 2, 7, 3, 10, 1], "x": [1496.0, 1504.0, 1512.0, 1520.0, 1528.0, 1536.0, 1544.0, 1552.0, 1560.0, 1568.0, 1576.0, 1584.0, 1592.0, 1600.0, 1608.0, 1616.0]}, "percentile": {"y": [94.0, 91.0, 87.9, 84.9, 81.9, 78.8, 75.8, 72.8, 69.7, 66.7, 60.7, 57.6, 54.6, 45.5, 39.4, 33.400000000000006, 30.400000000000006, 27.299999999999997, 24.299999999999997, 21.299999999999997, 12.200000000000003, 9.099999999999994, 0.0, -3.0], "x": [1502, 1514, 1549, 1550, 1552, 1553, 1561, 1562, 1564, 1576, 1588, 1592, 1596, 1598, 1599, 1600, 1601, 1608, 1609, 1610, 1611, 1612, 1613, 1619]}}