{"percentile": {"y": [100.0, 100.0, 100.0, 100.0, 100.0, 100.0, 100.0, 99.9, 99.9, 99.9, 99.8, 99.8, 99.7, 99.7, 99.6, 99.6, 99.6, 99.4, 98.8, 98.8, 98.8, 98.8, 98.7, 98.5, 98.2, 97.8, 97.8, 97.7, 97.7, 97.7, 97.6, 97.6, 97.5, 97.4, 96.9, 96.4, 95.8, 94.9, 94.9, 94.8, 94.8, 94.7, 94.7, 94.6, 94.5, 94.4, 93.5, 92.4, 90.9, 83.9, 83.9, 83.9, 83.9, 83.8, 82.9, 81.6, 80.0, 78.0, 75.7, 75.1, 74.6, 74.0, 73.5, 73.0, 72.5, 71.2, 69.6, 67.0, 63.8, 60.5, 56.5, 55.9, 55.2, 54.6, 54.2, 53.7, 53.2, 51.8, 49.2, 45.5, 41.2, 35.2, 16.299999999999997, 15.5, 14.900000000000006, 14.299999999999997, 13.799999999999997, 13.400000000000006, 13.0, 11.900000000000006, 11.299999999999997, 10.599999999999994, 9.900000000000006, 9.200000000000003, 8.400000000000006, 7.700000000000003, 7.5, 7.400000000000006, 7.200000000000003, 7.0, 6.900000000000006, 6.599999999999994, 6.299999999999997, 5.900000000000006, 5.5, 5.099999999999994, 4.700000000000003, 4.400000000000006, 4.299999999999997, 4.200000000000003, 4.099999999999994, 4.0, 4.0, 3.9000000000000057, 3.700000000000003, 3.5, 3.299999999999997, 3.0999999999999943, 2.799999999999997, 0.5999999999999943, 0.5, 0.5, 0.4000000000000057, 0.4000000000000057, 0.0], "x": [1457, 1478, 1488, 1490, 1501, 1513, 1514, 1515, 1521, 1524, 1525, 1526, 1527, 1528, 1529, 1532, 1537, 1538, 1539, 1540, 1545, 1548, 1549, 1550, 1551, 1552, 1553, 1554, 1555, 1556, 1557, 1558, 1559, 1560, 1561, 1562, 1563, 1564, 1565, 1566, 1567, 1568, 1569, 1570, 1571, 1572, 1573, 1574, 1575, 1576, 1580, 1582, 1583, 1584, 1585, 1586, 1587, 1588, 1589, 1590, 1591, 1592, 1593, 1594, 1595, 1596, 1597, 1598, 1599, 1600, 1601, 1602, 1603, 1604, 1605, 1606, 1607, 1608, 1609, 1610, 1611, 1612, 1613, 1614, 1615, 1616, 1617, 1618, 1619, 1620, 1621, 1622, 1623, 1624, 1625, 1626, 1627, 1628, 1629, 1630, 1631, 1632, 1633, 1634, 1635, 1636, 1637, 1638, 1639, 1640, 1641, 1642, 1643, 1644, 1645, 1646, 1647, 1648, 1649, 1650, 1651, 1652, 1653, 1654, 1655]}, "histogram": {"y": [1, 0, 2, 0, 2, 1, 0, 11, 38, 6, 112, 88, 90, 390, 538, 992, 1302, 1512, 1486, 5364, 700, 422, 368, 142, 456, 0], "x": [1456.0, 1464.0, 1472.0, 1480.0, 1488.0, 1496.0, 1504.0, 1512.0, 1520.0, 1528.0, 1536.0, 1544.0, 1552.0, 1560.0, 1568.0, 1576.0, 1584.0, 1592.0, 1600.0, 1608.0, 1616.0, 1624.0, 1632.0, 1640.0, 1648.0, 1656.0]}}