{"percentile": {"y": [99.5, 98.9, 98.4, 97.8, 97.3, 96.7, 94.0, 91.8, 90.7, 90.1, 89.6, 86.8, 84.0, 81.8, 79.6, 79.1, 78.5, 78.0, 76.3, 74.6, 71.3, 69.7, 69.1, 66.3, 65.8, 63.0, 61.4, 60.3, 59.2, 55.9, 54.7, 52.0, 51.4, 50.9, 47.0, 43.7, 38.7, 38.2, 37.1, 36.0, 34.3, 31.5, 28.799999999999997, 27.099999999999994, 24.900000000000006, 20.5, 19.900000000000006, 18.299999999999997, 16.599999999999994, 15.0, 12.799999999999997, 11.099999999999994, 10.5, 9.400000000000006, 8.299999999999997, 6.700000000000003, 5.599999999999994, 2.799999999999997, 2.299999999999997, 1.7000000000000028, 1.2000000000000028, 0.5999999999999943, -0.5], "x": [985, 1016, 1180, 1284, 1410, 1453, 1465, 1477, 1478, 1479, 1489, 1490, 1502, 1513, 1514, 1515, 1516, 1517, 1524, 1525, 1526, 1527, 1530, 1537, 1538, 1539, 1549, 1550, 1551, 1552, 1554, 1555, 1559, 1560, 1561, 1562, 1564, 1573, 1574, 1575, 1576, 1585, 1586, 1587, 1588, 1589, 1592, 1596, 1598, 1599, 1600, 1601, 1608, 1609, 1610, 1611, 1612, 1613, 1614, 1619, 1620, 1649, 1650]}, "histogram": {"y": [1, 0, 1, 0, 0, 0, 0, 0, 0, 0, 0, 1, 0, 0, 0, 0, 0, 1, 0, 0, 0, 0, 0, 0, 1, 0, 1, 5, 13, 5, 26, 12, 44, 8, 42, 17, 1, 3], "x": [990.0, 1008.0, 1026.0, 1044.0, 1062.0, 1080.0, 1098.0, 1116.0, 1134.0, 1152.0, 1170.0, 1188.0, 1206.0, 1224.0, 1242.0, 1260.0, 1278.0, 1296.0, 1314.0, 1332.0, 1350.0, 1368.0, 1386.0, 1404.0, 1422.0, 1440.0, 1458.0, 1476.0, 1494.0, 1512.0, 1530.0, 1548.0, 1566.0, 1584.0, 1602.0, 1620.0, 1638.0]}}