{"histogram": {"x": [1096.0, 1104.0, 1112.0, 1120.0, 1128.0, 1136.0, 1144.0, 1152.0, 1160.0, 1168.0, 1176.0, 1184.0, 1192.0, 1200.0, 1208.0, 1216.0, 1224.0, 1232.0, 1240.0, 1248.0, 1256.0, 1264.0, 1272.0, 1280.0, 1288.0, 1296.0, 1304.0, 1312.0, 1320.0, 1328.0, 1336.0, 1344.0, 1352.0, 1360.0, 1368.0, 1376.0, 1384.0, 1392.0, 1400.0, 1408.0, 1416.0, 1424.0, 1432.0, 1440.0, 1448.0, 1456.0, 1464.0, 1472.0, 1480.0, 1488.0, 1496.0, 1504.0, 1512.0, 1520.0, 1528.0, 1536.0, 1544.0, 1552.0, 1560.0, 1568.0, 1576.0, 1584.0, 1592.0, 1600.0, 1608.0, 1616.0, 1624.0], "y": [1, 0, 0, 0, 0, 0, 0, 0, 0, 0, 0, 0, 0, 0, 0, 0, 0, 0, 0, 0, 0, 0, 0, 0, 0, 0, 0, 0, 0, 0, 0, 0, 0, 0, 0, 0, 0, 0, 0, 0, 0, 0, 0, 0, 0, 0, 0, 0, 0, 3, 3, 0, 1, 1, 0, 1, 2, 2, 3, 2, 1, 5, 3, 3, 7, 1, 0]}, "percentile": {"x": [1100, 1490, 1502, 1515, 1526, 1539, 1550, 1552, 1553, 1560, 1561, 1564, 1573, 1574, 1576, 1585, 1587, 1588, 1589, 1590, 1597, 1598, 1599, 1600, 1608, 1612, 1613, 1614, 1623], "y": [97.4, 89.5, 81.6, 79.0, 76.4, 73.7, 68.5, 65.8, 63.2, 60.6, 57.9, 55.3, 52.7, 50.0, 47.4, 44.8, 42.2, 39.5, 36.9, 34.3, 31.599999999999994, 29.0, 26.400000000000006, 18.5, 15.799999999999997, 13.200000000000003, 2.700000000000003, 0.0, -2.5999999999999943]}}