{"histogram": {"y": [1, 1, 1, 3, 14, 69, 21, 13], "x": [1530.0, 1548.0, 1566.0, 1584.0, 1602.0, 1620.0, 1638.0]}, "percentile": {"y": [99.2, 98.4, 97.6, 96.8, 95.1, 94.3, 92.7, 91.0, 89.4, 87.8, 86.1, 83.7, 82.8, 82.0, 81.2, 79.6, 76.3, 74.6, 71.4, 63.2, 33.7, 31.200000000000003, 29.599999999999994, 28.700000000000003, 27.099999999999994, 23.799999999999997, 22.200000000000003, 20.5, 19.700000000000003, 18.900000000000006, 17.299999999999997, 16.400000000000006, 14.0, 13.200000000000003, 12.299999999999997, 11.5, 9.900000000000006, 9.099999999999994, 8.200000000000003, 7.400000000000006, 6.599999999999994, -0.7999999999999972], "x": [1527, 1537, 1561, 1573, 1576, 1587, 1589, 1590, 1591, 1598, 1599, 1601, 1602, 1604, 1605, 1608, 1609, 1610, 1611, 1612, 1613, 1614, 1616, 1617, 1619, 1620, 1621, 1622, 1623, 1624, 1625, 1626, 1629, 1630, 1632, 1636, 1637, 1640, 1642, 1645, 1646, 1650]}}