{"percentile": {"y": [99.8, 99.6, 99.5, 99.4, 99.3, 99.2, 99.1, 98.8, 97.6, 97.2, 96.7, 96.6, 96.5, 96.3, 95.8, 95.6, 95.0, 94.9, 94.8, 94.7, 94.6, 94.3, 94.1, 93.8, 93.7, 93.6, 93.4, 93.0, 92.1, 90.8, 90.7, 90.4, 90.3, 90.2, 89.9, 89.7, 89.0, 87.8, 86.1, 86.0, 85.9, 85.6, 85.4, 84.9, 83.9, 82.0, 80.6, 75.7, 75.6, 75.5, 75.4, 75.2, 74.0, 73.3, 71.8, 68.8, 66.3, 66.2, 66.1, 66.0, 65.4, 65.3, 64.9, 64.1, 62.3, 59.8, 57.9, 55.4, 52.6, 51.9, 51.6, 51.2, 51.1, 50.7, 50.0, 47.9, 45.5, 43.3, 39.1, 21.0, 19.5, 18.599999999999994, 17.900000000000006, 17.5, 17.099999999999994, 16.599999999999994, 14.700000000000003, 13.5, 12.5, 11.400000000000006, 11.200000000000003, 10.400000000000006, 10.099999999999994, 9.799999999999997, 9.700000000000003, 9.5, 8.900000000000006, 8.599999999999994, 8.200000000000003, 7.5, 7.099999999999994, 6.599999999999994, 5.900000000000006, 5.799999999999997, 5.599999999999994, 5.5, 5.299999999999997, 5.0, 4.299999999999997, 3.799999999999997, 3.4000000000000057, 0.29999999999999716, 0.20000000000000284, -0.09999999999999432], "x": [1441, 1465, 1478, 1488, 1489, 1490, 1500, 1501, 1502, 1514, 1515, 1519, 1523, 1524, 1525, 1526, 1527, 1529, 1534, 1535, 1536, 1537, 1538, 1539, 1546, 1548, 1549, 1550, 1551, 1552, 1553, 1554, 1556, 1557, 1560, 1561, 1562, 1563, 1564, 1565, 1568, 1569, 1570, 1572, 1573, 1574, 1575, 1576, 1577, 1578, 1581, 1582, 1585, 1586, 1587, 1588, 1589, 1590, 1591, 1592, 1593, 1594, 1595, 1596, 1597, 1598, 1599, 1600, 1601, 1602, 1603, 1605, 1606, 1607, 1608, 1609, 1610, 1611, 1612, 1613, 1614, 1615, 1616, 1617, 1618, 1619, 1620, 1621, 1622, 1623, 1624, 1625, 1626, 1628, 1629, 1630, 1632, 1633, 1634, 1635, 1636, 1637, 1638, 1640, 1643, 1644, 1645, 1646, 1647, 1648, 1649, 1650, 1652, 1655]}, "histogram": {"y": [2, 2, 4, 16, 26, 12, 76, 105, 222, 352, 98, 65, 0], "x": [1458.0, 1476.0, 1494.0, 1512.0, 1530.0, 1548.0, 1566.0, 1584.0, 1602.0, 1620.0, 1638.0, 1656.0]}}