{"percentile": {"x": [1033, 1129, 1301, 1383, 1400, 1423, 1441, 1465, 1477, 1478, 1488, 1489, 1490, 1497, 1500, 1501, 1502, 1511, 1513, 1514, 1515, 1518, 1524, 1525, 1526, 1527, 1533, 1534, 1536, 1537, 1539, 1548, 1549, 1550, 1551, 1552, 1553, 1554, 1555, 1556, 1557, 1559, 1560, 1561, 1562, 1563, 1564, 1568, 1572, 1574, 1575, 1576, 1581, 1584, 1585, 1586, 1587, 1588, 1589, 1592, 1593, 1594, 1595, 1596, 1597, 1598, 1599, 1600, 1601, 1602, 1603, 1604, 1605, 1606, 1607, 1608, 1609, 1610, 1611, 1612, 1613, 1614, 1620, 1622, 1625, 1634, 1635, 1641, 1647, 1648, 1650], "y": [99.8, 99.6, 99.3, 99.1, 98.8, 98.6, 98.4, 98.1, 97.9, 97.4, 96.9, 96.4, 96.2, 96.0, 95.5, 94.5, 89.2, 89.0, 88.5, 86.3, 83.9, 83.5, 82.7, 80.8, 79.6, 79.1, 78.9, 78.7, 78.4, 78.2, 77.0, 76.7, 75.0, 72.9, 71.7, 67.8, 67.6, 67.1, 66.9, 66.4, 65.7, 65.4, 64.5, 62.5, 61.1, 59.2, 58.2, 58.0, 57.0, 56.1, 55.8, 55.1, 54.9, 54.4, 52.2, 49.6, 46.9, 42.4, 38.5, 38.3, 38.0, 37.8, 37.3, 34.2, 31.799999999999997, 28.400000000000006, 23.099999999999994, 22.599999999999994, 18.099999999999994, 17.799999999999997, 17.599999999999994, 17.400000000000006, 17.099999999999994, 16.900000000000006, 16.400000000000006, 15.400000000000006, 14.700000000000003, 13.0, 11.099999999999994, 9.400000000000006, 3.9000000000000057, 2.9000000000000057, 2.5, 2.200000000000003, 1.7000000000000028, 1.5, 1.2999999999999972, 1.0, 0.7999999999999972, 0.5, -0.20000000000000284]}, "histogram": {"x": [1044.0, 1062.0, 1080.0, 1098.0, 1116.0, 1134.0, 1152.0, 1170.0, 1188.0, 1206.0, 1224.0, 1242.0, 1260.0, 1278.0, 1296.0, 1314.0, 1332.0, 1350.0, 1368.0, 1386.0, 1404.0, 1422.0, 1440.0, 1458.0, 1476.0, 1494.0, 1512.0, 1530.0, 1548.0, 1566.0, 1584.0, 1602.0, 1620.0, 1638.0, 1656.0], "y": [1, 0, 0, 0, 0, 1, 0, 0, 0, 0, 0, 0, 0, 0, 0, 1, 0, 0, 0, 1, 1, 0, 1, 1, 1, 8, 30, 41, 9, 78, 14, 153, 63, 7, 6, 0]}}