{"percentile": {"y": [98.6, 97.1, 95.6, 94.1, 92.6, 89.6, 88.1, 86.6, 85.1, 82.1, 76.2, 74.7, 73.2, 71.7, 67.2, 65.7, 64.2, 61.2, 59.8, 56.8, 53.8, 50.8, 49.3, 46.3, 40.3, 38.9, 34.400000000000006, 26.900000000000006, 23.900000000000006, 22.400000000000006, 19.5, 18.0, 15.0, 13.5, 12.0, 9.0, 6.0, 4.5, 3.0, -1.4000000000000057], "x": [1478, 1502, 1525, 1551, 1560, 1562, 1564, 1569, 1573, 1574, 1576, 1585, 1586, 1587, 1588, 1589, 1597, 1598, 1599, 1600, 1601, 1602, 1603, 1609, 1610, 1611, 1612, 1613, 1614, 1615, 1616, 1619, 1620, 1621, 1625, 1626, 1634, 1645, 1647, 1650]}, "histogram": {"y": [1, 1, 1, 0, 5, 8, 15, 24, 8, 5, 0], "x": [1494.0, 1512.0, 1530.0, 1548.0, 1566.0, 1584.0, 1602.0, 1620.0, 1638.0, 1656.0]}}