{"percentile": {"x": [1453, 1477, 1478, 1489, 1490, 1501, 1502, 1513, 1514, 1515, 1516, 1517, 1518, 1521, 1524, 1525, 1526, 1527, 1531, 1538, 1539, 1548, 1549, 1550, 1551, 1552, 1553, 1557, 1560, 1561, 1562, 1563, 1564, 1572, 1573, 1574, 1576, 1584, 1585, 1586, 1587, 1588, 1589, 1591, 1596, 1597, 1598, 1599, 1600, 1601, 1602, 1607, 1608, 1609, 1610, 1611, 1612, 1613, 1618, 1620, 1624, 1635, 1636, 1637, 1650], "y": [99.5, 98.9, 98.3, 97.7, 96.6, 94.8, 93.1, 92.0, 91.4, 89.1, 88.5, 87.3, 86.8, 86.2, 85.6, 84.4, 83.9, 81.6, 80.4, 79.8, 78.1, 77.5, 75.2, 71.7, 67.7, 63.1, 61.9, 61.3, 59.0, 57.9, 56.1, 54.4, 53.8, 53.2, 52.7, 51.5, 50.9, 50.3, 48.6, 48.0, 46.9, 44.0, 41.1, 40.5, 37.6, 34.2, 30.700000000000003, 28.400000000000006, 26.599999999999994, 22.599999999999994, 22.0, 21.400000000000006, 18.5, 16.799999999999997, 14.5, 11.599999999999994, 10.5, 5.299999999999997, 4.700000000000003, 3.5, 2.9000000000000057, 2.4000000000000057, 1.7999999999999972, 1.2000000000000028, -0.5]}, "histogram": {"x": [1458.0, 1476.0, 1494.0, 1512.0, 1530.0, 1548.0, 1566.0, 1584.0, 1602.0, 1620.0, 1638.0], "y": [1, 0, 5, 6, 20, 6, 42, 5, 49, 31, 6, 3]}}