{"percentile": {"x": [840, 886, 942, 959, 998, 1001, 1075, 1080, 1121, 1133, 1158, 1179, 1182, 1189, 1233, 1279, 1289, 1298, 1300, 1335, 1351, 1356, 1359, 1365, 1368, 1371, 1380, 1382, 1391, 1407, 1414, 1429, 1441, 1448, 1453, 1465, 1476, 1477, 1478, 1480, 1485, 1487, 1488, 1489, 1490, 1494, 1497, 1500, 1501, 1502, 1512, 1513, 1514, 1515, 1517, 1518, 1522, 1524, 1525, 1526, 1527, 1537, 1538, 1539, 1548, 1549, 1550, 1551, 1552, 1553, 1554, 1555, 1557, 1558, 1559, 1560, 1561, 1562, 1563, 1564, 1565, 1569, 1572, 1573, 1574, 1576, 1577, 1584, 1585, 1586, 1587, 1588, 1589, 1590, 1591, 1592, 1594, 1595, 1596, 1597, 1598, 1599, 1600, 1601, 1603, 1605, 1608, 1609, 1610, 1611, 1612, 1613, 1614, 1620, 1621, 1622, 1623, 1624, 1626, 1637, 1644, 1649, 1650, 1655], "y": [99.9, 99.7, 99.5, 99.3, 99.2, 99.0, 98.8, 98.6, 98.4, 98.3, 98.1, 97.9, 97.7, 97.5, 97.4, 97.2, 97.0, 96.8, 96.7, 96.5, 96.3, 96.1, 95.9, 95.8, 95.6, 95.4, 95.2, 95.0, 94.9, 94.7, 94.5, 94.3, 94.0, 93.8, 92.9, 91.7, 91.5, 90.6, 89.3, 89.2, 89.0, 88.8, 88.4, 87.2, 85.4, 85.2, 85.0, 84.3, 82.9, 75.2, 74.9, 73.3, 70.4, 68.4, 68.3, 67.5, 67.4, 66.5, 65.0, 64.0, 62.4, 62.0, 61.1, 60.4, 60.2, 59.2, 56.5, 54.2, 51.3, 50.9, 50.4, 49.9, 49.5, 49.3, 49.2, 47.2, 45.8, 44.9, 43.1, 41.7, 41.5, 41.3, 41.1, 40.0, 39.3, 38.3, 38.1, 37.9, 35.8, 34.0, 32.5, 30.400000000000006, 26.700000000000003, 26.299999999999997, 25.599999999999994, 25.200000000000003, 24.299999999999997, 24.200000000000003, 20.900000000000006, 19.299999999999997, 17.700000000000003, 16.700000000000003, 15.400000000000006, 13.599999999999994, 12.700000000000003, 12.5, 11.299999999999997, 10.599999999999994, 9.900000000000006, 7.5, 5.900000000000006, 3.799999999999997, 3.5999999999999943, 3.299999999999997, 2.9000000000000057, 2.4000000000000057, 2.200000000000003, 1.7999999999999972, 1.7000000000000028, 1.5, 1.2999999999999972, 1.0999999999999943, 0.0, -0.09999999999999432]}, "histogram": {"x": [840.0, 848.0, 856.0, 864.0, 872.0, 880.0, 888.0, 896.0, 904.0, 912.0, 920.0, 928.0, 936.0, 944.0, 952.0, 960.0, 968.0, 976.0, 984.0, 992.0, 1000.0, 1008.0, 1016.0, 1024.0, 1032.0, 1040.0, 1048.0, 1056.0, 1064.0, 1072.0, 1080.0, 1088.0, 1096.0, 1104.0, 1112.0, 1120.0, 1128.0, 1136.0, 1144.0, 1152.0, 1160.0, 1168.0, 1176.0, 1184.0, 1192.0, 1200.0, 1208.0, 1216.0, 1224.0, 1232.0, 1240.0, 1248.0, 1256.0, 1264.0, 1272.0, 1280.0, 1288.0, 1296.0, 1304.0, 1312.0, 1320.0, 1328.0, 1336.0, 1344.0, 1352.0, 1360.0, 1368.0, 1376.0, 1384.0, 1392.0, 1400.0, 1408.0, 1416.0, 1424.0, 1432.0, 1440.0, 1448.0, 1456.0, 1464.0, 1472.0, 1480.0, 1488.0, 1496.0, 1504.0, 1512.0, 1520.0, 1528.0, 1536.0, 1544.0, 1552.0, 1560.0, 1568.0, 1576.0, 1584.0, 1592.0, 1600.0, 1608.0, 1616.0, 1624.0, 1632.0, 1640.0, 1648.0, 1656.0], "y": [1, 0, 0, 0, 0, 1, 0, 0, 0, 0, 0, 0, 1, 0, 1, 0, 0, 0, 0, 1, 1, 0, 0, 0, 0, 0, 0, 0, 0, 1, 1, 0, 0, 0, 0, 1, 1, 0, 0, 1, 0, 0, 2, 1, 0, 0, 0, 0, 0, 1, 0, 0, 0, 0, 1, 0, 1, 2, 0, 0, 0, 1, 0, 1, 2, 1, 2, 2, 1, 0, 1, 1, 0, 1, 0, 2, 6, 0, 7, 13, 3, 20, 56, 0, 43, 29, 0, 11, 35, 28, 43, 12, 7, 70, 50, 23, 50, 8, 3, 1, 1, 8, 0]}}