{"percentile": {"x": [1489, 1490, 1501, 1502, 1514, 1515, 1520, 1521, 1523, 1525, 1526, 1527, 1529, 1537, 1538, 1539, 1549, 1550, 1551, 1552, 1554, 1556, 1559, 1560, 1561, 1562, 1563, 1564, 1565, 1566, 1567, 1568, 1569, 1571, 1572, 1573, 1574, 1575, 1576, 1578, 1584, 1585, 1586, 1587, 1588, 1589, 1590, 1591, 1592, 1593, 1594, 1595, 1596, 1597, 1598, 1599, 1600, 1601, 1602, 1603, 1604, 1605, 1606, 1607, 1608, 1609, 1610, 1611, 1612, 1613, 1614, 1615, 1616, 1617, 1618, 1619, 1620, 1621, 1622, 1623, 1624, 1625, 1626, 1627, 1628, 1629, 1630, 1631, 1633, 1634, 1635, 1636, 1637, 1638, 1639, 1640, 1641, 1643, 1645, 1646, 1647, 1648, 1649, 1650, 1651, 1655], "y": [100.0, 99.9, 99.9, 99.8, 99.6, 99.4, 99.3, 99.3, 99.2, 99.0, 98.8, 98.6, 98.5, 98.3, 98.0, 96.8, 96.7, 96.3, 95.6, 95.0, 95.0, 94.8, 94.7, 94.4, 93.8, 92.5, 91.5, 89.3, 89.0, 88.8, 88.6, 88.4, 88.3, 88.1, 87.7, 85.9, 84.2, 82.7, 74.4, 74.3, 74.2, 72.3, 71.0, 68.9, 66.2, 62.1, 61.6, 60.6, 59.9, 59.3, 58.7, 58.3, 56.6, 54.9, 51.9, 49.7, 46.2, 42.2, 41.5, 40.9, 40.4, 39.8, 39.4, 39.0, 37.9, 35.5, 32.400000000000006, 28.599999999999994, 23.099999999999994, 9.200000000000003, 8.799999999999997, 8.299999999999997, 7.700000000000003, 7.5, 7.299999999999997, 7.200000000000003, 6.5, 6.200000000000003, 5.799999999999997, 5.599999999999994, 5.200000000000003, 5.099999999999994, 4.5, 4.5, 4.299999999999997, 4.200000000000003, 4.099999999999994, 3.9000000000000057, 3.5999999999999943, 3.5, 3.5, 3.299999999999997, 3.0999999999999943, 3.0, 3.0, 2.9000000000000057, 2.700000000000003, 2.5999999999999943, 2.5999999999999943, 2.5, 2.299999999999997, 2.0999999999999943, 2.0, 0.20000000000000284, 0.09999999999999432, 0.0]}, "histogram": {"x": [1488.0, 1496.0, 1504.0, 1512.0, 1520.0, 1528.0, 1536.0, 1544.0, 1552.0, 1560.0, 1568.0, 1576.0, 1584.0, 1592.0, 1600.0, 1608.0, 1616.0, 1624.0, 1632.0, 1640.0, 1648.0, 1656.0], "y": [2, 2, 0, 6, 12, 1, 26, 18, 14, 92, 90, 127, 208, 166, 162, 465, 41, 26, 14, 10, 35, 0]}}