{"histogram": {"x": [1062.0, 1080.0, 1098.0, 1116.0, 1134.0, 1152.0, 1170.0, 1188.0, 1206.0, 1224.0, 1242.0, 1260.0, 1278.0, 1296.0, 1314.0, 1332.0, 1350.0, 1368.0, 1386.0, 1404.0, 1422.0, 1440.0, 1458.0, 1476.0, 1494.0, 1512.0, 1530.0, 1548.0, 1566.0, 1584.0, 1602.0, 1620.0, 1638.0, 1656.0], "y": [1, 0, 0, 0, 1, 0, 0, 0, 0, 0, 0, 1, 0, 0, 0, 2, 1, 1, 0, 0, 0, 2, 1, 0, 4, 2, 10, 0, 23, 6, 16, 7, 1, 3, 0]}, "percentile": {"x": [1047, 1123, 1247, 1325, 1329, 1332, 1357, 1424, 1432, 1441, 1476, 1477, 1490, 1501, 1502, 1514, 1515, 1518, 1525, 1526, 1527, 1549, 1550, 1552, 1553, 1555, 1556, 1557, 1560, 1561, 1562, 1564, 1573, 1574, 1575, 1576, 1580, 1585, 1586, 1587, 1588, 1589, 1594, 1595, 1596, 1599, 1601, 1608, 1609, 1613, 1619, 1620, 1650], "y": [98.8, 97.6, 96.3, 95.1, 93.9, 92.6, 91.4, 90.2, 88.9, 87.7, 86.5, 84.0, 82.8, 81.5, 80.3, 77.8, 76.6, 75.4, 72.9, 70.4, 68.0, 66.7, 64.2, 60.5, 58.1, 56.8, 55.6, 54.4, 50.7, 44.5, 42.0, 39.6, 37.1, 35.900000000000006, 34.599999999999994, 33.400000000000006, 32.099999999999994, 29.700000000000003, 24.700000000000003, 21.0, 19.799999999999997, 18.599999999999994, 17.299999999999997, 16.099999999999994, 14.900000000000006, 13.599999999999994, 12.400000000000006, 9.900000000000006, 7.5, 5.0, 3.799999999999997, 2.5, -1.2000000000000028]}}