{"percentile": {"y": [94.2, 82.4, 76.5, 70.6, 64.8, 58.9, 53.0, 47.1, 41.2, 35.3, 29.5, 23.599999999999994, 11.799999999999997, 5.900000000000006, 0.0, -5.799999999999997], "x": [1227, 1502, 1516, 1519, 1565, 1567, 1578, 1589, 1597, 1599, 1600, 1610, 1613, 1621, 1623, 1650]}, "histogram": {"y": [1, 0, 0, 0, 0, 0, 0, 0, 0, 0, 0, 0, 0, 0, 0, 2, 2, 0, 1, 2, 4, 3, 2, 1, 0], "x": [1242.0, 1260.0, 1278.0, 1296.0, 1314.0, 1332.0, 1350.0, 1368.0, 1386.0, 1404.0, 1422.0, 1440.0, 1458.0, 1476.0, 1494.0, 1512.0, 1530.0, 1548.0, 1566.0, 1584.0, 1602.0, 1620.0, 1638.0, 1656.0]}}