{"percentile": {"x": [197, 233, 262, 285, 340, 428, 480, 648, 860, 1098, 1195, 1250, 1403, 1435, 1440, 1465, 1475, 1477, 1478, 1489, 1490, 1500, 1501, 1502, 1512, 1513, 1514, 1515, 1517, 1518, 1521, 1524, 1525, 1526, 1527, 1536, 1537, 1538, 1539, 1548, 1549, 1550, 1551, 1552, 1553, 1555, 1556, 1557, 1560, 1561, 1562, 1563, 1564, 1565, 1572, 1573, 1574, 1575, 1576, 1582, 1584, 1585, 1586, 1587, 1588, 1589, 1590, 1591, 1592, 1593, 1594, 1596, 1597, 1598, 1599, 1600, 1601, 1602, 1604, 1606, 1607, 1608, 1609, 1610, 1611, 1612, 1613, 1614, 1616, 1617, 1620, 1621, 1623, 1624, 1625, 1626, 1633, 1635, 1637, 1650, 1651], "y": [99.9, 99.7, 99.5, 99.3, 99.1, 98.9, 98.5, 98.3, 98.1, 97.9, 97.7, 97.5, 97.4, 97.2, 96.6, 96.4, 96.2, 96.0, 95.6, 95.0, 94.8, 94.5, 93.1, 89.3, 89.1, 87.9, 86.2, 84.8, 84.4, 84.3, 83.9, 83.5, 82.7, 82.1, 81.4, 81.2, 81.0, 80.6, 79.0, 78.9, 76.7, 74.6, 72.9, 69.0, 68.8, 68.3, 68.1, 67.7, 66.1, 65.0, 63.6, 62.3, 60.9, 60.7, 60.6, 59.6, 59.0, 58.4, 56.7, 56.5, 55.5, 53.4, 50.9, 48.8, 47.4, 44.0, 43.8, 43.4, 42.8, 42.2, 41.9, 39.2, 36.5, 34.0, 31.299999999999997, 28.799999999999997, 26.099999999999994, 25.700000000000003, 25.5, 25.299999999999997, 24.5, 22.799999999999997, 20.900000000000006, 19.099999999999994, 16.799999999999997, 13.299999999999997, 7.200000000000003, 6.799999999999997, 6.599999999999994, 6.400000000000006, 4.099999999999994, 3.9000000000000057, 3.700000000000003, 3.5, 3.299999999999997, 2.9000000000000057, 2.700000000000003, 2.4000000000000057, 2.200000000000003, 0.0, -0.09999999999999432]}, "histogram": {"x": [198.0, 216.0, 234.0, 252.0, 270.0, 288.0, 306.0, 324.0, 342.0, 360.0, 378.0, 396.0, 414.0, 432.0, 450.0, 468.0, 486.0, 504.0, 522.0, 540.0, 558.0, 576.0, 594.0, 612.0, 630.0, 648.0, 666.0, 684.0, 702.0, 720.0, 738.0, 756.0, 774.0, 792.0, 810.0, 828.0, 846.0, 864.0, 882.0, 900.0, 918.0, 936.0, 954.0, 972.0, 990.0, 1008.0, 1026.0, 1044.0, 1062.0, 1080.0, 1098.0, 1116.0, 1134.0, 1152.0, 1170.0, 1188.0, 1206.0, 1224.0, 1242.0, 1260.0, 1278.0, 1296.0, 1314.0, 1332.0, 1350.0, 1368.0, 1386.0, 1404.0, 1422.0, 1440.0, 1458.0, 1476.0, 1494.0, 1512.0, 1530.0, 1548.0, 1566.0, 1584.0, 1602.0, 1620.0, 1638.0], "y": [1, 0, 1, 0, 1, 1, 0, 0, 1, 0, 0, 0, 0, 1, 0, 0, 2, 0, 0, 0, 0, 0, 0, 0, 0, 0, 1, 0, 0, 0, 0, 0, 0, 0, 0, 0, 0, 1, 0, 0, 0, 0, 0, 0, 0, 0, 0, 0, 0, 0, 0, 1, 0, 0, 0, 0, 1, 0, 0, 1, 0, 0, 0, 0, 0, 0, 0, 1, 0, 1, 3, 2, 7, 29, 41, 12, 95, 22, 158, 102, 22, 12]}}