{"histogram": {"y": [1, 1, 0, 0, 0, 0, 0, 0, 0, 0, 0, 0, 0, 4, 0, 0, 0, 0, 0, 0, 0, 0, 0, 0, 0, 0, 1, 2, 0, 0, 0, 0, 0, 0, 0, 0, 0, 0, 1, 0, 3, 1, 1, 2, 1, 0, 3, 1, 3, 1, 1, 0, 0, 3, 1, 2, 1, 3, 3, 2, 0, 3, 5, 1, 3, 4, 4, 13, 48, 110, 93, 308, 142, 666, 156, 717, 377, 35, 37, 0], "x": [252.0, 270.0, 288.0, 306.0, 324.0, 342.0, 360.0, 378.0, 396.0, 414.0, 432.0, 450.0, 468.0, 486.0, 504.0, 522.0, 540.0, 558.0, 576.0, 594.0, 612.0, 630.0, 648.0, 666.0, 684.0, 702.0, 720.0, 738.0, 756.0, 774.0, 792.0, 810.0, 828.0, 846.0, 864.0, 882.0, 900.0, 918.0, 936.0, 954.0, 972.0, 990.0, 1008.0, 1026.0, 1044.0, 1062.0, 1080.0, 1098.0, 1116.0, 1134.0, 1152.0, 1170.0, 1188.0, 1206.0, 1224.0, 1242.0, 1260.0, 1278.0, 1296.0, 1314.0, 1332.0, 1350.0, 1368.0, 1386.0, 1404.0, 1422.0, 1440.0, 1458.0, 1476.0, 1494.0, 1512.0, 1530.0, 1548.0, 1566.0, 1584.0, 1602.0, 1620.0, 1638.0, 1656.0]}, "percentile": {"y": [100.0, 100.0, 100.0, 99.9, 99.8, 99.8, 99.7, 99.7, 99.7, 99.6, 99.5, 99.5, 99.5, 99.4, 99.4, 99.3, 99.3, 99.3, 99.2, 99.2, 99.1, 99.1, 99.1, 99.0, 99.0, 99.0, 98.9, 98.9, 98.9, 98.8, 98.8, 98.7, 98.7, 98.7, 98.6, 98.6, 98.6, 98.5, 98.5, 98.4, 98.3, 98.3, 98.3, 98.2, 98.2, 98.2, 98.1, 98.1, 98.1, 98.0, 98.0, 98.0, 97.9, 97.9, 97.8, 97.8, 97.8, 97.6, 97.6, 97.3, 97.3, 97.3, 95.6, 94.7, 93.7, 93.6, 93.6, 93.5, 93.4, 93.4, 93.4, 93.1, 92.4, 91.7, 91.6, 91.6, 91.3, 90.5, 88.3, 88.3, 88.1, 87.1, 85.2, 83.6, 83.4, 83.3, 83.1, 83.0, 82.9, 82.8, 82.7, 81.8, 80.4, 78.8, 77.2, 77.2, 77.1, 77.0, 77.0, 76.9, 76.9, 76.6, 75.3, 74.1, 72.3, 72.3, 72.2, 72.1, 72.1, 72.1, 72.0, 72.0, 72.0, 71.7, 69.8, 67.5, 65.1, 61.9, 61.7, 61.3, 60.9, 60.6, 60.4, 60.0, 59.5, 57.9, 55.9, 53.1, 50.8, 48.0, 47.9, 47.7, 47.6, 47.5, 47.4, 47.3, 47.2, 46.8, 45.7, 44.6, 43.8, 42.4, 42.4, 42.3, 42.2, 41.7, 39.8, 37.7, 34.8, 32.2, 28.599999999999994, 28.299999999999997, 28.099999999999994, 27.799999999999997, 27.5, 27.299999999999997, 27.099999999999994, 25.5, 23.900000000000006, 22.099999999999994, 19.799999999999997, 18.0, 16.299999999999997, 16.0, 15.799999999999997, 15.5, 15.299999999999997, 15.0, 14.900000000000006, 13.700000000000003, 12.5, 11.099999999999994, 9.400000000000006, 7.900000000000006, 3.0999999999999943, 2.9000000000000057, 2.799999999999997, 2.799999999999997, 2.700000000000003, 2.5999999999999943, 2.299999999999997, 2.200000000000003, 2.200000000000003, 2.0, 1.9000000000000057, 1.7999999999999972, 1.5999999999999943, 1.5999999999999943, 1.5, 1.5, 1.4000000000000057, 1.4000000000000057, 1.2999999999999972, 1.2000000000000028, 0.20000000000000284, 0.20000000000000284], "x": [234, 258, 479, 480, 719, 720, 927, 956, 960, 985, 1002, 1012, 1016, 1042, 1073, 1074, 1084, 1101, 1107, 1112, 1125, 1150, 1192, 1193, 1199, 1214, 1230, 1237, 1258, 1265, 1275, 1276, 1284, 1287, 1295, 1307, 1308, 1332, 1338, 1350, 1357, 1358, 1362, 1377, 1398, 1399, 1400, 1410, 1413, 1418, 1420, 1422, 1428, 1429, 1433, 1440, 1441, 1447, 1453, 1462, 1464, 1465, 1477, 1478, 1479, 1480, 1481, 1482, 1483, 1484, 1488, 1489, 1490, 1492, 1499, 1500, 1501, 1502, 1503, 1512, 1513, 1514, 1515, 1516, 1517, 1518, 1520, 1521, 1522, 1523, 1524, 1525, 1526, 1527, 1528, 1529, 1531, 1533, 1534, 1535, 1536, 1537, 1538, 1539, 1540, 1541, 1542, 1543, 1544, 1545, 1546, 1547, 1548, 1549, 1550, 1551, 1552, 1553, 1554, 1555, 1556, 1557, 1558, 1559, 1560, 1561, 1562, 1563, 1564, 1565, 1566, 1567, 1568, 1569, 1570, 1571, 1572, 1573, 1574, 1575, 1576, 1578, 1582, 1583, 1584, 1585, 1586, 1587, 1588, 1589, 1590, 1591, 1592, 1593, 1594, 1595, 1596, 1597, 1598, 1599, 1600, 1601, 1602, 1603, 1604, 1605, 1606, 1607, 1608, 1609, 1610, 1611, 1612, 1613, 1614, 1615, 1617, 1618, 1619, 1620, 1621, 1622, 1623, 1624, 1625, 1626, 1630, 1632, 1634, 1635, 1636, 1646, 1649, 1650, 1653, 1655]}}
