{"percentile": {"x": [944, 1490, 1502, 1512, 1514, 1515, 1525, 1526, 1527, 1538, 1539, 1548, 1549, 1550, 1551, 1552, 1553, 1556, 1559, 1560, 1561, 1562, 1563, 1564, 1572, 1573, 1574, 1576, 1578, 1584, 1585, 1586, 1587, 1588, 1589, 1590, 1591, 1592, 1593, 1595, 1596, 1597, 1598, 1599, 1600, 1601, 1603, 1604, 1608, 1609, 1610, 1611, 1612, 1613, 1614, 1621, 1622, 1623, 1625, 1633, 1634, 1635, 1645, 1647, 1650], "y": [99.5, 98.9, 96.1, 95.6, 94.4, 93.9, 93.3, 92.2, 91.6, 90.5, 89.4, 88.8, 87.7, 84.3, 82.1, 78.1, 77.6, 77.0, 76.5, 75.3, 74.2, 72.5, 71.4, 70.8, 70.3, 69.7, 68.6, 67.5, 66.9, 66.3, 63.5, 61.8, 59.6, 56.8, 50.0, 48.4, 47.2, 46.7, 46.1, 45.6, 43.9, 41.6, 39.9, 37.1, 34.3, 31.5, 30.900000000000006, 30.400000000000006, 28.700000000000003, 25.900000000000006, 23.099999999999994, 21.400000000000006, 20.299999999999997, 10.700000000000003, 8.5, 7.400000000000006, 6.799999999999997, 6.200000000000003, 5.700000000000003, 5.099999999999994, 4.5, 4.0, 3.4000000000000057, 2.9000000000000057, -0.5]}, "histogram": {"x": [944.0, 952.0, 960.0, 968.0, 976.0, 984.0, 992.0, 1000.0, 1008.0, 1016.0, 1024.0, 1032.0, 1040.0, 1048.0, 1056.0, 1064.0, 1072.0, 1080.0, 1088.0, 1096.0, 1104.0, 1112.0, 1120.0, 1128.0, 1136.0, 1144.0, 1152.0, 1160.0, 1168.0, 1176.0, 1184.0, 1192.0, 1200.0, 1208.0, 1216.0, 1224.0, 1232.0, 1240.0, 1248.0, 1256.0, 1264.0, 1272.0, 1280.0, 1288.0, 1296.0, 1304.0, 1312.0, 1320.0, 1328.0, 1336.0, 1344.0, 1352.0, 1360.0, 1368.0, 1376.0, 1384.0, 1392.0, 1400.0, 1408.0, 1416.0, 1424.0, 1432.0, 1440.0, 1448.0, 1456.0, 1464.0, 1472.0, 1480.0, 1488.0, 1496.0, 1504.0, 1512.0, 1520.0, 1528.0, 1536.0, 1544.0, 1552.0, 1560.0, 1568.0, 1576.0, 1584.0, 1592.0, 1600.0, 1608.0, 1616.0, 1624.0, 1632.0, 1640.0, 1648.0, 1656.0], "y": [1, 0, 0, 0, 0, 0, 0, 0, 0, 0, 0, 0, 0, 0, 0, 0, 0, 0, 0, 0, 0, 0, 0, 0, 0, 0, 0, 0, 0, 0, 0, 0, 0, 0, 0, 0, 0, 0, 0, 0, 0, 0, 0, 0, 0, 0, 0, 0, 0, 0, 0, 0, 0, 0, 0, 0, 0, 0, 0, 0, 0, 0, 0, 0, 0, 0, 0, 0, 1, 5, 0, 4, 4, 0, 4, 13, 10, 10, 4, 3, 35, 18, 12, 39, 4, 1, 3, 2, 6, 0]}}