{"histogram": {"x": [1448.0, 1456.0, 1464.0, 1472.0, 1480.0, 1488.0, 1496.0, 1504.0, 1512.0, 1520.0, 1528.0, 1536.0, 1544.0, 1552.0, 1560.0, 1568.0, 1576.0, 1584.0, 1592.0, 1600.0, 1608.0, 1616.0, 1624.0, 1632.0, 1640.0, 1648.0, 1656.0], "y": [1, 0, 0, 0, 0, 1, 2, 0, 2, 0, 0, 3, 3, 3, 14, 24, 50, 42, 73, 75, 312, 50, 46, 28, 13, 37, 0]}, "percentile": {"x": [1448, 1490, 1502, 1515, 1536, 1538, 1539, 1549, 1550, 1551, 1552, 1558, 1561, 1562, 1563, 1564, 1565, 1566, 1568, 1573, 1574, 1575, 1576, 1585, 1586, 1587, 1588, 1589, 1590, 1591, 1592, 1593, 1594, 1595, 1596, 1597, 1598, 1599, 1600, 1601, 1602, 1603, 1604, 1605, 1606, 1607, 1608, 1609, 1610, 1611, 1612, 1613, 1614, 1615, 1616, 1617, 1618, 1619, 1620, 1621, 1622, 1623, 1624, 1625, 1626, 1627, 1628, 1629, 1630, 1631, 1632, 1633, 1634, 1635, 1636, 1637, 1638, 1639, 1640, 1641, 1642, 1643, 1644, 1645, 1646, 1647, 1649, 1650, 1651, 1653, 1655], "y": [99.9, 99.8, 99.5, 99.3, 99.2, 99.0, 98.9, 98.8, 98.6, 98.5, 98.3, 98.1, 97.9, 97.2, 97.0, 96.6, 96.5, 96.3, 96.1, 95.4, 94.4, 93.2, 86.8, 86.6, 85.7, 84.6, 83.6, 82.4, 81.7, 81.4, 80.9, 80.6, 80.4, 79.9, 78.5, 76.8, 74.1, 72.0, 69.5, 66.8, 66.0, 65.0, 64.6, 63.5, 62.9, 62.4, 61.6, 59.8, 57.2, 54.7, 50.4, 24.900000000000006, 23.299999999999997, 22.299999999999997, 21.0, 20.0, 18.700000000000003, 18.299999999999997, 17.299999999999997, 17.0, 16.400000000000006, 15.900000000000006, 15.700000000000003, 14.400000000000006, 14.200000000000003, 13.700000000000003, 12.5, 11.5, 10.5, 9.900000000000006, 9.200000000000003, 9.0, 8.700000000000003, 8.0, 7.5, 7.400000000000006, 6.599999999999994, 6.299999999999997, 6.099999999999994, 6.0, 5.599999999999994, 5.200000000000003, 5.099999999999994, 4.900000000000006, 4.799999999999997, 4.700000000000003, 4.400000000000006, 1.5999999999999943, 1.2999999999999972, 0.7000000000000028, -0.09999999999999432]}}