{"histogram": {"x": [480.0, 488.0, 496.0, 504.0, 512.0, 520.0, 528.0, 536.0, 544.0, 552.0, 560.0, 568.0, 576.0, 584.0, 592.0, 600.0, 608.0, 616.0, 624.0, 632.0, 640.0, 648.0, 656.0, 664.0, 672.0, 680.0, 688.0, 696.0, 704.0, 712.0, 720.0, 728.0, 736.0, 744.0, 752.0, 760.0, 768.0, 776.0, 784.0, 792.0, 800.0, 808.0, 816.0, 824.0, 832.0, 840.0, 848.0, 856.0, 864.0, 872.0, 880.0, 888.0, 896.0, 904.0, 912.0, 920.0, 928.0, 936.0, 944.0, 952.0, 960.0, 968.0, 976.0, 984.0, 992.0, 1000.0, 1008.0, 1016.0, 1024.0, 1032.0, 1040.0, 1048.0, 1056.0, 1064.0, 1072.0, 1080.0, 1088.0, 1096.0, 1104.0, 1112.0, 1120.0, 1128.0, 1136.0, 1144.0, 1152.0, 1160.0, 1168.0, 1176.0, 1184.0, 1192.0, 1200.0, 1208.0, 1216.0, 1224.0, 1232.0, 1240.0, 1248.0, 1256.0, 1264.0, 1272.0, 1280.0, 1288.0, 1296.0, 1304.0, 1312.0, 1320.0, 1328.0, 1336.0, 1344.0, 1352.0, 1360.0, 1368.0, 1376.0, 1384.0, 1392.0, 1400.0, 1408.0, 1416.0, 1424.0, 1432.0, 1440.0, 1448.0, 1456.0, 1464.0, 1472.0, 1480.0, 1488.0, 1496.0, 1504.0, 1512.0, 1520.0, 1528.0, 1536.0, 1544.0, 1552.0, 1560.0, 1568.0, 1576.0, 1584.0, 1592.0, 1600.0, 1608.0, 1616.0, 1624.0, 1632.0, 1640.0, 1648.0, 1656.0], "y": [1, 0, 0, 0, 0, 0, 0, 0, 0, 0, 0, 0, 0, 0, 0, 0, 0, 0, 0, 0, 0, 0, 0, 0, 0, 0, 0, 0, 0, 0, 0, 0, 0, 0, 0, 0, 0, 0, 0, 0, 0, 0, 0, 0, 0, 0, 0, 0, 0, 0, 0, 0, 0, 0, 0, 0, 0, 0, 0, 0, 0, 0, 0, 0, 0, 0, 0, 0, 0, 0, 0, 0, 0, 0, 0, 0, 0, 0, 0, 0, 0, 0, 0, 0, 0, 0, 0, 0, 0, 0, 0, 0, 0, 0, 0, 0, 0, 0, 0, 0, 0, 0, 0, 0, 0, 0, 0, 0, 0, 0, 0, 0, 1, 0, 1, 0, 0, 0, 0, 0, 1, 0, 0, 4, 3, 0, 3, 13, 0, 12, 17, 1, 17, 23, 19, 38, 11, 5, 39, 25, 16, 39, 3, 1, 1, 0, 3, 0]}, "percentile": {"x": [480, 1377, 1398, 1441, 1465, 1477, 1478, 1490, 1500, 1501, 1502, 1513, 1514, 1517, 1522, 1524, 1525, 1526, 1527, 1531, 1537, 1538, 1539, 1541, 1542, 1546, 1548, 1549, 1550, 1551, 1552, 1555, 1556, 1557, 1558, 1559, 1560, 1561, 1562, 1563, 1564, 1566, 1567, 1573, 1574, 1575, 1576, 1583, 1584, 1585, 1586, 1587, 1588, 1589, 1590, 1591, 1593, 1594, 1595, 1596, 1597, 1598, 1599, 1600, 1601, 1602, 1603, 1608, 1609, 1610, 1611, 1612, 1613, 1614, 1620, 1623, 1626, 1634, 1650], "y": [99.7, 99.4, 99.0, 98.7, 97.3, 96.7, 96.3, 95.3, 95.0, 94.0, 90.9, 89.2, 87.2, 86.9, 86.5, 86.2, 84.2, 82.5, 81.1, 80.8, 79.8, 77.8, 75.7, 75.4, 75.0, 74.7, 74.4, 71.7, 68.6, 67.3, 63.6, 63.2, 62.9, 62.2, 61.5, 60.9, 58.5, 56.8, 54.1, 51.7, 48.7, 48.4, 48.0, 46.3, 45.0, 44.3, 43.0, 42.6, 41.9, 39.2, 38.6, 36.5, 35.900000000000006, 30.5, 30.099999999999994, 29.400000000000006, 29.099999999999994, 28.400000000000006, 28.099999999999994, 26.700000000000003, 24.0, 22.0, 21.0, 18.299999999999997, 16.299999999999997, 15.900000000000006, 15.599999999999994, 14.200000000000003, 12.900000000000006, 11.200000000000003, 9.5, 8.5, 2.799999999999997, 2.4000000000000057, 1.7000000000000028, 1.4000000000000057, 1.0999999999999943, 0.7000000000000028, -0.29999999999999716]}}