{"histogram": {"y": [2, 0, 0, 0, 0, 6, 0, 3, 3, 18, 4, 28, 4, 0, 1, 0, 3], "x": [1520.0, 1528.0, 1536.0, 1544.0, 1552.0, 1560.0, 1568.0, 1576.0, 1584.0, 1592.0, 1600.0, 1608.0, 1616.0, 1624.0, 1632.0, 1640.0, 1648.0]}, "percentile": {"y": [98.6, 97.2, 93.0, 91.6, 88.8, 84.6, 83.1, 81.7, 80.3, 73.3, 66.2, 60.6, 55.0, 53.6, 50.8, 49.3, 43.7, 42.3, 38.1, 36.7, 9.900000000000006, 7.099999999999994, 5.700000000000003, 4.299999999999997, 2.9000000000000057, -1.4000000000000057], "x": [1524, 1527, 1560, 1561, 1563, 1576, 1585, 1588, 1589, 1596, 1597, 1598, 1599, 1600, 1601, 1603, 1608, 1610, 1611, 1612, 1613, 1619, 1620, 1623, 1638, 1650]}}