{"percentile": {"y": [66.7, 33.400000000000006, 0.0, -33.30000000000001], "x": [1571, 1587, 1610, 1613]}, "histogram": {"y": [1, 1, 2, 0], "x": [1584.0, 1602.0, 1620.0]}}