{"percentile": {"y": [95.7, 91.4, 87.0, 82.7, 74.0, 69.6, 43.5, 39.2, 34.8, 30.5, 26.099999999999994, 21.799999999999997, 17.400000000000006, 8.700000000000003, 4.400000000000006, 0.0, -4.299999999999997], "x": [1576, 1589, 1594, 1595, 1596, 1612, 1613, 1619, 1620, 1622, 1623, 1624, 1633, 1636, 1639, 1643, 1650]}, "histogram": {"y": [1, 1, 4, 0, 7, 4, 1, 4, 1, 1, 0], "x": [1576.0, 1584.0, 1592.0, 1600.0, 1608.0, 1616.0, 1624.0, 1632.0, 1640.0, 1648.0, 1656.0]}}