{"histogram": {"x": [1544.0, 1552.0, 1560.0, 1568.0, 1576.0, 1584.0, 1592.0, 1600.0, 1608.0, 1616.0, 1624.0, 1632.0, 1640.0, 1648.0], "y": [1, 1, 0, 0, 0, 0, 0, 1, 5, 3, 0, 0, 0, 1]}, "percentile": {"x": [1551, 1552, 1601, 1610, 1611, 1613, 1615, 1618, 1620, 1621, 1650], "y": [91.0, 81.9, 72.8, 54.6, 45.5, 36.4, 27.299999999999997, 18.200000000000003, 9.099999999999994, 0.0, -9.0]}}