{"histogram": {"x": [1192.0, 1200.0, 1208.0, 1216.0, 1224.0, 1232.0, 1240.0, 1248.0, 1256.0, 1264.0, 1272.0, 1280.0, 1288.0, 1296.0, 1304.0, 1312.0, 1320.0, 1328.0, 1336.0, 1344.0, 1352.0, 1360.0, 1368.0, 1376.0, 1384.0, 1392.0, 1400.0, 1408.0, 1416.0, 1424.0, 1432.0, 1440.0, 1448.0, 1456.0, 1464.0, 1472.0, 1480.0, 1488.0, 1496.0, 1504.0, 1512.0, 1520.0, 1528.0, 1536.0, 1544.0, 1552.0, 1560.0, 1568.0, 1576.0, 1584.0, 1592.0, 1600.0, 1608.0, 1616.0, 1624.0, 1632.0, 1640.0, 1648.0, 1656.0], "y": [1, 0, 0, 1, 0, 0, 0, 0, 0, 0, 0, 0, 0, 0, 0, 0, 0, 0, 0, 0, 0, 0, 0, 0, 0, 0, 0, 0, 0, 0, 0, 0, 0, 0, 0, 1, 0, 1, 3, 0, 7, 8, 0, 2, 8, 9, 11, 4, 4, 24, 20, 12, 46, 3, 1, 6, 1, 5, 0]}, "percentile": {"x": [1194, 1220, 1477, 1489, 1502, 1514, 1515, 1516, 1520, 1524, 1526, 1527, 1539, 1549, 1551, 1552, 1556, 1557, 1559, 1560, 1561, 1562, 1563, 1570, 1572, 1573, 1574, 1576, 1578, 1584, 1585, 1586, 1587, 1588, 1589, 1590, 1591, 1593, 1595, 1596, 1597, 1598, 1599, 1600, 1601, 1605, 1606, 1608, 1609, 1610, 1611, 1612, 1613, 1614, 1618, 1620, 1623, 1626, 1632, 1635, 1636, 1638, 1646, 1650], "y": [99.5, 98.9, 98.4, 97.8, 96.1, 93.8, 92.7, 92.1, 91.6, 89.9, 88.2, 87.6, 86.5, 85.9, 82.0, 78.6, 78.0, 77.5, 76.9, 74.6, 73.5, 71.8, 70.7, 70.1, 69.5, 69.0, 68.4, 66.7, 66.2, 65.6, 63.3, 60.5, 59.9, 58.2, 54.3, 53.7, 52.6, 52.0, 51.5, 49.2, 47.5, 45.8, 41.3, 38.5, 35.599999999999994, 35.099999999999994, 34.5, 32.8, 31.099999999999994, 28.299999999999997, 23.799999999999997, 18.099999999999994, 9.700000000000003, 8.5, 8.0, 7.400000000000006, 6.799999999999997, 6.299999999999997, 5.099999999999994, 4.599999999999994, 3.4000000000000057, 2.9000000000000057, 2.299999999999997, -0.5]}}