{"percentile": {"y": [99.5, 98.9, 98.3, 97.8, 97.2, 96.6, 96.0, 95.5, 94.9, 94.3, 90.9, 90.3, 89.7, 89.1, 88.6, 88.0, 87.4, 86.3, 84.5, 84.0, 83.4, 82.2, 80.5, 79.4, 78.8, 77.6, 76.5, 75.3, 74.8, 74.2, 73.6, 73.0, 72.5, 71.9, 71.3, 70.7, 70.2, 69.0, 67.9, 66.7, 65.6, 62.7, 59.8, 57.5, 54.6, 53.5, 51.8, 48.3, 47.8, 47.2, 44.3, 42.0, 38.6, 36.8, 34.0, 15.599999999999994, 15.0, 14.400000000000006, 12.700000000000003, 10.400000000000006, 9.200000000000003, 8.099999999999994, 5.799999999999997, 5.200000000000003, 4.599999999999994, 4.099999999999994, 2.9000000000000057, 2.299999999999997, -0.5], "x": [277, 367, 760, 947, 1093, 1227, 1359, 1478, 1481, 1501, 1502, 1513, 1515, 1516, 1519, 1520, 1525, 1526, 1539, 1548, 1549, 1550, 1551, 1552, 1560, 1562, 1563, 1564, 1565, 1566, 1567, 1569, 1571, 1572, 1575, 1576, 1578, 1584, 1585, 1587, 1588, 1589, 1596, 1597, 1598, 1599, 1600, 1601, 1602, 1606, 1608, 1609, 1610, 1611, 1612, 1613, 1615, 1618, 1620, 1621, 1623, 1624, 1625, 1634, 1636, 1639, 1646, 1648, 1650]}, "histogram": {"y": [1, 0, 0, 0, 0, 0, 0, 0, 0, 0, 0, 1, 0, 0, 0, 0, 0, 0, 0, 0, 0, 0, 0, 0, 0, 0, 0, 0, 0, 0, 0, 0, 0, 0, 0, 0, 0, 0, 0, 0, 0, 0, 0, 0, 0, 0, 0, 0, 0, 0, 0, 0, 0, 0, 0, 0, 0, 0, 0, 0, 0, 1, 0, 0, 0, 0, 0, 0, 0, 0, 0, 0, 0, 0, 0, 0, 0, 0, 0, 0, 0, 0, 0, 0, 1, 0, 0, 0, 0, 0, 0, 0, 0, 0, 0, 0, 0, 0, 0, 0, 0, 0, 1, 0, 0, 0, 0, 0, 0, 0, 0, 0, 0, 0, 0, 0, 0, 0, 0, 1, 0, 0, 0, 0, 0, 0, 0, 0, 0, 0, 0, 0, 0, 0, 0, 1, 0, 0, 0, 0, 0, 0, 0, 0, 0, 0, 0, 0, 0, 0, 1, 1, 0, 7, 0, 4, 4, 0, 3, 7, 2, 10, 4, 2, 13, 16, 11, 56, 10, 6, 3, 2, 6], "x": [272.0, 280.0, 288.0, 296.0, 304.0, 312.0, 320.0, 328.0, 336.0, 344.0, 352.0, 360.0, 368.0, 376.0, 384.0, 392.0, 400.0, 408.0, 416.0, 424.0, 432.0, 440.0, 448.0, 456.0, 464.0, 472.0, 480.0, 488.0, 496.0, 504.0, 512.0, 520.0, 528.0, 536.0, 544.0, 552.0, 560.0, 568.0, 576.0, 584.0, 592.0, 600.0, 608.0, 616.0, 624.0, 632.0, 640.0, 648.0, 656.0, 664.0, 672.0, 680.0, 688.0, 696.0, 704.0, 712.0, 720.0, 728.0, 736.0, 744.0, 752.0, 760.0, 768.0, 776.0, 784.0, 792.0, 800.0, 808.0, 816.0, 824.0, 832.0, 840.0, 848.0, 856.0, 864.0, 872.0, 880.0, 888.0, 896.0, 904.0, 912.0, 920.0, 928.0, 936.0, 944.0, 952.0, 960.0, 968.0, 976.0, 984.0, 992.0, 1000.0, 1008.0, 1016.0, 1024.0, 1032.0, 1040.0, 1048.0, 1056.0, 1064.0, 1072.0, 1080.0, 1088.0, 1096.0, 1104.0, 1112.0, 1120.0, 1128.0, 1136.0, 1144.0, 1152.0, 1160.0, 1168.0, 1176.0, 1184.0, 1192.0, 1200.0, 1208.0, 1216.0, 1224.0, 1232.0, 1240.0, 1248.0, 1256.0, 1264.0, 1272.0, 1280.0, 1288.0, 1296.0, 1304.0, 1312.0, 1320.0, 1328.0, 1336.0, 1344.0, 1352.0, 1360.0, 1368.0, 1376.0, 1384.0, 1392.0, 1400.0, 1408.0, 1416.0, 1424.0, 1432.0, 1440.0, 1448.0, 1456.0, 1464.0, 1472.0, 1480.0, 1488.0, 1496.0, 1504.0, 1512.0, 1520.0, 1528.0, 1536.0, 1544.0, 1552.0, 1560.0, 1568.0, 1576.0, 1584.0, 1592.0, 1600.0, 1608.0, 1616.0, 1624.0, 1632.0, 1640.0, 1648.0]}}