{"percentile": {"x": [1477, 1501, 1515, 1522, 1524, 1539, 1549, 1550, 1552, 1561, 1563, 1564, 1570, 1572, 1573, 1574, 1575, 1576, 1584, 1585, 1586, 1587, 1588, 1589, 1590, 1591, 1593, 1595, 1596, 1597, 1598, 1599, 1600, 1601, 1603, 1606, 1607, 1608, 1609, 1610, 1611, 1612, 1613, 1614, 1615, 1616, 1617, 1621, 1622, 1623, 1625, 1626, 1628, 1629, 1630, 1631, 1633, 1635, 1638, 1644, 1645, 1648, 1650], "y": [99.6, 99.2, 98.8, 98.4, 98.0, 97.5, 97.1, 96.7, 96.3, 95.9, 95.0, 93.8, 93.4, 92.1, 90.9, 90.0, 88.8, 82.5, 82.1, 80.9, 78.4, 76.7, 75.5, 74.6, 73.8, 73.4, 72.5, 70.5, 69.2, 67.5, 63.8, 60.9, 55.5, 50.9, 50.0, 49.6, 48.8, 45.9, 44.6, 40.0, 34.2, 30.5, 15.900000000000006, 14.599999999999994, 13.400000000000006, 12.5, 12.099999999999994, 11.299999999999997, 10.0, 9.200000000000003, 8.799999999999997, 8.400000000000006, 8.0, 7.5, 7.099999999999994, 6.700000000000003, 5.900000000000006, 4.599999999999994, 4.200000000000003, 3.799999999999997, 3.4000000000000057, 3.0, -0.4000000000000057]}, "histogram": {"x": [1472.0, 1480.0, 1488.0, 1496.0, 1504.0, 1512.0, 1520.0, 1528.0, 1536.0, 1544.0, 1552.0, 1560.0, 1568.0, 1576.0, 1584.0, 1592.0, 1600.0, 1608.0, 1616.0, 1624.0, 1632.0, 1640.0, 1648.0], "y": [1, 0, 0, 1, 0, 1, 2, 0, 1, 2, 1, 6, 12, 15, 22, 30, 29, 85, 10, 6, 6, 2, 9]}}