{"histogram": {"y": [1, 1, 0, 0, 0, 1, 2, 0, 0, 5, 17, 1, 41, 25, 24, 122, 122, 181, 215, 218, 204, 454, 60, 28, 11, 3, 32, 0], "x": [1440.0, 1448.0, 1456.0, 1464.0, 1472.0, 1480.0, 1488.0, 1496.0, 1504.0, 1512.0, 1520.0, 1528.0, 1536.0, 1544.0, 1552.0, 1560.0, 1568.0, 1576.0, 1584.0, 1592.0, 1600.0, 1608.0, 1616.0, 1624.0, 1632.0, 1640.0, 1648.0, 1656.0]}, "percentile": {"y": [100.0, 99.9, 99.9, 99.8, 99.8, 99.7, 99.6, 99.5, 99.5, 99.4, 99.2, 98.9, 98.5, 98.5, 98.1, 97.9, 96.2, 96.1, 96.1, 95.9, 95.4, 94.7, 94.2, 94.1, 93.9, 93.7, 93.7, 93.4, 93.1, 92.5, 91.4, 89.6, 87.0, 86.9, 86.5, 86.5, 86.4, 86.1, 85.8, 85.7, 85.1, 83.9, 82.0, 79.6, 69.3, 68.2, 66.4, 65.3, 62.2, 58.7, 58.1, 57.2, 56.3, 55.8, 55.2, 54.5, 53.3, 50.9, 47.9, 44.8, 40.3, 36.6, 36.1, 35.5, 35.0, 34.599999999999994, 34.099999999999994, 33.3, 32.099999999999994, 29.900000000000006, 26.900000000000006, 23.5, 19.799999999999997, 8.5, 7.900000000000006, 7.599999999999994, 7.200000000000003, 6.799999999999997, 6.400000000000006, 6.0, 5.299999999999997, 4.900000000000006, 4.599999999999994, 4.200000000000003, 3.9000000000000057, 3.700000000000003, 3.299999999999997, 3.0, 2.9000000000000057, 2.799999999999997, 2.700000000000003, 2.5999999999999943, 2.5, 2.299999999999997, 2.299999999999997, 2.200000000000003, 2.0, 1.9000000000000057, 1.9000000000000057, 1.7999999999999972, 1.5, 1.4000000000000057, 0.20000000000000284, 0.20000000000000284, 0.0], "x": [1441, 1453, 1485, 1489, 1490, 1513, 1514, 1515, 1517, 1524, 1525, 1526, 1527, 1530, 1537, 1538, 1539, 1540, 1548, 1549, 1550, 1551, 1552, 1554, 1555, 1556, 1557, 1559, 1560, 1561, 1562, 1563, 1564, 1565, 1566, 1567, 1568, 1569, 1570, 1571, 1572, 1573, 1574, 1575, 1576, 1585, 1586, 1587, 1588, 1589, 1590, 1591, 1592, 1593, 1594, 1595, 1596, 1597, 1598, 1599, 1600, 1601, 1602, 1603, 1604, 1605, 1606, 1607, 1608, 1609, 1610, 1611, 1612, 1613, 1614, 1615, 1616, 1617, 1618, 1619, 1620, 1621, 1622, 1623, 1624, 1625, 1626, 1627, 1628, 1629, 1630, 1631, 1632, 1633, 1635, 1636, 1637, 1642, 1645, 1646, 1648, 1649, 1650, 1652, 1655]}}