{"percentile": {"x": [1564, 1576, 1587, 1588, 1589, 1593, 1597, 1598, 1600, 1601, 1608, 1611, 1613, 1620, 1631, 1635, 1650], "y": [95.9, 91.7, 87.5, 83.4, 79.2, 75.0, 70.9, 62.5, 54.2, 50.0, 45.9, 41.7, 12.5, 8.400000000000006, 4.200000000000003, 0.0, -4.099999999999994]}, "histogram": {"x": [1560.0, 1568.0, 1576.0, 1584.0, 1592.0, 1600.0, 1608.0, 1616.0, 1624.0, 1632.0, 1640.0, 1648.0], "y": [1, 0, 1, 3, 4, 3, 9, 1, 1, 1, 0, 1]}}