{"percentile": {"x": [1453, 1477, 1478, 1490, 1502, 1513, 1515, 1526, 1527, 1537, 1538, 1539, 1549, 1550, 1551, 1552, 1553, 1555, 1556, 1557, 1560, 1561, 1562, 1563, 1564, 1565, 1566, 1567, 1568, 1569, 1570, 1571, 1572, 1573, 1574, 1575, 1576, 1584, 1585, 1586, 1587, 1588, 1589, 1590, 1591, 1592, 1593, 1594, 1595, 1596, 1597, 1598, 1599, 1600, 1601, 1602, 1603, 1604, 1605, 1606, 1607, 1608, 1609, 1610, 1611, 1612, 1613, 1614, 1615, 1616, 1617, 1618, 1619, 1620, 1621, 1622, 1623, 1624, 1625, 1626, 1627, 1628, 1629, 1630, 1631, 1632, 1633, 1634, 1635, 1636, 1637, 1638, 1639, 1640, 1641, 1643, 1644, 1645, 1647, 1648, 1649, 1650, 1651, 1652, 1654, 1655], "y": [100.0, 99.9, 99.8, 99.8, 99.6, 99.6, 99.5, 99.2, 98.9, 98.4, 97.8, 97.1, 96.9, 96.6, 95.9, 95.1, 95.0, 94.9, 94.8, 94.8, 94.7, 94.1, 92.8, 91.6, 90.3, 90.1, 89.9, 89.7, 89.5, 89.4, 89.4, 89.1, 88.8, 87.1, 86.1, 84.0, 74.9, 74.9, 73.9, 72.1, 69.8, 68.0, 64.9, 64.1, 63.5, 62.7, 62.1, 61.7, 60.8, 59.4, 56.8, 53.0, 50.2, 46.6, 42.6, 42.2, 41.5, 41.0, 40.3, 39.7, 39.1, 37.5, 35.400000000000006, 32.5, 28.599999999999994, 23.900000000000006, 11.799999999999997, 11.200000000000003, 10.700000000000003, 10.299999999999997, 9.799999999999997, 9.599999999999994, 8.799999999999997, 8.299999999999997, 7.799999999999997, 7.299999999999997, 7.0, 6.799999999999997, 6.0, 5.799999999999997, 5.599999999999994, 5.200000000000003, 4.799999999999997, 4.799999999999997, 4.599999999999994, 4.400000000000006, 4.099999999999994, 3.5, 3.299999999999997, 3.0, 2.9000000000000057, 2.799999999999997, 2.799999999999997, 2.700000000000003, 2.5999999999999943, 2.5, 2.5, 2.299999999999997, 2.200000000000003, 2.0, 1.9000000000000057, 0.5, 0.4000000000000057, 0.29999999999999716, 0.29999999999999716, 0.0]}, "histogram": {"x": [1458.0, 1476.0, 1494.0, 1512.0, 1530.0, 1548.0, 1566.0, 1584.0, 1602.0, 1620.0, 1638.0, 1656.0], "y": [1, 0, 3, 2, 10, 26, 98, 212, 453, 474, 83, 41, 0]}}