{"histogram": {"x": [936.0, 944.0, 952.0, 960.0, 968.0, 976.0, 984.0, 992.0, 1000.0, 1008.0, 1016.0, 1024.0, 1032.0, 1040.0, 1048.0, 1056.0, 1064.0, 1072.0, 1080.0, 1088.0, 1096.0, 1104.0, 1112.0, 1120.0, 1128.0, 1136.0, 1144.0, 1152.0, 1160.0, 1168.0, 1176.0, 1184.0, 1192.0, 1200.0, 1208.0, 1216.0, 1224.0, 1232.0, 1240.0, 1248.0, 1256.0, 1264.0, 1272.0, 1280.0, 1288.0, 1296.0, 1304.0, 1312.0, 1320.0, 1328.0, 1336.0, 1344.0, 1352.0, 1360.0, 1368.0, 1376.0, 1384.0, 1392.0, 1400.0, 1408.0, 1416.0, 1424.0, 1432.0, 1440.0, 1448.0, 1456.0, 1464.0, 1472.0, 1480.0, 1488.0, 1496.0, 1504.0, 1512.0, 1520.0, 1528.0, 1536.0, 1544.0, 1552.0, 1560.0, 1568.0, 1576.0, 1584.0, 1592.0, 1600.0, 1608.0, 1616.0, 1624.0, 1632.0, 1640.0, 1648.0], "y": [1, 0, 0, 1, 0, 0, 0, 0, 0, 0, 0, 0, 0, 0, 0, 0, 0, 0, 0, 0, 0, 0, 0, 0, 0, 0, 0, 0, 0, 0, 0, 0, 1, 0, 0, 0, 0, 1, 0, 0, 0, 0, 0, 0, 0, 0, 0, 0, 1, 0, 1, 1, 0, 1, 0, 0, 0, 0, 0, 0, 1, 1, 2, 0, 0, 0, 4, 3, 1, 13, 57, 0, 39, 45, 1, 30, 63, 47, 81, 17, 10, 153, 112, 73, 171, 17, 8, 6, 4, 14]}, "percentile": {"x": [940, 960, 1198, 1234, 1326, 1336, 1344, 1366, 1419, 1430, 1437, 1465, 1477, 1482, 1488, 1489, 1490, 1492, 1494, 1497, 1500, 1501, 1502, 1512, 1513, 1514, 1515, 1516, 1518, 1519, 1520, 1522, 1523, 1524, 1525, 1526, 1527, 1534, 1536, 1537, 1538, 1539, 1547, 1549, 1550, 1551, 1552, 1553, 1554, 1555, 1556, 1557, 1558, 1559, 1560, 1561, 1562, 1563, 1564, 1565, 1566, 1567, 1568, 1570, 1571, 1572, 1573, 1574, 1576, 1577, 1580, 1584, 1585, 1586, 1587, 1588, 1589, 1590, 1591, 1592, 1594, 1595, 1596, 1597, 1598, 1599, 1600, 1601, 1602, 1603, 1604, 1605, 1606, 1607, 1608, 1609, 1610, 1611, 1612, 1613, 1614, 1615, 1616, 1618, 1619, 1620, 1621, 1622, 1623, 1624, 1625, 1626, 1631, 1632, 1633, 1634, 1635, 1642, 1644, 1646, 1647, 1648, 1650, 1651], "y": [99.9, 99.8, 99.7, 99.6, 99.5, 99.4, 99.3, 99.2, 99.1, 99.0, 98.8, 98.4, 98.1, 98.0, 97.7, 97.3, 96.9, 96.8, 96.7, 96.6, 96.5, 96.0, 90.9, 90.8, 90.2, 89.1, 87.9, 87.7, 87.3, 86.9, 86.7, 86.6, 86.5, 85.8, 84.8, 83.5, 82.3, 82.2, 82.0, 81.4, 80.5, 79.1, 79.0, 77.3, 75.4, 72.7, 69.6, 69.5, 69.2, 68.8, 68.6, 68.4, 68.1, 67.9, 66.7, 65.4, 63.2, 62.0, 60.0, 59.9, 59.7, 59.6, 59.5, 59.4, 59.3, 58.8, 58.3, 57.9, 57.1, 57.0, 56.9, 56.4, 53.2, 50.4, 47.0, 44.1, 41.7, 41.6, 41.3, 40.8, 40.6, 40.5, 38.3, 35.8, 32.2, 29.799999999999997, 26.799999999999997, 24.0, 23.700000000000003, 23.599999999999994, 23.400000000000006, 23.099999999999994, 22.799999999999997, 22.400000000000006, 21.299999999999997, 19.700000000000003, 17.599999999999994, 15.700000000000003, 12.200000000000003, 5.400000000000006, 5.299999999999997, 4.900000000000006, 4.700000000000003, 4.5, 4.299999999999997, 3.9000000000000057, 3.5999999999999943, 3.5, 3.200000000000003, 3.0, 2.5999999999999943, 2.5, 2.4000000000000057, 2.299999999999997, 2.200000000000003, 2.0, 1.7999999999999972, 1.7000000000000028, 1.5999999999999943, 1.5, 1.4000000000000057, 1.2999999999999972, 0.0, -0.09999999999999432]}}