{"percentile": {"x": [480, 720, 1026, 1084, 1101, 1107, 1414, 1429, 1441, 1465, 1477, 1480, 1484, 1489, 1490, 1500, 1501, 1502, 1512, 1513, 1514, 1515, 1518, 1524, 1525, 1526, 1527, 1528, 1531, 1534, 1536, 1537, 1538, 1539, 1547, 1548, 1549, 1550, 1551, 1552, 1554, 1555, 1558, 1559, 1560, 1561, 1562, 1563, 1564, 1565, 1566, 1571, 1573, 1574, 1575, 1576, 1582, 1583, 1584, 1585, 1586, 1587, 1588, 1589, 1595, 1596, 1597, 1598, 1599, 1600, 1601, 1603, 1604, 1605, 1606, 1607, 1608, 1609, 1610, 1611, 1612, 1613, 1614, 1620, 1624, 1625, 1626, 1630, 1650, 1655], "y": [99.8, 99.5, 99.3, 99.0, 98.7, 98.5, 98.2, 98.0, 97.7, 95.9, 95.6, 95.4, 94.8, 94.6, 94.3, 93.8, 93.3, 90.7, 90.1, 89.6, 89.1, 87.5, 87.3, 87.0, 86.5, 84.9, 83.6, 83.3, 83.1, 82.8, 82.6, 80.5, 79.7, 77.6, 77.3, 77.1, 75.0, 74.2, 72.6, 69.0, 68.2, 67.9, 67.7, 67.4, 66.4, 65.3, 63.8, 60.6, 58.3, 58.0, 57.5, 57.2, 56.2, 54.6, 54.1, 51.2, 51.0, 50.7, 50.4, 48.9, 45.7, 42.1, 39.2, 36.1, 35.8, 35.0, 32.400000000000006, 30.900000000000006, 26.200000000000003, 23.0, 20.200000000000003, 19.900000000000006, 18.799999999999997, 18.599999999999994, 17.799999999999997, 17.5, 17.0, 14.900000000000006, 13.900000000000006, 12.599999999999994, 10.5, 3.200000000000003, 2.700000000000003, 2.4000000000000057, 2.0999999999999943, 1.9000000000000057, 1.4000000000000057, 1.0999999999999943, 0.0, -0.20000000000000284]}, "histogram": {"x": [486.0, 504.0, 522.0, 540.0, 558.0, 576.0, 594.0, 612.0, 630.0, 648.0, 666.0, 684.0, 702.0, 720.0, 738.0, 756.0, 774.0, 792.0, 810.0, 828.0, 846.0, 864.0, 882.0, 900.0, 918.0, 936.0, 954.0, 972.0, 990.0, 1008.0, 1026.0, 1044.0, 1062.0, 1080.0, 1098.0, 1116.0, 1134.0, 1152.0, 1170.0, 1188.0, 1206.0, 1224.0, 1242.0, 1260.0, 1278.0, 1296.0, 1314.0, 1332.0, 1350.0, 1368.0, 1386.0, 1404.0, 1422.0, 1440.0, 1458.0, 1476.0, 1494.0, 1512.0, 1530.0, 1548.0, 1566.0, 1584.0, 1602.0, 1620.0, 1638.0, 1656.0], "y": [1, 0, 0, 0, 0, 0, 0, 0, 0, 0, 0, 0, 0, 0, 1, 0, 0, 0, 0, 0, 0, 0, 0, 0, 0, 0, 0, 0, 0, 0, 0, 1, 0, 0, 1, 2, 0, 0, 0, 0, 0, 0, 0, 0, 0, 0, 0, 0, 0, 0, 0, 0, 1, 1, 1, 7, 6, 14, 28, 23, 74, 28, 117, 67, 6, 5, 0]}}