{"percentile": {"y": [95.3, 90.5, 85.8, 81.0, 76.2, 71.5, 66.7, 57.2, 52.4, 47.7, 42.9, 38.1, 33.400000000000006, 28.599999999999994, 14.299999999999997, 9.599999999999994, 0.0, -4.700000000000003], "x": [1359, 1502, 1515, 1526, 1562, 1564, 1572, 1585, 1597, 1598, 1600, 1601, 1606, 1609, 1613, 1624, 1625, 1639]}, "histogram": {"y": [1, 0, 0, 0, 0, 0, 0, 0, 1, 2, 0, 2, 1, 6, 5, 3, 1], "x": [1368.0, 1386.0, 1404.0, 1422.0, 1440.0, 1458.0, 1476.0, 1494.0, 1512.0, 1530.0, 1548.0, 1566.0, 1584.0, 1602.0, 1620.0, 1638.0]}}