{"percentile": {"x": [293, 661, 680, 704, 720, 724, 830, 938, 949, 1024, 1142, 1187, 1361, 1427, 1440, 1441, 1452, 1465, 1477, 1478, 1485, 1489, 1490, 1501, 1502, 1513, 1514, 1515, 1524, 1525, 1526, 1527, 1536, 1537, 1538, 1539, 1548, 1549, 1550, 1551, 1552, 1554, 1555, 1557, 1558, 1560, 1561, 1562, 1563, 1564, 1566, 1572, 1573, 1574, 1575, 1576, 1577, 1584, 1585, 1586, 1587, 1588, 1589, 1590, 1591, 1592, 1593, 1594, 1595, 1596, 1597, 1598, 1599, 1600, 1601, 1602, 1604, 1605, 1606, 1607, 1608, 1609, 1610, 1611, 1612, 1613, 1614, 1615, 1616, 1618, 1620, 1621, 1622, 1623, 1624, 1625, 1626, 1629, 1632, 1635, 1636, 1637, 1647, 1650, 1653, 1655], "y": [99.9, 99.8, 99.7, 99.6, 99.5, 99.4, 99.2, 99.1, 99.0, 98.9, 98.8, 98.7, 98.6, 98.4, 98.3, 97.9, 97.8, 97.3, 97.2, 96.6, 96.5, 96.3, 96.0, 95.5, 92.2, 91.6, 91.1, 90.6, 90.5, 89.9, 88.6, 87.9, 87.7, 87.4, 86.7, 86.0, 85.9, 84.8, 83.6, 81.6, 79.7, 79.5, 79.3, 79.0, 78.9, 78.2, 76.9, 74.7, 73.6, 71.5, 71.3, 70.9, 69.3, 68.8, 68.0, 65.8, 65.7, 65.5, 63.8, 62.2, 59.8, 57.5, 54.8, 54.6, 54.4, 54.2, 54.1, 53.8, 53.4, 51.4, 49.1, 46.3, 43.2, 41.2, 37.0, 36.4, 36.2, 36.1, 35.8, 35.3, 33.8, 31.0, 27.799999999999997, 24.599999999999994, 21.299999999999997, 4.400000000000006, 3.799999999999997, 3.700000000000003, 3.5999999999999943, 3.4000000000000057, 2.9000000000000057, 2.799999999999997, 2.5999999999999943, 2.299999999999997, 2.0, 1.9000000000000057, 1.7000000000000028, 1.5, 1.4000000000000057, 1.2000000000000028, 1.0, 0.9000000000000057, 0.7000000000000028, 0.20000000000000284, 0.0, -0.09999999999999432]}, "histogram": {"x": [288.0, 296.0, 304.0, 312.0, 320.0, 328.0, 336.0, 344.0, 352.0, 360.0, 368.0, 376.0, 384.0, 392.0, 400.0, 408.0, 416.0, 424.0, 432.0, 440.0, 448.0, 456.0, 464.0, 472.0, 480.0, 488.0, 496.0, 504.0, 512.0, 520.0, 528.0, 536.0, 544.0, 552.0, 560.0, 568.0, 576.0, 584.0, 592.0, 600.0, 608.0, 616.0, 624.0, 632.0, 640.0, 648.0, 656.0, 664.0, 672.0, 680.0, 688.0, 696.0, 704.0, 712.0, 720.0, 728.0, 736.0, 744.0, 752.0, 760.0, 768.0, 776.0, 784.0, 792.0, 800.0, 808.0, 816.0, 824.0, 832.0, 840.0, 848.0, 856.0, 864.0, 872.0, 880.0, 888.0, 896.0, 904.0, 912.0, 920.0, 928.0, 936.0, 944.0, 952.0, 960.0, 968.0, 976.0, 984.0, 992.0, 1000.0, 1008.0, 1016.0, 1024.0, 1032.0, 1040.0, 1048.0, 1056.0, 1064.0, 1072.0, 1080.0, 1088.0, 1096.0, 1104.0, 1112.0, 1120.0, 1128.0, 1136.0, 1144.0, 1152.0, 1160.0, 1168.0, 1176.0, 1184.0, 1192.0, 1200.0, 1208.0, 1216.0, 1224.0, 1232.0, 1240.0, 1248.0, 1256.0, 1264.0, 1272.0, 1280.0, 1288.0, 1296.0, 1304.0, 1312.0, 1320.0, 1328.0, 1336.0, 1344.0, 1352.0, 1360.0, 1368.0, 1376.0, 1384.0, 1392.0, 1400.0, 1408.0, 1416.0, 1424.0, 1432.0, 1440.0, 1448.0, 1456.0, 1464.0, 1472.0, 1480.0, 1488.0, 1496.0, 1504.0, 1512.0, 1520.0, 1528.0, 1536.0, 1544.0, 1552.0, 1560.0, 1568.0, 1576.0, 1584.0, 1592.0, 1600.0, 1608.0, 1616.0, 1624.0, 1632.0, 1640.0, 1648.0, 1656.0], "y": [1, 0, 0, 0, 0, 0, 0, 0, 0, 0, 0, 0, 0, 0, 0, 0, 0, 0, 0, 0, 0, 0, 0, 0, 0, 0, 0, 0, 0, 0, 0, 0, 0, 0, 0, 0, 0, 0, 0, 0, 0, 0, 0, 0, 0, 0, 1, 0, 0, 1, 0, 0, 1, 0, 2, 0, 0, 0, 0, 0, 0, 0, 0, 0, 0, 0, 0, 1, 0, 0, 0, 0, 0, 0, 0, 0, 0, 0, 0, 0, 0, 1, 1, 0, 0, 0, 0, 0, 0, 0, 0, 0, 1, 0, 0, 0, 0, 0, 0, 0, 0, 0, 0, 0, 0, 0, 1, 0, 0, 0, 0, 0, 1, 0, 0, 0, 0, 0, 0, 0, 0, 0, 0, 0, 0, 0, 0, 0, 0, 0, 0, 0, 0, 0, 1, 0, 0, 0, 0, 0, 0, 0, 1, 0, 5, 1, 0, 4, 6, 1, 4, 33, 0, 14, 24, 0, 16, 39, 23, 66, 29, 20, 99, 97, 69, 275, 12, 7, 6, 1, 7, 0]}}