{"percentile": {"x": [719, 1447, 1488, 1502, 1513, 1514, 1515, 1525, 1526, 1527, 1536, 1537, 1538, 1539, 1549, 1550, 1551, 1552, 1554, 1557, 1560, 1561, 1562, 1563, 1564, 1565, 1574, 1575, 1576, 1585, 1586, 1587, 1588, 1589, 1590, 1592, 1594, 1596, 1597, 1598, 1599, 1600, 1601, 1605, 1608, 1609, 1610, 1611, 1613, 1620, 1626, 1649], "y": [99.1, 98.2, 97.3, 95.5, 94.6, 93.7, 92.8, 91.0, 88.2, 86.4, 85.5, 84.6, 81.0, 80.0, 74.6, 71.9, 70.0, 64.6, 63.7, 62.8, 61.9, 60.0, 55.5, 54.6, 51.9, 51.0, 50.0, 47.3, 45.5, 41.9, 39.1, 38.2, 36.4, 34.599999999999994, 32.8, 31.900000000000006, 31.0, 28.200000000000003, 27.299999999999997, 23.700000000000003, 19.099999999999994, 17.299999999999997, 16.400000000000006, 15.5, 13.700000000000003, 11.0, 9.099999999999994, 5.5, 1.9000000000000057, 1.0, 0.0, -0.9000000000000057]}, "histogram": {"x": [720.0, 738.0, 756.0, 774.0, 792.0, 810.0, 828.0, 846.0, 864.0, 882.0, 900.0, 918.0, 936.0, 954.0, 972.0, 990.0, 1008.0, 1026.0, 1044.0, 1062.0, 1080.0, 1098.0, 1116.0, 1134.0, 1152.0, 1170.0, 1188.0, 1206.0, 1224.0, 1242.0, 1260.0, 1278.0, 1296.0, 1314.0, 1332.0, 1350.0, 1368.0, 1386.0, 1404.0, 1422.0, 1440.0, 1458.0, 1476.0, 1494.0, 1512.0, 1530.0, 1548.0, 1566.0, 1584.0, 1602.0, 1620.0, 1638.0], "y": [1, 0, 0, 0, 0, 0, 0, 0, 0, 0, 0, 0, 0, 0, 0, 0, 0, 0, 0, 0, 0, 0, 0, 0, 0, 0, 0, 0, 0, 0, 0, 0, 0, 0, 0, 0, 0, 0, 0, 0, 0, 1, 0, 1, 2, 10, 7, 32, 6, 32, 16, 2, 1]}}