{"histogram": {"y": [1, 1, 1, 2, 0, 1, 3, 0, 0, 2, 1, 1, 0, 0, 2, 1, 1, 9, 0, 0, 0, 0, 0, 0, 0, 1, 1, 1, 0, 0, 0, 4, 0, 0, 1, 0, 0, 0, 1, 0, 0, 1, 1, 0, 1, 1, 0, 0, 0, 0, 0, 1, 1, 0, 1, 0, 0, 2, 0, 1, 2, 1, 0, 0, 1, 1, 0, 2, 2, 0, 2, 8, 12, 46, 197, 287, 95, 672, 140, 1239, 864, 153, 117, 0], "x": [180.0, 198.0, 216.0, 234.0, 252.0, 270.0, 288.0, 306.0, 324.0, 342.0, 360.0, 378.0, 396.0, 414.0, 432.0, 450.0, 468.0, 486.0, 504.0, 522.0, 540.0, 558.0, 576.0, 594.0, 612.0, 630.0, 648.0, 666.0, 684.0, 702.0, 720.0, 738.0, 756.0, 774.0, 792.0, 810.0, 828.0, 846.0, 864.0, 882.0, 900.0, 918.0, 936.0, 954.0, 972.0, 990.0, 1008.0, 1026.0, 1044.0, 1062.0, 1080.0, 1098.0, 1116.0, 1134.0, 1152.0, 1170.0, 1188.0, 1206.0, 1224.0, 1242.0, 1260.0, 1278.0, 1296.0, 1314.0, 1332.0, 1350.0, 1368.0, 1386.0, 1404.0, 1422.0, 1440.0, 1458.0, 1476.0, 1494.0, 1512.0, 1530.0, 1548.0, 1566.0, 1584.0, 1602.0, 1620.0, 1638.0, 1656.0]}, "percentile": {"y": [100.0, 100.0, 100.0, 99.9, 99.9, 99.9, 99.9, 99.8, 99.8, 99.8, 99.7, 99.7, 99.7, 99.7, 99.6, 99.6, 99.6, 99.6, 99.5, 99.4, 99.4, 99.3, 99.3, 99.2, 99.2, 99.2, 99.1, 99.1, 99.1, 99.1, 99.0, 99.0, 99.0, 99.0, 98.9, 98.9, 98.9, 98.9, 98.8, 98.8, 98.8, 98.8, 98.7, 98.7, 98.7, 98.7, 98.6, 98.5, 98.4, 98.4, 98.4, 98.4, 98.3, 98.1, 98.1, 98.1, 97.9, 97.7, 97.7, 97.7, 97.6, 97.6, 97.2, 96.9, 96.9, 96.8, 96.2, 91.9, 91.9, 91.9, 91.9, 91.8, 91.8, 91.0, 90.0, 88.4, 88.3, 88.1, 88.0, 87.9, 87.9, 87.8, 87.6, 87.0, 86.0, 85.3, 84.5, 84.5, 84.4, 84.4, 84.3, 84.1, 83.6, 83.2, 82.1, 82.1, 82.0, 81.8, 80.6, 78.7, 76.4, 73.7, 73.4, 73.3, 73.1, 72.9, 72.6, 72.5, 72.4, 70.9, 69.5, 67.6, 66.2, 64.8, 64.7, 64.6, 64.6, 64.5, 64.5, 64.2, 63.7, 63.1, 62.6, 61.3, 61.2, 61.2, 61.2, 61.1, 60.7, 58.8, 56.2, 53.5, 50.8, 47.6, 47.3, 47.0, 46.5, 46.0, 45.8, 45.5, 43.3, 40.8, 37.5, 34.900000000000006, 32.0, 29.200000000000003, 29.0, 28.900000000000006, 28.599999999999994, 28.400000000000006, 28.099999999999994, 27.700000000000003, 26.200000000000003, 24.299999999999997, 22.200000000000003, 19.700000000000003, 17.0, 8.099999999999994, 7.5, 7.299999999999997, 7.299999999999997, 7.200000000000003, 7.099999999999994, 7.0, 5.599999999999994, 5.400000000000006, 5.200000000000003, 4.900000000000006, 4.5, 4.299999999999997, 4.0, 4.0, 3.9000000000000057, 3.799999999999997, 3.5999999999999943, 3.5, 3.200000000000003, 3.0999999999999943, 3.0, 2.799999999999997, 2.799999999999997, 2.700000000000003, 2.5999999999999943, 2.5999999999999943, 2.4000000000000057, 2.200000000000003, 2.200000000000003, 0.4000000000000057, 0.4000000000000057, 0.29999999999999716, 0.29999999999999716, 0.29999999999999716, 0.0], "x": [170, 197, 207, 228, 233, 262, 270, 283, 285, 340, 345, 360, 426, 428, 432, 466, 476, 478, 479, 480, 617, 647, 648, 720, 730, 785, 860, 903, 928, 954, 979, 1081, 1098, 1148, 1195, 1197, 1229, 1246, 1250, 1266, 1316, 1346, 1380, 1384, 1389, 1403, 1439, 1440, 1441, 1442, 1459, 1462, 1464, 1465, 1475, 1476, 1477, 1478, 1480, 1481, 1482, 1485, 1489, 1490, 1495, 1500, 1501, 1502, 1504, 1506, 1510, 1511, 1512, 1513, 1514, 1515, 1516, 1517, 1518, 1519, 1520, 1521, 1522, 1524, 1525, 1526, 1527, 1528, 1530, 1532, 1535, 1536, 1537, 1538, 1539, 1540, 1541, 1548, 1549, 1550, 1551, 1552, 1553, 1554, 1555, 1556, 1557, 1558, 1559, 1560, 1561, 1562, 1563, 1564, 1565, 1566, 1567, 1570, 1571, 1572, 1573, 1574, 1575, 1576, 1577, 1579, 1581, 1583, 1584, 1585, 1586, 1587, 1588, 1589, 1590, 1591, 1592, 1593, 1594, 1595, 1596, 1597, 1598, 1599, 1600, 1601, 1602, 1603, 1604, 1605, 1606, 1607, 1608, 1609, 1610, 1611, 1612, 1613, 1614, 1615, 1616, 1617, 1618, 1619, 1620, 1621, 1622, 1623, 1624, 1625, 1626, 1628, 1631, 1632, 1633, 1634, 1635, 1636, 1637, 1638, 1639, 1640, 1644, 1646, 1647, 1648, 1649, 1650, 1651, 1652, 1653, 1654, 1655]}}