{"histogram": {"x": [1496.0, 1504.0, 1512.0, 1520.0, 1528.0, 1536.0, 1544.0, 1552.0, 1560.0, 1568.0, 1576.0, 1584.0, 1592.0, 1600.0, 1608.0, 1616.0, 1624.0, 1632.0, 1640.0, 1648.0], "y": [7, 0, 5, 4, 0, 2, 5, 5, 6, 3, 3, 18, 15, 8, 38, 1, 0, 0, 0, 2]}, "percentile": {"x": [1501, 1502, 1513, 1515, 1518, 1524, 1526, 1527, 1538, 1539, 1549, 1550, 1551, 1552, 1560, 1561, 1563, 1564, 1570, 1572, 1573, 1576, 1577, 1585, 1586, 1587, 1588, 1589, 1591, 1593, 1594, 1596, 1597, 1598, 1599, 1600, 1601, 1604, 1608, 1609, 1610, 1611, 1612, 1613, 1621, 1650], "y": [99.2, 94.3, 92.6, 91.0, 90.1, 89.3, 88.5, 86.8, 86.0, 85.2, 83.5, 82.7, 81.0, 76.9, 76.1, 73.6, 72.8, 72.0, 71.1, 70.3, 69.5, 67.8, 67.0, 63.7, 62.0, 59.6, 56.2, 52.9, 52.1, 50.5, 49.6, 45.5, 44.7, 42.2, 39.7, 35.599999999999994, 33.900000000000006, 33.099999999999994, 32.3, 31.5, 24.0, 19.900000000000006, 14.900000000000006, 1.7000000000000028, 0.9000000000000057, -0.7999999999999972]}}