{"percentile": {"y": [99.5, 98.9, 98.3, 97.8, 97.2, 96.6, 93.8, 91.5, 90.4, 89.8, 87.0, 84.1, 82.4, 80.2, 79.6, 79.0, 78.5, 76.8, 75.0, 71.6, 69.9, 69.4, 66.5, 66.0, 63.1, 61.4, 60.8, 59.7, 56.3, 55.2, 52.3, 51.8, 47.8, 44.4, 39.3, 38.7, 37.5, 36.4, 34.7, 31.900000000000006, 29.0, 27.299999999999997, 25.0, 20.5, 19.900000000000006, 18.200000000000003, 17.099999999999994, 15.400000000000006, 13.099999999999994, 11.400000000000006, 10.799999999999997, 9.700000000000003, 8.599999999999994, 6.900000000000006, 5.700000000000003, 2.9000000000000057, 2.299999999999997, 1.7999999999999972, 1.2000000000000028, 0.5999999999999943, -0.5], "x": [985, 1016, 1180, 1284, 1410, 1453, 1465, 1477, 1478, 1479, 1490, 1502, 1513, 1514, 1515, 1516, 1517, 1524, 1525, 1526, 1527, 1530, 1537, 1538, 1539, 1549, 1550, 1551, 1552, 1554, 1555, 1559, 1561, 1562, 1564, 1573, 1574, 1575, 1576, 1585, 1586, 1587, 1588, 1589, 1592, 1596, 1598, 1599, 1600, 1601, 1608, 1609, 1610, 1611, 1612, 1613, 1614, 1619, 1620, 1649, 1650]}, "histogram": {"y": [1, 0, 0, 0, 1, 0, 0, 0, 0, 0, 0, 0, 0, 0, 0, 0, 0, 0, 0, 0, 0, 0, 0, 0, 1, 0, 0, 0, 0, 0, 0, 0, 0, 0, 0, 0, 0, 1, 0, 0, 0, 0, 0, 0, 0, 0, 0, 0, 0, 0, 0, 0, 0, 1, 0, 0, 0, 0, 1, 0, 5, 7, 0, 5, 5, 0, 10, 15, 1, 11, 6, 14, 22, 5, 3, 25, 9, 7, 16, 2, 0, 0, 0, 3, 0], "x": [984.0, 992.0, 1000.0, 1008.0, 1016.0, 1024.0, 1032.0, 1040.0, 1048.0, 1056.0, 1064.0, 1072.0, 1080.0, 1088.0, 1096.0, 1104.0, 1112.0, 1120.0, 1128.0, 1136.0, 1144.0, 1152.0, 1160.0, 1168.0, 1176.0, 1184.0, 1192.0, 1200.0, 1208.0, 1216.0, 1224.0, 1232.0, 1240.0, 1248.0, 1256.0, 1264.0, 1272.0, 1280.0, 1288.0, 1296.0, 1304.0, 1312.0, 1320.0, 1328.0, 1336.0, 1344.0, 1352.0, 1360.0, 1368.0, 1376.0, 1384.0, 1392.0, 1400.0, 1408.0, 1416.0, 1424.0, 1432.0, 1440.0, 1448.0, 1456.0, 1464.0, 1472.0, 1480.0, 1488.0, 1496.0, 1504.0, 1512.0, 1520.0, 1528.0, 1536.0, 1544.0, 1552.0, 1560.0, 1568.0, 1576.0, 1584.0, 1592.0, 1600.0, 1608.0, 1616.0, 1624.0, 1632.0, 1640.0, 1648.0, 1656.0]}}