{"histogram": {"y": [1, 0, 0, 0, 0, 0, 1, 0, 0, 0, 0, 0, 0, 0, 0, 0, 0, 0, 0, 1, 0, 0, 0, 0, 0, 0, 0, 0, 0, 0, 0, 0, 0, 0, 0, 0, 0, 0, 0, 0, 0, 0, 0, 0, 0, 1, 0, 0, 1, 0, 0, 0, 0, 0, 0, 0, 0, 0, 0, 0, 0, 0, 0, 0, 0, 0, 0, 0, 0, 0, 0, 0, 0, 1, 0, 0, 0, 0, 0, 0, 0, 0, 0, 0, 1, 0, 0, 0, 0, 0, 0, 0, 0, 0, 0, 0, 0, 0, 0, 1, 0, 0, 0, 0, 0, 0, 0, 0, 0, 0, 0, 0, 0, 0, 1, 0, 0, 0, 0, 0, 0, 0, 0, 0, 0, 0, 0, 0, 0, 0, 0, 0, 0, 0, 0, 0, 0, 1, 0, 1, 2, 0, 0, 4, 0, 4, 17, 1, 16, 15, 1, 7, 29, 17, 44, 9, 1, 58, 52, 23, 70, 9, 4, 3, 1, 8, 0], "x": [328.0, 336.0, 344.0, 352.0, 360.0, 368.0, 376.0, 384.0, 392.0, 400.0, 408.0, 416.0, 424.0, 432.0, 440.0, 448.0, 456.0, 464.0, 472.0, 480.0, 488.0, 496.0, 504.0, 512.0, 520.0, 528.0, 536.0, 544.0, 552.0, 560.0, 568.0, 576.0, 584.0, 592.0, 600.0, 608.0, 616.0, 624.0, 632.0, 640.0, 648.0, 656.0, 664.0, 672.0, 680.0, 688.0, 696.0, 704.0, 712.0, 720.0, 728.0, 736.0, 744.0, 752.0, 760.0, 768.0, 776.0, 784.0, 792.0, 800.0, 808.0, 816.0, 824.0, 832.0, 840.0, 848.0, 856.0, 864.0, 872.0, 880.0, 888.0, 896.0, 904.0, 912.0, 920.0, 928.0, 936.0, 944.0, 952.0, 960.0, 968.0, 976.0, 984.0, 992.0, 1000.0, 1008.0, 1016.0, 1024.0, 1032.0, 1040.0, 1048.0, 1056.0, 1064.0, 1072.0, 1080.0, 1088.0, 1096.0, 1104.0, 1112.0, 1120.0, 1128.0, 1136.0, 1144.0, 1152.0, 1160.0, 1168.0, 1176.0, 1184.0, 1192.0, 1200.0, 1208.0, 1216.0, 1224.0, 1232.0, 1240.0, 1248.0, 1256.0, 1264.0, 1272.0, 1280.0, 1288.0, 1296.0, 1304.0, 1312.0, 1320.0, 1328.0, 1336.0, 1344.0, 1352.0, 1360.0, 1368.0, 1376.0, 1384.0, 1392.0, 1400.0, 1408.0, 1416.0, 1424.0, 1432.0, 1440.0, 1448.0, 1456.0, 1464.0, 1472.0, 1480.0, 1488.0, 1496.0, 1504.0, 1512.0, 1520.0, 1528.0, 1536.0, 1544.0, 1552.0, 1560.0, 1568.0, 1576.0, 1584.0, 1592.0, 1600.0, 1608.0, 1616.0, 1624.0, 1632.0, 1640.0, 1648.0, 1656.0]}, "percentile": {"y": [99.8, 99.6, 99.3, 99.1, 98.8, 98.6, 98.3, 98.1, 97.8, 97.6, 97.3, 97.1, 96.8, 96.6, 95.9, 95.4, 95.1, 94.9, 93.9, 90.7, 90.4, 89.9, 88.9, 87.0, 86.7, 86.5, 86.0, 85.0, 83.3, 82.8, 82.5, 82.0, 81.8, 80.8, 78.8, 77.1, 73.6, 71.4, 70.7, 70.4, 69.9, 69.4, 66.7, 65.2, 63.5, 61.0, 58.6, 58.3, 58.1, 57.8, 57.6, 57.3, 56.3, 56.1, 55.9, 51.9, 50.9, 49.2, 46.2, 42.5, 41.8, 40.8, 39.6, 39.3, 37.1, 35.400000000000006, 32.599999999999994, 28.900000000000006, 27.0, 24.200000000000003, 24.0, 23.5, 23.299999999999997, 21.299999999999997, 18.799999999999997, 15.400000000000006, 13.400000000000006, 11.700000000000003, 7.0, 6.0, 5.5, 5.200000000000003, 4.200000000000003, 4.0, 3.799999999999997, 3.0, 2.799999999999997, 2.5, 2.299999999999997, 2.0, 1.7999999999999972, 1.5, 0.0, -0.20000000000000284], "x": [334, 381, 480, 690, 719, 913, 1007, 1121, 1240, 1425, 1441, 1450, 1453, 1477, 1478, 1488, 1489, 1490, 1501, 1502, 1509, 1513, 1514, 1515, 1517, 1518, 1524, 1525, 1526, 1527, 1528, 1537, 1538, 1539, 1549, 1550, 1551, 1552, 1553, 1555, 1556, 1559, 1560, 1561, 1562, 1563, 1564, 1568, 1569, 1572, 1573, 1574, 1575, 1576, 1584, 1585, 1586, 1587, 1588, 1589, 1590, 1592, 1593, 1595, 1596, 1597, 1598, 1599, 1600, 1601, 1603, 1605, 1606, 1608, 1609, 1610, 1611, 1612, 1613, 1614, 1616, 1617, 1620, 1621, 1623, 1624, 1629, 1632, 1633, 1638, 1646, 1649, 1650, 1655]}}