{"percentile": {"x": [1134, 1187, 1319, 1346, 1391, 1393, 1403, 1453, 1465, 1478, 1482, 1489, 1490, 1501, 1513, 1514, 1515, 1518, 1520, 1522, 1524, 1525, 1526, 1527, 1528, 1529, 1532, 1536, 1537, 1538, 1539, 1548, 1549, 1550, 1551, 1552, 1553, 1554, 1555, 1556, 1557, 1558, 1559, 1560, 1561, 1562, 1563, 1564, 1565, 1566, 1567, 1568, 1569, 1570, 1571, 1572, 1573, 1574, 1575, 1576, 1581, 1582, 1584, 1585, 1586, 1587, 1588, 1589, 1590, 1591, 1592, 1593, 1594, 1595, 1596, 1597, 1598, 1599, 1600, 1601, 1602, 1603, 1604, 1605, 1606, 1607, 1608, 1609, 1610, 1611, 1612, 1613, 1614, 1615, 1616, 1617, 1618, 1619, 1620, 1621, 1622, 1623, 1624, 1625, 1626, 1627, 1628, 1629, 1630, 1631, 1632, 1633, 1634, 1635, 1636, 1637, 1638, 1639, 1640, 1641, 1642, 1643, 1644, 1645, 1646, 1647, 1648, 1649, 1650, 1653, 1655], "y": [100.0, 100.0, 99.9, 99.9, 99.8, 99.8, 99.8, 99.7, 99.7, 99.5, 99.5, 99.4, 99.2, 99.0, 98.9, 98.6, 98.3, 98.3, 98.2, 98.2, 98.1, 97.9, 97.6, 97.2, 97.1, 97.0, 97.0, 96.9, 96.3, 95.8, 93.5, 93.5, 93.0, 92.5, 91.8, 91.0, 90.8, 90.8, 90.6, 90.3, 90.1, 89.9, 89.8, 89.4, 88.8, 87.8, 86.5, 84.8, 84.7, 84.6, 84.5, 84.4, 84.3, 84.2, 84.2, 84.0, 82.6, 80.7, 78.2, 70.9, 70.8, 70.8, 70.7, 69.8, 68.2, 66.4, 64.1, 61.7, 61.3, 60.5, 60.0, 59.5, 58.9, 58.5, 57.3, 55.8, 53.6, 51.0, 47.9, 44.3, 43.9, 43.1, 42.6, 42.1, 41.6, 41.3, 39.9, 37.4, 34.8, 30.599999999999994, 25.799999999999997, 13.200000000000003, 12.5, 11.900000000000006, 11.700000000000003, 11.299999999999997, 10.799999999999997, 10.200000000000003, 9.099999999999994, 8.700000000000003, 8.299999999999997, 7.5, 6.900000000000006, 6.200000000000003, 5.599999999999994, 5.400000000000006, 5.200000000000003, 5.200000000000003, 5.099999999999994, 4.900000000000006, 4.599999999999994, 4.400000000000006, 4.099999999999994, 3.9000000000000057, 3.700000000000003, 3.4000000000000057, 3.299999999999997, 3.200000000000003, 3.200000000000003, 3.0999999999999943, 3.0, 3.0, 2.9000000000000057, 2.9000000000000057, 2.799999999999997, 2.5999999999999943, 2.5999999999999943, 2.5, 0.5999999999999943, 0.5, 0.0]}, "histogram": {"x": [1128.0, 1136.0, 1144.0, 1152.0, 1160.0, 1168.0, 1176.0, 1184.0, 1192.0, 1200.0, 1208.0, 1216.0, 1224.0, 1232.0, 1240.0, 1248.0, 1256.0, 1264.0, 1272.0, 1280.0, 1288.0, 1296.0, 1304.0, 1312.0, 1320.0, 1328.0, 1336.0, 1344.0, 1352.0, 1360.0, 1368.0, 1376.0, 1384.0, 1392.0, 1400.0, 1408.0, 1416.0, 1424.0, 1432.0, 1440.0, 1448.0, 1456.0, 1464.0, 1472.0, 1480.0, 1488.0, 1496.0, 1504.0, 1512.0, 1520.0, 1528.0, 1536.0, 1544.0, 1552.0, 1560.0, 1568.0, 1576.0, 1584.0, 1592.0, 1600.0, 1608.0, 1616.0, 1624.0, 1632.0, 1640.0, 1648.0, 1656.0], "y": [1, 0, 0, 0, 0, 0, 0, 1, 0, 0, 0, 0, 0, 0, 0, 0, 0, 0, 0, 0, 0, 0, 0, 1, 0, 0, 0, 1, 0, 0, 0, 0, 1, 1, 1, 0, 0, 0, 0, 0, 1, 0, 1, 4, 1, 6, 4, 0, 18, 26, 4, 81, 40, 49, 124, 149, 174, 241, 223, 229, 691, 104, 61, 41, 13, 62, 0]}}