{"percentile": {"y": [99.7, 99.3, 98.9, 98.6, 98.2, 97.8, 97.5, 97.1, 96.7, 95.6, 94.5, 94.1, 93.8, 88.6, 86.8, 84.6, 82.0, 80.9, 80.5, 79.0, 77.5, 76.4, 75.3, 74.6, 73.5, 72.0, 70.9, 66.1, 62.0, 61.7, 60.9, 60.6, 59.8, 59.1, 57.6, 56.9, 56.5, 56.1, 55.4, 54.3, 52.8, 49.5, 45.1, 42.5, 39.5, 38.4, 38.1, 35.5, 31.799999999999997, 29.599999999999994, 27.700000000000003, 26.200000000000003, 24.400000000000006, 24.0, 23.299999999999997, 20.700000000000003, 18.900000000000006, 17.0, 14.099999999999994, 12.599999999999994, 8.900000000000006, 7.099999999999994, 6.700000000000003, 6.299999999999997, 4.099999999999994, 3.700000000000003, 3.4000000000000057, 3.0, 2.5999999999999943, 2.299999999999997, 1.5, 0.0, -0.29999999999999716], "x": [1081, 1296, 1329, 1440, 1441, 1464, 1465, 1477, 1478, 1489, 1490, 1500, 1501, 1502, 1513, 1514, 1515, 1516, 1517, 1524, 1525, 1526, 1527, 1537, 1539, 1549, 1550, 1551, 1552, 1554, 1557, 1559, 1560, 1561, 1562, 1563, 1564, 1573, 1575, 1576, 1585, 1586, 1587, 1588, 1589, 1593, 1595, 1596, 1597, 1598, 1599, 1600, 1601, 1602, 1605, 1608, 1609, 1610, 1611, 1612, 1613, 1614, 1616, 1619, 1620, 1622, 1624, 1635, 1636, 1637, 1638, 1650, 1655]}, "histogram": {"y": [1, 0, 0, 0, 0, 0, 0, 0, 0, 0, 0, 0, 0, 0, 0, 0, 0, 0, 0, 0, 0, 0, 0, 0, 0, 0, 0, 1, 0, 0, 0, 1, 0, 0, 0, 0, 0, 0, 0, 0, 0, 0, 0, 0, 0, 2, 0, 0, 2, 2, 0, 6, 16, 0, 22, 14, 0, 5, 20, 15, 11, 3, 3, 40, 32, 12, 44, 9, 1, 5, 0, 5, 0], "x": [1080.0, 1088.0, 1096.0, 1104.0, 1112.0, 1120.0, 1128.0, 1136.0, 1144.0, 1152.0, 1160.0, 1168.0, 1176.0, 1184.0, 1192.0, 1200.0, 1208.0, 1216.0, 1224.0, 1232.0, 1240.0, 1248.0, 1256.0, 1264.0, 1272.0, 1280.0, 1288.0, 1296.0, 1304.0, 1312.0, 1320.0, 1328.0, 1336.0, 1344.0, 1352.0, 1360.0, 1368.0, 1376.0, 1384.0, 1392.0, 1400.0, 1408.0, 1416.0, 1424.0, 1432.0, 1440.0, 1448.0, 1456.0, 1464.0, 1472.0, 1480.0, 1488.0, 1496.0, 1504.0, 1512.0, 1520.0, 1528.0, 1536.0, 1544.0, 1552.0, 1560.0, 1568.0, 1576.0, 1584.0, 1592.0, 1600.0, 1608.0, 1616.0, 1624.0, 1632.0, 1640.0, 1648.0, 1656.0]}}