{"percentile": {"y": [97.6, 92.7, 90.3, 87.9, 85.4, 78.1, 75.7, 73.2, 65.9, 63.5, 61.0, 58.6, 56.1, 53.7, 51.3, 46.4, 41.5, 39.1, 36.6, 34.2, 29.299999999999997, 22.0, 17.099999999999994, 14.700000000000003, 12.200000000000003, 9.799999999999997, 7.400000000000006, 0.0, -2.4000000000000057], "x": [1488, 1502, 1514, 1527, 1549, 1552, 1557, 1559, 1560, 1561, 1564, 1571, 1576, 1585, 1586, 1587, 1588, 1589, 1595, 1596, 1598, 1600, 1601, 1609, 1610, 1611, 1612, 1613, 1635]}, "histogram": {"y": [1, 2, 2, 0, 11, 2, 16, 7, 1, 0], "x": [1494.0, 1512.0, 1530.0, 1548.0, 1566.0, 1584.0, 1602.0, 1620.0, 1638.0]}}