{"histogram": {"y": [1, 0, 0, 0, 0, 0, 0, 0, 0, 0, 0, 0, 0, 0, 0, 0, 0, 0, 0, 0, 0, 0, 0, 0, 1, 1, 3, 0, 3, 0, 2, 0, 3, 1, 8, 2, 1, 20, 17, 13, 42, 3, 4, 2, 0, 4, 0], "x": [1288.0, 1296.0, 1304.0, 1312.0, 1320.0, 1328.0, 1336.0, 1344.0, 1352.0, 1360.0, 1368.0, 1376.0, 1384.0, 1392.0, 1400.0, 1408.0, 1416.0, 1424.0, 1432.0, 1440.0, 1448.0, 1456.0, 1464.0, 1472.0, 1480.0, 1488.0, 1496.0, 1504.0, 1512.0, 1520.0, 1528.0, 1536.0, 1544.0, 1552.0, 1560.0, 1568.0, 1576.0, 1584.0, 1592.0, 1600.0, 1608.0, 1616.0, 1624.0, 1632.0, 1640.0, 1648.0, 1656.0]}, "percentile": {"y": [99.3, 98.5, 97.7, 97.0, 95.4, 93.9, 93.1, 92.4, 91.6, 90.8, 89.3, 88.5, 87.0, 84.7, 83.1, 82.4, 81.6, 80.8, 80.0, 79.3, 77.7, 75.4, 73.9, 70.0, 66.2, 65.4, 64.7, 63.9, 63.1, 62.4, 60.0, 57.0, 51.6, 47.0, 42.4, 41.6, 38.5, 37.7, 35.400000000000006, 30.0, 25.400000000000006, 10.799999999999997, 9.299999999999997, 8.5, 7.700000000000003, 7.0, 6.200000000000003, 3.9000000000000057, 3.0999999999999943, 2.4000000000000057, -0.7000000000000028], "x": [1289, 1482, 1490, 1501, 1502, 1513, 1518, 1530, 1532, 1550, 1551, 1552, 1560, 1561, 1563, 1564, 1573, 1575, 1576, 1584, 1585, 1586, 1587, 1588, 1589, 1590, 1591, 1592, 1594, 1596, 1597, 1598, 1599, 1600, 1601, 1604, 1608, 1609, 1610, 1611, 1612, 1613, 1614, 1616, 1620, 1621, 1624, 1626, 1632, 1634, 1650]}}