{"histogram": {"y": [1, 0, 0, 0, 0, 0, 0, 0, 0, 0, 0, 0, 0, 0, 0, 0, 1, 0, 0, 0, 0, 0, 6, 9, 5, 17, 6, 25, 12, 2, 1, 0], "x": [1116.0, 1134.0, 1152.0, 1170.0, 1188.0, 1206.0, 1224.0, 1242.0, 1260.0, 1278.0, 1296.0, 1314.0, 1332.0, 1350.0, 1368.0, 1386.0, 1404.0, 1422.0, 1440.0, 1458.0, 1476.0, 1494.0, 1512.0, 1530.0, 1548.0, 1566.0, 1584.0, 1602.0, 1620.0, 1638.0, 1656.0]}, "percentile": {"y": [98.9, 97.7, 94.1, 90.5, 89.3, 85.8, 84.6, 83.4, 82.2, 79.8, 77.4, 76.2, 73.9, 72.7, 70.3, 67.9, 66.7, 65.5, 64.3, 59.6, 57.2, 54.8, 53.6, 52.4, 50.0, 48.9, 47.7, 46.5, 44.1, 42.9, 40.5, 37.0, 35.8, 32.2, 31.0, 27.400000000000006, 25.0, 22.700000000000003, 21.5, 16.700000000000003, 15.5, 14.299999999999997, 13.099999999999994, 10.799999999999997, 7.200000000000003, 2.4000000000000057, 1.2000000000000028, 0.0, -1.0999999999999943], "x": [1103, 1386, 1501, 1502, 1513, 1515, 1516, 1519, 1521, 1524, 1537, 1538, 1539, 1549, 1550, 1551, 1552, 1553, 1560, 1561, 1562, 1563, 1564, 1570, 1573, 1574, 1575, 1576, 1584, 1585, 1586, 1587, 1588, 1589, 1595, 1596, 1597, 1598, 1599, 1600, 1603, 1607, 1608, 1610, 1611, 1613, 1620, 1637, 1650]}}