{"histogram": {"y": [1, 0, 0, 0, 0, 0, 2, 0, 1, 2, 0, 2, 2, 3, 9, 9, 20, 28, 33, 40, 224, 39, 26, 22, 8, 15, 0], "x": [1448.0, 1456.0, 1464.0, 1472.0, 1480.0, 1488.0, 1496.0, 1504.0, 1512.0, 1520.0, 1528.0, 1536.0, 1544.0, 1552.0, 1560.0, 1568.0, 1576.0, 1584.0, 1592.0, 1600.0, 1608.0, 1616.0, 1624.0, 1632.0, 1640.0, 1648.0, 1656.0]}, "percentile": {"y": [99.8, 99.4, 99.2, 99.0, 98.8, 98.6, 98.4, 98.2, 98.0, 97.8, 97.6, 97.4, 97.2, 96.5, 95.9, 95.5, 95.3, 94.7, 93.7, 89.5, 88.9, 88.7, 87.7, 87.1, 85.8, 84.6, 84.2, 83.8, 83.6, 82.9, 82.7, 81.9, 80.3, 79.0, 77.0, 74.9, 70.8, 70.4, 69.5, 69.3, 69.1, 68.7, 66.6, 63.8, 61.3, 56.3, 53.0, 25.400000000000006, 24.0, 22.5, 20.900000000000006, 19.799999999999997, 19.400000000000006, 19.0, 17.0, 16.299999999999997, 15.700000000000003, 14.5, 13.5, 12.599999999999994, 12.200000000000003, 11.400000000000006, 10.599999999999994, 9.700000000000003, 9.099999999999994, 8.700000000000003, 8.099999999999994, 7.299999999999997, 7.099999999999994, 5.799999999999997, 5.400000000000006, 5.0, 4.599999999999994, 4.200000000000003, 3.799999999999997, 3.5999999999999943, 3.0999999999999943, 2.9000000000000057, 2.299999999999997, 2.0999999999999943, 0.7000000000000028, 0.5, 0.29999999999999716, 0.0, -0.20000000000000284], "x": [1453, 1502, 1515, 1524, 1525, 1536, 1539, 1549, 1551, 1552, 1554, 1558, 1560, 1561, 1563, 1564, 1573, 1574, 1575, 1576, 1584, 1585, 1586, 1587, 1588, 1589, 1590, 1591, 1592, 1594, 1595, 1596, 1597, 1598, 1599, 1600, 1601, 1603, 1604, 1605, 1606, 1607, 1608, 1609, 1610, 1611, 1612, 1613, 1614, 1615, 1616, 1617, 1618, 1619, 1620, 1621, 1622, 1623, 1624, 1625, 1626, 1627, 1628, 1629, 1630, 1632, 1633, 1634, 1635, 1636, 1637, 1638, 1639, 1641, 1642, 1643, 1644, 1647, 1648, 1649, 1650, 1651, 1652, 1653, 1655]}}