{"percentile": {"y": [97.9, 95.7, 93.5, 91.4, 87.0, 84.8, 82.7, 74.0, 69.6, 67.4, 63.1, 60.9, 58.7, 56.6, 54.4, 52.2, 47.9, 45.7, 43.5, 39.2, 37.0, 34.8, 32.7, 30.5, 24.0, 21.799999999999997, 17.400000000000006, 13.099999999999994, 6.599999999999994, 0.0, -2.0999999999999943], "x": [996, 1465, 1489, 1501, 1502, 1514, 1515, 1526, 1549, 1550, 1552, 1556, 1559, 1560, 1562, 1570, 1585, 1587, 1588, 1589, 1590, 1594, 1596, 1599, 1600, 1601, 1610, 1611, 1612, 1613, 1614]}, "histogram": {"y": [1, 0, 0, 0, 0, 0, 0, 0, 0, 0, 0, 0, 0, 0, 0, 0, 0, 0, 0, 0, 0, 0, 0, 0, 0, 0, 1, 1, 3, 6, 0, 9, 1, 14, 11, 0], "x": [1008.0, 1026.0, 1044.0, 1062.0, 1080.0, 1098.0, 1116.0, 1134.0, 1152.0, 1170.0, 1188.0, 1206.0, 1224.0, 1242.0, 1260.0, 1278.0, 1296.0, 1314.0, 1332.0, 1350.0, 1368.0, 1386.0, 1404.0, 1422.0, 1440.0, 1458.0, 1476.0, 1494.0, 1512.0, 1530.0, 1548.0, 1566.0, 1584.0, 1602.0, 1620.0]}}