{"histogram": {"y": [1, 0, 0, 1, 1, 2, 1, 2, 3, 6, 5, 32, 4, 5, 3, 3, 4, 0], "x": [1520.0, 1528.0, 1536.0, 1544.0, 1552.0, 1560.0, 1568.0, 1576.0, 1584.0, 1592.0, 1600.0, 1608.0, 1616.0, 1624.0, 1632.0, 1640.0, 1648.0, 1656.0]}, "percentile": {"y": [98.7, 97.3, 95.9, 94.5, 93.1, 91.7, 88.9, 87.5, 84.8, 83.4, 82.0, 80.6, 79.2, 76.4, 75.0, 72.3, 70.9, 69.5, 66.7, 65.3, 61.2, 54.2, 45.9, 26.400000000000006, 25.0, 23.700000000000003, 22.299999999999997, 20.900000000000006, 19.5, 16.700000000000003, 13.900000000000006, 12.5, 11.200000000000003, 9.799999999999997, 8.400000000000006, 7.0, 4.200000000000003, 2.799999999999997, 0.0, -1.2999999999999972], "x": [1527, 1550, 1552, 1561, 1564, 1575, 1576, 1587, 1588, 1592, 1595, 1596, 1598, 1599, 1600, 1601, 1603, 1606, 1608, 1609, 1610, 1611, 1612, 1613, 1614, 1620, 1621, 1622, 1623, 1624, 1625, 1629, 1632, 1633, 1639, 1640, 1647, 1649, 1650, 1655]}}