{"percentile": {"x": [1213, 1262, 1268, 1336, 1440, 1453, 1483, 1486, 1488, 1489, 1490, 1491, 1501, 1502, 1514, 1515, 1524, 1525, 1526, 1527, 1529, 1536, 1537, 1538, 1539, 1548, 1549, 1550, 1551, 1552, 1557, 1558, 1559, 1560, 1561, 1562, 1563, 1564, 1570, 1572, 1573, 1574, 1575, 1576, 1583, 1584, 1585, 1586, 1587, 1588, 1589, 1591, 1592, 1593, 1595, 1596, 1597, 1598, 1599, 1600, 1601, 1604, 1608, 1609, 1610, 1611, 1612, 1613], "y": [99.6, 99.2, 98.7, 98.3, 97.4, 96.5, 95.6, 95.2, 94.3, 93.4, 91.2, 90.8, 89.9, 87.7, 87.3, 84.6, 84.2, 83.3, 80.7, 77.6, 77.1, 76.3, 75.8, 75.4, 72.7, 72.3, 71.9, 68.8, 64.8, 61.3, 60.8, 60.4, 59.5, 58.2, 55.1, 51.2, 47.6, 45.0, 44.5, 44.1, 42.8, 41.0, 39.7, 38.4, 37.9, 37.1, 35.3, 33.099999999999994, 29.099999999999994, 26.900000000000006, 24.700000000000003, 24.299999999999997, 23.400000000000006, 23.0, 22.5, 21.599999999999994, 19.0, 17.200000000000003, 14.599999999999994, 11.099999999999994, 9.700000000000003, 9.299999999999997, 8.0, 6.700000000000003, 5.299999999999997, 4.5, 2.700000000000003, -0.4000000000000057]}, "histogram": {"x": [1208.0, 1216.0, 1224.0, 1232.0, 1240.0, 1248.0, 1256.0, 1264.0, 1272.0, 1280.0, 1288.0, 1296.0, 1304.0, 1312.0, 1320.0, 1328.0, 1336.0, 1344.0, 1352.0, 1360.0, 1368.0, 1376.0, 1384.0, 1392.0, 1400.0, 1408.0, 1416.0, 1424.0, 1432.0, 1440.0, 1448.0, 1456.0, 1464.0, 1472.0, 1480.0, 1488.0, 1496.0, 1504.0, 1512.0, 1520.0, 1528.0, 1536.0, 1544.0, 1552.0, 1560.0, 1568.0, 1576.0, 1584.0, 1592.0, 1600.0, 1608.0, 1616.0], "y": [1, 0, 0, 0, 0, 0, 1, 1, 0, 0, 0, 0, 0, 0, 0, 0, 1, 0, 0, 0, 0, 0, 0, 0, 0, 0, 0, 0, 0, 2, 2, 0, 0, 0, 3, 10, 7, 0, 7, 16, 1, 10, 18, 12, 33, 12, 4, 31, 22, 12, 22, 0]}}