{"percentile": {"x": [720, 779, 1130, 1197, 1226, 1249, 1265, 1418, 1441, 1465, 1478, 1489, 1490, 1500, 1501, 1502, 1513, 1514, 1515, 1517, 1518, 1519, 1520, 1522, 1524, 1525, 1526, 1527, 1536, 1537, 1538, 1539, 1549, 1550, 1551, 1552, 1553, 1556, 1557, 1559, 1560, 1561, 1562, 1563, 1564, 1572, 1573, 1574, 1575, 1576, 1585, 1586, 1587, 1588, 1589, 1590, 1591, 1592, 1593, 1594, 1595, 1596, 1597, 1598, 1599, 1600, 1601, 1602, 1603, 1605, 1606, 1608, 1609, 1610, 1611, 1612, 1613, 1614, 1615, 1616, 1617, 1618, 1620, 1621, 1635, 1636, 1649, 1650, 1655], "y": [99.8, 99.6, 99.4, 99.2, 99.0, 98.8, 98.6, 98.4, 98.0, 96.7, 96.1, 95.9, 95.7, 95.4, 94.4, 85.6, 83.9, 81.6, 80.4, 80.0, 78.9, 78.7, 78.5, 78.3, 77.0, 76.0, 74.5, 73.5, 73.3, 72.6, 71.8, 71.4, 69.3, 67.6, 65.5, 62.8, 62.2, 61.8, 61.3, 61.1, 59.7, 57.8, 55.9, 54.2, 52.6, 52.1, 51.5, 50.9, 50.5, 50.0, 48.2, 46.7, 43.4, 40.8, 36.9, 36.7, 35.599999999999994, 34.8, 34.2, 33.900000000000006, 33.5, 30.799999999999997, 29.799999999999997, 27.700000000000003, 25.200000000000003, 22.599999999999994, 19.900000000000006, 19.700000000000003, 19.5, 19.299999999999997, 18.900000000000006, 16.799999999999997, 15.900000000000006, 14.700000000000003, 12.400000000000006, 10.900000000000006, 6.700000000000003, 5.5, 5.099999999999994, 4.900000000000006, 4.200000000000003, 4.0, 3.0, 2.5999999999999943, 2.0999999999999943, 1.9000000000000057, 1.5, 0.0, -0.20000000000000284]}, "histogram": {"x": [720.0, 728.0, 736.0, 744.0, 752.0, 760.0, 768.0, 776.0, 784.0, 792.0, 800.0, 808.0, 816.0, 824.0, 832.0, 840.0, 848.0, 856.0, 864.0, 872.0, 880.0, 888.0, 896.0, 904.0, 912.0, 920.0, 928.0, 936.0, 944.0, 952.0, 960.0, 968.0, 976.0, 984.0, 992.0, 1000.0, 1008.0, 1016.0, 1024.0, 1032.0, 1040.0, 1048.0, 1056.0, 1064.0, 1072.0, 1080.0, 1088.0, 1096.0, 1104.0, 1112.0, 1120.0, 1128.0, 1136.0, 1144.0, 1152.0, 1160.0, 1168.0, 1176.0, 1184.0, 1192.0, 1200.0, 1208.0, 1216.0, 1224.0, 1232.0, 1240.0, 1248.0, 1256.0, 1264.0, 1272.0, 1280.0, 1288.0, 1296.0, 1304.0, 1312.0, 1320.0, 1328.0, 1336.0, 1344.0, 1352.0, 1360.0, 1368.0, 1376.0, 1384.0, 1392.0, 1400.0, 1408.0, 1416.0, 1424.0, 1432.0, 1440.0, 1448.0, 1456.0, 1464.0, 1472.0, 1480.0, 1488.0, 1496.0, 1504.0, 1512.0, 1520.0, 1528.0, 1536.0, 1544.0, 1552.0, 1560.0, 1568.0, 1576.0, 1584.0, 1592.0, 1600.0, 1608.0, 1616.0, 1624.0, 1632.0, 1640.0, 1648.0, 1656.0], "y": [1, 0, 0, 0, 0, 0, 0, 1, 0, 0, 0, 0, 0, 0, 0, 0, 0, 0, 0, 0, 0, 0, 0, 0, 0, 0, 0, 0, 0, 0, 0, 0, 0, 0, 0, 0, 0, 0, 0, 0, 0, 0, 0, 0, 0, 0, 0, 0, 0, 0, 0, 1, 0, 0, 0, 0, 0, 0, 0, 1, 0, 0, 0, 1, 0, 0, 1, 0, 1, 0, 0, 0, 0, 0, 0, 0, 0, 0, 0, 0, 0, 0, 0, 0, 0, 0, 0, 1, 0, 0, 2, 0, 0, 6, 3, 0, 2, 48, 0, 33, 25, 0, 10, 28, 21, 41, 10, 2, 69, 50, 30, 66, 12, 0, 3, 0, 10, 0]}}