{"percentile": {"y": [94.2, 88.3, 82.4, 76.5, 70.6, 64.8, 53.0, 47.1, 41.2, 35.3, 23.599999999999994, 11.799999999999997, 5.900000000000006, 0.0, -5.799999999999997], "x": [1084, 1412, 1502, 1513, 1515, 1524, 1550, 1551, 1563, 1586, 1587, 1589, 1603, 1612, 1613]}, "histogram": {"y": [1, 0, 0, 0, 0, 0, 0, 0, 0, 0, 0, 0, 0, 0, 0, 0, 0, 0, 1, 0, 0, 0, 0, 1, 3, 0, 4, 0, 5, 3, 0], "x": [1098.0, 1116.0, 1134.0, 1152.0, 1170.0, 1188.0, 1206.0, 1224.0, 1242.0, 1260.0, 1278.0, 1296.0, 1314.0, 1332.0, 1350.0, 1368.0, 1386.0, 1404.0, 1422.0, 1440.0, 1458.0, 1476.0, 1494.0, 1512.0, 1530.0, 1548.0, 1566.0, 1584.0, 1602.0, 1620.0]}}