{"histogram": {"x": [468.0, 486.0, 504.0, 522.0, 540.0, 558.0, 576.0, 594.0, 612.0, 630.0, 648.0, 666.0, 684.0, 702.0, 720.0, 738.0, 756.0, 774.0, 792.0, 810.0, 828.0, 846.0, 864.0, 882.0, 900.0, 918.0, 936.0, 954.0, 972.0, 990.0, 1008.0, 1026.0, 1044.0, 1062.0, 1080.0, 1098.0, 1116.0, 1134.0, 1152.0, 1170.0, 1188.0, 1206.0, 1224.0, 1242.0, 1260.0, 1278.0, 1296.0, 1314.0, 1332.0, 1350.0, 1368.0, 1386.0, 1404.0, 1422.0, 1440.0, 1458.0, 1476.0, 1494.0, 1512.0, 1530.0, 1548.0, 1566.0, 1584.0, 1602.0, 1620.0, 1638.0, 1656.0], "y": [1, 1, 0, 0, 0, 0, 0, 0, 0, 0, 0, 0, 0, 0, 0, 0, 0, 0, 0, 0, 0, 0, 0, 0, 0, 0, 0, 0, 0, 0, 0, 0, 0, 0, 1, 0, 0, 0, 0, 1, 0, 0, 0, 0, 0, 0, 0, 0, 0, 0, 0, 1, 0, 0, 0, 1, 0, 5, 11, 18, 5, 65, 9, 120, 88, 12, 11, 0]}, "percentile": {"x": [460, 480, 1077, 1162, 1380, 1453, 1477, 1478, 1488, 1489, 1501, 1502, 1512, 1514, 1515, 1516, 1519, 1524, 1525, 1526, 1527, 1536, 1538, 1539, 1549, 1550, 1551, 1552, 1553, 1555, 1556, 1559, 1560, 1561, 1562, 1563, 1564, 1573, 1575, 1576, 1578, 1584, 1585, 1586, 1587, 1588, 1589, 1591, 1592, 1593, 1595, 1596, 1597, 1598, 1599, 1600, 1601, 1602, 1604, 1606, 1607, 1608, 1609, 1610, 1611, 1612, 1613, 1614, 1617, 1618, 1620, 1621, 1623, 1624, 1625, 1632, 1633, 1635, 1638, 1641, 1644, 1650], "y": [99.8, 99.5, 99.2, 98.9, 98.6, 98.3, 98.0, 97.5, 97.2, 96.9, 96.0, 93.7, 93.2, 92.6, 92.3, 92.0, 91.7, 90.6, 89.7, 89.2, 88.6, 88.3, 88.0, 87.2, 85.2, 83.7, 82.6, 80.3, 79.7, 79.1, 78.8, 78.6, 76.8, 73.4, 71.7, 70.0, 68.5, 68.0, 67.7, 66.2, 66.0, 65.7, 63.7, 61.7, 58.5, 55.9, 53.3, 53.1, 52.8, 51.3, 51.1, 48.2, 46.5, 43.0, 38.4, 35.0, 31.599999999999994, 31.299999999999997, 30.700000000000003, 30.400000000000006, 29.799999999999997, 28.400000000000006, 26.400000000000006, 24.400000000000006, 21.799999999999997, 19.799999999999997, 8.099999999999994, 7.5, 6.900000000000006, 6.400000000000006, 5.5, 4.900000000000006, 4.599999999999994, 4.299999999999997, 4.099999999999994, 3.5, 3.200000000000003, 2.9000000000000057, 2.5999999999999943, 2.299999999999997, 2.0999999999999943, -0.20000000000000284]}}