{"percentile": {"y": [99.9, 99.7, 99.5, 99.2, 98.9, 98.5, 98.4, 97.8, 97.7, 97.5, 97.3, 96.8, 96.1, 96.0, 95.8, 95.5, 94.6, 93.3, 85.8, 85.6, 85.4, 84.8, 83.8, 82.4, 80.5, 78.1, 77.3, 76.8, 76.1, 75.3, 74.8, 74.1, 73.2, 71.2, 69.0, 66.4, 63.5, 60.8, 60.2, 59.8, 59.5, 58.3, 57.3, 55.9, 53.5, 50.5, 47.8, 44.0, 22.099999999999994, 20.799999999999997, 19.900000000000006, 18.400000000000006, 16.900000000000006, 16.299999999999997, 16.0, 13.799999999999997, 12.599999999999994, 12.099999999999994, 11.400000000000006, 10.900000000000006, 9.900000000000006, 9.700000000000003, 9.400000000000006, 8.900000000000006, 8.400000000000006, 8.200000000000003, 8.0, 7.400000000000006, 7.0, 6.799999999999997, 6.700000000000003, 6.0, 5.799999999999997, 5.299999999999997, 5.0, 4.599999999999994, 4.5, 4.099999999999994, 4.0, 3.799999999999997, 2.299999999999997, 1.5999999999999943, 1.0999999999999943, 0.7000000000000028, -0.09999999999999432], "x": [1453, 1489, 1514, 1526, 1527, 1537, 1538, 1539, 1551, 1552, 1555, 1563, 1564, 1567, 1572, 1573, 1574, 1575, 1576, 1582, 1584, 1585, 1586, 1587, 1588, 1589, 1590, 1591, 1592, 1593, 1594, 1595, 1596, 1597, 1598, 1599, 1600, 1601, 1602, 1603, 1604, 1605, 1606, 1608, 1609, 1610, 1611, 1612, 1613, 1614, 1615, 1616, 1617, 1618, 1619, 1620, 1621, 1622, 1623, 1624, 1625, 1626, 1627, 1628, 1629, 1630, 1631, 1632, 1633, 1634, 1635, 1636, 1637, 1639, 1641, 1642, 1643, 1644, 1646, 1648, 1650, 1651, 1653, 1654, 1655]}, "histogram": {"y": [1, 0, 0, 0, 0, 1, 0, 0, 1, 4, 0, 6, 1, 2, 8, 16, 45, 52, 61, 54, 220, 50, 20, 16, 8, 24, 0], "x": [1448.0, 1456.0, 1464.0, 1472.0, 1480.0, 1488.0, 1496.0, 1504.0, 1512.0, 1520.0, 1528.0, 1536.0, 1544.0, 1552.0, 1560.0, 1568.0, 1576.0, 1584.0, 1592.0, 1600.0, 1608.0, 1616.0, 1624.0, 1632.0, 1640.0, 1648.0, 1656.0]}}