{"histogram": {"y": [1, 0, 0, 0, 0, 0, 0, 0, 0, 0, 1, 0, 0, 0, 0, 0, 0, 0, 0, 1, 0, 0, 0, 0, 0, 0, 0, 0, 0, 0, 0, 0, 0, 0, 0, 0, 0, 0, 0, 0, 0, 0, 0, 0, 0, 0, 0, 0, 0, 0, 0, 0, 0, 0, 0, 0, 0, 0, 0, 0, 0, 0, 0, 0, 0, 1, 0, 1, 0, 0, 0, 0, 0, 0, 0, 0, 0, 0, 0, 0, 0, 0, 0, 0, 0, 0, 0, 0, 0, 0, 0, 0, 0, 0, 0, 0, 0, 1, 0, 0, 0, 0, 0, 0, 0, 0, 0, 0, 0, 1, 0, 0, 3, 2, 1, 7, 39, 0, 25, 28, 0, 12, 41, 27, 44, 11, 9, 97, 59, 33, 102, 11, 4, 4, 0, 8, 0], "x": [568.0, 576.0, 584.0, 592.0, 600.0, 608.0, 616.0, 624.0, 632.0, 640.0, 648.0, 656.0, 664.0, 672.0, 680.0, 688.0, 696.0, 704.0, 712.0, 720.0, 728.0, 736.0, 744.0, 752.0, 760.0, 768.0, 776.0, 784.0, 792.0, 800.0, 808.0, 816.0, 824.0, 832.0, 840.0, 848.0, 856.0, 864.0, 872.0, 880.0, 888.0, 896.0, 904.0, 912.0, 920.0, 928.0, 936.0, 944.0, 952.0, 960.0, 968.0, 976.0, 984.0, 992.0, 1000.0, 1008.0, 1016.0, 1024.0, 1032.0, 1040.0, 1048.0, 1056.0, 1064.0, 1072.0, 1080.0, 1088.0, 1096.0, 1104.0, 1112.0, 1120.0, 1128.0, 1136.0, 1144.0, 1152.0, 1160.0, 1168.0, 1176.0, 1184.0, 1192.0, 1200.0, 1208.0, 1216.0, 1224.0, 1232.0, 1240.0, 1248.0, 1256.0, 1264.0, 1272.0, 1280.0, 1288.0, 1296.0, 1304.0, 1312.0, 1320.0, 1328.0, 1336.0, 1344.0, 1352.0, 1360.0, 1368.0, 1376.0, 1384.0, 1392.0, 1400.0, 1408.0, 1416.0, 1424.0, 1432.0, 1440.0, 1448.0, 1456.0, 1464.0, 1472.0, 1480.0, 1488.0, 1496.0, 1504.0, 1512.0, 1520.0, 1528.0, 1536.0, 1544.0, 1552.0, 1560.0, 1568.0, 1576.0, 1584.0, 1592.0, 1600.0, 1608.0, 1616.0, 1624.0, 1632.0, 1640.0, 1648.0, 1656.0]}, "percentile": {"y": [99.9, 99.7, 99.5, 99.4, 99.2, 99.0, 98.8, 98.3, 98.0, 97.8, 97.6, 97.4, 96.7, 96.6, 96.2, 95.5, 89.8, 89.4, 88.5, 87.3, 85.7, 85.6, 85.4, 85.2, 84.3, 82.8, 81.4, 80.5, 80.2, 80.0, 78.6, 78.4, 78.1, 77.9, 75.8, 73.3, 71.3, 67.9, 67.8, 67.1, 66.9, 66.5, 64.8, 63.1, 61.1, 60.1, 58.9, 58.5, 57.8, 57.5, 57.1, 56.9, 56.2, 56.1, 55.7, 55.5, 55.4, 55.0, 52.2, 50.0, 45.8, 43.3, 39.3, 39.0, 38.4, 38.3, 37.9, 36.4, 33.900000000000006, 30.599999999999994, 28.099999999999994, 26.599999999999994, 23.799999999999997, 23.599999999999994, 23.299999999999997, 23.099999999999994, 22.700000000000003, 22.400000000000006, 21.0, 19.799999999999997, 17.0, 13.799999999999997, 11.900000000000006, 4.799999999999997, 4.599999999999994, 4.400000000000006, 4.200000000000003, 2.799999999999997, 2.700000000000003, 2.299999999999997, 2.0999999999999943, 2.0, 1.7999999999999972, 1.5999999999999943, 1.2999999999999972, 0.4000000000000057, 0.20000000000000284, -0.09999999999999432], "x": [569, 655, 720, 1094, 1110, 1344, 1441, 1465, 1478, 1482, 1488, 1489, 1490, 1494, 1500, 1501, 1502, 1512, 1513, 1514, 1515, 1517, 1519, 1523, 1524, 1525, 1526, 1527, 1537, 1538, 1539, 1541, 1547, 1548, 1549, 1550, 1551, 1552, 1553, 1555, 1556, 1557, 1560, 1561, 1562, 1563, 1564, 1568, 1572, 1573, 1574, 1575, 1576, 1577, 1578, 1582, 1583, 1584, 1585, 1586, 1587, 1588, 1589, 1590, 1591, 1592, 1594, 1596, 1597, 1598, 1599, 1600, 1601, 1602, 1603, 1604, 1605, 1607, 1608, 1609, 1610, 1611, 1612, 1613, 1615, 1616, 1617, 1620, 1622, 1624, 1626, 1629, 1633, 1634, 1635, 1650, 1653, 1655]}}