{"histogram": {"y": [1, 0, 1, 0, 0, 1, 0, 1, 3, 2, 3, 21, 1, 3, 1, 0, 5], "x": [1520.0, 1528.0, 1536.0, 1544.0, 1552.0, 1560.0, 1568.0, 1576.0, 1584.0, 1592.0, 1600.0, 1608.0, 1616.0, 1624.0, 1632.0, 1640.0, 1648.0]}, "percentile": {"y": [97.7, 95.3, 92.9, 90.5, 88.1, 85.8, 83.4, 81.0, 78.6, 76.2, 73.9, 71.5, 69.1, 66.7, 59.6, 52.4, 47.7, 26.200000000000003, 23.900000000000006, 21.5, 19.099999999999994, 16.700000000000003, 12.0, 9.599999999999994, 7.200000000000003, -2.299999999999997], "x": [1526, 1539, 1562, 1576, 1585, 1587, 1591, 1594, 1598, 1601, 1604, 1607, 1608, 1609, 1610, 1611, 1612, 1613, 1614, 1615, 1623, 1624, 1626, 1636, 1648, 1650]}}