{"percentile": {"x": [1488, 1515, 1526, 1527, 1539, 1549, 1550, 1551, 1552, 1559, 1560, 1561, 1562, 1563, 1564, 1572, 1573, 1574, 1575, 1576, 1583, 1584, 1585, 1586, 1587, 1588, 1589, 1590, 1592, 1593, 1594, 1596, 1597, 1598, 1599, 1600, 1601, 1602, 1603, 1604, 1605, 1606, 1607, 1608, 1609, 1610, 1611, 1612, 1613, 1614, 1615, 1616, 1617, 1618, 1619, 1620, 1622, 1623, 1624, 1625, 1626, 1627, 1629, 1632, 1634, 1635, 1636, 1638, 1640, 1648, 1649, 1650, 1651, 1652, 1653, 1655], "y": [99.8, 99.6, 99.4, 99.0, 98.4, 98.2, 97.8, 97.6, 96.3, 96.1, 95.9, 94.9, 94.2, 93.0, 91.7, 91.1, 89.9, 87.6, 85.7, 76.6, 76.1, 75.9, 74.9, 74.3, 73.4, 71.4, 68.4, 67.6, 67.2, 66.8, 66.0, 64.3, 62.6, 59.7, 57.4, 55.8, 52.4, 51.6, 51.0, 49.9, 49.7, 49.5, 49.1, 48.3, 46.0, 43.1, 39.1, 32.3, 14.0, 13.599999999999994, 12.700000000000003, 12.299999999999997, 11.700000000000003, 11.5, 11.099999999999994, 10.400000000000006, 10.0, 9.400000000000006, 8.200000000000003, 7.5, 7.299999999999997, 7.099999999999994, 6.900000000000006, 6.5, 6.299999999999997, 5.900000000000006, 5.200000000000003, 5.0, 4.799999999999997, 4.599999999999994, 3.799999999999997, 1.0999999999999943, 0.9000000000000057, 0.7000000000000028, 0.5, -0.20000000000000284]}, "histogram": {"x": [1494.0, 1512.0, 1530.0, 1548.0, 1566.0, 1584.0, 1602.0, 1620.0, 1638.0, 1656.0], "y": [1, 0, 4, 3, 32, 75, 114, 199, 28, 26, 0]}}