{"percentile": {"y": [99.2, 98.4, 97.6, 96.8, 96.0, 95.1, 93.5, 92.7, 91.9, 91.0, 90.2, 89.4, 84.5, 82.8, 82.0, 78.7, 74.6, 73.8, 72.2, 70.5, 69.7, 66.4, 64.8, 64.0, 60.7, 59.9, 58.2, 55.8, 53.3, 52.5, 50.9, 48.4, 43.5, 39.4, 22.200000000000003, 21.400000000000006, 20.5, 19.700000000000003, 18.900000000000006, 15.599999999999994, 14.0, 12.299999999999997, 10.700000000000003, 9.900000000000006, 9.099999999999994, 6.599999999999994, 5.799999999999997, 5.0, 4.099999999999994, 2.5, 1.7000000000000028, -0.7999999999999972], "x": [1502, 1514, 1527, 1537, 1538, 1539, 1550, 1551, 1552, 1557, 1561, 1562, 1563, 1564, 1565, 1574, 1576, 1578, 1585, 1586, 1587, 1588, 1589, 1593, 1597, 1598, 1599, 1600, 1601, 1608, 1609, 1610, 1611, 1612, 1613, 1614, 1615, 1617, 1618, 1620, 1621, 1622, 1623, 1624, 1633, 1635, 1638, 1646, 1647, 1648, 1649, 1650]}, "histogram": {"y": [1, 0, 1, 1, 0, 3, 3, 2, 11, 4, 6, 11, 8, 6, 40, 12, 1, 5, 2, 6], "x": [1496.0, 1504.0, 1512.0, 1520.0, 1528.0, 1536.0, 1544.0, 1552.0, 1560.0, 1568.0, 1576.0, 1584.0, 1592.0, 1600.0, 1608.0, 1616.0, 1624.0, 1632.0, 1640.0, 1648.0]}}