{"percentile": {"x": [1143, 1314, 1441, 1453, 1465, 1477, 1489, 1490, 1499, 1501, 1502, 1513, 1514, 1515, 1518, 1521, 1522, 1524, 1525, 1526, 1527, 1536, 1537, 1538, 1539, 1548, 1549, 1550, 1551, 1552, 1553, 1554, 1555, 1556, 1557, 1558, 1559, 1560, 1561, 1562, 1563, 1564, 1565, 1567, 1572, 1573, 1574, 1575, 1576, 1584, 1585, 1586, 1587, 1588, 1589, 1590, 1591, 1593, 1595, 1596, 1597, 1598, 1599, 1600, 1601, 1602, 1604, 1605, 1607, 1608, 1609, 1610, 1611, 1612, 1613, 1614, 1616, 1620, 1622, 1623, 1624, 1625, 1626, 1627, 1630, 1634, 1646, 1649, 1650, 1655], "y": [99.8, 99.6, 99.2, 99.0, 98.1, 97.9, 97.6, 96.1, 95.9, 94.2, 88.5, 87.4, 84.3, 83.0, 82.8, 82.6, 82.4, 81.9, 80.6, 79.7, 78.9, 78.7, 77.8, 77.3, 76.5, 76.0, 74.9, 72.5, 69.7, 67.3, 67.1, 66.9, 66.4, 66.0, 65.8, 65.1, 64.7, 62.7, 61.0, 58.8, 57.7, 55.9, 55.7, 55.5, 55.3, 55.1, 54.6, 54.2, 53.1, 52.7, 50.9, 48.5, 45.0, 41.8, 37.4, 36.9, 36.5, 35.400000000000006, 34.5, 33.0, 31.099999999999994, 28.200000000000003, 25.400000000000006, 21.200000000000003, 19.5, 19.0, 18.599999999999994, 18.200000000000003, 18.0, 16.900000000000006, 16.599999999999994, 15.599999999999994, 13.200000000000003, 12.099999999999994, 6.400000000000006, 5.099999999999994, 4.900000000000006, 3.799999999999997, 3.5, 3.299999999999997, 3.0999999999999943, 2.700000000000003, 2.200000000000003, 1.7999999999999972, 1.5999999999999943, 1.4000000000000057, 1.0999999999999943, 0.9000000000000057, 0.29999999999999716, -0.20000000000000284]}, "histogram": {"x": [1152.0, 1170.0, 1188.0, 1206.0, 1224.0, 1242.0, 1260.0, 1278.0, 1296.0, 1314.0, 1332.0, 1350.0, 1368.0, 1386.0, 1404.0, 1422.0, 1440.0, 1458.0, 1476.0, 1494.0, 1512.0, 1530.0, 1548.0, 1566.0, 1584.0, 1602.0, 1620.0, 1638.0, 1656.0], "y": [1, 0, 0, 0, 0, 0, 0, 0, 0, 0, 1, 0, 0, 0, 0, 0, 0, 3, 4, 9, 35, 44, 11, 95, 12, 154, 67, 16, 7, 0]}}