{"percentile": {"y": [99.4, 98.1, 97.5, 96.2, 95.0, 93.0, 91.8, 90.5, 89.9, 87.9, 86.0, 85.4, 84.8, 83.5, 82.9, 80.3, 77.8, 75.2, 73.9, 73.3, 70.8, 69.5, 68.8, 66.9, 62.5, 60.6, 56.7, 49.7, 26.200000000000003, 24.299999999999997, 23.0, 21.700000000000003, 21.099999999999994, 19.799999999999997, 19.200000000000003, 17.900000000000006, 16.599999999999994, 16.0, 14.099999999999994, 12.799999999999997, 12.200000000000003, 11.5, 10.900000000000006, 10.200000000000003, 9.599999999999994, 9.0, 8.299999999999997, 7.700000000000003, 7.099999999999994, 6.400000000000006, 0.0, -0.5999999999999943], "x": [1563, 1564, 1572, 1573, 1575, 1576, 1586, 1587, 1588, 1589, 1591, 1592, 1593, 1596, 1597, 1598, 1599, 1600, 1601, 1602, 1603, 1604, 1605, 1608, 1609, 1610, 1611, 1612, 1613, 1615, 1616, 1617, 1618, 1619, 1620, 1621, 1623, 1624, 1625, 1626, 1628, 1631, 1633, 1634, 1637, 1641, 1645, 1646, 1647, 1649, 1650, 1655]}, "histogram": {"y": [3, 5, 3, 11, 13, 14, 70, 12, 8, 3, 4, 12, 0], "x": [1560.0, 1568.0, 1576.0, 1584.0, 1592.0, 1600.0, 1608.0, 1616.0, 1624.0, 1632.0, 1640.0, 1648.0, 1656.0]}}