{"percentile": {"x": [1411, 1478, 1501, 1502, 1513, 1514, 1515, 1524, 1526, 1527, 1537, 1539, 1549, 1550, 1551, 1552, 1557, 1560, 1561, 1562, 1563, 1564, 1565, 1571, 1572, 1573, 1574, 1575, 1576, 1584, 1585, 1586, 1587, 1588, 1589, 1593, 1594, 1595, 1596, 1597, 1598, 1599, 1600, 1601, 1604, 1608, 1609, 1610, 1611, 1612, 1613, 1618, 1620, 1622, 1623, 1648, 1650, 1655], "y": [99.5, 98.5, 97.9, 96.9, 96.3, 93.7, 93.1, 92.6, 91.0, 90.5, 89.9, 86.8, 86.2, 83.0, 79.3, 76.1, 75.0, 74.5, 72.4, 70.8, 68.1, 66.0, 64.9, 64.4, 63.9, 63.3, 62.8, 61.2, 59.6, 59.1, 55.9, 54.8, 50.6, 47.9, 42.6, 42.1, 41.5, 41.0, 38.9, 38.3, 36.8, 35.2, 30.400000000000006, 27.200000000000003, 26.599999999999994, 25.0, 22.900000000000006, 20.799999999999997, 19.200000000000003, 17.099999999999994, 5.900000000000006, 5.400000000000006, 4.799999999999997, 4.299999999999997, 3.799999999999997, 2.700000000000003, 0.0, -0.5]}, "histogram": {"x": [1408.0, 1416.0, 1424.0, 1432.0, 1440.0, 1448.0, 1456.0, 1464.0, 1472.0, 1480.0, 1488.0, 1496.0, 1504.0, 1512.0, 1520.0, 1528.0, 1536.0, 1544.0, 1552.0, 1560.0, 1568.0, 1576.0, 1584.0, 1592.0, 1600.0, 1608.0, 1616.0, 1624.0, 1632.0, 1640.0, 1648.0, 1656.0], "y": [1, 0, 0, 0, 0, 0, 0, 0, 2, 0, 0, 3, 0, 7, 5, 0, 7, 14, 8, 19, 7, 3, 32, 14, 16, 39, 4, 0, 0, 0, 8, 0]}}