{"percentile": {"y": [99.2, 98.4, 97.5, 96.7, 95.8, 93.3, 92.4, 90.7, 89.9, 89.0, 88.2, 83.9, 82.3, 80.6, 77.2, 76.3, 75.5, 72.9, 71.2, 70.4, 67.0, 65.3, 63.6, 62.8, 61.9, 59.4, 56.0, 52.6, 50.9, 50.0, 46.7, 42.4, 41.6, 38.2, 37.3, 36.5, 35.599999999999994, 34.8, 33.099999999999994, 31.400000000000006, 29.700000000000003, 28.900000000000006, 24.599999999999994, 23.799999999999997, 22.900000000000006, 21.200000000000003, 18.700000000000003, 17.799999999999997, 16.200000000000003, 15.299999999999997, 13.599999999999994, 12.799999999999997, 11.099999999999994, 9.400000000000006, 7.700000000000003, 4.299999999999997, 0.9000000000000057, -0.7999999999999972], "x": [234, 960, 1214, 1453, 1464, 1465, 1477, 1478, 1479, 1489, 1490, 1502, 1513, 1514, 1515, 1516, 1518, 1524, 1525, 1526, 1527, 1538, 1539, 1541, 1549, 1550, 1551, 1552, 1559, 1560, 1561, 1562, 1563, 1564, 1566, 1572, 1573, 1582, 1584, 1585, 1587, 1588, 1589, 1592, 1595, 1596, 1597, 1598, 1599, 1600, 1601, 1607, 1608, 1610, 1611, 1612, 1613, 1650]}, "histogram": {"y": [1, 0, 0, 0, 0, 0, 0, 0, 0, 0, 0, 0, 0, 0, 0, 0, 0, 0, 0, 0, 0, 0, 0, 0, 0, 0, 0, 0, 0, 0, 0, 0, 0, 0, 0, 0, 0, 0, 0, 0, 1, 0, 0, 0, 0, 0, 0, 0, 0, 0, 0, 0, 0, 0, 1, 0, 0, 0, 0, 0, 0, 0, 0, 0, 0, 0, 0, 1, 4, 6, 5, 20, 5, 29, 4, 25, 15, 0, 2, 0], "x": [252.0, 270.0, 288.0, 306.0, 324.0, 342.0, 360.0, 378.0, 396.0, 414.0, 432.0, 450.0, 468.0, 486.0, 504.0, 522.0, 540.0, 558.0, 576.0, 594.0, 612.0, 630.0, 648.0, 666.0, 684.0, 702.0, 720.0, 738.0, 756.0, 774.0, 792.0, 810.0, 828.0, 846.0, 864.0, 882.0, 900.0, 918.0, 936.0, 954.0, 972.0, 990.0, 1008.0, 1026.0, 1044.0, 1062.0, 1080.0, 1098.0, 1116.0, 1134.0, 1152.0, 1170.0, 1188.0, 1206.0, 1224.0, 1242.0, 1260.0, 1278.0, 1296.0, 1314.0, 1332.0, 1350.0, 1368.0, 1386.0, 1404.0, 1422.0, 1440.0, 1458.0, 1476.0, 1494.0, 1512.0, 1530.0, 1548.0, 1566.0, 1584.0, 1602.0, 1620.0, 1638.0, 1656.0]}}