{"histogram": {"x": [728.0, 736.0, 744.0, 752.0, 760.0, 768.0, 776.0, 784.0, 792.0, 800.0, 808.0, 816.0, 824.0, 832.0, 840.0, 848.0, 856.0, 864.0, 872.0, 880.0, 888.0, 896.0, 904.0, 912.0, 920.0, 928.0, 936.0, 944.0, 952.0, 960.0, 968.0, 976.0, 984.0, 992.0, 1000.0, 1008.0, 1016.0, 1024.0, 1032.0, 1040.0, 1048.0, 1056.0, 1064.0, 1072.0, 1080.0, 1088.0, 1096.0, 1104.0, 1112.0, 1120.0, 1128.0, 1136.0, 1144.0, 1152.0, 1160.0, 1168.0, 1176.0, 1184.0, 1192.0, 1200.0, 1208.0, 1216.0, 1224.0, 1232.0, 1240.0, 1248.0, 1256.0, 1264.0, 1272.0, 1280.0, 1288.0, 1296.0, 1304.0, 1312.0, 1320.0, 1328.0, 1336.0, 1344.0, 1352.0, 1360.0, 1368.0, 1376.0, 1384.0, 1392.0, 1400.0, 1408.0, 1416.0, 1424.0, 1432.0, 1440.0, 1448.0, 1456.0, 1464.0, 1472.0, 1480.0, 1488.0, 1496.0, 1504.0, 1512.0, 1520.0, 1528.0, 1536.0, 1544.0, 1552.0, 1560.0, 1568.0, 1576.0, 1584.0, 1592.0, 1600.0, 1608.0, 1616.0, 1624.0, 1632.0, 1640.0, 1648.0, 1656.0], "y": [1, 0, 0, 0, 0, 0, 0, 0, 0, 0, 0, 0, 0, 0, 0, 0, 0, 0, 0, 0, 0, 0, 0, 0, 0, 0, 0, 0, 0, 0, 0, 0, 0, 0, 0, 0, 0, 0, 0, 0, 0, 0, 0, 0, 0, 0, 0, 0, 0, 0, 0, 0, 0, 0, 0, 0, 0, 0, 0, 0, 0, 0, 0, 0, 0, 0, 0, 0, 0, 0, 0, 0, 0, 0, 0, 0, 0, 0, 0, 0, 0, 0, 0, 0, 0, 0, 0, 0, 0, 1, 0, 0, 2, 0, 0, 1, 15, 0, 10, 5, 0, 8, 15, 10, 19, 5, 3, 48, 28, 26, 44, 3, 3, 4, 0, 10, 0]}, "percentile": {"x": [730, 1441, 1465, 1489, 1501, 1502, 1513, 1514, 1515, 1516, 1517, 1524, 1525, 1526, 1527, 1537, 1538, 1539, 1548, 1549, 1550, 1551, 1552, 1555, 1557, 1558, 1560, 1561, 1562, 1563, 1564, 1566, 1574, 1575, 1576, 1579, 1584, 1585, 1586, 1587, 1588, 1589, 1590, 1591, 1592, 1593, 1596, 1597, 1598, 1599, 1600, 1601, 1603, 1604, 1606, 1607, 1608, 1609, 1610, 1611, 1612, 1613, 1614, 1615, 1620, 1623, 1625, 1626, 1633, 1635, 1638, 1650, 1655], "y": [99.7, 99.3, 98.5, 98.1, 97.0, 92.4, 92.0, 91.2, 89.7, 88.9, 88.5, 88.1, 87.7, 87.0, 86.6, 86.2, 84.7, 83.5, 82.7, 82.0, 79.3, 77.7, 75.8, 75.0, 74.3, 73.9, 71.6, 69.3, 68.1, 67.7, 67.0, 66.6, 65.4, 64.7, 63.9, 63.5, 63.1, 60.4, 58.5, 56.2, 51.6, 46.2, 45.4, 45.0, 44.7, 43.5, 40.8, 40.0, 36.6, 34.3, 31.200000000000003, 26.599999999999994, 26.200000000000003, 25.400000000000006, 24.700000000000003, 24.299999999999997, 23.099999999999994, 20.799999999999997, 19.299999999999997, 16.599999999999994, 15.0, 8.099999999999994, 7.700000000000003, 7.400000000000006, 6.599999999999994, 6.200000000000003, 5.799999999999997, 5.0, 4.299999999999997, 3.9000000000000057, 3.5, 0.0, -0.29999999999999716]}}