{"histogram": {"y": [1, 0, 0, 1, 0, 1, 2, 0, 1, 2, 1, 6, 12, 15, 22, 30, 29, 87, 12, 6, 6, 2, 9], "x": [1472.0, 1480.0, 1488.0, 1496.0, 1504.0, 1512.0, 1520.0, 1528.0, 1536.0, 1544.0, 1552.0, 1560.0, 1568.0, 1576.0, 1584.0, 1592.0, 1600.0, 1608.0, 1616.0, 1624.0, 1632.0, 1640.0, 1648.0]}, "percentile": {"y": [99.6, 99.2, 98.8, 98.4, 98.0, 97.6, 97.2, 96.8, 96.4, 96.0, 95.1, 93.9, 93.5, 92.3, 91.0, 90.2, 89.0, 82.8, 82.4, 81.2, 78.7, 77.1, 75.9, 75.0, 74.2, 73.8, 73.0, 71.0, 69.7, 68.1, 64.4, 61.5, 56.2, 51.7, 50.9, 50.5, 49.6, 46.8, 45.5, 41.0, 34.900000000000006, 30.799999999999997, 16.400000000000006, 15.200000000000003, 14.0, 13.200000000000003, 12.799999999999997, 12.299999999999997, 11.900000000000006, 11.099999999999994, 9.900000000000006, 9.099999999999994, 8.700000000000003, 8.200000000000003, 7.799999999999997, 7.400000000000006, 7.0, 6.599999999999994, 5.799999999999997, 4.599999999999994, 4.099999999999994, 3.700000000000003, 3.299999999999997, 2.9000000000000057, -0.4000000000000057], "x": [1477, 1501, 1515, 1522, 1524, 1539, 1549, 1550, 1552, 1561, 1563, 1564, 1570, 1572, 1573, 1574, 1575, 1576, 1584, 1585, 1586, 1587, 1588, 1589, 1590, 1591, 1593, 1595, 1596, 1597, 1598, 1599, 1600, 1601, 1603, 1606, 1607, 1608, 1609, 1610, 1611, 1612, 1613, 1614, 1615, 1616, 1617, 1618, 1620, 1621, 1622, 1623, 1625, 1626, 1628, 1629, 1630, 1631, 1633, 1635, 1638, 1644, 1645, 1648, 1650]}}