{"histogram": {"y": [1, 0, 0, 0, 0, 0, 0, 1, 0, 1, 1, 0, 0, 0, 0, 0, 0, 0, 0, 0, 0, 0, 0, 0, 0, 0, 0, 0, 0, 0, 0, 0, 0, 1, 0, 0, 0, 0, 0, 0, 0, 0, 0, 0, 0, 0, 0, 0, 1, 0, 1, 0, 2, 1, 0, 8, 3, 4, 4, 18, 1, 26, 26, 4, 30, 39, 33, 64, 24, 17, 86, 66, 48, 79, 1, 6, 0, 0, 7, 0], "x": [1024.0, 1032.0, 1040.0, 1048.0, 1056.0, 1064.0, 1072.0, 1080.0, 1088.0, 1096.0, 1104.0, 1112.0, 1120.0, 1128.0, 1136.0, 1144.0, 1152.0, 1160.0, 1168.0, 1176.0, 1184.0, 1192.0, 1200.0, 1208.0, 1216.0, 1224.0, 1232.0, 1240.0, 1248.0, 1256.0, 1264.0, 1272.0, 1280.0, 1288.0, 1296.0, 1304.0, 1312.0, 1320.0, 1328.0, 1336.0, 1344.0, 1352.0, 1360.0, 1368.0, 1376.0, 1384.0, 1392.0, 1400.0, 1408.0, 1416.0, 1424.0, 1432.0, 1440.0, 1448.0, 1456.0, 1464.0, 1472.0, 1480.0, 1488.0, 1496.0, 1504.0, 1512.0, 1520.0, 1528.0, 1536.0, 1544.0, 1552.0, 1560.0, 1568.0, 1576.0, 1584.0, 1592.0, 1600.0, 1608.0, 1616.0, 1624.0, 1632.0, 1640.0, 1648.0, 1656.0]}, "percentile": {"y": [99.9, 99.7, 99.6, 99.4, 99.2, 99.1, 98.9, 98.7, 98.6, 98.4, 97.1, 96.9, 96.7, 96.6, 96.4, 96.1, 95.9, 95.6, 95.2, 94.9, 94.4, 92.3, 92.1, 91.8, 91.1, 89.8, 87.9, 87.8, 87.6, 87.4, 86.3, 84.8, 83.5, 83.3, 83.0, 82.8, 82.5, 80.6, 80.0, 78.0, 77.8, 77.7, 77.5, 75.7, 74.3, 71.4, 67.9, 67.0, 66.6, 66.4, 65.9, 65.1, 63.6, 61.1, 58.6, 55.9, 55.6, 55.3, 54.8, 54.4, 54.1, 53.3, 52.0, 51.3, 49.0, 48.8, 48.6, 48.5, 48.3, 46.8, 43.7, 40.8, 37.4, 34.400000000000006, 34.2, 34.0, 33.7, 32.400000000000006, 30.099999999999994, 28.400000000000006, 23.299999999999997, 19.799999999999997, 17.5, 17.299999999999997, 17.099999999999994, 16.5, 16.099999999999994, 15.5, 15.299999999999997, 14.799999999999997, 13.0, 11.799999999999997, 10.299999999999997, 8.5, 2.9000000000000057, 2.5, 2.200000000000003, 2.0, 1.7000000000000028, 1.5, 1.2000000000000028, 1.0, 0.0, -0.09999999999999432], "x": [1026, 1084, 1101, 1107, 1294, 1414, 1429, 1441, 1445, 1453, 1465, 1476, 1477, 1478, 1480, 1484, 1485, 1489, 1490, 1500, 1501, 1502, 1505, 1512, 1513, 1514, 1515, 1518, 1522, 1524, 1525, 1526, 1527, 1528, 1531, 1534, 1536, 1537, 1538, 1539, 1541, 1547, 1548, 1549, 1550, 1551, 1552, 1554, 1555, 1558, 1559, 1560, 1561, 1562, 1563, 1564, 1565, 1566, 1568, 1571, 1572, 1573, 1574, 1575, 1576, 1577, 1582, 1583, 1584, 1585, 1586, 1587, 1588, 1589, 1591, 1592, 1595, 1596, 1597, 1598, 1599, 1600, 1601, 1602, 1603, 1604, 1605, 1606, 1607, 1608, 1609, 1610, 1611, 1612, 1613, 1614, 1615, 1620, 1624, 1625, 1626, 1630, 1650, 1655]}}