{"percentile": {"y": [99.8, 99.7, 99.5, 99.4, 99.3, 99.2, 99.1, 98.8, 98.6, 98.5, 98.2, 98.1, 97.9, 97.8, 97.4, 97.0, 96.7, 96.3, 95.5, 94.7, 93.6, 92.8, 88.8, 88.2, 87.6, 86.9, 85.1, 83.7, 83.2, 82.7, 82.0, 81.9, 81.4, 81.1, 79.9, 79.0, 76.7, 75.7, 73.5, 71.0, 70.5, 70.3, 69.7, 69.6, 69.0, 68.4, 67.6, 65.6, 63.4, 60.2, 56.2, 34.2, 33.2, 31.900000000000006, 30.599999999999994, 29.400000000000006, 28.099999999999994, 26.400000000000006, 25.0, 24.0, 23.0, 22.099999999999994, 21.299999999999997, 20.799999999999997, 19.900000000000006, 19.299999999999997, 18.700000000000003, 18.400000000000006, 17.599999999999994, 16.700000000000003, 15.599999999999994, 15.099999999999994, 14.200000000000003, 13.799999999999997, 13.0, 12.400000000000006, 11.599999999999994, 11.0, 10.5, 10.0, 9.5, 8.799999999999997, 8.299999999999997, 7.5, 7.299999999999997, 6.400000000000006, 5.900000000000006, 3.5, 3.4000000000000057, 2.5999999999999943, 2.299999999999997, 0.9000000000000057, -0.09999999999999432], "x": [1502, 1514, 1525, 1526, 1528, 1531, 1537, 1549, 1550, 1551, 1552, 1554, 1557, 1559, 1560, 1561, 1562, 1563, 1564, 1573, 1574, 1575, 1576, 1585, 1586, 1587, 1588, 1589, 1590, 1591, 1592, 1593, 1594, 1595, 1596, 1597, 1598, 1599, 1600, 1601, 1602, 1603, 1604, 1605, 1606, 1607, 1608, 1609, 1610, 1611, 1612, 1613, 1614, 1615, 1616, 1617, 1618, 1619, 1620, 1621, 1622, 1623, 1624, 1625, 1626, 1627, 1628, 1629, 1630, 1631, 1632, 1633, 1634, 1635, 1636, 1637, 1638, 1639, 1640, 1641, 1642, 1643, 1644, 1645, 1647, 1648, 1649, 1650, 1651, 1652, 1653, 1654, 1655]}, "histogram": {"y": [2, 5, 2, 35, 65, 171, 431, 135, 120, 0], "x": [1512.0, 1530.0, 1548.0, 1566.0, 1584.0, 1602.0, 1620.0, 1638.0, 1656.0]}}