{"histogram": {"x": [1170.0, 1188.0, 1206.0, 1224.0, 1242.0, 1260.0, 1278.0, 1296.0, 1314.0, 1332.0, 1350.0, 1368.0, 1386.0, 1404.0, 1422.0, 1440.0, 1458.0, 1476.0, 1494.0, 1512.0, 1530.0, 1548.0, 1566.0, 1584.0, 1602.0, 1620.0, 1638.0], "y": [1, 0, 0, 0, 0, 0, 1, 0, 1, 1, 0, 0, 0, 1, 0, 0, 0, 2, 5, 3, 26, 6, 41, 11, 30, 21, 2, 1]}, "percentile": {"x": [1166, 1263, 1302, 1316, 1395, 1464, 1465, 1478, 1489, 1490, 1502, 1513, 1514, 1515, 1524, 1525, 1526, 1527, 1530, 1537, 1539, 1541, 1549, 1550, 1551, 1552, 1553, 1554, 1558, 1560, 1561, 1562, 1563, 1564, 1568, 1573, 1574, 1575, 1577, 1585, 1586, 1587, 1588, 1589, 1593, 1594, 1596, 1597, 1598, 1599, 1600, 1601, 1604, 1608, 1609, 1610, 1611, 1612, 1613, 1620, 1625, 1650], "y": [99.4, 98.7, 98.1, 97.4, 96.8, 96.1, 95.4, 94.8, 93.5, 92.2, 90.2, 88.2, 84.9, 80.3, 77.7, 76.4, 75.7, 73.1, 72.4, 71.1, 69.8, 69.1, 66.5, 63.2, 61.2, 56.0, 55.3, 54.7, 54.0, 52.7, 49.4, 46.1, 44.1, 42.2, 41.5, 38.2, 36.2, 35.599999999999994, 34.900000000000006, 31.599999999999994, 30.299999999999997, 29.0, 28.299999999999997, 27.0, 26.400000000000006, 25.700000000000003, 23.700000000000003, 22.400000000000006, 20.400000000000006, 19.099999999999994, 16.5, 15.200000000000003, 14.5, 12.5, 11.200000000000003, 9.299999999999997, 7.299999999999997, 4.0, 1.4000000000000057, 0.7000000000000028, 0.0, -0.5999999999999943]}}