{"percentile": {"x": [479, 720, 1453, 1465, 1478, 1488, 1513, 1525, 1537, 1538, 1548, 1551, 1552, 1560, 1562, 1563, 1564, 1567, 1568, 1574, 1575, 1584, 1586, 1587, 1588, 1589, 1596, 1598, 1599, 1600, 1601, 1605, 1608, 1609, 1611, 1613, 1618, 1650], "y": [98.2, 96.3, 94.5, 90.8, 88.9, 87.1, 85.2, 81.5, 79.7, 76.0, 74.1, 72.3, 68.6, 66.7, 59.3, 55.6, 53.8, 51.9, 50.0, 48.2, 46.3, 44.5, 40.8, 37.1, 31.5, 26.0, 24.099999999999994, 22.299999999999997, 18.599999999999994, 16.700000000000003, 14.900000000000006, 13.0, 11.200000000000003, 9.299999999999997, 7.5, 1.9000000000000057, 0.0, -1.7999999999999972]}, "histogram": {"x": [486.0, 504.0, 522.0, 540.0, 558.0, 576.0, 594.0, 612.0, 630.0, 648.0, 666.0, 684.0, 702.0, 720.0, 738.0, 756.0, 774.0, 792.0, 810.0, 828.0, 846.0, 864.0, 882.0, 900.0, 918.0, 936.0, 954.0, 972.0, 990.0, 1008.0, 1026.0, 1044.0, 1062.0, 1080.0, 1098.0, 1116.0, 1134.0, 1152.0, 1170.0, 1188.0, 1206.0, 1224.0, 1242.0, 1260.0, 1278.0, 1296.0, 1314.0, 1332.0, 1350.0, 1368.0, 1386.0, 1404.0, 1422.0, 1440.0, 1458.0, 1476.0, 1494.0, 1512.0, 1530.0, 1548.0, 1566.0, 1584.0, 1602.0, 1620.0, 1638.0, 1656.0], "y": [1, 0, 0, 0, 0, 0, 0, 0, 0, 0, 0, 0, 0, 0, 1, 0, 0, 0, 0, 0, 0, 0, 0, 0, 0, 0, 0, 0, 0, 0, 0, 0, 0, 0, 0, 0, 0, 0, 0, 0, 0, 0, 0, 0, 0, 0, 0, 0, 0, 0, 0, 0, 0, 0, 1, 2, 2, 0, 3, 3, 12, 4, 17, 8, 0, 1, 0]}}