{"histogram": {"x": [162.0, 180.0, 198.0, 216.0, 234.0, 252.0, 270.0, 288.0, 306.0, 324.0, 342.0, 360.0, 378.0, 396.0, 414.0, 432.0, 450.0, 468.0, 486.0, 504.0, 522.0, 540.0, 558.0, 576.0, 594.0, 612.0, 630.0, 648.0, 666.0, 684.0, 702.0, 720.0, 738.0, 756.0, 774.0, 792.0, 810.0, 828.0, 846.0, 864.0, 882.0, 900.0, 918.0, 936.0, 954.0, 972.0, 990.0, 1008.0, 1026.0, 1044.0, 1062.0, 1080.0, 1098.0, 1116.0, 1134.0, 1152.0, 1170.0, 1188.0, 1206.0, 1224.0, 1242.0, 1260.0, 1278.0, 1296.0, 1314.0, 1332.0, 1350.0, 1368.0, 1386.0, 1404.0, 1422.0, 1440.0, 1458.0, 1476.0, 1494.0, 1512.0, 1530.0, 1548.0, 1566.0, 1584.0, 1602.0, 1620.0, 1638.0], "y": [1, 0, 0, 0, 0, 0, 0, 0, 0, 0, 0, 0, 0, 0, 0, 0, 0, 0, 0, 0, 0, 0, 0, 0, 0, 0, 0, 0, 0, 0, 0, 0, 0, 0, 0, 0, 0, 0, 0, 0, 0, 0, 0, 0, 0, 0, 0, 0, 0, 0, 0, 0, 0, 0, 0, 0, 0, 0, 0, 0, 0, 0, 0, 0, 0, 0, 1, 0, 0, 0, 0, 0, 2, 2, 3, 21, 30, 12, 61, 21, 105, 67, 6, 0]}, "percentile": {"x": [149, 1344, 1441, 1453, 1464, 1465, 1478, 1489, 1490, 1501, 1502, 1512, 1513, 1514, 1515, 1524, 1525, 1526, 1527, 1528, 1538, 1539, 1546, 1549, 1550, 1551, 1552, 1556, 1557, 1558, 1560, 1561, 1562, 1563, 1564, 1568, 1570, 1572, 1573, 1574, 1575, 1576, 1577, 1578, 1583, 1585, 1586, 1587, 1588, 1589, 1591, 1594, 1596, 1597, 1598, 1599, 1600, 1601, 1602, 1603, 1606, 1608, 1609, 1610, 1611, 1612, 1613, 1615, 1616, 1619, 1620, 1621, 1632, 1636], "y": [99.7, 99.4, 99.1, 98.8, 98.5, 98.2, 97.9, 97.6, 97.3, 97.0, 91.0, 90.7, 90.1, 88.9, 88.0, 87.1, 85.5, 84.6, 82.2, 81.9, 81.0, 78.6, 78.3, 77.1, 75.0, 74.4, 70.4, 69.8, 69.5, 69.2, 67.4, 65.6, 63.5, 62.3, 59.9, 59.6, 59.3, 59.0, 58.7, 57.8, 56.8, 54.7, 54.1, 53.8, 53.5, 50.8, 48.7, 44.8, 42.6, 39.0, 38.7, 38.4, 37.2, 34.5, 32.7, 29.700000000000003, 25.700000000000003, 21.799999999999997, 21.5, 20.599999999999994, 20.299999999999997, 17.900000000000006, 15.5, 13.900000000000006, 11.200000000000003, 8.5, 2.5, 2.200000000000003, 1.9000000000000057, 1.5999999999999943, 0.7000000000000028, 0.4000000000000057, 0.0, -0.29999999999999716]}}