{"percentile": {"x": [1093, 1132, 1164, 1212, 1227, 1260, 1279, 1283, 1300, 1348, 1388, 1390, 1394, 1401, 1402, 1403, 1404, 1412, 1415, 1422, 1427, 1428, 1441, 1444, 1453, 1465, 1477, 1478, 1481, 1486, 1487, 1488, 1489, 1490, 1491, 1493, 1500, 1501, 1502, 1505, 1513, 1514, 1515, 1516, 1517, 1518, 1519, 1522, 1523, 1524, 1525, 1526, 1527, 1528, 1529, 1530, 1531, 1532, 1533, 1534, 1535, 1536, 1537, 1538, 1539, 1540, 1548, 1549, 1550, 1551, 1552, 1553, 1554, 1555, 1556, 1557, 1558, 1559, 1560, 1561, 1562, 1563, 1564, 1565, 1566, 1567, 1568, 1569, 1570, 1571, 1572, 1573, 1574, 1575, 1576, 1580, 1582, 1583, 1584, 1585, 1586, 1587, 1588, 1589, 1590, 1591, 1592, 1593, 1594, 1595, 1596, 1597, 1598, 1599, 1600, 1601, 1602, 1603, 1604, 1605, 1606, 1607, 1608, 1609, 1610, 1611, 1612, 1613, 1614, 1615, 1616, 1617, 1618, 1619, 1620, 1621, 1622, 1623, 1624, 1625, 1626, 1627, 1628, 1629, 1630, 1631, 1632, 1633, 1634, 1635, 1636, 1637, 1638, 1639, 1640, 1641, 1642, 1643, 1644, 1645, 1646, 1647, 1648, 1649, 1650, 1651, 1652, 1653, 1654, 1655], "y": [100.0, 100.0, 100.0, 100.0, 100.0, 100.0, 100.0, 99.9, 99.9, 99.9, 99.9, 99.9, 99.9, 99.9, 99.8, 99.8, 99.8, 99.8, 99.8, 99.8, 99.8, 99.7, 99.7, 99.6, 99.6, 99.5, 99.5, 99.3, 99.3, 99.3, 99.3, 99.2, 99.1, 98.9, 98.9, 98.8, 98.8, 98.7, 98.6, 98.6, 98.4, 98.2, 97.8, 97.8, 97.8, 97.8, 97.7, 97.7, 97.7, 97.6, 97.4, 96.9, 96.0, 96.0, 96.0, 95.9, 95.9, 95.9, 95.9, 95.9, 95.8, 95.7, 95.1, 94.4, 92.6, 92.6, 92.5, 92.3, 91.5, 90.5, 89.1, 89.1, 89.0, 88.9, 88.7, 88.5, 88.4, 88.3, 87.9, 86.9, 85.4, 83.8, 81.8, 81.6, 81.5, 81.3, 81.1, 80.9, 80.7, 80.6, 80.2, 78.8, 77.2, 74.6, 66.2, 66.2, 66.1, 66.1, 66.0, 64.8, 63.4, 61.6, 59.4, 57.0, 56.6, 55.7, 55.2, 54.6, 54.1, 53.5, 52.0, 50.1, 47.4, 44.7, 41.5, 38.1, 37.6, 37.2, 36.7, 36.2, 35.8, 35.3, 33.900000000000006, 31.799999999999997, 29.200000000000003, 25.900000000000006, 21.900000000000006, 11.0, 10.400000000000006, 10.0, 9.5, 9.099999999999994, 8.900000000000006, 8.599999999999994, 8.0, 7.700000000000003, 7.200000000000003, 6.799999999999997, 6.400000000000006, 5.799999999999997, 5.400000000000006, 5.299999999999997, 5.200000000000003, 5.0, 4.799999999999997, 4.700000000000003, 4.5, 4.200000000000003, 3.9000000000000057, 3.5999999999999943, 3.299999999999997, 3.0999999999999943, 2.9000000000000057, 2.799999999999997, 2.799999999999997, 2.700000000000003, 2.700000000000003, 2.5999999999999943, 2.5999999999999943, 2.5, 2.4000000000000057, 2.299999999999997, 2.200000000000003, 2.0, 0.5, 0.4000000000000057, 0.29999999999999716, 0.29999999999999716, 0.20000000000000284, 0.0]}, "histogram": {"x": [1098.0, 1116.0, 1134.0, 1152.0, 1170.0, 1188.0, 1206.0, 1224.0, 1242.0, 1260.0, 1278.0, 1296.0, 1314.0, 1332.0, 1350.0, 1368.0, 1386.0, 1404.0, 1422.0, 1440.0, 1458.0, 1476.0, 1494.0, 1512.0, 1530.0, 1548.0, 1566.0, 1584.0, 1602.0, 1620.0, 1638.0, 1656.0], "y": [1, 0, 1, 0, 1, 0, 0, 1, 1, 0, 1, 2, 1, 0, 1, 0, 0, 6, 3, 3, 10, 4, 50, 21, 183, 245, 785, 1104, 2004, 2107, 396, 216, 0]}}