{"percentile": {"y": [99.1, 98.1, 97.1, 94.2, 93.2, 90.2, 89.3, 88.3, 85.3, 83.4, 81.4, 80.4, 78.5, 77.5, 76.5, 75.5, 72.6, 66.7, 65.7, 64.8, 61.8, 59.9, 57.9, 54.0, 52.0, 49.1, 48.1, 45.1, 43.2, 38.3, 37.3, 33.400000000000006, 29.5, 27.5, 24.599999999999994, 23.599999999999994, 21.599999999999994, 17.700000000000003, 16.700000000000003, 14.799999999999997, 11.799999999999997, 5.0, 4.0, 3.0, 1.0, -0.9000000000000057], "x": [1478, 1500, 1501, 1502, 1513, 1515, 1521, 1522, 1524, 1526, 1527, 1528, 1537, 1539, 1549, 1550, 1551, 1552, 1553, 1558, 1560, 1561, 1562, 1563, 1575, 1576, 1585, 1586, 1587, 1588, 1589, 1596, 1597, 1598, 1599, 1600, 1601, 1609, 1610, 1611, 1612, 1613, 1620, 1635, 1647, 1650]}, "histogram": {"y": [1, 0, 0, 5, 0, 4, 9, 1, 3, 5, 8, 11, 2, 3, 12, 13, 3, 17, 1, 0, 1, 2, 2], "x": [1472.0, 1480.0, 1488.0, 1496.0, 1504.0, 1512.0, 1520.0, 1528.0, 1536.0, 1544.0, 1552.0, 1560.0, 1568.0, 1576.0, 1584.0, 1592.0, 1600.0, 1608.0, 1616.0, 1624.0, 1632.0, 1640.0, 1648.0]}}