{"histogram": {"y": [2, 0, 3, 3, 16, 8, 31, 8, 36, 18, 2, 5, 0], "x": [1458.0, 1476.0, 1494.0, 1512.0, 1530.0, 1548.0, 1566.0, 1584.0, 1602.0, 1620.0, 1638.0, 1656.0]}, "percentile": {"y": [99.3, 98.5, 97.0, 96.2, 95.5, 94.7, 93.9, 93.2, 90.9, 89.4, 88.6, 87.8, 87.1, 86.3, 84.0, 82.5, 81.7, 81.0, 80.2, 75.6, 73.3, 71.0, 70.3, 65.7, 64.9, 64.2, 63.4, 61.1, 58.1, 56.5, 55.0, 52.7, 52.0, 51.2, 49.7, 48.9, 47.4, 46.6, 45.9, 42.0, 39.7, 38.2, 30.599999999999994, 26.799999999999997, 25.200000000000003, 23.0, 22.200000000000003, 18.400000000000006, 17.599999999999994, 16.799999999999997, 16.099999999999994, 15.299999999999997, 13.799999999999997, 12.299999999999997, 10.700000000000003, 5.400000000000006, 4.599999999999994, 3.0999999999999943, 2.299999999999997, 1.5999999999999943, -0.7000000000000028], "x": [1441, 1452, 1477, 1490, 1494, 1501, 1502, 1513, 1514, 1515, 1516, 1518, 1521, 1524, 1525, 1526, 1527, 1535, 1536, 1539, 1549, 1550, 1551, 1552, 1555, 1557, 1559, 1560, 1561, 1562, 1563, 1564, 1565, 1567, 1573, 1574, 1575, 1576, 1582, 1586, 1587, 1588, 1589, 1596, 1597, 1598, 1600, 1601, 1602, 1605, 1608, 1609, 1610, 1611, 1612, 1613, 1614, 1620, 1638, 1648, 1650]}}