{"percentile": {"y": [100.0, 100.0, 100.0, 100.0, 99.9, 99.9, 99.9, 99.9, 99.9, 99.8, 99.8, 99.7, 99.6, 99.6, 99.5, 99.4, 99.3, 99.3, 99.2, 99.0, 99.0, 98.7, 98.7, 98.6, 98.6, 98.4, 98.1, 97.8, 97.7, 97.7, 97.6, 97.4, 97.0, 96.9, 96.6, 96.3, 95.8, 95.7, 95.7, 95.6, 95.5, 95.5, 95.4, 94.9, 94.3, 93.9, 93.2, 93.1, 93.0, 92.9, 92.9, 92.8, 92.8, 92.7, 92.6, 91.8, 90.9, 89.3, 80.8, 80.8, 80.7, 80.7, 80.0, 79.1, 78.0, 76.4, 74.5, 74.0, 73.5, 72.9, 72.3, 71.7, 71.0, 69.6, 67.7, 65.8, 63.6, 61.6, 58.2, 57.6, 56.8, 56.1, 55.5, 55.1, 54.5, 53.0, 50.8, 48.4, 45.2, 40.7, 21.400000000000006, 20.299999999999997, 19.299999999999997, 18.400000000000006, 17.5, 16.299999999999997, 15.5, 14.599999999999994, 14.299999999999997, 13.599999999999994, 13.0, 12.5, 12.0, 11.400000000000006, 11.0, 10.400000000000006, 9.900000000000006, 9.400000000000006, 9.0, 8.5, 8.200000000000003, 7.900000000000006, 7.599999999999994, 7.099999999999994, 6.700000000000003, 6.299999999999997, 6.0, 5.599999999999994, 5.400000000000006, 5.099999999999994, 4.700000000000003, 4.400000000000006, 4.200000000000003, 4.099999999999994, 4.0, 3.799999999999997, 3.799999999999997, 1.9000000000000057, 1.5999999999999943, 1.4000000000000057, 1.0999999999999943, 0.7999999999999972, 0.0], "x": [1088, 1104, 1188, 1229, 1275, 1386, 1417, 1424, 1448, 1453, 1465, 1477, 1478, 1479, 1489, 1490, 1500, 1501, 1502, 1513, 1514, 1515, 1518, 1520, 1524, 1525, 1526, 1527, 1528, 1536, 1537, 1538, 1539, 1549, 1550, 1551, 1552, 1554, 1556, 1557, 1558, 1559, 1560, 1561, 1562, 1563, 1564, 1565, 1566, 1567, 1568, 1569, 1570, 1571, 1572, 1573, 1574, 1575, 1576, 1578, 1580, 1584, 1585, 1586, 1587, 1588, 1589, 1590, 1591, 1592, 1593, 1594, 1595, 1596, 1597, 1598, 1599, 1600, 1601, 1602, 1603, 1604, 1605, 1606, 1607, 1608, 1609, 1610, 1611, 1612, 1613, 1614, 1615, 1616, 1617, 1618, 1619, 1620, 1621, 1622, 1623, 1624, 1625, 1626, 1627, 1628, 1629, 1630, 1631, 1632, 1633, 1634, 1635, 1636, 1637, 1638, 1639, 1640, 1641, 1642, 1643, 1644, 1645, 1646, 1647, 1648, 1649, 1650, 1651, 1652, 1653, 1654, 1655]}, "histogram": {"y": [1, 1, 0, 0, 0, 0, 1, 0, 1, 0, 1, 0, 0, 0, 0, 0, 0, 1, 1, 1, 2, 1, 21, 9, 68, 33, 184, 581, 1056, 2006, 414, 314, 0], "x": [1098.0, 1116.0, 1134.0, 1152.0, 1170.0, 1188.0, 1206.0, 1224.0, 1242.0, 1260.0, 1278.0, 1296.0, 1314.0, 1332.0, 1350.0, 1368.0, 1386.0, 1404.0, 1422.0, 1440.0, 1458.0, 1476.0, 1494.0, 1512.0, 1530.0, 1548.0, 1566.0, 1584.0, 1602.0, 1620.0, 1638.0, 1656.0]}}