{"percentile": {"x": [1285, 1361, 1371, 1441, 1465, 1477, 1480, 1489, 1490, 1500, 1501, 1502, 1513, 1514, 1515, 1524, 1525, 1526, 1527, 1536, 1538, 1539, 1548, 1549, 1550, 1551, 1552, 1553, 1554, 1555, 1557, 1559, 1560, 1561, 1562, 1564, 1566, 1567, 1574, 1576, 1579, 1585, 1586, 1587, 1588, 1589, 1590, 1592, 1593, 1596, 1597, 1598, 1599, 1600, 1601, 1605, 1606, 1608, 1609, 1610, 1611, 1612, 1613, 1614, 1620, 1621, 1632, 1649], "y": [99.6, 99.1, 98.6, 97.6, 96.1, 95.6, 95.1, 93.6, 92.2, 91.7, 91.2, 86.7, 85.3, 83.3, 81.8, 80.3, 77.9, 75.9, 74.4, 73.4, 73.0, 72.0, 71.5, 70.0, 69.0, 64.6, 62.1, 61.6, 60.6, 60.1, 59.7, 59.2, 58.2, 57.7, 56.2, 54.7, 54.2, 53.7, 52.8, 52.3, 51.3, 49.3, 47.8, 44.4, 41.9, 38.5, 38.0, 37.5, 37.0, 34.5, 33.099999999999994, 32.099999999999994, 28.599999999999994, 23.200000000000003, 19.799999999999997, 19.299999999999997, 18.799999999999997, 16.799999999999997, 15.799999999999997, 13.799999999999997, 11.900000000000006, 10.900000000000006, 3.0, 2.0, 1.0, 0.5, 0.0, -0.4000000000000057]}, "histogram": {"x": [1296.0, 1314.0, 1332.0, 1350.0, 1368.0, 1386.0, 1404.0, 1422.0, 1440.0, 1458.0, 1476.0, 1494.0, 1512.0, 1530.0, 1548.0, 1566.0, 1584.0, 1602.0, 1620.0, 1638.0, 1656.0], "y": [1, 0, 0, 0, 1, 1, 0, 0, 0, 2, 3, 8, 11, 25, 5, 35, 7, 64, 36, 4, 1, 0]}}