{"percentile": {"y": [99.1, 98.2, 97.3, 96.3, 94.5, 91.7, 88.0, 86.2, 84.3, 82.5, 80.6, 78.8, 77.8, 76.9, 76.0, 73.2, 70.4, 69.5, 68.6, 66.7, 65.8, 63.0, 58.4, 55.6, 49.1, 48.2, 47.3, 44.5, 43.6, 41.7, 39.9, 37.1, 36.2, 35.2, 34.3, 32.5, 30.599999999999994, 24.099999999999994, 21.299999999999997, 20.400000000000006, 19.5, 18.599999999999994, 16.700000000000003, 14.900000000000006, 13.0, 11.200000000000003, 10.200000000000003, 9.299999999999997, 6.5, 3.799999999999997, 2.799999999999997, 1.9000000000000057, 1.0, -0.9000000000000057], "x": [1437, 1441, 1454, 1456, 1465, 1478, 1489, 1490, 1501, 1502, 1513, 1514, 1515, 1516, 1519, 1525, 1526, 1527, 1528, 1536, 1538, 1539, 1550, 1551, 1552, 1554, 1557, 1560, 1561, 1562, 1563, 1564, 1572, 1573, 1574, 1585, 1586, 1587, 1588, 1589, 1591, 1592, 1596, 1597, 1598, 1599, 1600, 1601, 1602, 1609, 1611, 1612, 1617, 1650]}, "histogram": {"y": [1, 3, 2, 9, 4, 15, 6, 28, 3, 27, 9, 0, 2], "x": [1440.0, 1458.0, 1476.0, 1494.0, 1512.0, 1530.0, 1548.0, 1566.0, 1584.0, 1602.0, 1620.0, 1638.0]}}