{"histogram": {"y": [1, 0, 0, 0, 0, 0, 0, 0, 0, 1, 0, 0, 1, 1, 0, 3, 0, 0, 4, 6, 2, 17, 5, 2, 1, 1, 9, 0], "x": [1440.0, 1448.0, 1456.0, 1464.0, 1472.0, 1480.0, 1488.0, 1496.0, 1504.0, 1512.0, 1520.0, 1528.0, 1536.0, 1544.0, 1552.0, 1560.0, 1568.0, 1576.0, 1584.0, 1592.0, 1600.0, 1608.0, 1616.0, 1624.0, 1632.0, 1640.0, 1648.0, 1656.0]}, "percentile": {"y": [98.2, 96.3, 94.4, 92.5, 90.6, 88.7, 86.8, 85.0, 83.1, 79.3, 77.4, 75.5, 68.0, 66.1, 64.2, 58.5, 56.7, 54.8, 52.9, 32.099999999999994, 28.400000000000006, 26.5, 22.700000000000003, 18.900000000000006, 17.0, 15.099999999999994, 11.400000000000006, 9.5, -1.7999999999999972], "x": [1440, 1517, 1538, 1549, 1561, 1562, 1563, 1585, 1588, 1589, 1596, 1597, 1598, 1600, 1601, 1608, 1609, 1611, 1612, 1613, 1620, 1621, 1622, 1625, 1635, 1647, 1648, 1649, 1650]}}