{"percentile": {"y": [99.2, 98.3, 97.5, 94.0, 93.2, 92.3, 86.3, 85.4, 84.5, 82.8, 81.1, 79.4, 76.8, 75.0, 72.5, 69.0, 68.2, 66.4, 63.8, 59.5, 56.1, 55.2, 54.4, 52.6, 48.3, 46.6, 43.2, 42.3, 41.4, 38.0, 37.1, 35.400000000000006, 31.900000000000006, 31.099999999999994, 29.400000000000006, 28.5, 25.900000000000006, 23.299999999999997, 22.5, 20.700000000000003, 17.299999999999997, 15.599999999999994, 13.0, 9.5, 7.799999999999997, 6.099999999999994, 5.200000000000003, 0.9000000000000057, 0.0, -0.7999999999999972], "x": [1397, 1453, 1488, 1490, 1500, 1501, 1502, 1512, 1513, 1515, 1524, 1525, 1527, 1537, 1538, 1539, 1548, 1549, 1550, 1551, 1552, 1557, 1559, 1561, 1562, 1563, 1564, 1570, 1571, 1572, 1573, 1574, 1576, 1585, 1586, 1587, 1588, 1589, 1596, 1597, 1598, 1599, 1600, 1601, 1608, 1611, 1612, 1613, 1620, 1623]}, "histogram": {"y": [1, 0, 0, 0, 0, 0, 0, 1, 0, 0, 0, 0, 5, 9, 0, 4, 7, 0, 9, 11, 6, 13, 9, 4, 10, 9, 7, 10, 2, 0], "x": [1392.0, 1400.0, 1408.0, 1416.0, 1424.0, 1432.0, 1440.0, 1448.0, 1456.0, 1464.0, 1472.0, 1480.0, 1488.0, 1496.0, 1504.0, 1512.0, 1520.0, 1528.0, 1536.0, 1544.0, 1552.0, 1560.0, 1568.0, 1576.0, 1584.0, 1592.0, 1600.0, 1608.0, 1616.0, 1624.0]}}