{"percentile": {"y": [100.0, 100.0, 100.0, 100.0, 99.9, 99.9, 99.9, 99.8, 99.7, 99.5, 99.4, 99.3, 99.0, 98.9, 98.8, 98.7, 98.7, 98.7, 98.6, 98.4, 98.2, 97.9, 97.9, 97.9, 97.8, 97.6, 97.3, 96.7, 96.7, 96.6, 96.3, 95.7, 95.0, 94.9, 94.9, 94.7, 94.6, 94.5, 94.4, 94.4, 94.3, 93.8, 93.3, 92.4, 91.2, 91.1, 91.0, 90.9, 90.9, 90.8, 90.7, 90.6, 89.8, 88.6, 87.2, 78.7, 78.6, 78.6, 78.6, 77.8, 76.7, 75.4, 73.6, 71.7, 71.2, 70.4, 69.8, 69.2, 68.6, 68.0, 66.6, 65.2, 63.3, 61.3, 58.6, 55.4, 54.8, 54.2, 53.4, 52.9, 52.2, 51.7, 50.5, 48.3, 45.2, 41.8, 37.4, 19.700000000000003, 18.700000000000003, 17.900000000000006, 17.0, 16.099999999999994, 15.200000000000003, 14.299999999999997, 13.299999999999997, 12.799999999999997, 12.200000000000003, 11.599999999999994, 11.299999999999997, 10.799999999999997, 10.299999999999997, 9.900000000000006, 9.5, 8.900000000000006, 8.5, 8.099999999999994, 7.599999999999994, 7.299999999999997, 6.900000000000006, 6.5, 6.099999999999994, 5.900000000000006, 5.599999999999994, 5.400000000000006, 5.099999999999994, 4.700000000000003, 4.299999999999997, 4.200000000000003, 3.799999999999997, 3.799999999999997, 3.5999999999999943, 3.5, 3.299999999999997, 3.200000000000003, 1.5999999999999943, 1.4000000000000057, 1.0999999999999943, 1.0, 0.7000000000000028, 0.0], "x": [1293, 1316, 1351, 1423, 1441, 1453, 1465, 1478, 1489, 1490, 1493, 1501, 1502, 1513, 1514, 1515, 1519, 1520, 1524, 1525, 1526, 1527, 1530, 1535, 1536, 1537, 1538, 1539, 1541, 1549, 1550, 1551, 1552, 1553, 1554, 1555, 1556, 1557, 1558, 1559, 1560, 1561, 1562, 1563, 1564, 1565, 1566, 1567, 1568, 1570, 1571, 1572, 1573, 1574, 1575, 1576, 1578, 1583, 1584, 1585, 1586, 1587, 1588, 1589, 1590, 1591, 1592, 1593, 1594, 1595, 1596, 1597, 1598, 1599, 1600, 1601, 1602, 1603, 1604, 1605, 1606, 1607, 1608, 1609, 1610, 1611, 1612, 1613, 1614, 1615, 1616, 1617, 1618, 1619, 1620, 1621, 1622, 1623, 1624, 1625, 1626, 1627, 1628, 1629, 1630, 1631, 1632, 1633, 1634, 1635, 1636, 1637, 1638, 1639, 1640, 1641, 1642, 1643, 1644, 1645, 1646, 1647, 1648, 1649, 1650, 1651, 1652, 1653, 1654, 1655]}, "histogram": {"y": [1, 0, 1, 0, 1, 0, 0, 0, 1, 3, 1, 18, 19, 44, 49, 233, 516, 962, 1700, 350, 242, 0], "x": [1296.0, 1314.0, 1332.0, 1350.0, 1368.0, 1386.0, 1404.0, 1422.0, 1440.0, 1458.0, 1476.0, 1494.0, 1512.0, 1530.0, 1548.0, 1566.0, 1584.0, 1602.0, 1620.0, 1638.0, 1656.0]}}