{"percentile": {"y": [96.2, 92.4, 84.7, 80.8, 77.0, 73.1, 69.3, 65.4, 57.7, 53.9, 46.2, 42.4, 38.5, 34.7, 30.799999999999997, 27.0, 23.099999999999994, 19.299999999999997, 11.599999999999994, 7.700000000000003, 3.9000000000000057, 0.0, -3.799999999999997], "x": [947, 1478, 1502, 1514, 1518, 1539, 1549, 1552, 1560, 1561, 1562, 1586, 1587, 1588, 1597, 1598, 1604, 1608, 1609, 1610, 1611, 1612, 1620]}, "histogram": {"y": [1, 0, 0, 0, 0, 0, 0, 0, 0, 0, 0, 0, 0, 0, 0, 0, 0, 0, 0, 0, 0, 0, 0, 0, 0, 0, 0, 0, 0, 0, 1, 2, 2, 1, 7, 0, 5, 7, 1], "x": [954.0, 972.0, 990.0, 1008.0, 1026.0, 1044.0, 1062.0, 1080.0, 1098.0, 1116.0, 1134.0, 1152.0, 1170.0, 1188.0, 1206.0, 1224.0, 1242.0, 1260.0, 1278.0, 1296.0, 1314.0, 1332.0, 1350.0, 1368.0, 1386.0, 1404.0, 1422.0, 1440.0, 1458.0, 1476.0, 1494.0, 1512.0, 1530.0, 1548.0, 1566.0, 1584.0, 1602.0, 1620.0]}}