{"percentile": {"x": [1490, 1514, 1515, 1525, 1538, 1539, 1548, 1549, 1550, 1551, 1552, 1557, 1558, 1561, 1562, 1564, 1572, 1573, 1586, 1587, 1589, 1590, 1596, 1597, 1598, 1599, 1600, 1601, 1603, 1606, 1608, 1609, 1610, 1611, 1612, 1613, 1620, 1636, 1650, 1655], "y": [98.1, 96.2, 94.3, 93.3, 91.4, 90.4, 89.5, 87.5, 86.6, 83.7, 82.7, 81.8, 80.8, 77.9, 74.1, 73.1, 72.2, 71.2, 65.4, 63.5, 60.6, 58.7, 55.8, 54.9, 52.0, 49.1, 45.2, 38.5, 37.5, 36.6, 33.7, 28.900000000000006, 27.0, 23.099999999999994, 18.299999999999997, 4.900000000000006, 3.9000000000000057, 2.0, 0.0, -0.9000000000000057]}, "histogram": {"x": [1488.0, 1496.0, 1504.0, 1512.0, 1520.0, 1528.0, 1536.0, 1544.0, 1552.0, 1560.0, 1568.0, 1576.0, 1584.0, 1592.0, 1600.0, 1608.0, 1616.0, 1624.0, 1632.0, 1640.0, 1648.0, 1656.0], "y": [2, 0, 0, 4, 1, 0, 3, 7, 3, 8, 2, 0, 13, 10, 13, 33, 1, 0, 2, 0, 3, 0]}}