{"percentile": {"y": [96.3, 88.9, 85.2, 81.5, 77.8, 37.1, 33.400000000000006, 29.700000000000003, 26.0, 18.599999999999994, 11.200000000000003, 7.5, 3.799999999999997, 0.0, -3.700000000000003], "x": [1576, 1585, 1601, 1608, 1610, 1613, 1615, 1617, 1619, 1620, 1622, 1626, 1632, 1639, 1650]}, "histogram": {"y": [1, 2, 0, 1, 14, 6, 1, 2, 0, 1, 0], "x": [1576.0, 1584.0, 1592.0, 1600.0, 1608.0, 1616.0, 1624.0, 1632.0, 1640.0, 1648.0, 1656.0]}}