{"percentile": {"y": [98.3, 96.5, 94.8, 93.0, 91.3, 89.5, 87.8, 86.0, 84.3, 82.5, 80.8, 77.2, 73.7, 70.2, 68.5, 65.0, 63.2, 61.5, 59.7, 57.9, 54.4, 50.9, 21.099999999999994, 19.299999999999997, 17.599999999999994, 15.799999999999997, 12.299999999999997, 10.599999999999994, 7.099999999999994, 5.299999999999997, 3.5999999999999943, 1.7999999999999972, 0.0, -1.7000000000000028], "x": [1551, 1561, 1563, 1564, 1574, 1575, 1576, 1584, 1586, 1587, 1588, 1589, 1598, 1599, 1601, 1603, 1605, 1606, 1607, 1608, 1610, 1611, 1613, 1615, 1616, 1618, 1619, 1620, 1621, 1622, 1623, 1624, 1632, 1636]}, "histogram": {"y": [4, 3, 11, 32, 8, 0], "x": [1566.0, 1584.0, 1602.0, 1620.0, 1638.0]}}