{"percentile": {"y": [97.3, 94.6, 91.9, 83.8, 81.1, 78.4, 75.7, 70.3, 67.6, 64.9, 62.2, 59.5, 56.8, 54.1, 48.7, 46.0, 43.3, 40.6, 35.2, 29.799999999999997, 27.099999999999994, 24.400000000000006, 21.700000000000003, 19.0, 8.200000000000003, 5.5, 0.0, -2.700000000000003], "x": [1359, 1501, 1502, 1515, 1524, 1526, 1552, 1557, 1560, 1562, 1564, 1569, 1572, 1576, 1585, 1588, 1597, 1598, 1600, 1601, 1606, 1608, 1609, 1610, 1613, 1624, 1625, 1639]}, "histogram": {"y": [1, 0, 0, 0, 0, 0, 0, 0, 0, 0, 0, 0, 0, 0, 0, 0, 0, 0, 2, 0, 3, 2, 0, 0, 0, 3, 3, 2, 1, 3, 2, 5, 7, 0, 3, 1, 0], "x": [1352.0, 1360.0, 1368.0, 1376.0, 1384.0, 1392.0, 1400.0, 1408.0, 1416.0, 1424.0, 1432.0, 1440.0, 1448.0, 1456.0, 1464.0, 1472.0, 1480.0, 1488.0, 1496.0, 1504.0, 1512.0, 1520.0, 1528.0, 1536.0, 1544.0, 1552.0, 1560.0, 1568.0, 1576.0, 1584.0, 1592.0, 1600.0, 1608.0, 1616.0, 1624.0, 1632.0, 1640.0]}}