{"histogram": {"x": [1536.0, 1544.0, 1552.0, 1560.0, 1568.0, 1576.0, 1584.0, 1592.0, 1600.0, 1608.0, 1616.0, 1624.0, 1632.0, 1640.0, 1648.0], "y": [1, 0, 0, 0, 1, 1, 1, 3, 0, 16, 1, 1, 0, 3, 1]}, "percentile": {"x": [1539, 1575, 1576, 1588, 1596, 1597, 1598, 1610, 1611, 1612, 1613, 1614, 1617, 1630, 1640, 1641, 1648], "y": [96.5, 92.9, 89.3, 85.8, 82.2, 78.6, 75.0, 71.5, 64.3, 50.0, 21.5, 17.900000000000006, 14.299999999999997, 10.799999999999997, 7.200000000000003, 0.0, -3.5]}}