{"percentile": {"x": [1480, 1505, 1524, 1527, 1539, 1550, 1551, 1552, 1556, 1562, 1563, 1574, 1575, 1576, 1585, 1586, 1587, 1588, 1589, 1594, 1596, 1598, 1599, 1600, 1601, 1602, 1603, 1608, 1609, 1610, 1611, 1612, 1613, 1618, 1620, 1622, 1624, 1625, 1626, 1635, 1650], "y": [98.9, 97.7, 96.5, 95.3, 93.0, 91.8, 90.6, 88.3, 87.1, 85.9, 84.8, 83.6, 82.4, 77.7, 75.3, 71.8, 68.3, 64.8, 63.6, 62.4, 61.2, 56.5, 53.0, 50.6, 49.5, 48.3, 47.1, 45.9, 42.4, 40.0, 34.2, 28.299999999999997, 10.599999999999994, 9.5, 8.299999999999997, 5.900000000000006, 4.799999999999997, 3.5999999999999943, 2.4000000000000057, 1.2000000000000028, -1.0999999999999943]}, "histogram": {"x": [1480.0, 1488.0, 1496.0, 1504.0, 1512.0, 1520.0, 1528.0, 1536.0, 1544.0, 1552.0, 1560.0, 1568.0, 1576.0, 1584.0, 1592.0, 1600.0, 1608.0, 1616.0, 1624.0, 1632.0, 1640.0, 1648.0, 1656.0], "y": [1, 0, 0, 1, 0, 2, 0, 2, 2, 3, 2, 2, 4, 12, 9, 5, 31, 4, 3, 1, 0, 2, 0]}}