{"histogram": {"y": [1, 0, 0, 0, 0, 0, 0, 0, 0, 0, 0, 0, 0, 0, 1, 0, 0, 0, 0, 0, 0, 0, 0, 0, 0, 0, 0, 0, 0, 0, 0, 0, 0, 0, 0, 0, 0, 0, 0, 0, 0, 0, 0, 0, 0, 0, 0, 0, 0, 0, 0, 0, 0, 0, 0, 0, 0, 0, 0, 0, 0, 0, 0, 0, 0, 0, 0, 0, 0, 0, 0, 0, 0, 0, 0, 0, 0, 0, 0, 0, 0, 0, 0, 0, 0, 0, 0, 0, 0, 0, 0, 0, 0, 0, 0, 0, 0, 0, 1, 1, 0, 0, 0, 0, 0, 0, 0, 0, 0, 0, 1, 0, 0, 0, 1, 0, 1, 1, 0, 0, 11, 0, 7, 5, 0, 5, 11, 7, 16, 1, 1, 34, 18, 11, 28, 2, 1, 2, 1, 1], "x": [536.0, 544.0, 552.0, 560.0, 568.0, 576.0, 584.0, 592.0, 600.0, 608.0, 616.0, 624.0, 632.0, 640.0, 648.0, 656.0, 664.0, 672.0, 680.0, 688.0, 696.0, 704.0, 712.0, 720.0, 728.0, 736.0, 744.0, 752.0, 760.0, 768.0, 776.0, 784.0, 792.0, 800.0, 808.0, 816.0, 824.0, 832.0, 840.0, 848.0, 856.0, 864.0, 872.0, 880.0, 888.0, 896.0, 904.0, 912.0, 920.0, 928.0, 936.0, 944.0, 952.0, 960.0, 968.0, 976.0, 984.0, 992.0, 1000.0, 1008.0, 1016.0, 1024.0, 1032.0, 1040.0, 1048.0, 1056.0, 1064.0, 1072.0, 1080.0, 1088.0, 1096.0, 1104.0, 1112.0, 1120.0, 1128.0, 1136.0, 1144.0, 1152.0, 1160.0, 1168.0, 1176.0, 1184.0, 1192.0, 1200.0, 1208.0, 1216.0, 1224.0, 1232.0, 1240.0, 1248.0, 1256.0, 1264.0, 1272.0, 1280.0, 1288.0, 1296.0, 1304.0, 1312.0, 1320.0, 1328.0, 1336.0, 1344.0, 1352.0, 1360.0, 1368.0, 1376.0, 1384.0, 1392.0, 1400.0, 1408.0, 1416.0, 1424.0, 1432.0, 1440.0, 1448.0, 1456.0, 1464.0, 1472.0, 1480.0, 1488.0, 1496.0, 1504.0, 1512.0, 1520.0, 1528.0, 1536.0, 1544.0, 1552.0, 1560.0, 1568.0, 1576.0, 1584.0, 1592.0, 1600.0, 1608.0, 1616.0, 1624.0, 1632.0, 1640.0, 1648.0]}, "percentile": {"y": [99.5, 98.9, 98.3, 97.7, 97.1, 96.5, 95.9, 95.3, 94.7, 88.8, 88.2, 87.6, 87.0, 86.4, 85.8, 85.3, 84.7, 84.1, 82.3, 81.7, 79.9, 79.3, 78.7, 78.2, 75.8, 72.2, 69.9, 69.3, 68.7, 68.1, 65.1, 64.0, 61.6, 59.8, 58.6, 58.0, 57.4, 56.3, 54.5, 52.7, 46.8, 42.7, 37.9, 37.3, 36.7, 36.1, 35.599999999999994, 32.599999999999994, 30.799999999999997, 29.599999999999994, 26.700000000000003, 24.900000000000006, 21.400000000000006, 20.799999999999997, 20.200000000000003, 19.0, 15.400000000000006, 13.700000000000003, 12.5, 11.299999999999997, 4.200000000000003, 3.5999999999999943, 3.0, 2.4000000000000057, 1.7999999999999972, 1.2000000000000028, 0.5999999999999943, 0.0, -0.5], "x": [538, 650, 1321, 1331, 1421, 1453, 1465, 1478, 1501, 1502, 1512, 1513, 1514, 1515, 1516, 1517, 1519, 1524, 1526, 1527, 1537, 1538, 1539, 1548, 1550, 1551, 1552, 1555, 1556, 1557, 1560, 1561, 1562, 1563, 1564, 1572, 1576, 1584, 1585, 1586, 1587, 1588, 1589, 1591, 1592, 1593, 1595, 1596, 1597, 1598, 1599, 1600, 1601, 1604, 1606, 1608, 1609, 1610, 1611, 1612, 1613, 1614, 1618, 1622, 1625, 1633, 1636, 1646, 1649]}}