{"percentile": {"y": [98.5, 97.0, 95.4, 93.9, 92.4, 90.8, 89.3, 86.2, 83.1, 80.0, 43.1, 41.6, 40.0, 38.5, 37.0, 35.400000000000006, 33.900000000000006, 32.400000000000006, 30.799999999999997, 29.299999999999997, 24.700000000000003, 23.099999999999994, 20.0, 18.5, 17.0, 15.400000000000006, 13.900000000000006, 12.400000000000006, 10.799999999999997, 1.5999999999999943, 0.0, -1.5], "x": [1564, 1574, 1587, 1598, 1601, 1605, 1609, 1610, 1611, 1612, 1613, 1614, 1615, 1616, 1617, 1618, 1622, 1623, 1624, 1625, 1626, 1628, 1629, 1633, 1634, 1636, 1637, 1639, 1641, 1650, 1654, 1655]}, "histogram": {"y": [1, 1, 0, 1, 1, 2, 33, 5, 8, 5, 1, 8, 0], "x": [1560.0, 1568.0, 1576.0, 1584.0, 1592.0, 1600.0, 1608.0, 1616.0, 1624.0, 1632.0, 1640.0, 1648.0, 1656.0]}}