{"percentile": {"y": [92.9, 85.8, 71.5, 57.2, 50.0, 42.9, 35.8, 28.599999999999994, 21.5, 14.299999999999997, 7.200000000000003, -7.099999999999994], "x": [1465, 1523, 1527, 1539, 1554, 1561, 1562, 1572, 1576, 1610, 1613, 1650]}, "histogram": {"y": [1, 0, 0, 0, 0, 0, 0, 3, 0, 2, 0, 1, 2, 1, 1, 0, 0, 0, 2, 0, 0, 0, 0, 2, 0], "x": [1464.0, 1472.0, 1480.0, 1488.0, 1496.0, 1504.0, 1512.0, 1520.0, 1528.0, 1536.0, 1544.0, 1552.0, 1560.0, 1568.0, 1576.0, 1584.0, 1592.0, 1600.0, 1608.0, 1616.0, 1624.0, 1632.0, 1640.0, 1648.0, 1656.0]}}