{"histogram": {"y": [1, 0, 0, 0, 0, 0, 0, 0, 0, 0, 1, 0, 0, 0, 0, 0, 0, 0, 0, 0, 0, 0, 0, 0, 0, 0, 0, 0, 0, 0, 0, 0, 1, 0, 0, 0, 1, 0, 0, 0, 1, 0, 0, 0, 0, 0, 0, 0, 0, 0, 0, 0, 0, 1, 0, 0, 1, 0, 0, 0, 0, 0, 0, 0, 0, 0, 0, 1, 1, 2, 0, 4, 3, 14, 6, 78, 228, 79, 148, 0], "x": [252.0, 270.0, 288.0, 306.0, 324.0, 342.0, 360.0, 378.0, 396.0, 414.0, 432.0, 450.0, 468.0, 486.0, 504.0, 522.0, 540.0, 558.0, 576.0, 594.0, 612.0, 630.0, 648.0, 666.0, 684.0, 702.0, 720.0, 738.0, 756.0, 774.0, 792.0, 810.0, 828.0, 846.0, 864.0, 882.0, 900.0, 918.0, 936.0, 954.0, 972.0, 990.0, 1008.0, 1026.0, 1044.0, 1062.0, 1080.0, 1098.0, 1116.0, 1134.0, 1152.0, 1170.0, 1188.0, 1206.0, 1224.0, 1242.0, 1260.0, 1278.0, 1296.0, 1314.0, 1332.0, 1350.0, 1368.0, 1386.0, 1404.0, 1422.0, 1440.0, 1458.0, 1476.0, 1494.0, 1512.0, 1530.0, 1548.0, 1566.0, 1584.0, 1602.0, 1620.0, 1638.0, 1656.0]}, "percentile": {"y": [99.9, 99.7, 99.5, 99.3, 99.2, 99.0, 98.8, 98.6, 98.5, 98.3, 98.1, 97.9, 97.8, 97.6, 97.4, 97.2, 97.1, 96.9, 96.7, 96.2, 95.7, 95.5, 95.1, 94.6, 94.4, 94.1, 93.9, 93.6, 93.4, 93.0, 92.9, 92.2, 91.3, 90.8, 89.3, 89.0, 88.6, 88.5, 86.9, 86.4, 84.8, 83.6, 81.6, 79.7, 79.5, 79.3, 77.9, 75.8, 72.5, 69.7, 65.0, 43.2, 41.1, 40.2, 40.0, 39.7, 36.5, 36.0, 35.3, 34.099999999999994, 33.2, 32.2, 30.400000000000006, 29.700000000000003, 29.299999999999997, 29.200000000000003, 29.0, 28.599999999999994, 28.5, 27.599999999999994, 26.700000000000003, 26.200000000000003, 25.799999999999997, 24.599999999999994, 24.099999999999994, 23.700000000000003, 23.400000000000006, 22.5, 20.900000000000006, 20.200000000000003, 0.7999999999999972, 0.5999999999999943, 0.4000000000000057, -0.09999999999999432], "x": [248, 426, 821, 896, 966, 1202, 1249, 1440, 1465, 1476, 1482, 1512, 1517, 1524, 1525, 1536, 1538, 1539, 1548, 1551, 1552, 1553, 1560, 1561, 1563, 1573, 1575, 1576, 1583, 1584, 1585, 1586, 1587, 1588, 1589, 1590, 1591, 1593, 1596, 1597, 1598, 1599, 1600, 1601, 1602, 1606, 1608, 1609, 1610, 1611, 1612, 1613, 1614, 1615, 1617, 1619, 1620, 1621, 1622, 1623, 1624, 1625, 1626, 1628, 1629, 1630, 1631, 1632, 1633, 1634, 1635, 1636, 1637, 1638, 1644, 1645, 1646, 1647, 1648, 1649, 1650, 1653, 1654, 1655]}}