{"percentile": {"x": [886, 993, 1275, 1309, 1412, 1441, 1453, 1465, 1477, 1478, 1483, 1490, 1500, 1513, 1514, 1515, 1523, 1524, 1525, 1526, 1530, 1536, 1538, 1539, 1549, 1550, 1551, 1552, 1560, 1561, 1562, 1563, 1564, 1565, 1569, 1570, 1572, 1573, 1574, 1576, 1583, 1585, 1586, 1587, 1588, 1589, 1596, 1597, 1598, 1599, 1600, 1601, 1603, 1605, 1608, 1609, 1610, 1611, 1612, 1613, 1615, 1620, 1624, 1650, 1655], "y": [99.3, 98.6, 97.9, 97.2, 96.5, 95.8, 95.1, 91.5, 90.8, 90.1, 89.4, 86.6, 85.9, 85.2, 83.0, 80.9, 80.2, 78.8, 77.4, 75.9, 75.2, 74.5, 73.8, 71.7, 68.1, 66.7, 62.5, 59.6, 56.8, 53.2, 50.4, 48.3, 45.4, 44.7, 44.0, 42.6, 41.2, 39.8, 39.1, 36.9, 36.2, 32.0, 30.5, 27.0, 24.900000000000006, 24.200000000000003, 22.700000000000003, 22.0, 21.299999999999997, 20.599999999999994, 19.200000000000003, 16.400000000000006, 14.900000000000006, 14.200000000000003, 12.799999999999997, 12.099999999999994, 9.299999999999997, 7.900000000000006, 5.700000000000003, 2.9000000000000057, 2.200000000000003, 1.5, 0.7999999999999972, 0.0, -0.7000000000000028]}, "histogram": {"x": [880.0, 888.0, 896.0, 904.0, 912.0, 920.0, 928.0, 936.0, 944.0, 952.0, 960.0, 968.0, 976.0, 984.0, 992.0, 1000.0, 1008.0, 1016.0, 1024.0, 1032.0, 1040.0, 1048.0, 1056.0, 1064.0, 1072.0, 1080.0, 1088.0, 1096.0, 1104.0, 1112.0, 1120.0, 1128.0, 1136.0, 1144.0, 1152.0, 1160.0, 1168.0, 1176.0, 1184.0, 1192.0, 1200.0, 1208.0, 1216.0, 1224.0, 1232.0, 1240.0, 1248.0, 1256.0, 1264.0, 1272.0, 1280.0, 1288.0, 1296.0, 1304.0, 1312.0, 1320.0, 1328.0, 1336.0, 1344.0, 1352.0, 1360.0, 1368.0, 1376.0, 1384.0, 1392.0, 1400.0, 1408.0, 1416.0, 1424.0, 1432.0, 1440.0, 1448.0, 1456.0, 1464.0, 1472.0, 1480.0, 1488.0, 1496.0, 1504.0, 1512.0, 1520.0, 1528.0, 1536.0, 1544.0, 1552.0, 1560.0, 1568.0, 1576.0, 1584.0, 1592.0, 1600.0, 1608.0, 1616.0, 1624.0, 1632.0, 1640.0, 1648.0, 1656.0], "y": [1, 0, 0, 0, 0, 0, 0, 0, 0, 0, 0, 0, 0, 0, 1, 0, 0, 0, 0, 0, 0, 0, 0, 0, 0, 0, 0, 0, 0, 0, 0, 0, 0, 0, 0, 0, 0, 0, 0, 0, 0, 0, 0, 0, 0, 0, 0, 0, 0, 1, 0, 0, 0, 1, 0, 0, 0, 0, 0, 0, 0, 0, 0, 0, 0, 0, 1, 0, 0, 0, 1, 1, 0, 5, 2, 1, 4, 1, 0, 7, 7, 1, 5, 13, 4, 21, 8, 4, 17, 5, 9, 17, 1, 1, 0, 0, 2, 0]}}