{"histogram": {"y": [1, 0, 1, 0, 0, 2, 2, 0, 2, 4, 4, 12, 3, 2, 11, 4, 5, 16, 1, 1, 1, 1, 1], "x": [1472.0, 1480.0, 1488.0, 1496.0, 1504.0, 1512.0, 1520.0, 1528.0, 1536.0, 1544.0, 1552.0, 1560.0, 1568.0, 1576.0, 1584.0, 1592.0, 1600.0, 1608.0, 1616.0, 1624.0, 1632.0, 1640.0, 1648.0]}, "percentile": {"y": [98.7, 97.3, 94.6, 93.2, 91.8, 90.5, 89.1, 86.4, 83.6, 79.5, 78.1, 72.7, 69.9, 64.4, 61.7, 59.0, 57.6, 54.8, 53.5, 50.7, 46.6, 42.5, 39.8, 38.4, 37.0, 35.7, 34.3, 30.200000000000003, 28.799999999999997, 27.400000000000006, 22.0, 20.599999999999994, 15.099999999999994, 13.700000000000003, 5.5, 4.200000000000003, 2.799999999999997, 1.4000000000000057, 0.0, -1.2999999999999972], "x": [1477, 1490, 1515, 1525, 1527, 1537, 1539, 1549, 1551, 1552, 1556, 1560, 1561, 1563, 1564, 1573, 1575, 1576, 1584, 1586, 1587, 1588, 1589, 1595, 1596, 1597, 1599, 1600, 1601, 1605, 1608, 1610, 1611, 1612, 1613, 1620, 1625, 1636, 1647, 1650]}}