{"percentile": {"x": [1560, 1562, 1583, 1585, 1586, 1588, 1589, 1596, 1597, 1598, 1599, 1600, 1601, 1605, 1609, 1610, 1611, 1612, 1613, 1614, 1615, 1620, 1621, 1624, 1625, 1626, 1630, 1642, 1648, 1650], "y": [97.3, 95.9, 94.5, 93.1, 90.3, 86.2, 82.0, 79.2, 73.7, 72.3, 70.9, 69.5, 68.1, 66.7, 65.3, 61.2, 55.6, 52.8, 32.0, 29.200000000000003, 27.799999999999997, 25.0, 20.900000000000006, 18.099999999999994, 16.700000000000003, 15.299999999999997, 13.900000000000006, 12.5, 11.200000000000003, -1.2999999999999972]}, "histogram": {"x": [1560.0, 1568.0, 1576.0, 1584.0, 1592.0, 1600.0, 1608.0, 1616.0, 1624.0, 1632.0, 1640.0, 1648.0, 1656.0], "y": [3, 0, 1, 9, 8, 3, 28, 5, 5, 0, 1, 10, 0]}}