{"histogram": {"x": [1548.0, 1566.0, 1584.0, 1602.0, 1620.0, 1638.0, 1656.0], "y": [2, 6, 23, 87, 136, 22, 24, 0]}, "percentile": {"x": [1539, 1549, 1562, 1564, 1573, 1574, 1575, 1576, 1580, 1585, 1586, 1587, 1588, 1589, 1590, 1591, 1592, 1594, 1595, 1596, 1597, 1598, 1599, 1600, 1601, 1602, 1603, 1604, 1605, 1606, 1608, 1609, 1610, 1611, 1612, 1613, 1614, 1615, 1616, 1618, 1619, 1620, 1621, 1622, 1623, 1624, 1625, 1626, 1630, 1633, 1634, 1635, 1636, 1637, 1638, 1645, 1647, 1649, 1650], "y": [99.4, 99.0, 98.7, 97.4, 97.0, 95.4, 94.7, 90.0, 89.7, 88.7, 87.0, 85.3, 83.3, 82.3, 81.7, 81.0, 79.3, 79.0, 78.6, 77.0, 74.6, 71.0, 68.3, 65.9, 60.6, 59.9, 59.6, 59.2, 58.2, 57.6, 57.2, 52.9, 49.2, 45.9, 39.8, 19.400000000000006, 17.400000000000006, 16.799999999999997, 16.400000000000006, 15.400000000000006, 15.099999999999994, 14.799999999999997, 14.099999999999994, 13.400000000000006, 13.099999999999994, 12.099999999999994, 11.400000000000006, 11.099999999999994, 10.799999999999997, 10.400000000000006, 9.400000000000006, 8.700000000000003, 8.400000000000006, 7.700000000000003, 7.400000000000006, 7.099999999999994, 6.400000000000006, 6.099999999999994, -0.29999999999999716]}}