{"histogram": {"x": [1576.0, 1584.0, 1592.0, 1600.0, 1608.0, 1616.0, 1624.0, 1632.0, 1640.0, 1648.0, 1656.0], "y": [1, 1, 0, 2, 35, 8, 6, 7, 3, 4, 0]}, "percentile": {"x": [1576, 1588, 1605, 1606, 1610, 1611, 1612, 1613, 1614, 1615, 1617, 1619, 1620, 1622, 1623, 1625, 1626, 1627, 1631, 1632, 1635, 1638, 1639, 1641, 1647, 1650, 1653], "y": [98.5, 97.0, 95.5, 94.0, 92.5, 91.0, 87.9, 50.0, 44.0, 41.0, 39.4, 34.900000000000006, 31.900000000000006, 30.400000000000006, 28.799999999999997, 27.299999999999997, 25.799999999999997, 22.799999999999997, 19.700000000000003, 18.200000000000003, 15.200000000000003, 12.200000000000003, 9.099999999999994, 7.599999999999994, 4.599999999999994, 0.0, -1.5]}}