{"percentile": {"x": [1561, 1576, 1598, 1599, 1600, 1601, 1606, 1611, 1612, 1613, 1614, 1615, 1616, 1617, 1619, 1621, 1622, 1624, 1626, 1629, 1630, 1631, 1633, 1634, 1635, 1638, 1648, 1649, 1650, 1653, 1655], "y": [98.5, 95.3, 93.7, 92.1, 90.5, 88.9, 87.4, 85.8, 74.7, 55.6, 50.8, 49.3, 42.9, 41.3, 36.6, 30.200000000000003, 28.599999999999994, 27.0, 25.400000000000006, 23.900000000000006, 22.299999999999997, 20.700000000000003, 19.099999999999994, 17.5, 14.299999999999997, 9.599999999999994, 6.400000000000006, 4.799999999999997, 1.5999999999999943, 0.0, -1.5]}, "histogram": {"x": [1560.0, 1568.0, 1576.0, 1584.0, 1592.0, 1600.0, 1608.0, 1616.0, 1624.0, 1632.0, 1640.0, 1648.0, 1656.0], "y": [1, 0, 2, 0, 2, 3, 24, 13, 5, 7, 0, 7, 0]}}