{"percentile": {"x": [1037, 1217, 1257, 1284, 1299, 1303, 1314, 1324, 1334, 1344, 1345, 1354, 1381, 1422, 1435, 1441, 1452, 1453, 1465, 1477, 1478, 1480, 1482, 1483, 1485, 1489, 1490, 1492, 1496, 1500, 1501, 1502, 1513, 1514, 1515, 1516, 1518, 1520, 1521, 1523, 1524, 1525, 1526, 1527, 1529, 1530, 1531, 1532, 1534, 1536, 1537, 1538, 1539, 1548, 1549, 1550, 1551, 1552, 1553, 1554, 1555, 1556, 1557, 1558, 1559, 1560, 1561, 1562, 1563, 1564, 1565, 1566, 1567, 1568, 1569, 1570, 1571, 1572, 1573, 1574, 1575, 1576, 1578, 1579, 1580, 1583, 1584, 1585, 1586, 1587, 1588, 1589, 1590, 1591, 1592, 1593, 1594, 1595, 1596, 1597, 1598, 1599, 1600, 1601, 1602, 1603, 1604, 1605, 1606, 1607, 1608, 1609, 1610, 1611, 1612, 1613, 1614, 1615, 1616, 1617, 1618, 1619, 1620, 1621, 1622, 1623, 1624, 1625, 1626, 1627, 1628, 1629, 1630, 1631, 1632, 1633, 1634, 1635, 1636, 1637, 1638, 1639, 1640, 1641, 1642, 1643, 1644, 1645, 1646, 1647, 1648, 1649, 1650, 1651, 1652, 1653, 1654, 1655], "y": [100.0, 100.0, 100.0, 100.0, 100.0, 100.0, 100.0, 99.9, 99.9, 99.9, 99.9, 99.9, 99.9, 99.9, 99.9, 99.8, 99.8, 99.7, 99.6, 99.6, 99.5, 99.4, 99.4, 99.4, 99.4, 99.3, 99.0, 99.0, 99.0, 99.0, 98.9, 98.8, 98.7, 98.5, 98.1, 98.0, 98.0, 97.9, 97.9, 97.9, 97.8, 97.4, 96.9, 96.3, 96.2, 96.2, 96.2, 96.2, 96.1, 96.0, 95.5, 95.0, 92.8, 92.7, 92.3, 91.6, 90.6, 89.2, 89.1, 89.0, 88.9, 88.8, 88.6, 88.6, 88.4, 88.0, 86.8, 85.4, 83.9, 81.6, 81.3, 81.2, 81.1, 80.9, 80.7, 80.5, 80.4, 79.9, 78.6, 76.8, 74.1, 65.9, 65.9, 65.9, 65.9, 65.8, 65.7, 64.5, 63.0, 61.1, 58.6, 55.7, 55.2, 54.5, 53.9, 53.3, 52.6, 52.0, 50.5, 48.7, 46.4, 43.9, 41.4, 37.9, 37.3, 36.9, 36.4, 35.8, 35.400000000000006, 35.0, 33.900000000000006, 31.700000000000003, 28.900000000000006, 25.700000000000003, 21.099999999999994, 9.099999999999994, 8.599999999999994, 8.299999999999997, 7.799999999999997, 7.599999999999994, 7.299999999999997, 7.099999999999994, 6.5, 6.299999999999997, 5.900000000000006, 5.599999999999994, 5.099999999999994, 4.700000000000003, 4.299999999999997, 4.099999999999994, 3.9000000000000057, 3.9000000000000057, 3.799999999999997, 3.700000000000003, 3.5999999999999943, 3.5, 3.299999999999997, 3.200000000000003, 2.9000000000000057, 2.700000000000003, 2.5, 2.5, 2.4000000000000057, 2.4000000000000057, 2.4000000000000057, 2.4000000000000057, 2.299999999999997, 2.0999999999999943, 2.0999999999999943, 2.0, 1.7999999999999972, 1.7000000000000028, 0.4000000000000057, 0.29999999999999716, 0.29999999999999716, 0.20000000000000284, 0.20000000000000284, 0.0]}, "histogram": {"x": [1032.0, 1040.0, 1048.0, 1056.0, 1064.0, 1072.0, 1080.0, 1088.0, 1096.0, 1104.0, 1112.0, 1120.0, 1128.0, 1136.0, 1144.0, 1152.0, 1160.0, 1168.0, 1176.0, 1184.0, 1192.0, 1200.0, 1208.0, 1216.0, 1224.0, 1232.0, 1240.0, 1248.0, 1256.0, 1264.0, 1272.0, 1280.0, 1288.0, 1296.0, 1304.0, 1312.0, 1320.0, 1328.0, 1336.0, 1344.0, 1352.0, 1360.0, 1368.0, 1376.0, 1384.0, 1392.0, 1400.0, 1408.0, 1416.0, 1424.0, 1432.0, 1440.0, 1448.0, 1456.0, 1464.0, 1472.0, 1480.0, 1488.0, 1496.0, 1504.0, 1512.0, 1520.0, 1528.0, 1536.0, 1544.0, 1552.0, 1560.0, 1568.0, 1576.0, 1584.0, 1592.0, 1600.0, 1608.0, 1616.0, 1624.0, 1632.0, 1640.0, 1648.0, 1656.0], "y": [1, 0, 0, 0, 0, 0, 0, 0, 0, 0, 0, 0, 0, 0, 0, 0, 0, 0, 0, 0, 0, 0, 0, 1, 0, 0, 0, 0, 1, 0, 0, 1, 0, 2, 0, 1, 1, 1, 0, 2, 1, 0, 0, 1, 0, 0, 0, 0, 1, 0, 1, 2, 7, 0, 10, 13, 5, 29, 20, 0, 66, 133, 12, 269, 175, 169, 586, 557, 657, 904, 842, 708, 2131, 214, 151, 95, 41, 153, 0]}}