{"histogram": {"y": [1, 0, 0, 0, 0, 0, 0, 0, 0, 0, 2, 1, 0, 0, 0, 0, 0, 0, 0, 0, 1, 1, 0, 0, 0, 0, 0, 0, 0, 0, 0, 0, 0, 0, 0, 0, 0, 0, 0, 0, 0, 0, 0, 0, 0, 0, 0, 0, 0, 0, 0, 0, 0, 0, 0, 1, 0, 0, 0, 0, 0, 0, 0, 0, 0, 0, 1, 1, 2, 8, 6, 16, 20, 77, 174, 26, 7], "x": [288.0, 306.0, 324.0, 342.0, 360.0, 378.0, 396.0, 414.0, 432.0, 450.0, 468.0, 486.0, 504.0, 522.0, 540.0, 558.0, 576.0, 594.0, 612.0, 630.0, 648.0, 666.0, 684.0, 702.0, 720.0, 738.0, 756.0, 774.0, 792.0, 810.0, 828.0, 846.0, 864.0, 882.0, 900.0, 918.0, 936.0, 954.0, 972.0, 990.0, 1008.0, 1026.0, 1044.0, 1062.0, 1080.0, 1098.0, 1116.0, 1134.0, 1152.0, 1170.0, 1188.0, 1206.0, 1224.0, 1242.0, 1260.0, 1278.0, 1296.0, 1314.0, 1332.0, 1350.0, 1368.0, 1386.0, 1404.0, 1422.0, 1440.0, 1458.0, 1476.0, 1494.0, 1512.0, 1530.0, 1548.0, 1566.0, 1584.0, 1602.0, 1620.0, 1638.0]}, "percentile": {"y": [100.0, 99.8, 99.5, 99.2, 98.9, 98.6, 98.3, 98.0, 97.7, 97.4, 96.9, 96.6, 96.0, 95.4, 95.1, 94.8, 94.5, 94.2, 93.4, 93.1, 92.8, 92.5, 91.9, 91.3, 90.5, 90.2, 89.9, 89.0, 88.7, 88.1, 87.8, 87.5, 87.3, 87.0, 86.4, 85.8, 84.9, 82.3, 81.4, 80.6, 80.0, 78.5, 77.4, 75.3, 75.0, 74.5, 73.0, 72.7, 68.9, 65.5, 62.5, 59.9, 59.6, 59.1, 58.8, 58.2, 57.6, 55.9, 53.0, 49.8, 46.0, 40.2, 11.400000000000006, 10.200000000000003, 9.900000000000006, 9.599999999999994, 9.400000000000006, 7.299999999999997, 7.0, 6.400000000000006, 5.900000000000006, 5.0, 4.400000000000006, 3.5, 3.200000000000003, 2.4000000000000057, 1.7999999999999972, 1.2000000000000028, 0.9000000000000057, 0.5999999999999943], "x": [287, 455, 467, 480, 631, 653, 1260, 1470, 1477, 1502, 1512, 1513, 1514, 1525, 1526, 1527, 1536, 1537, 1538, 1539, 1549, 1550, 1551, 1552, 1554, 1560, 1561, 1562, 1563, 1568, 1570, 1571, 1572, 1573, 1574, 1575, 1576, 1584, 1585, 1586, 1587, 1588, 1589, 1591, 1594, 1596, 1597, 1598, 1599, 1600, 1601, 1602, 1604, 1605, 1606, 1607, 1608, 1609, 1610, 1611, 1612, 1613, 1614, 1617, 1618, 1619, 1620, 1621, 1622, 1623, 1624, 1625, 1626, 1631, 1634, 1637, 1638, 1645, 1649, 1650]}}
