{"percentile": {"x": [927, 940, 960, 965, 969, 992, 1002, 1013, 1015, 1027, 1042, 1065, 1069, 1073, 1111, 1120, 1146, 1170, 1183, 1190, 1201, 1214, 1218, 1237, 1243, 1275, 1276, 1288, 1290, 1292, 1319, 1321, 1330, 1331, 1333, 1338, 1344, 1352, 1365, 1370, 1373, 1377, 1381, 1390, 1395, 1397, 1401, 1404, 1412, 1413, 1415, 1420, 1421, 1422, 1426, 1431, 1433, 1440, 1441, 1442, 1445, 1453, 1454, 1464, 1465, 1466, 1477, 1478, 1481, 1482, 1486, 1488, 1489, 1490, 1492, 1497, 1498, 1500, 1501, 1502, 1512, 1513, 1514, 1515, 1516, 1517, 1518, 1519, 1521, 1522, 1523, 1524, 1525, 1526, 1527, 1532, 1534, 1536, 1537, 1538, 1539, 1540, 1541, 1543, 1547, 1548, 1549, 1550, 1551, 1552, 1553, 1554, 1555, 1556, 1557, 1558, 1559, 1560, 1561, 1562, 1563, 1564, 1567, 1568, 1569, 1570, 1571, 1572, 1573, 1574, 1575, 1576, 1579, 1584, 1585, 1586, 1587, 1588, 1589, 1590, 1591, 1592, 1593, 1594, 1595, 1596, 1597, 1598, 1599, 1600, 1601, 1602, 1603, 1604, 1605, 1606, 1607, 1608, 1609, 1610, 1611, 1612, 1613, 1614, 1615, 1616, 1617, 1618, 1619, 1620, 1621, 1624, 1626, 1628, 1632, 1635, 1636, 1638, 1645, 1646, 1649, 1650, 1651, 1653], "y": [100.0, 99.9, 99.9, 99.8, 99.7, 99.7, 99.6, 99.5, 99.5, 99.4, 99.3, 99.3, 99.2, 99.1, 99.1, 99.0, 99.0, 98.8, 98.8, 98.7, 98.6, 98.6, 98.5, 98.4, 98.3, 98.2, 98.2, 98.1, 98.1, 98.0, 97.9, 97.9, 97.7, 97.7, 97.6, 97.5, 97.4, 97.3, 97.3, 97.2, 97.1, 97.1, 97.0, 96.9, 96.8, 96.8, 96.7, 96.6, 96.5, 96.4, 96.4, 96.3, 96.2, 96.2, 96.1, 96.0, 95.9, 95.8, 95.5, 95.4, 95.3, 94.4, 94.4, 94.3, 92.2, 92.2, 91.5, 90.8, 90.7, 90.6, 90.4, 90.0, 88.8, 87.9, 87.6, 87.5, 87.4, 87.0, 86.3, 84.1, 84.0, 82.8, 81.2, 79.0, 78.9, 78.8, 78.7, 78.6, 78.5, 78.3, 77.9, 76.6, 74.7, 72.4, 70.3, 70.3, 70.2, 69.9, 69.4, 68.3, 66.5, 66.4, 66.3, 66.2, 66.1, 65.8, 63.8, 61.2, 57.8, 54.7, 54.1, 54.0, 53.6, 53.3, 52.9, 52.6, 52.5, 49.6, 47.2, 44.3, 41.9, 39.5, 39.4, 39.4, 39.3, 39.1, 38.9, 38.1, 37.4, 36.2, 35.099999999999994, 34.2, 34.2, 34.0, 32.0, 30.5, 27.799999999999997, 25.0, 22.200000000000003, 22.099999999999994, 21.799999999999997, 21.599999999999994, 21.5, 21.299999999999997, 21.099999999999994, 19.400000000000006, 18.200000000000003, 16.299999999999997, 15.200000000000003, 13.099999999999994, 11.799999999999997, 11.5, 11.200000000000003, 11.0, 10.900000000000006, 10.900000000000006, 10.599999999999994, 9.900000000000006, 9.0, 7.900000000000006, 7.0, 5.700000000000003, 2.9000000000000057, 2.5999999999999943, 2.5999999999999943, 2.5, 2.4000000000000057, 2.4000000000000057, 2.299999999999997, 1.9000000000000057, 1.7000000000000028, 1.7000000000000028, 1.5999999999999943, 1.5, 1.5, 1.4000000000000057, 1.2999999999999972, 1.2999999999999972, 1.2000000000000028, 1.0999999999999943, 1.0999999999999943, 0.09999999999999432, 0.0, 0.0]}, "histogram": {"x": [936.0, 954.0, 972.0, 990.0, 1008.0, 1026.0, 1044.0, 1062.0, 1080.0, 1098.0, 1116.0, 1134.0, 1152.0, 1170.0, 1188.0, 1206.0, 1224.0, 1242.0, 1260.0, 1278.0, 1296.0, 1314.0, 1332.0, 1350.0, 1368.0, 1386.0, 1404.0, 1422.0, 1440.0, 1458.0, 1476.0, 1494.0, 1512.0, 1530.0, 1548.0, 1566.0, 1584.0, 1602.0, 1620.0, 1638.0, 1656.0], "y": [1, 1, 3, 0, 2, 2, 2, 0, 3, 0, 1, 1, 1, 0, 3, 2, 2, 2, 1, 2, 3, 0, 5, 4, 2, 4, 5, 7, 6, 23, 34, 71, 55, 213, 65, 413, 83, 347, 147, 15, 21, 0]}}