{"percentile": {"x": [1564, 1574, 1575, 1576, 1585, 1586, 1587, 1588, 1589, 1591, 1592, 1593, 1594, 1596, 1597, 1598, 1599, 1600, 1601, 1603, 1605, 1606, 1607, 1608, 1609, 1610, 1611, 1612, 1613, 1614, 1615, 1616, 1617, 1618, 1619, 1620, 1621, 1622, 1623, 1624, 1625, 1626, 1627, 1628, 1629, 1630, 1631, 1632, 1633, 1634, 1635, 1636, 1637, 1638, 1639, 1640, 1641, 1642, 1643, 1644, 1645, 1646, 1647, 1648, 1649, 1650, 1651, 1652, 1653, 1654, 1655], "y": [99.9, 99.7, 99.5, 96.5, 96.2, 96.0, 95.6, 95.0, 94.6, 94.5, 94.3, 94.2, 94.1, 93.7, 93.2, 92.1, 91.5, 90.5, 88.7, 88.4, 88.0, 87.6, 87.4, 87.1, 86.1, 84.0, 81.1, 77.8, 47.5, 46.0, 44.5, 43.7, 41.8, 40.6, 38.9, 37.1, 36.1, 35.0, 34.0, 33.099999999999994, 31.900000000000006, 30.0, 29.299999999999997, 28.599999999999994, 27.5, 27.0, 26.299999999999997, 24.700000000000003, 23.799999999999997, 22.099999999999994, 20.700000000000003, 19.200000000000003, 18.0, 17.0, 16.400000000000006, 15.700000000000003, 14.799999999999997, 14.200000000000003, 14.0, 13.400000000000006, 12.799999999999997, 12.0, 11.5, 10.799999999999997, 9.799999999999997, 3.200000000000003, 3.0, 2.0999999999999943, 1.5999999999999943, 0.7999999999999972, 0.0]}, "histogram": {"x": [1566.0, 1584.0, 1602.0, 1620.0, 1638.0, 1656.0], "y": [2, 36, 83, 529, 222, 192, 0]}}