{"histogram": {"y": [2, 0, 1, 0, 0, 1, 0, 2, 15, 3, 0, 2, 2, 5], "x": [1544.0, 1552.0, 1560.0, 1568.0, 1576.0, 1584.0, 1592.0, 1600.0, 1608.0, 1616.0, 1624.0, 1632.0, 1640.0, 1648.0]}, "percentile": {"y": [96.9, 93.8, 90.7, 87.5, 81.3, 75.0, 71.9, 68.8, 43.8, 34.400000000000006, 25.0, 21.900000000000006, 18.799999999999997, 15.700000000000003, 12.5, -3.0999999999999943], "x": [1548, 1551, 1561, 1590, 1600, 1609, 1611, 1612, 1613, 1614, 1620, 1635, 1636, 1646, 1647, 1650]}}