{"histogram": {"y": [1, 0, 0, 1, 0, 0, 0, 0, 0, 3, 0, 0, 11, 0, 6, 17, 0, 18, 29, 4, 51, 35, 45, 191, 271, 665, 639, 824, 876, 3724, 759, 453, 320, 223, 397, 0], "x": [1376.0, 1384.0, 1392.0, 1400.0, 1408.0, 1416.0, 1424.0, 1432.0, 1440.0, 1448.0, 1456.0, 1464.0, 1472.0, 1480.0, 1488.0, 1496.0, 1504.0, 1512.0, 1520.0, 1528.0, 1536.0, 1544.0, 1552.0, 1560.0, 1568.0, 1576.0, 1584.0, 1592.0, 1600.0, 1608.0, 1616.0, 1624.0, 1632.0, 1640.0, 1648.0, 1656.0]}, "percentile": {"y": [100.0, 100.0, 100.0, 100.0, 100.0, 99.9, 99.9, 99.8, 99.8, 99.8, 99.6, 99.6, 99.6, 99.5, 99.5, 99.4, 99.4, 99.4, 99.2, 99.2, 99.1, 99.1, 99.1, 99.0, 99.0, 98.8, 98.6, 98.6, 98.5, 98.4, 98.2, 97.9, 97.9, 97.9, 97.9, 97.8, 97.8, 97.8, 97.7, 97.6, 97.4, 97.0, 96.6, 95.9, 95.9, 95.8, 95.7, 95.7, 95.6, 95.6, 95.6, 95.5, 94.9, 94.1, 92.9, 86.0, 86.0, 86.0, 86.0, 86.0, 86.0, 86.0, 85.9, 85.3, 84.6, 83.6, 82.2, 80.4, 79.8, 79.3, 78.7, 78.0, 77.6, 77.1, 76.1, 74.7, 72.8, 70.7, 68.2, 65.3, 64.7, 64.0, 63.3, 62.7, 62.1, 61.5, 60.2, 57.9, 55.1, 51.4, 47.3, 25.0, 23.799999999999997, 22.5, 21.400000000000006, 20.299999999999997, 19.400000000000006, 18.5, 16.900000000000006, 16.200000000000003, 15.400000000000006, 14.599999999999994, 14.0, 13.099999999999994, 12.5, 12.0, 11.299999999999997, 10.700000000000003, 10.200000000000003, 9.900000000000006, 9.099999999999994, 8.799999999999997, 8.200000000000003, 7.900000000000006, 7.5, 7.099999999999994, 6.799999999999997, 6.5, 6.299999999999997, 5.799999999999997, 5.400000000000006, 5.099999999999994, 4.700000000000003, 4.5, 4.299999999999997, 4.200000000000003, 4.0, 3.9000000000000057, 1.9000000000000057, 1.7000000000000028, 1.5, 1.2999999999999972, 0.9000000000000057, 0.0], "x": [1380, 1403, 1448, 1453, 1477, 1478, 1489, 1490, 1491, 1501, 1502, 1513, 1514, 1515, 1518, 1521, 1524, 1525, 1526, 1527, 1532, 1533, 1535, 1536, 1537, 1538, 1539, 1541, 1549, 1550, 1551, 1552, 1553, 1554, 1555, 1556, 1557, 1558, 1559, 1560, 1561, 1562, 1563, 1564, 1565, 1566, 1567, 1568, 1569, 1570, 1571, 1572, 1573, 1574, 1575, 1576, 1577, 1578, 1579, 1580, 1581, 1582, 1584, 1585, 1586, 1587, 1588, 1589, 1590, 1591, 1592, 1593, 1594, 1595, 1596, 1597, 1598, 1599, 1600, 1601, 1602, 1603, 1604, 1605, 1606, 1607, 1608, 1609, 1610, 1611, 1612, 1613, 1614, 1615, 1616, 1617, 1618, 1619, 1620, 1621, 1622, 1623, 1624, 1625, 1626, 1627, 1628, 1629, 1630, 1631, 1632, 1633, 1634, 1635, 1636, 1637, 1638, 1639, 1640, 1641, 1642, 1643, 1644, 1645, 1646, 1647, 1648, 1649, 1650, 1651, 1652, 1653, 1654, 1655]}}