{"percentile": {"x": [943, 960, 1282, 1339, 1373, 1395, 1441, 1453, 1465, 1477, 1478, 1487, 1488, 1489, 1490, 1501, 1502, 1512, 1513, 1514, 1515, 1518, 1521, 1522, 1524, 1525, 1526, 1527, 1528, 1534, 1536, 1537, 1538, 1539, 1548, 1549, 1550, 1551, 1552, 1553, 1556, 1557, 1558, 1560, 1561, 1562, 1563, 1564, 1566, 1572, 1573, 1574, 1575, 1576, 1579, 1583, 1584, 1585, 1586, 1587, 1588, 1589, 1590, 1591, 1592, 1593, 1594, 1596, 1597, 1598, 1599, 1600, 1601, 1602, 1603, 1606, 1608, 1609, 1610, 1611, 1612, 1613, 1614, 1616, 1618, 1620, 1625, 1627, 1640, 1649, 1650], "y": [99.8, 99.6, 99.3, 99.1, 98.9, 98.6, 98.1, 97.9, 97.2, 96.7, 96.2, 96.0, 95.8, 95.3, 94.3, 93.4, 88.6, 88.1, 86.7, 85.7, 85.3, 85.0, 84.8, 84.5, 83.8, 83.1, 81.7, 80.5, 80.2, 80.0, 79.8, 79.0, 78.6, 77.9, 77.4, 75.5, 73.3, 71.4, 69.5, 69.3, 69.0, 68.5, 67.8, 66.6, 65.4, 62.3, 61.4, 59.7, 59.5, 59.2, 59.0, 58.8, 58.5, 57.6, 57.1, 56.9, 55.7, 53.7, 51.6, 47.1, 42.8, 40.6, 40.4, 39.9, 39.7, 39.4, 39.0, 36.6, 34.7, 29.900000000000006, 25.599999999999994, 23.200000000000003, 19.900000000000006, 19.400000000000006, 18.700000000000003, 18.400000000000006, 17.5, 15.799999999999997, 13.700000000000003, 11.5, 9.400000000000006, 3.9000000000000057, 3.4000000000000057, 3.200000000000003, 2.9000000000000057, 2.700000000000003, 2.4000000000000057, 2.200000000000003, 2.0, 1.7000000000000028, -0.20000000000000284]}, "histogram": {"x": [954.0, 972.0, 990.0, 1008.0, 1026.0, 1044.0, 1062.0, 1080.0, 1098.0, 1116.0, 1134.0, 1152.0, 1170.0, 1188.0, 1206.0, 1224.0, 1242.0, 1260.0, 1278.0, 1296.0, 1314.0, 1332.0, 1350.0, 1368.0, 1386.0, 1404.0, 1422.0, 1440.0, 1458.0, 1476.0, 1494.0, 1512.0, 1530.0, 1548.0, 1566.0, 1584.0, 1602.0, 1620.0, 1638.0, 1656.0], "y": [1, 1, 0, 0, 0, 0, 0, 0, 0, 0, 0, 0, 0, 0, 0, 0, 0, 0, 0, 1, 0, 0, 1, 0, 1, 1, 0, 0, 3, 3, 12, 24, 35, 10, 76, 12, 155, 71, 3, 10, 0]}}