{"percentile": {"x": [452, 1465, 1489, 1502, 1513, 1514, 1526, 1539, 1549, 1550, 1551, 1552, 1557, 1558, 1560, 1562, 1563, 1574, 1575, 1576, 1585, 1586, 1587, 1588, 1589, 1596, 1597, 1598, 1599, 1600, 1601, 1603, 1609, 1610, 1611, 1612, 1613, 1614, 1619, 1624, 1625, 1634, 1647, 1650], "y": [98.9, 97.7, 95.3, 91.7, 90.5, 88.1, 87.0, 85.8, 84.6, 83.4, 82.2, 81.0, 79.8, 78.6, 76.2, 72.7, 71.5, 70.3, 69.1, 67.9, 65.5, 62.0, 60.8, 56.0, 50.0, 47.7, 46.5, 42.9, 39.3, 35.8, 34.599999999999994, 33.400000000000006, 32.2, 31.0, 28.599999999999994, 26.200000000000003, 12.0, 10.799999999999997, 9.599999999999994, 7.200000000000003, 4.799999999999997, 3.5999999999999943, 2.4000000000000057, -1.0999999999999943]}, "histogram": {"x": [448.0, 456.0, 464.0, 472.0, 480.0, 488.0, 496.0, 504.0, 512.0, 520.0, 528.0, 536.0, 544.0, 552.0, 560.0, 568.0, 576.0, 584.0, 592.0, 600.0, 608.0, 616.0, 624.0, 632.0, 640.0, 648.0, 656.0, 664.0, 672.0, 680.0, 688.0, 696.0, 704.0, 712.0, 720.0, 728.0, 736.0, 744.0, 752.0, 760.0, 768.0, 776.0, 784.0, 792.0, 800.0, 808.0, 816.0, 824.0, 832.0, 840.0, 848.0, 856.0, 864.0, 872.0, 880.0, 888.0, 896.0, 904.0, 912.0, 920.0, 928.0, 936.0, 944.0, 952.0, 960.0, 968.0, 976.0, 984.0, 992.0, 1000.0, 1008.0, 1016.0, 1024.0, 1032.0, 1040.0, 1048.0, 1056.0, 1064.0, 1072.0, 1080.0, 1088.0, 1096.0, 1104.0, 1112.0, 1120.0, 1128.0, 1136.0, 1144.0, 1152.0, 1160.0, 1168.0, 1176.0, 1184.0, 1192.0, 1200.0, 1208.0, 1216.0, 1224.0, 1232.0, 1240.0, 1248.0, 1256.0, 1264.0, 1272.0, 1280.0, 1288.0, 1296.0, 1304.0, 1312.0, 1320.0, 1328.0, 1336.0, 1344.0, 1352.0, 1360.0, 1368.0, 1376.0, 1384.0, 1392.0, 1400.0, 1408.0, 1416.0, 1424.0, 1432.0, 1440.0, 1448.0, 1456.0, 1464.0, 1472.0, 1480.0, 1488.0, 1496.0, 1504.0, 1512.0, 1520.0, 1528.0, 1536.0, 1544.0, 1552.0, 1560.0, 1568.0, 1576.0, 1584.0, 1592.0, 1600.0, 1608.0, 1616.0, 1624.0, 1632.0, 1640.0, 1648.0], "y": [1, 0, 0, 0, 0, 0, 0, 0, 0, 0, 0, 0, 0, 0, 0, 0, 0, 0, 0, 0, 0, 0, 0, 0, 0, 0, 0, 0, 0, 0, 0, 0, 0, 0, 0, 0, 0, 0, 0, 0, 0, 0, 0, 0, 0, 0, 0, 0, 0, 0, 0, 0, 0, 0, 0, 0, 0, 0, 0, 0, 0, 0, 0, 0, 0, 0, 0, 0, 0, 0, 0, 0, 0, 0, 0, 0, 0, 0, 0, 0, 0, 0, 0, 0, 0, 0, 0, 0, 0, 0, 0, 0, 0, 0, 0, 0, 0, 0, 0, 0, 0, 0, 0, 0, 0, 0, 0, 0, 0, 0, 0, 0, 0, 0, 0, 0, 0, 0, 0, 0, 0, 0, 0, 0, 0, 0, 0, 1, 0, 0, 2, 3, 0, 3, 1, 0, 1, 3, 3, 6, 2, 1, 15, 9, 5, 19, 1, 4, 1, 1, 3]}}