{"percentile": {"x": [1539, 1564, 1573, 1574, 1575, 1576, 1585, 1586, 1587, 1588, 1589, 1591, 1593, 1594, 1595, 1596, 1597, 1598, 1599, 1600, 1601, 1602, 1605, 1609, 1610, 1611, 1612, 1613, 1614, 1615, 1618, 1619, 1620, 1621, 1622, 1623, 1624, 1625, 1626, 1627, 1628, 1632, 1634, 1635, 1636, 1637, 1638, 1639, 1645, 1646, 1647, 1649, 1650, 1652, 1653, 1655], "y": [99.6, 99.2, 98.8, 98.4, 98.0, 92.9, 92.5, 91.3, 90.0, 89.2, 86.7, 86.2, 85.8, 85.0, 83.3, 82.9, 81.2, 80.0, 78.3, 77.0, 72.9, 72.0, 70.8, 67.8, 63.2, 59.5, 51.9, 25.599999999999994, 25.200000000000003, 24.299999999999997, 23.099999999999994, 22.599999999999994, 21.400000000000006, 21.0, 19.700000000000003, 19.299999999999997, 17.599999999999994, 16.400000000000006, 15.900000000000006, 15.5, 15.099999999999994, 14.700000000000003, 13.900000000000006, 13.0, 12.599999999999994, 12.200000000000003, 11.799999999999997, 11.299999999999997, 10.099999999999994, 9.299999999999997, 8.400000000000006, 8.0, 1.7000000000000028, 1.2999999999999972, 0.5, -0.4000000000000057]}, "histogram": {"x": [1536.0, 1544.0, 1552.0, 1560.0, 1568.0, 1576.0, 1584.0, 1592.0, 1600.0, 1608.0, 1616.0, 1624.0, 1632.0, 1640.0, 1648.0, 1656.0], "y": [1, 0, 0, 1, 3, 12, 16, 19, 18, 111, 12, 10, 9, 7, 21, 0]}}