{"histogram": {"x": [1440.0, 1458.0, 1476.0, 1494.0, 1512.0, 1530.0, 1548.0, 1566.0, 1584.0, 1602.0, 1620.0, 1638.0, 1656.0], "y": [1, 0, 1, 3, 1, 8, 6, 21, 11, 31, 17, 1, 1, 0]}, "percentile": {"x": [1434, 1465, 1478, 1490, 1502, 1513, 1514, 1524, 1525, 1526, 1527, 1537, 1538, 1539, 1549, 1550, 1552, 1555, 1560, 1561, 1562, 1563, 1564, 1574, 1575, 1576, 1584, 1585, 1586, 1587, 1588, 1589, 1591, 1592, 1594, 1595, 1596, 1598, 1599, 1600, 1601, 1605, 1606, 1609, 1610, 1611, 1612, 1613, 1614, 1625, 1650], "y": [99.1, 98.1, 97.1, 95.1, 94.1, 93.1, 92.1, 91.1, 90.1, 88.2, 86.2, 84.2, 83.2, 80.2, 78.3, 76.3, 74.3, 73.3, 72.3, 69.4, 64.4, 63.4, 59.5, 56.5, 52.5, 48.6, 47.6, 46.6, 42.6, 39.7, 35.7, 32.7, 31.700000000000003, 30.700000000000003, 29.799999999999997, 27.799999999999997, 24.799999999999997, 22.799999999999997, 19.900000000000006, 18.900000000000006, 17.900000000000006, 16.900000000000006, 14.900000000000006, 13.900000000000006, 11.900000000000006, 10.0, 6.0, 2.0, 1.0, 0.0, -0.9000000000000057]}}