{"percentile": {"y": [99.8, 99.6, 99.4, 99.2, 99.0, 98.8, 98.6, 98.4, 98.0, 97.8, 97.2, 96.3, 96.1, 95.7, 87.8, 87.6, 86.8, 86.0, 84.3, 84.1, 83.9, 83.5, 82.7, 81.8, 81.0, 80.0, 79.8, 79.3, 78.9, 78.7, 78.3, 78.1, 77.3, 74.2, 71.1, 68.6, 68.2, 67.8, 67.5, 67.1, 64.4, 63.6, 62.0, 61.3, 60.3, 60.1, 59.3, 58.8, 58.2, 57.6, 57.2, 57.0, 53.7, 51.0, 47.5, 44.4, 42.3, 41.9, 41.5, 41.3, 40.8, 40.4, 37.7, 35.7, 33.0, 30.099999999999994, 27.599999999999994, 24.900000000000006, 24.700000000000003, 24.099999999999994, 23.900000000000006, 23.700000000000003, 23.200000000000003, 23.0, 21.0, 20.299999999999997, 18.5, 16.400000000000006, 13.700000000000003, 7.299999999999997, 6.5, 6.299999999999997, 6.099999999999994, 5.799999999999997, 5.599999999999994, 5.0, 4.799999999999997, 4.599999999999994, 4.0, 3.799999999999997, 3.5999999999999943, 3.4000000000000057, 3.200000000000003, 2.700000000000003, 2.5, 2.299999999999997, 2.0999999999999943, 0.5, 0.29999999999999716, -0.20000000000000284], "x": [928, 1186, 1229, 1328, 1338, 1344, 1439, 1453, 1478, 1488, 1489, 1490, 1500, 1501, 1502, 1512, 1513, 1514, 1515, 1516, 1520, 1522, 1524, 1525, 1526, 1527, 1535, 1536, 1537, 1538, 1539, 1540, 1549, 1550, 1551, 1552, 1553, 1555, 1556, 1559, 1560, 1561, 1562, 1563, 1564, 1566, 1572, 1573, 1574, 1575, 1576, 1584, 1585, 1586, 1587, 1588, 1589, 1591, 1592, 1593, 1594, 1595, 1596, 1597, 1598, 1599, 1600, 1601, 1602, 1603, 1604, 1605, 1606, 1607, 1608, 1609, 1610, 1611, 1612, 1613, 1614, 1615, 1617, 1618, 1619, 1620, 1621, 1622, 1623, 1624, 1628, 1630, 1633, 1638, 1646, 1648, 1649, 1650, 1652, 1655]}, "histogram": {"y": [1, 0, 0, 0, 0, 0, 0, 0, 0, 0, 0, 0, 0, 0, 0, 0, 0, 0, 0, 0, 0, 0, 0, 0, 0, 0, 0, 0, 0, 0, 0, 0, 1, 0, 0, 0, 0, 1, 0, 0, 0, 0, 0, 0, 0, 0, 0, 0, 0, 0, 1, 1, 1, 0, 0, 0, 0, 0, 0, 0, 0, 0, 0, 1, 0, 1, 0, 0, 2, 0, 8, 41, 0, 18, 20, 1, 8, 34, 19, 34, 12, 2, 74, 57, 34, 81, 11, 3, 3, 1, 13, 0], "x": [928.0, 936.0, 944.0, 952.0, 960.0, 968.0, 976.0, 984.0, 992.0, 1000.0, 1008.0, 1016.0, 1024.0, 1032.0, 1040.0, 1048.0, 1056.0, 1064.0, 1072.0, 1080.0, 1088.0, 1096.0, 1104.0, 1112.0, 1120.0, 1128.0, 1136.0, 1144.0, 1152.0, 1160.0, 1168.0, 1176.0, 1184.0, 1192.0, 1200.0, 1208.0, 1216.0, 1224.0, 1232.0, 1240.0, 1248.0, 1256.0, 1264.0, 1272.0, 1280.0, 1288.0, 1296.0, 1304.0, 1312.0, 1320.0, 1328.0, 1336.0, 1344.0, 1352.0, 1360.0, 1368.0, 1376.0, 1384.0, 1392.0, 1400.0, 1408.0, 1416.0, 1424.0, 1432.0, 1440.0, 1448.0, 1456.0, 1464.0, 1472.0, 1480.0, 1488.0, 1496.0, 1504.0, 1512.0, 1520.0, 1528.0, 1536.0, 1544.0, 1552.0, 1560.0, 1568.0, 1576.0, 1584.0, 1592.0, 1600.0, 1608.0, 1616.0, 1624.0, 1632.0, 1640.0, 1648.0, 1656.0]}}