{"percentile": {"x": [1524, 1539, 1562, 1563, 1564, 1572, 1576, 1587, 1588, 1592, 1597, 1598, 1599, 1601, 1608, 1612, 1613, 1620], "y": [96.3, 92.6, 85.2, 81.5, 77.8, 74.1, 66.7, 63.0, 59.3, 55.6, 48.2, 40.8, 33.400000000000006, 29.700000000000003, 26.0, 14.900000000000006, 0.0, -3.700000000000003]}, "histogram": {"x": [1520.0, 1528.0, 1536.0, 1544.0, 1552.0, 1560.0, 1568.0, 1576.0, 1584.0, 1592.0, 1600.0, 1608.0, 1616.0, 1624.0], "y": [1, 0, 1, 0, 0, 4, 1, 2, 2, 7, 1, 8, 1, 0]}}