{"percentile": {"x": [258, 360, 369, 435, 457, 459, 535, 720, 806, 816, 851, 879, 918, 938, 954, 963, 964, 976, 1001, 1033, 1051, 1052, 1086, 1106, 1125, 1155, 1159, 1160, 1162, 1166, 1168, 1189, 1192, 1197, 1224, 1230, 1260, 1265, 1266, 1278, 1281, 1286, 1289, 1294, 1296, 1299, 1303, 1308, 1325, 1332, 1340, 1349, 1351, 1355, 1356, 1357, 1363, 1364, 1370, 1382, 1386, 1390, 1392, 1406, 1411, 1418, 1432, 1439, 1441, 1449, 1450, 1452, 1453, 1460, 1464, 1465, 1475, 1477, 1478, 1479, 1483, 1485, 1488, 1489, 1490, 1491, 1494, 1498, 1500, 1501, 1502, 1512, 1513, 1514, 1515, 1516, 1517, 1518, 1519, 1520, 1521, 1522, 1524, 1525, 1526, 1527, 1528, 1532, 1533, 1535, 1536, 1537, 1538, 1539, 1542, 1545, 1546, 1548, 1549, 1550, 1551, 1552, 1553, 1554, 1555, 1556, 1557, 1558, 1559, 1560, 1561, 1562, 1563, 1564, 1565, 1566, 1567, 1569, 1570, 1572, 1573, 1574, 1575, 1576, 1582, 1584, 1585, 1586, 1587, 1588, 1589, 1590, 1591, 1592, 1593, 1594, 1596, 1597, 1598, 1599, 1600, 1601, 1602, 1603, 1604, 1605, 1607, 1608, 1609, 1610, 1611, 1612, 1613, 1614, 1615, 1617, 1619, 1620, 1621, 1622, 1624, 1638, 1648, 1649, 1650, 1655], "y": [100.0, 99.9, 99.8, 99.8, 99.7, 99.6, 99.6, 99.5, 99.4, 99.4, 99.3, 99.2, 99.2, 99.1, 99.0, 99.0, 98.9, 98.8, 98.7, 98.7, 98.6, 98.5, 98.5, 98.4, 98.3, 98.3, 98.2, 98.1, 98.1, 98.0, 97.9, 97.9, 97.7, 97.6, 97.6, 97.4, 97.4, 97.3, 97.2, 97.2, 97.1, 97.0, 96.9, 96.8, 96.8, 96.7, 96.6, 96.6, 96.5, 96.3, 96.2, 96.1, 96.1, 96.0, 95.9, 95.9, 95.7, 95.7, 95.6, 95.5, 95.5, 95.4, 95.3, 95.2, 95.2, 95.1, 95.0, 95.0, 94.4, 94.4, 94.3, 94.0, 93.4, 93.3, 93.2, 90.2, 90.2, 89.1, 87.8, 87.7, 87.6, 87.6, 87.4, 86.7, 85.4, 85.3, 85.2, 85.2, 85.0, 84.1, 81.9, 81.9, 80.0, 77.9, 75.4, 75.2, 75.0, 74.8, 74.7, 74.4, 74.1, 73.9, 72.5, 70.5, 68.3, 65.9, 65.7, 65.6, 65.3, 65.0, 64.4, 63.6, 62.5, 60.3, 60.3, 60.2, 60.1, 59.8, 57.7, 55.5, 52.8, 50.0, 49.7, 49.2, 49.0, 48.7, 48.5, 48.1, 47.9, 45.5, 43.3, 40.9, 38.4, 36.3, 36.1, 35.900000000000006, 35.7, 35.5, 35.400000000000006, 34.8, 33.599999999999994, 32.8, 31.900000000000006, 30.900000000000006, 30.799999999999997, 30.599999999999994, 29.400000000000006, 27.799999999999997, 25.5, 22.799999999999997, 20.099999999999994, 19.900000000000006, 19.599999999999994, 19.400000000000006, 19.299999999999997, 19.099999999999994, 17.400000000000006, 16.0, 15.0, 13.799999999999997, 12.900000000000006, 11.099999999999994, 10.900000000000006, 10.799999999999997, 10.700000000000003, 10.5, 10.400000000000006, 9.799999999999997, 8.900000000000006, 7.700000000000003, 6.599999999999994, 5.799999999999997, 2.700000000000003, 2.5, 2.200000000000003, 2.0999999999999943, 1.7999999999999972, 1.4000000000000057, 1.4000000000000057, 1.2999999999999972, 1.2000000000000028, 1.0999999999999943, 1.0, 0.9000000000000057, 0.09999999999999432, 0.0]}, "histogram": {"x": [270.0, 288.0, 306.0, 324.0, 342.0, 360.0, 378.0, 396.0, 414.0, 432.0, 450.0, 468.0, 486.0, 504.0, 522.0, 540.0, 558.0, 576.0, 594.0, 612.0, 630.0, 648.0, 666.0, 684.0, 702.0, 720.0, 738.0, 756.0, 774.0, 792.0, 810.0, 828.0, 846.0, 864.0, 882.0, 900.0, 918.0, 936.0, 954.0, 972.0, 990.0, 1008.0, 1026.0, 1044.0, 1062.0, 1080.0, 1098.0, 1116.0, 1134.0, 1152.0, 1170.0, 1188.0, 1206.0, 1224.0, 1242.0, 1260.0, 1278.0, 1296.0, 1314.0, 1332.0, 1350.0, 1368.0, 1386.0, 1404.0, 1422.0, 1440.0, 1458.0, 1476.0, 1494.0, 1512.0, 1530.0, 1548.0, 1566.0, 1584.0, 1602.0, 1620.0, 1638.0, 1656.0], "y": [1, 0, 0, 0, 0, 0, 2, 0, 0, 0, 1, 2, 0, 0, 0, 1, 0, 0, 0, 0, 0, 0, 0, 0, 0, 0, 1, 0, 0, 0, 1, 1, 0, 1, 1, 0, 0, 1, 1, 3, 1, 1, 0, 1, 2, 0, 1, 1, 1, 0, 6, 0, 4, 0, 3, 0, 3, 6, 4, 1, 5, 7, 2, 3, 3, 2, 23, 47, 71, 49, 237, 81, 351, 76, 288, 135, 9, 18, 0]}}