{"percentile": {"x": [1465, 1501, 1502, 1514, 1515, 1517, 1519, 1525, 1539, 1549, 1550, 1551, 1552, 1553, 1555, 1556, 1558, 1560, 1561, 1562, 1563, 1564, 1566, 1572, 1575, 1576, 1581, 1583, 1585, 1586, 1587, 1588, 1589, 1590, 1591, 1592, 1595, 1597, 1598, 1599, 1600, 1601, 1604, 1607, 1608, 1609, 1610, 1611, 1612, 1613, 1615, 1620, 1623, 1624, 1635, 1639, 1650], "y": [99.4, 98.0, 93.1, 92.4, 91.7, 91.0, 90.3, 89.6, 86.8, 86.1, 84.7, 82.6, 79.8, 79.1, 78.4, 77.7, 77.0, 76.3, 74.2, 72.1, 70.0, 65.1, 64.4, 63.7, 62.3, 60.9, 60.2, 59.5, 56.7, 56.0, 53.2, 50.4, 45.5, 44.8, 43.4, 41.3, 40.6, 35.7, 34.3, 31.5, 27.299999999999997, 26.599999999999994, 25.900000000000006, 24.5, 21.700000000000003, 21.0, 19.599999999999994, 18.900000000000006, 14.0, 5.599999999999994, 4.900000000000006, 3.5, 2.799999999999997, 1.4000000000000057, 0.7000000000000028, 0.0, -0.5999999999999943]}, "histogram": {"x": [1476.0, 1494.0, 1512.0, 1530.0, 1548.0, 1566.0, 1584.0, 1602.0, 1620.0, 1638.0, 1656.0], "y": [1, 0, 9, 5, 4, 31, 8, 47, 31, 6, 2, 0]}}