{"percentile": {"x": [1296, 1395, 1430, 1453, 1481, 1486, 1489, 1490, 1501, 1502, 1513, 1514, 1515, 1522, 1524, 1525, 1526, 1527, 1533, 1536, 1537, 1538, 1539, 1549, 1550, 1551, 1552, 1554, 1555, 1556, 1557, 1558, 1560, 1561, 1562, 1563, 1564, 1565, 1566, 1568, 1571, 1572, 1573, 1574, 1575, 1576, 1579, 1581, 1583, 1584, 1585, 1586, 1587, 1588, 1589, 1590, 1591, 1592, 1593, 1594, 1595, 1596, 1597, 1598, 1599, 1600, 1601, 1602, 1603, 1604, 1605, 1606, 1607, 1608, 1609, 1610, 1611, 1612, 1613, 1614, 1615, 1616, 1617, 1618, 1619, 1620, 1621, 1622, 1623, 1624, 1625, 1626, 1627, 1628, 1629, 1630, 1631, 1632, 1633, 1634, 1635, 1636, 1637, 1638, 1639, 1640, 1641, 1642, 1643, 1644, 1645, 1646, 1647, 1648, 1649, 1650, 1651, 1652, 1653, 1654, 1655], "y": [100.0, 100.0, 100.0, 99.9, 99.9, 99.9, 99.8, 99.7, 99.6, 99.5, 99.5, 99.5, 99.4, 99.4, 99.3, 99.2, 98.9, 98.7, 98.7, 98.7, 98.6, 98.3, 98.1, 98.0, 97.8, 97.3, 96.9, 96.8, 96.8, 96.7, 96.6, 96.6, 96.4, 96.0, 95.8, 95.3, 94.6, 94.6, 94.5, 94.4, 94.4, 94.1, 93.6, 92.6, 91.4, 85.4, 85.4, 85.3, 85.3, 85.0, 84.5, 83.6, 82.7, 81.4, 80.0, 79.6, 79.0, 78.1, 77.8, 77.1, 76.6, 75.3, 73.7, 71.9, 70.2, 67.9, 64.9, 64.2, 63.8, 63.0, 62.3, 61.9, 61.2, 59.7, 57.5, 54.8, 50.9, 46.8, 25.400000000000006, 24.200000000000003, 22.799999999999997, 21.400000000000006, 20.0, 18.900000000000006, 17.900000000000006, 16.299999999999997, 15.5, 14.799999999999997, 13.799999999999997, 13.0, 12.200000000000003, 11.5, 10.799999999999997, 10.200000000000003, 9.5, 8.900000000000006, 8.5, 7.799999999999997, 7.200000000000003, 6.799999999999997, 6.299999999999997, 5.799999999999997, 5.400000000000006, 4.900000000000006, 4.400000000000006, 4.099999999999994, 3.799999999999997, 3.5999999999999943, 3.299999999999997, 3.0999999999999943, 3.0, 2.700000000000003, 2.5999999999999943, 2.4000000000000057, 2.200000000000003, 1.0999999999999943, 0.9000000000000057, 0.7999999999999972, 0.7000000000000028, 0.5, 0.0]}, "histogram": {"x": [1296.0, 1304.0, 1312.0, 1320.0, 1328.0, 1336.0, 1344.0, 1352.0, 1360.0, 1368.0, 1376.0, 1384.0, 1392.0, 1400.0, 1408.0, 1416.0, 1424.0, 1432.0, 1440.0, 1448.0, 1456.0, 1464.0, 1472.0, 1480.0, 1488.0, 1496.0, 1504.0, 1512.0, 1520.0, 1528.0, 1536.0, 1544.0, 1552.0, 1560.0, 1568.0, 1576.0, 1584.0, 1592.0, 1600.0, 1608.0, 1616.0, 1624.0, 1632.0, 1640.0, 1648.0, 1656.0], "y": [1, 0, 0, 0, 0, 0, 0, 0, 0, 0, 0, 0, 1, 0, 0, 0, 1, 0, 0, 1, 0, 0, 0, 2, 6, 6, 0, 5, 23, 1, 20, 26, 27, 71, 106, 211, 218, 301, 310, 1320, 310, 184, 139, 64, 88, 0]}}