{"percentile": {"x": [360, 1489, 1501, 1502, 1515, 1524, 1525, 1527, 1537, 1541, 1548, 1549, 1550, 1551, 1552, 1554, 1557, 1560, 1561, 1562, 1563, 1573, 1574, 1575, 1576, 1585, 1587, 1588, 1589, 1591, 1596, 1597, 1598, 1599, 1600, 1601, 1602, 1608, 1609, 1610, 1611, 1612, 1613, 1614, 1615, 1617, 1619, 1620, 1621, 1622, 1623, 1624, 1625, 1626, 1630, 1632, 1634, 1635, 1648, 1650, 1651], "y": [99.5, 98.9, 97.8, 96.2, 95.6, 93.9, 93.4, 92.8, 91.7, 91.2, 90.6, 89.5, 88.9, 88.4, 87.8, 87.3, 86.7, 86.2, 84.5, 82.3, 80.6, 80.0, 79.5, 78.9, 77.3, 76.2, 75.0, 69.5, 68.4, 66.7, 64.5, 63.9, 60.6, 56.2, 52.8, 50.0, 49.5, 47.3, 45.0, 42.8, 37.8, 34.5, 21.700000000000003, 20.599999999999994, 20.0, 19.5, 18.900000000000006, 15.599999999999994, 15.0, 14.5, 13.900000000000006, 12.299999999999997, 11.200000000000003, 10.0, 9.5, 8.900000000000006, 8.400000000000006, 7.799999999999997, 7.299999999999997, 0.0, -0.5]}, "histogram": {"x": [378.0, 396.0, 414.0, 432.0, 450.0, 468.0, 486.0, 504.0, 522.0, 540.0, 558.0, 576.0, 594.0, 612.0, 630.0, 648.0, 666.0, 684.0, 702.0, 720.0, 738.0, 756.0, 774.0, 792.0, 810.0, 828.0, 846.0, 864.0, 882.0, 900.0, 918.0, 936.0, 954.0, 972.0, 990.0, 1008.0, 1026.0, 1044.0, 1062.0, 1080.0, 1098.0, 1116.0, 1134.0, 1152.0, 1170.0, 1188.0, 1206.0, 1224.0, 1242.0, 1260.0, 1278.0, 1296.0, 1314.0, 1332.0, 1350.0, 1368.0, 1386.0, 1404.0, 1422.0, 1440.0, 1458.0, 1476.0, 1494.0, 1512.0, 1530.0, 1548.0, 1566.0, 1584.0, 1602.0, 1620.0, 1638.0, 1656.0], "y": [1, 0, 0, 0, 0, 0, 0, 0, 0, 0, 0, 0, 0, 0, 0, 0, 0, 0, 0, 0, 0, 0, 0, 0, 0, 0, 0, 0, 0, 0, 0, 0, 0, 0, 0, 0, 0, 0, 0, 0, 0, 0, 0, 0, 0, 0, 0, 0, 0, 0, 0, 0, 0, 0, 0, 0, 0, 0, 0, 0, 0, 0, 1, 5, 6, 3, 19, 6, 49, 56, 20, 15, 0]}}