{"percentile": {"x": [1402, 1453, 1465, 1477, 1486, 1488, 1490, 1499, 1501, 1502, 1513, 1514, 1515, 1523, 1524, 1525, 1526, 1527, 1534, 1537, 1538, 1539, 1547, 1549, 1550, 1551, 1552, 1554, 1555, 1556, 1558, 1559, 1560, 1561, 1562, 1563, 1564, 1565, 1566, 1567, 1568, 1569, 1572, 1573, 1574, 1575, 1576, 1584, 1585, 1586, 1587, 1588, 1589, 1590, 1591, 1592, 1594, 1596, 1597, 1598, 1599, 1600, 1601, 1602, 1603, 1604, 1605, 1606, 1607, 1608, 1609, 1610, 1611, 1612, 1613, 1614, 1615, 1616, 1617, 1618, 1619, 1620, 1621, 1622, 1623, 1624, 1625, 1626, 1627, 1628, 1629, 1630, 1631, 1633, 1634, 1635, 1636, 1637, 1639, 1640, 1641, 1643, 1644, 1645, 1648, 1650, 1655], "y": [99.9, 99.6, 99.2, 99.0, 98.9, 98.8, 98.3, 98.2, 97.9, 97.0, 96.7, 96.5, 96.0, 95.9, 95.6, 95.5, 95.3, 94.6, 94.4, 93.9, 93.7, 92.6, 92.4, 91.7, 91.1, 90.7, 89.7, 89.6, 89.4, 89.3, 89.1, 89.0, 88.6, 87.7, 86.5, 85.4, 84.5, 84.2, 84.1, 84.0, 83.7, 83.5, 83.0, 81.8, 79.8, 78.8, 76.3, 76.2, 75.0, 73.8, 73.2, 71.9, 70.3, 70.2, 69.6, 68.9, 68.2, 66.6, 65.3, 63.8, 61.1, 58.0, 56.1, 55.1, 53.8, 53.4, 52.9, 52.1, 51.8, 49.9, 48.5, 45.7, 43.6, 37.5, 14.299999999999997, 13.799999999999997, 13.599999999999994, 12.700000000000003, 11.799999999999997, 11.700000000000003, 11.0, 10.099999999999994, 9.5, 9.0, 8.799999999999997, 8.400000000000006, 8.099999999999994, 7.5, 6.799999999999997, 6.700000000000003, 5.900000000000006, 5.200000000000003, 4.599999999999994, 4.400000000000006, 3.5999999999999943, 3.5, 3.4000000000000057, 2.799999999999997, 2.5999999999999943, 2.0999999999999943, 1.7999999999999972, 1.2999999999999972, 0.9000000000000057, 0.7999999999999972, 0.5999999999999943, 0.29999999999999716, -0.09999999999999432]}, "histogram": {"x": [1404.0, 1422.0, 1440.0, 1458.0, 1476.0, 1494.0, 1512.0, 1530.0, 1548.0, 1566.0, 1584.0, 1602.0, 1620.0, 1638.0, 1656.0], "y": [1, 0, 0, 2, 3, 6, 9, 17, 15, 57, 55, 141, 314, 57, 20, 0]}}