{"histogram": {"x": [1544.0, 1552.0, 1560.0, 1568.0, 1576.0, 1584.0, 1592.0, 1600.0, 1608.0, 1616.0, 1624.0, 1632.0, 1640.0, 1648.0, 1656.0], "y": [1, 1, 2, 2, 5, 4, 16, 22, 150, 33, 27, 25, 11, 36, 0]}, "percentile": {"x": [1551, 1559, 1562, 1564, 1572, 1573, 1576, 1582, 1587, 1589, 1592, 1593, 1594, 1597, 1598, 1599, 1600, 1601, 1602, 1603, 1604, 1605, 1607, 1608, 1609, 1610, 1611, 1612, 1613, 1614, 1615, 1616, 1617, 1618, 1619, 1620, 1621, 1622, 1623, 1624, 1625, 1626, 1627, 1628, 1629, 1630, 1631, 1632, 1633, 1634, 1635, 1636, 1637, 1638, 1639, 1640, 1641, 1642, 1643, 1645, 1646, 1647, 1648, 1649, 1650, 1651, 1653, 1655], "y": [99.8, 99.5, 99.2, 98.9, 98.6, 98.3, 97.1, 96.8, 96.2, 95.6, 95.3, 95.0, 94.1, 93.5, 92.6, 90.8, 89.3, 86.3, 86.0, 85.4, 85.1, 84.5, 84.2, 83.3, 82.1, 79.7, 76.7, 72.2, 42.6, 41.7, 39.3, 38.7, 38.4, 38.1, 37.2, 35.7, 32.7, 31.200000000000003, 29.400000000000006, 27.900000000000006, 25.5, 24.299999999999997, 23.700000000000003, 22.799999999999997, 22.5, 21.599999999999994, 21.299999999999997, 20.400000000000006, 19.5, 19.200000000000003, 18.0, 16.799999999999997, 16.200000000000003, 14.700000000000003, 13.799999999999997, 13.200000000000003, 12.900000000000006, 12.599999999999994, 12.299999999999997, 11.700000000000003, 11.400000000000006, 10.5, 10.200000000000003, 9.299999999999997, 1.2000000000000028, 0.9000000000000057, 0.5999999999999943, -0.20000000000000284]}}