{"percentile": {"y": [95.9, 91.7, 87.5, 83.4, 79.2, 75.0, 70.9, 66.7, 62.5, 54.2, 50.0, 45.9, 37.5, 4.200000000000003, 0.0, -4.099999999999994], "x": [1477, 1512, 1514, 1552, 1554, 1570, 1576, 1585, 1594, 1598, 1599, 1610, 1612, 1613, 1620, 1624]}, "histogram": {"y": [1, 0, 2, 0, 2, 2, 5, 11, 2, 0], "x": [1494.0, 1512.0, 1530.0, 1548.0, 1566.0, 1584.0, 1602.0, 1620.0, 1638.0]}}