{"percentile": {"y": [92.4, 77.0, 30.799999999999997, 23.099999999999994, 15.400000000000006, 7.700000000000003, 0.0, -7.599999999999994], "x": [1611, 1612, 1613, 1616, 1627, 1629, 1630, 1631]}, "histogram": {"y": [9, 1, 4, 0], "x": [1608.0, 1616.0, 1624.0, 1632.0]}}