{"percentile": {"x": [1564, 1573, 1575, 1601, 1612, 1613, 1614, 1616, 1618, 1620, 1626, 1627, 1635, 1636, 1638, 1650], "y": [96.2, 92.4, 88.5, 84.7, 80.8, 50.0, 46.2, 42.4, 34.7, 30.799999999999997, 27.0, 23.099999999999994, 19.299999999999997, 15.400000000000006, 11.599999999999994, -3.799999999999997]}, "histogram": {"x": [1560.0, 1568.0, 1576.0, 1584.0, 1592.0, 1600.0, 1608.0, 1616.0, 1624.0, 1632.0, 1640.0, 1648.0], "y": [1, 2, 0, 0, 0, 1, 10, 4, 2, 3, 0, 4]}}