{"histogram": {"x": [1192.0, 1200.0, 1208.0, 1216.0, 1224.0, 1232.0, 1240.0, 1248.0, 1256.0, 1264.0, 1272.0, 1280.0, 1288.0, 1296.0, 1304.0, 1312.0, 1320.0, 1328.0, 1336.0, 1344.0, 1352.0, 1360.0, 1368.0, 1376.0, 1384.0, 1392.0, 1400.0, 1408.0, 1416.0, 1424.0, 1432.0, 1440.0, 1448.0, 1456.0, 1464.0, 1472.0, 1480.0, 1488.0, 1496.0, 1504.0, 1512.0, 1520.0, 1528.0, 1536.0, 1544.0, 1552.0, 1560.0, 1568.0, 1576.0, 1584.0, 1592.0, 1600.0, 1608.0, 1616.0, 1624.0, 1632.0, 1640.0, 1648.0, 1656.0], "y": [1, 0, 0, 0, 0, 0, 0, 0, 0, 1, 0, 0, 0, 0, 0, 0, 0, 0, 0, 1, 0, 0, 0, 0, 2, 0, 0, 0, 0, 0, 0, 0, 0, 0, 0, 3, 2, 3, 31, 1, 11, 11, 1, 11, 21, 13, 36, 6, 5, 58, 23, 23, 54, 7, 2, 3, 1, 9, 0]}, "percentile": {"x": [1197, 1266, 1346, 1384, 1389, 1476, 1477, 1478, 1481, 1485, 1489, 1490, 1501, 1502, 1511, 1513, 1514, 1515, 1520, 1524, 1525, 1526, 1527, 1530, 1536, 1537, 1538, 1539, 1548, 1549, 1550, 1551, 1552, 1553, 1554, 1560, 1561, 1562, 1563, 1564, 1573, 1574, 1575, 1576, 1584, 1585, 1586, 1587, 1588, 1589, 1590, 1591, 1592, 1594, 1595, 1596, 1597, 1598, 1599, 1600, 1601, 1602, 1604, 1606, 1607, 1608, 1609, 1610, 1611, 1612, 1613, 1614, 1615, 1620, 1621, 1623, 1626, 1628, 1632, 1635, 1638, 1640, 1648, 1650, 1652, 1655], "y": [99.8, 99.5, 99.2, 98.9, 98.6, 98.3, 98.0, 97.7, 97.4, 97.1, 96.8, 96.2, 95.3, 87.1, 86.8, 85.9, 85.3, 83.5, 83.2, 82.6, 82.4, 81.5, 80.3, 80.0, 79.7, 78.8, 78.2, 76.7, 76.5, 75.6, 73.2, 70.6, 67.9, 67.3, 66.7, 64.7, 62.6, 60.2, 58.2, 56.1, 55.5, 55.2, 54.3, 52.9, 52.6, 49.9, 46.4, 43.7, 40.5, 37.2, 36.6, 35.7, 35.400000000000006, 35.2, 34.599999999999994, 33.400000000000006, 32.5, 30.700000000000003, 29.0, 25.700000000000003, 23.900000000000006, 23.599999999999994, 23.400000000000006, 22.799999999999997, 22.200000000000003, 21.599999999999994, 19.799999999999997, 18.0, 16.299999999999997, 15.099999999999994, 7.700000000000003, 6.5, 6.200000000000003, 4.799999999999997, 4.5, 4.200000000000003, 3.9000000000000057, 3.5999999999999943, 3.299999999999997, 3.0, 2.700000000000003, 2.4000000000000057, 1.7999999999999972, 0.29999999999999716, 0.0, -0.20000000000000284]}}