{"histogram": {"y": [1, 0, 0, 0, 0, 0, 0, 0, 0, 0, 0, 0, 0, 0, 0, 0, 0, 0, 0, 0, 0, 0, 0, 0, 0, 0, 0, 0, 0, 0, 0, 0, 0, 0, 0, 0, 0, 0, 0, 0, 0, 0, 1, 5, 7, 4, 30, 4, 52, 52, 5, 2, 0], "x": [738.0, 756.0, 774.0, 792.0, 810.0, 828.0, 846.0, 864.0, 882.0, 900.0, 918.0, 936.0, 954.0, 972.0, 990.0, 1008.0, 1026.0, 1044.0, 1062.0, 1080.0, 1098.0, 1116.0, 1134.0, 1152.0, 1170.0, 1188.0, 1206.0, 1224.0, 1242.0, 1260.0, 1278.0, 1296.0, 1314.0, 1332.0, 1350.0, 1368.0, 1386.0, 1404.0, 1422.0, 1440.0, 1458.0, 1476.0, 1494.0, 1512.0, 1530.0, 1548.0, 1566.0, 1584.0, 1602.0, 1620.0, 1638.0, 1656.0]}, "percentile": {"y": [99.4, 98.8, 95.7, 95.1, 94.5, 93.3, 92.6, 92.0, 91.4, 90.8, 90.2, 89.6, 88.9, 88.3, 86.5, 84.0, 81.5, 79.1, 78.4, 75.4, 70.4, 69.8, 68.0, 65.5, 63.6, 61.8, 59.9, 55.0, 54.4, 53.8, 52.5, 48.2, 45.7, 40.8, 37.7, 35.900000000000006, 35.2, 32.8, 29.700000000000003, 28.400000000000006, 24.099999999999994, 19.799999999999997, 4.400000000000006, 3.799999999999997, 3.0999999999999943, 2.5, 1.9000000000000057, 1.2999999999999972, 0.7000000000000028, 0.0, -0.5999999999999943], "x": [720, 1478, 1502, 1513, 1514, 1515, 1524, 1525, 1526, 1536, 1537, 1538, 1539, 1549, 1550, 1551, 1552, 1560, 1561, 1562, 1564, 1575, 1576, 1585, 1586, 1587, 1588, 1589, 1591, 1594, 1595, 1597, 1598, 1599, 1600, 1601, 1602, 1608, 1609, 1610, 1611, 1612, 1613, 1614, 1620, 1623, 1626, 1629, 1636, 1647, 1650]}}