{"percentile": {"x": [1528, 1565, 1572, 1575, 1576, 1587, 1588, 1592, 1598, 1599, 1604, 1608, 1610, 1611, 1612, 1613, 1615, 1620, 1629, 1632, 1643, 1650, 1652, 1655], "y": [96.9, 93.8, 90.7, 87.5, 81.3, 78.2, 71.9, 68.8, 65.7, 62.5, 59.4, 56.3, 53.2, 50.0, 46.9, 25.0, 21.900000000000006, 18.799999999999997, 12.5, 9.400000000000006, 6.299999999999997, 3.200000000000003, 0.0, -3.0999999999999943]}, "histogram": {"x": [1528.0, 1536.0, 1544.0, 1552.0, 1560.0, 1568.0, 1576.0, 1584.0, 1592.0, 1600.0, 1608.0, 1616.0, 1624.0, 1632.0, 1640.0, 1648.0, 1656.0], "y": [1, 0, 0, 0, 1, 2, 2, 3, 3, 1, 12, 1, 2, 1, 1, 3, 0]}}