{"histogram": {"x": [1602.0, 1620.0, 1638.0, 1656.0], "y": [2, 4, 1, 1, 0]}, "percentile": {"x": [1593, 1601, 1607, 1610, 1613, 1618, 1634, 1647], "y": [85.8, 71.5, 57.2, 42.9, 28.599999999999994, 14.299999999999997, 0.0, -14.200000000000003]}}