{"histogram": {"y": [1, 0, 0, 0, 0, 0, 0, 1, 0, 0, 0, 0, 0, 0, 0, 1, 3, 1, 0, 3, 0, 9, 11, 0, 6, 14, 13, 26, 8, 4, 22, 15, 5, 19, 1, 0, 0, 0, 1, 0], "x": [1344.0, 1352.0, 1360.0, 1368.0, 1376.0, 1384.0, 1392.0, 1400.0, 1408.0, 1416.0, 1424.0, 1432.0, 1440.0, 1448.0, 1456.0, 1464.0, 1472.0, 1480.0, 1488.0, 1496.0, 1504.0, 1512.0, 1520.0, 1528.0, 1536.0, 1544.0, 1552.0, 1560.0, 1568.0, 1576.0, 1584.0, 1592.0, 1600.0, 1608.0, 1616.0, 1624.0, 1632.0, 1640.0, 1648.0, 1656.0]}, "percentile": {"y": [99.4, 98.8, 98.2, 97.0, 96.4, 95.8, 95.1, 94.5, 93.9, 92.7, 90.8, 89.0, 88.4, 87.8, 87.2, 85.3, 82.3, 81.6, 80.4, 79.8, 79.2, 78.0, 74.9, 71.2, 69.4, 64.5, 63.2, 62.6, 62.0, 61.4, 59.6, 56.5, 52.2, 49.1, 45.4, 44.8, 43.0, 40.5, 38.1, 37.5, 36.9, 36.2, 32.599999999999994, 30.700000000000003, 25.799999999999997, 25.200000000000003, 24.599999999999994, 24.0, 22.700000000000003, 20.299999999999997, 17.200000000000003, 15.400000000000006, 14.799999999999997, 14.200000000000003, 13.5, 12.900000000000006, 12.299999999999997, 9.900000000000006, 8.0, 6.799999999999997, 5.0, 1.2999999999999972, 0.7000000000000028, 0.0, -0.5999999999999943], "x": [1350, 1400, 1465, 1477, 1478, 1483, 1496, 1501, 1502, 1513, 1514, 1515, 1516, 1521, 1523, 1525, 1526, 1527, 1536, 1537, 1538, 1539, 1549, 1550, 1551, 1552, 1554, 1555, 1558, 1559, 1560, 1561, 1562, 1563, 1564, 1572, 1573, 1575, 1576, 1584, 1585, 1586, 1587, 1588, 1589, 1590, 1591, 1593, 1594, 1596, 1598, 1599, 1600, 1601, 1603, 1605, 1606, 1608, 1610, 1611, 1612, 1613, 1614, 1620, 1655]}}