{"percentile": {"y": [99.0, 98.0, 97.0, 96.0, 95.0, 94.0, 93.0, 92.0, 87.9, 86.9, 85.9, 83.9, 82.9, 81.9, 80.9, 78.8, 77.8, 75.8, 73.8, 72.8, 71.8, 69.7, 67.7, 65.7, 62.7, 55.6, 33.400000000000006, 32.400000000000006, 31.400000000000006, 30.400000000000006, 29.299999999999997, 28.299999999999997, 27.299999999999997, 24.299999999999997, 22.299999999999997, 20.299999999999997, 19.200000000000003, 18.200000000000003, 17.200000000000003, 16.200000000000003, 15.200000000000003, 14.200000000000003, 12.200000000000003, 11.200000000000003, 0.0, -1.0], "x": [1528, 1551, 1552, 1556, 1563, 1570, 1572, 1574, 1576, 1585, 1586, 1587, 1592, 1596, 1598, 1599, 1600, 1601, 1602, 1605, 1606, 1608, 1609, 1610, 1611, 1612, 1613, 1615, 1616, 1617, 1618, 1619, 1622, 1623, 1625, 1626, 1628, 1636, 1638, 1644, 1645, 1646, 1647, 1649, 1650, 1654]}, "histogram": {"y": [1, 0, 4, 7, 12, 47, 10, 19, 0], "x": [1530.0, 1548.0, 1566.0, 1584.0, 1602.0, 1620.0, 1638.0, 1656.0]}}