{"histogram": {"y": [1, 0, 0, 1, 6, 3, 9, 29, 5, 2, 4, 2, 4, 0], "x": [1552.0, 1560.0, 1568.0, 1576.0, 1584.0, 1592.0, 1600.0, 1608.0, 1616.0, 1624.0, 1632.0, 1640.0, 1648.0, 1656.0]}, "percentile": {"y": [98.5, 97.0, 92.4, 90.8, 89.3, 87.7, 84.7, 83.1, 78.5, 73.9, 72.4, 70.8, 69.3, 66.2, 60.0, 53.9, 52.4, 49.3, 24.700000000000003, 23.099999999999994, 18.5, 17.0, 15.400000000000006, 13.900000000000006, 10.799999999999997, 9.299999999999997, 7.700000000000003, 6.200000000000003, 4.700000000000003, 3.0999999999999943, -1.5], "x": [1552, 1576, 1585, 1586, 1587, 1588, 1597, 1599, 1600, 1601, 1605, 1606, 1607, 1608, 1609, 1610, 1611, 1612, 1613, 1619, 1620, 1621, 1626, 1630, 1635, 1636, 1638, 1640, 1645, 1649, 1650]}}