{"percentile": {"y": [98.7, 97.4, 96.1, 94.8, 92.2, 90.8, 85.6, 81.6, 80.3, 79.0, 73.7, 72.4, 71.1, 69.8, 65.8, 64.5, 59.3, 56.6, 55.3, 54.0, 52.7, 48.7, 46.1, 43.5, 40.8, 39.5, 35.599999999999994, 32.900000000000006, 30.299999999999997, 26.400000000000006, 25.0, 23.700000000000003, 19.799999999999997, 18.5, 15.799999999999997, 11.900000000000006, 10.599999999999994, 6.599999999999994, 5.299999999999997, 0.0, -1.2999999999999972], "x": [1021, 1478, 1482, 1501, 1502, 1514, 1515, 1524, 1525, 1526, 1527, 1529, 1537, 1538, 1539, 1550, 1551, 1552, 1557, 1560, 1561, 1563, 1564, 1573, 1574, 1575, 1586, 1587, 1588, 1589, 1593, 1597, 1598, 1599, 1600, 1601, 1610, 1612, 1613, 1650, 1653]}, "histogram": {"y": [1, 0, 0, 0, 0, 0, 0, 0, 0, 0, 0, 0, 0, 0, 0, 0, 0, 0, 0, 0, 0, 0, 0, 0, 0, 0, 2, 3, 15, 5, 15, 5, 21, 5, 0, 5, 0], "x": [1026.0, 1044.0, 1062.0, 1080.0, 1098.0, 1116.0, 1134.0, 1152.0, 1170.0, 1188.0, 1206.0, 1224.0, 1242.0, 1260.0, 1278.0, 1296.0, 1314.0, 1332.0, 1350.0, 1368.0, 1386.0, 1404.0, 1422.0, 1440.0, 1458.0, 1476.0, 1494.0, 1512.0, 1530.0, 1548.0, 1566.0, 1584.0, 1602.0, 1620.0, 1638.0, 1656.0]}}