{"histogram": {"x": [1584.0, 1602.0, 1620.0, 1638.0, 1656.0], "y": [1, 5, 10, 2, 4, 0]}, "percentile": {"x": [1576, 1591, 1600, 1601, 1610, 1611, 1613, 1617, 1619, 1623, 1631, 1642, 1644, 1645, 1654], "y": [95.3, 90.5, 81.0, 71.5, 66.7, 62.0, 38.1, 28.599999999999994, 23.900000000000006, 19.099999999999994, 14.299999999999997, 9.599999999999994, 4.799999999999997, 0.0, -4.700000000000003]}}