{"percentile": {"x": [1515, 1525, 1526, 1539, 1552, 1555, 1557, 1561, 1562, 1563, 1566, 1567, 1572, 1573, 1574, 1575, 1576, 1584, 1586, 1587, 1588, 1589, 1590, 1591, 1592, 1594, 1596, 1597, 1598, 1599, 1600, 1601, 1604, 1606, 1607, 1608, 1609, 1610, 1611, 1612, 1613, 1619, 1620, 1623, 1634, 1636, 1645, 1650, 1655], "y": [99.2, 98.3, 97.4, 96.5, 95.6, 94.7, 93.9, 93.0, 89.4, 88.5, 87.7, 86.8, 84.1, 83.2, 82.4, 78.8, 77.0, 76.2, 75.3, 72.6, 70.8, 68.2, 67.3, 65.5, 64.7, 63.8, 62.9, 61.1, 57.6, 54.9, 52.3, 50.5, 49.6, 47.8, 47.0, 45.2, 40.8, 38.1, 32.8, 26.599999999999994, 9.799999999999997, 8.900000000000006, 8.0, 6.200000000000003, 4.5, 3.5999999999999943, 2.700000000000003, 0.0, -0.7999999999999972]}, "histogram": {"x": [1530.0, 1548.0, 1566.0, 1584.0, 1602.0, 1620.0, 1638.0, 1656.0], "y": [3, 1, 9, 13, 30, 47, 6, 5, 0]}}