{"percentile": {"x": [967, 1120, 1157, 1165, 1167, 1188, 1198, 1201, 1274, 1281, 1303, 1308, 1332, 1346, 1356, 1364, 1369, 1390, 1391, 1400, 1408, 1430, 1436, 1441, 1449, 1453, 1465, 1477, 1478, 1480, 1481, 1484, 1486, 1488, 1489, 1490, 1492, 1494, 1500, 1501, 1502, 1505, 1510, 1512, 1513, 1514, 1515, 1517, 1518, 1519, 1520, 1521, 1522, 1523, 1524, 1525, 1526, 1527, 1536, 1537, 1538, 1539, 1548, 1549, 1550, 1551, 1552, 1553, 1554, 1555, 1556, 1557, 1558, 1559, 1560, 1561, 1562, 1563, 1564, 1567, 1568, 1569, 1572, 1573, 1574, 1575, 1576, 1584, 1585, 1586, 1587, 1588, 1589, 1593, 1595, 1596, 1597, 1598, 1599, 1600, 1601, 1603, 1606, 1607, 1608, 1609, 1610, 1611, 1612, 1613, 1614, 1615, 1619, 1620, 1626, 1637, 1650, 1655], "y": [99.9, 99.7, 99.5, 99.3, 99.1, 98.9, 98.7, 98.5, 98.3, 98.2, 98.0, 97.8, 97.6, 97.4, 97.2, 97.0, 96.8, 96.6, 96.5, 96.3, 96.1, 95.9, 95.7, 95.1, 94.9, 94.2, 90.6, 89.4, 87.9, 87.7, 87.5, 87.4, 87.2, 86.6, 85.1, 83.2, 83.0, 82.6, 82.4, 81.9, 80.0, 79.8, 79.6, 79.4, 78.3, 74.9, 72.8, 72.4, 72.0, 71.8, 71.3, 70.9, 70.7, 70.3, 67.7, 66.1, 63.9, 62.4, 62.2, 61.0, 60.7, 59.3, 59.0, 56.7, 52.3, 47.8, 44.2, 44.0, 43.8, 43.6, 43.4, 42.5, 41.9, 41.7, 40.4, 38.5, 35.7, 34.3, 32.8, 32.599999999999994, 32.400000000000006, 32.2, 31.900000000000006, 31.700000000000003, 31.299999999999997, 30.900000000000006, 29.0, 28.799999999999997, 27.5, 25.599999999999994, 22.200000000000003, 19.700000000000003, 17.900000000000006, 17.5, 17.299999999999997, 16.299999999999997, 15.200000000000003, 14.599999999999994, 12.5, 11.200000000000003, 9.5, 9.099999999999994, 8.599999999999994, 8.400000000000006, 8.0, 7.200000000000003, 6.900000000000006, 5.400000000000006, 4.200000000000003, 2.299999999999997, 2.0999999999999943, 1.5999999999999943, 1.4000000000000057, 1.2000000000000028, 1.0, 0.7999999999999972, 0.0, -0.09999999999999432]}, "histogram": {"x": [960.0, 968.0, 976.0, 984.0, 992.0, 1000.0, 1008.0, 1016.0, 1024.0, 1032.0, 1040.0, 1048.0, 1056.0, 1064.0, 1072.0, 1080.0, 1088.0, 1096.0, 1104.0, 1112.0, 1120.0, 1128.0, 1136.0, 1144.0, 1152.0, 1160.0, 1168.0, 1176.0, 1184.0, 1192.0, 1200.0, 1208.0, 1216.0, 1224.0, 1232.0, 1240.0, 1248.0, 1256.0, 1264.0, 1272.0, 1280.0, 1288.0, 1296.0, 1304.0, 1312.0, 1320.0, 1328.0, 1336.0, 1344.0, 1352.0, 1360.0, 1368.0, 1376.0, 1384.0, 1392.0, 1400.0, 1408.0, 1416.0, 1424.0, 1432.0, 1440.0, 1448.0, 1456.0, 1464.0, 1472.0, 1480.0, 1488.0, 1496.0, 1504.0, 1512.0, 1520.0, 1528.0, 1536.0, 1544.0, 1552.0, 1560.0, 1568.0, 1576.0, 1584.0, 1592.0, 1600.0, 1608.0, 1616.0, 1624.0, 1632.0, 1640.0, 1648.0, 1656.0], "y": [1, 0, 0, 0, 0, 0, 0, 0, 0, 0, 0, 0, 0, 0, 0, 0, 0, 0, 0, 0, 1, 0, 0, 0, 1, 2, 0, 0, 1, 1, 1, 0, 0, 0, 0, 0, 0, 0, 0, 1, 1, 0, 1, 1, 0, 0, 1, 0, 1, 1, 1, 1, 0, 2, 0, 1, 1, 0, 1, 1, 3, 5, 0, 19, 14, 4, 24, 14, 2, 41, 50, 0, 16, 61, 32, 48, 9, 10, 59, 28, 22, 36, 2, 1, 1, 0, 5, 0]}}