{"percentile": {"y": [92.9, 85.8, 78.6, 71.5, 50.0, 42.9, 35.8, 28.599999999999994, 0.0, -7.099999999999994], "x": [1478, 1575, 1584, 1588, 1589, 1596, 1609, 1612, 1613, 1646]}, "histogram": {"y": [1, 0, 0, 0, 0, 0, 0, 0, 0, 0, 0, 0, 1, 0, 5, 1, 0, 6, 0, 0, 0, 1, 0], "x": [1472.0, 1480.0, 1488.0, 1496.0, 1504.0, 1512.0, 1520.0, 1528.0, 1536.0, 1544.0, 1552.0, 1560.0, 1568.0, 1576.0, 1584.0, 1592.0, 1600.0, 1608.0, 1616.0, 1624.0, 1632.0, 1640.0, 1648.0]}}