{"histogram": {"x": [1568.0, 1576.0, 1584.0, 1592.0, 1600.0, 1608.0, 1616.0], "y": [1, 0, 1, 0, 0, 2, 0]}, "percentile": {"x": [1571, 1587, 1610, 1613], "y": [66.7, 33.400000000000006, 0.0, -33.30000000000001]}}