{"percentile": {"y": [99.8, 99.5, 99.2, 98.9, 98.6, 98.3, 98.0, 97.8, 95.8, 95.5, 95.2, 94.6, 94.3, 94.0, 93.5, 92.9, 90.0, 89.5, 88.9, 88.6, 87.2, 86.9, 86.3, 84.9, 83.5, 83.2, 82.9, 82.6, 82.3, 80.0, 79.2, 76.9, 76.6, 74.9, 74.0, 72.6, 68.6, 68.0, 67.8, 67.5, 66.3, 65.8, 64.0, 60.9, 58.9, 58.6, 58.3, 58.0, 56.9, 55.5, 54.9, 52.3, 52.0, 51.8, 51.5, 50.0, 46.6, 42.9, 40.3, 37.5, 37.2, 36.6, 33.8, 32.0, 27.200000000000003, 23.799999999999997, 21.200000000000003, 20.900000000000006, 20.0, 19.799999999999997, 18.900000000000006, 18.599999999999994, 18.0, 16.299999999999997, 15.200000000000003, 13.799999999999997, 11.5, 3.5, 2.9000000000000057, 2.5999999999999943, 2.299999999999997, 2.0, 1.5, 1.2000000000000028, 0.0, -0.20000000000000284], "x": [480, 720, 1026, 1101, 1107, 1414, 1429, 1441, 1465, 1477, 1480, 1484, 1489, 1490, 1500, 1501, 1502, 1512, 1513, 1514, 1515, 1518, 1525, 1526, 1527, 1528, 1531, 1534, 1536, 1537, 1538, 1539, 1548, 1549, 1550, 1551, 1552, 1554, 1558, 1559, 1560, 1561, 1562, 1563, 1564, 1565, 1566, 1571, 1573, 1574, 1575, 1576, 1582, 1583, 1584, 1585, 1586, 1587, 1588, 1589, 1595, 1596, 1597, 1598, 1599, 1600, 1601, 1603, 1604, 1605, 1606, 1607, 1608, 1609, 1610, 1611, 1612, 1613, 1614, 1620, 1624, 1625, 1626, 1630, 1650, 1655]}, "histogram": {"y": [1, 0, 0, 0, 0, 0, 0, 0, 0, 0, 0, 0, 0, 0, 1, 0, 0, 0, 0, 0, 0, 0, 0, 0, 0, 0, 0, 0, 0, 0, 0, 1, 0, 0, 0, 2, 0, 0, 0, 0, 0, 0, 0, 0, 0, 0, 0, 0, 0, 0, 0, 0, 1, 1, 1, 7, 6, 14, 24, 22, 64, 24, 107, 64, 6, 5, 0], "x": [486.0, 504.0, 522.0, 540.0, 558.0, 576.0, 594.0, 612.0, 630.0, 648.0, 666.0, 684.0, 702.0, 720.0, 738.0, 756.0, 774.0, 792.0, 810.0, 828.0, 846.0, 864.0, 882.0, 900.0, 918.0, 936.0, 954.0, 972.0, 990.0, 1008.0, 1026.0, 1044.0, 1062.0, 1080.0, 1098.0, 1116.0, 1134.0, 1152.0, 1170.0, 1188.0, 1206.0, 1224.0, 1242.0, 1260.0, 1278.0, 1296.0, 1314.0, 1332.0, 1350.0, 1368.0, 1386.0, 1404.0, 1422.0, 1440.0, 1458.0, 1476.0, 1494.0, 1512.0, 1530.0, 1548.0, 1566.0, 1584.0, 1602.0, 1620.0, 1638.0, 1656.0]}}