{"percentile": {"x": [228, 480, 954, 1477, 1478, 1480, 1482, 1490, 1502, 1510, 1513, 1514, 1515, 1517, 1524, 1525, 1527, 1536, 1537, 1539, 1549, 1550, 1551, 1552, 1553, 1559, 1560, 1561, 1562, 1564, 1567, 1574, 1576, 1585, 1586, 1587, 1588, 1589, 1591, 1593, 1594, 1595, 1596, 1597, 1598, 1599, 1600, 1601, 1605, 1606, 1608, 1609, 1610, 1611, 1612, 1613, 1614, 1616, 1620, 1624, 1644, 1650], "y": [99.4, 98.8, 98.2, 97.5, 96.9, 96.3, 95.7, 94.4, 91.9, 91.3, 90.7, 89.4, 88.2, 87.5, 86.3, 83.8, 81.9, 80.0, 79.4, 78.8, 77.5, 76.3, 73.8, 71.9, 71.3, 70.7, 68.2, 64.4, 63.2, 62.5, 61.9, 60.7, 59.4, 58.2, 56.9, 53.8, 51.9, 48.8, 48.2, 47.5, 46.9, 46.3, 42.5, 39.4, 31.900000000000006, 30.0, 26.299999999999997, 25.700000000000003, 25.0, 24.400000000000006, 21.900000000000006, 19.400000000000006, 17.5, 13.799999999999997, 11.900000000000006, 4.400000000000006, 3.799999999999997, 3.200000000000003, 2.5, 1.2999999999999972, 0.7000000000000028, -0.5999999999999943]}, "histogram": {"x": [234.0, 252.0, 270.0, 288.0, 306.0, 324.0, 342.0, 360.0, 378.0, 396.0, 414.0, 432.0, 450.0, 468.0, 486.0, 504.0, 522.0, 540.0, 558.0, 576.0, 594.0, 612.0, 630.0, 648.0, 666.0, 684.0, 702.0, 720.0, 738.0, 756.0, 774.0, 792.0, 810.0, 828.0, 846.0, 864.0, 882.0, 900.0, 918.0, 936.0, 954.0, 972.0, 990.0, 1008.0, 1026.0, 1044.0, 1062.0, 1080.0, 1098.0, 1116.0, 1134.0, 1152.0, 1170.0, 1188.0, 1206.0, 1224.0, 1242.0, 1260.0, 1278.0, 1296.0, 1314.0, 1332.0, 1350.0, 1368.0, 1386.0, 1404.0, 1422.0, 1440.0, 1458.0, 1476.0, 1494.0, 1512.0, 1530.0, 1548.0, 1566.0, 1584.0, 1602.0, 1620.0, 1638.0, 1656.0], "y": [1, 0, 0, 0, 0, 0, 0, 0, 0, 0, 0, 0, 0, 0, 1, 0, 0, 0, 0, 0, 0, 0, 0, 0, 0, 0, 0, 0, 0, 0, 0, 0, 0, 0, 0, 0, 0, 0, 0, 0, 0, 1, 0, 0, 0, 0, 0, 0, 0, 0, 0, 0, 0, 0, 0, 0, 0, 0, 0, 0, 0, 0, 0, 0, 0, 0, 0, 0, 0, 0, 6, 5, 15, 5, 26, 5, 54, 36, 3, 3, 0]}}