{"percentile": {"x": [1490, 1514, 1525, 1527, 1537, 1539, 1549, 1550, 1551, 1552, 1553, 1555, 1556, 1557, 1558, 1559, 1560, 1561, 1562, 1563, 1564, 1566, 1569, 1570, 1571, 1572, 1573, 1574, 1575, 1576, 1582, 1585, 1586, 1587, 1588, 1589, 1591, 1592, 1593, 1594, 1595, 1596, 1597, 1598, 1599, 1600, 1601, 1603, 1604, 1605, 1606, 1607, 1608, 1609, 1610, 1611, 1612, 1613, 1614, 1615, 1617, 1618, 1619, 1620, 1621, 1622, 1623, 1624, 1625, 1626, 1628, 1631, 1632, 1634, 1635, 1636, 1637, 1640, 1642, 1649, 1650, 1655], "y": [99.8, 99.4, 99.2, 98.8, 98.0, 96.3, 96.1, 95.7, 94.9, 94.3, 94.0, 93.8, 93.6, 93.4, 93.0, 92.8, 92.6, 92.4, 91.6, 90.5, 88.9, 88.7, 88.5, 88.2, 88.0, 87.8, 86.6, 85.6, 83.9, 77.3, 77.1, 76.4, 74.2, 71.3, 68.6, 64.9, 63.8, 63.4, 63.0, 62.2, 61.5, 61.1, 59.5, 58.2, 56.0, 52.2, 47.5, 46.8, 46.6, 46.2, 45.4, 44.6, 42.9, 40.2, 36.5, 31.099999999999994, 26.299999999999997, 13.299999999999997, 12.700000000000003, 12.299999999999997, 11.900000000000006, 11.400000000000006, 10.400000000000006, 9.400000000000006, 8.700000000000003, 7.900000000000006, 7.299999999999997, 6.5, 6.099999999999994, 5.400000000000006, 5.200000000000003, 4.799999999999997, 4.599999999999994, 4.400000000000006, 4.200000000000003, 4.0, 3.799999999999997, 3.5999999999999943, 3.4000000000000057, 3.200000000000003, 0.9000000000000057, -0.20000000000000284]}, "histogram": {"x": [1494.0, 1512.0, 1530.0, 1548.0, 1566.0, 1584.0, 1602.0, 1620.0, 1638.0, 1656.0], "y": [1, 0, 5, 12, 36, 57, 143, 179, 32, 19, 0]}}