{"percentile": {"x": [961, 1025, 1028, 1075, 1166, 1220, 1263, 1302, 1304, 1316, 1330, 1332, 1357, 1395, 1412, 1417, 1427, 1441, 1447, 1450, 1453, 1464, 1465, 1476, 1477, 1478, 1488, 1489, 1490, 1500, 1501, 1502, 1509, 1513, 1514, 1515, 1517, 1518, 1522, 1524, 1525, 1526, 1527, 1528, 1530, 1534, 1536, 1537, 1538, 1539, 1541, 1547, 1549, 1550, 1551, 1552, 1553, 1554, 1555, 1556, 1557, 1558, 1559, 1560, 1561, 1562, 1563, 1564, 1565, 1566, 1568, 1569, 1570, 1572, 1573, 1574, 1575, 1576, 1577, 1579, 1580, 1585, 1586, 1587, 1588, 1589, 1590, 1591, 1592, 1593, 1594, 1595, 1596, 1597, 1598, 1599, 1600, 1601, 1604, 1605, 1608, 1609, 1610, 1611, 1612, 1613, 1614, 1620, 1625, 1626, 1636, 1648, 1649, 1650], "y": [99.9, 99.8, 99.7, 99.5, 99.4, 99.3, 99.1, 99.0, 98.9, 98.8, 98.6, 98.5, 98.4, 98.2, 98.1, 98.0, 97.8, 97.5, 97.3, 97.2, 96.4, 96.3, 94.5, 94.4, 94.2, 93.6, 93.3, 92.9, 92.4, 92.3, 91.4, 89.6, 89.4, 87.5, 85.0, 82.0, 81.9, 81.7, 81.4, 80.7, 78.9, 77.5, 75.6, 75.4, 75.3, 75.2, 74.4, 73.2, 72.2, 70.6, 70.5, 70.4, 67.4, 64.6, 61.1, 58.1, 57.8, 57.4, 57.3, 56.5, 56.3, 56.0, 55.9, 54.8, 52.6, 49.5, 47.5, 44.0, 43.8, 43.7, 43.2, 43.1, 42.9, 42.7, 41.4, 40.1, 38.8, 37.6, 37.4, 37.2, 37.1, 34.5, 32.599999999999994, 30.200000000000003, 28.299999999999997, 26.900000000000006, 26.599999999999994, 26.5, 26.099999999999994, 25.599999999999994, 25.0, 24.900000000000006, 23.200000000000003, 21.799999999999997, 19.099999999999994, 17.0, 14.900000000000006, 13.799999999999997, 13.400000000000006, 13.299999999999997, 11.200000000000003, 9.5, 7.799999999999997, 5.599999999999994, 4.5, 2.0, 1.9000000000000057, 1.2999999999999972, 1.0999999999999943, 1.0, 0.7999999999999972, 0.7000000000000028, 0.5999999999999943, -0.09999999999999432]}, "histogram": {"x": [972.0, 990.0, 1008.0, 1026.0, 1044.0, 1062.0, 1080.0, 1098.0, 1116.0, 1134.0, 1152.0, 1170.0, 1188.0, 1206.0, 1224.0, 1242.0, 1260.0, 1278.0, 1296.0, 1314.0, 1332.0, 1350.0, 1368.0, 1386.0, 1404.0, 1422.0, 1440.0, 1458.0, 1476.0, 1494.0, 1512.0, 1530.0, 1548.0, 1566.0, 1584.0, 1602.0, 1620.0, 1638.0, 1656.0], "y": [1, 0, 0, 1, 1, 0, 1, 0, 0, 0, 0, 1, 0, 0, 1, 0, 0, 1, 0, 2, 2, 1, 1, 0, 1, 2, 1, 11, 15, 16, 23, 108, 39, 205, 52, 180, 92, 8, 7, 0]}}