{"histogram": {"y": [1, 0, 0, 0, 0, 0, 0, 0, 0, 0, 0, 0, 0, 0, 0, 0, 0, 0, 1, 3, 4, 14, 27, 7, 37, 9, 49, 18, 1, 5, 0], "x": [1134.0, 1152.0, 1170.0, 1188.0, 1206.0, 1224.0, 1242.0, 1260.0, 1278.0, 1296.0, 1314.0, 1332.0, 1350.0, 1368.0, 1386.0, 1404.0, 1422.0, 1440.0, 1458.0, 1476.0, 1494.0, 1512.0, 1530.0, 1548.0, 1566.0, 1584.0, 1602.0, 1620.0, 1638.0, 1656.0]}, "percentile": {"y": [99.5, 98.9, 97.2, 96.6, 96.0, 94.9, 94.3, 92.6, 86.9, 86.3, 83.5, 82.3, 81.8, 81.2, 80.6, 79.5, 78.9, 77.8, 76.0, 74.3, 71.5, 70.9, 69.8, 67.5, 66.3, 64.0, 60.0, 57.8, 55.5, 54.3, 52.6, 50.9, 48.6, 46.9, 46.3, 45.8, 44.0, 43.5, 42.3, 41.2, 38.9, 36.6, 34.3, 32.0, 30.299999999999997, 29.799999999999997, 28.599999999999994, 28.0, 26.900000000000006, 24.0, 21.799999999999997, 18.900000000000006, 16.599999999999994, 13.200000000000003, 12.599999999999994, 10.900000000000006, 9.200000000000003, 8.0, 2.9000000000000057, 2.299999999999997, 0.0, -0.5], "x": [1124, 1452, 1465, 1478, 1489, 1490, 1498, 1501, 1502, 1513, 1514, 1515, 1516, 1517, 1518, 1521, 1523, 1524, 1525, 1526, 1527, 1537, 1538, 1539, 1548, 1549, 1550, 1551, 1552, 1557, 1560, 1561, 1562, 1563, 1564, 1572, 1573, 1574, 1575, 1576, 1585, 1586, 1587, 1588, 1589, 1592, 1593, 1594, 1596, 1597, 1598, 1599, 1600, 1601, 1602, 1608, 1610, 1611, 1613, 1634, 1650, 1655]}}