{"histogram": {"x": [1552.0, 1560.0, 1568.0, 1576.0, 1584.0, 1592.0, 1600.0, 1608.0, 1616.0, 1624.0, 1632.0, 1640.0, 1648.0, 1656.0], "y": [2, 2, 1, 10, 4, 11, 9, 18, 6, 1, 2, 2, 2, 0]}, "percentile": {"x": [1552, 1558, 1564, 1575, 1576, 1585, 1586, 1587, 1590, 1592, 1593, 1596, 1598, 1599, 1600, 1601, 1602, 1604, 1605, 1607, 1608, 1609, 1610, 1611, 1612, 1613, 1616, 1617, 1619, 1621, 1629, 1632, 1633, 1643, 1644, 1650, 1654], "y": [98.6, 97.2, 94.3, 92.8, 78.3, 76.9, 75.4, 74.0, 72.5, 68.2, 66.7, 60.9, 58.0, 56.6, 53.7, 49.3, 47.9, 46.4, 45.0, 43.5, 42.1, 40.6, 37.7, 34.8, 29.0, 17.400000000000006, 13.099999999999994, 11.599999999999994, 10.200000000000003, 8.700000000000003, 7.299999999999997, 5.799999999999997, 4.400000000000006, 2.9000000000000057, 1.5, 0.0, -1.4000000000000057]}}