{"histogram": {"x": [1344.0, 1352.0, 1360.0, 1368.0, 1376.0, 1384.0, 1392.0, 1400.0, 1408.0, 1416.0, 1424.0, 1432.0, 1440.0, 1448.0, 1456.0, 1464.0, 1472.0, 1480.0, 1488.0, 1496.0, 1504.0, 1512.0, 1520.0, 1528.0, 1536.0, 1544.0, 1552.0, 1560.0, 1568.0, 1576.0, 1584.0, 1592.0, 1600.0, 1608.0, 1616.0, 1624.0, 1632.0, 1640.0, 1648.0, 1656.0], "y": [1, 0, 0, 0, 0, 0, 0, 1, 0, 0, 0, 0, 0, 0, 0, 1, 2, 1, 0, 2, 0, 5, 4, 0, 3, 8, 11, 17, 7, 2, 16, 8, 4, 15, 0, 0, 0, 0, 1, 0]}, "percentile": {"x": [1350, 1400, 1465, 1477, 1478, 1483, 1501, 1502, 1514, 1515, 1516, 1521, 1525, 1526, 1536, 1538, 1539, 1549, 1550, 1551, 1552, 1554, 1555, 1558, 1560, 1561, 1562, 1563, 1564, 1572, 1573, 1575, 1576, 1585, 1586, 1587, 1588, 1589, 1590, 1591, 1594, 1596, 1598, 1599, 1600, 1601, 1605, 1606, 1608, 1610, 1611, 1612, 1613, 1655], "y": [99.1, 98.2, 97.3, 96.3, 95.4, 94.5, 93.6, 92.6, 90.8, 88.9, 88.0, 87.1, 86.2, 84.3, 83.4, 82.5, 81.5, 77.8, 76.0, 74.1, 67.6, 65.8, 64.9, 63.9, 63.0, 60.2, 54.7, 52.8, 48.2, 47.3, 44.5, 41.7, 39.9, 38.9, 38.0, 33.400000000000006, 31.5, 26.900000000000006, 26.0, 25.0, 24.099999999999994, 21.299999999999997, 18.599999999999994, 17.599999999999994, 16.700000000000003, 15.799999999999997, 14.900000000000006, 13.900000000000006, 13.0, 10.200000000000003, 8.400000000000006, 5.599999999999994, 0.0, -0.9000000000000057]}}