{"percentile": {"x": [1576, 1585, 1587, 1598, 1599, 1600, 1609, 1611, 1612, 1613, 1617, 1618, 1620, 1622, 1626, 1638], "y": [96.5, 92.9, 89.3, 85.8, 82.2, 78.6, 75.0, 71.5, 60.8, 25.0, 21.5, 17.900000000000006, 14.299999999999997, 7.200000000000003, 3.5999999999999943, -3.5]}, "histogram": {"x": [1584.0, 1602.0, 1620.0, 1638.0], "y": [1, 5, 17, 4, 2]}}