{"histogram": {"y": [1, 2, 0, 5, 14, 21, 8, 1], "x": [1530.0, 1548.0, 1566.0, 1584.0, 1602.0, 1620.0, 1638.0]}, "percentile": {"y": [98.1, 94.2, 92.2, 84.4, 82.4, 80.4, 76.5, 74.6, 72.6, 70.6, 68.7, 66.7, 58.9, 56.9, 53.0, 49.1, 43.2, 41.2, 39.3, 19.700000000000003, 17.700000000000003, 15.700000000000003, 11.799999999999997, 9.900000000000006, 7.900000000000006, 4.0, 0.0, -1.9000000000000057], "x": [1526, 1539, 1574, 1576, 1588, 1589, 1592, 1594, 1595, 1596, 1597, 1598, 1600, 1601, 1603, 1609, 1610, 1611, 1612, 1613, 1617, 1619, 1620, 1622, 1623, 1630, 1635, 1650]}}