{"percentile": {"y": [99.0, 97.9, 96.8, 95.7, 94.7, 93.6, 92.5, 91.4, 90.4, 88.2, 86.1, 83.9, 81.8, 76.4, 74.2, 67.8, 65.6, 64.6, 61.3, 60.3, 57.0, 50.6, 40.9, 23.700000000000003, 22.599999999999994, 20.5, 18.299999999999997, 17.299999999999997, 15.099999999999994, 14.0, 13.0, 10.799999999999997, 9.700000000000003, 8.700000000000003, 7.599999999999994, -1.0], "x": [1501, 1502, 1551, 1563, 1567, 1570, 1574, 1576, 1587, 1589, 1596, 1597, 1598, 1599, 1600, 1601, 1604, 1607, 1608, 1609, 1610, 1611, 1612, 1613, 1615, 1617, 1620, 1623, 1625, 1626, 1633, 1636, 1639, 1641, 1649, 1650]}, "histogram": {"y": [2, 0, 0, 2, 4, 22, 44, 9, 11, 0], "x": [1512.0, 1530.0, 1548.0, 1566.0, 1584.0, 1602.0, 1620.0, 1638.0, 1656.0]}}