{"histogram": {"x": [144.0, 162.0, 180.0, 198.0, 216.0, 234.0, 252.0, 270.0, 288.0, 306.0, 324.0, 342.0, 360.0, 378.0, 396.0, 414.0, 432.0, 450.0, 468.0, 486.0, 504.0, 522.0, 540.0, 558.0, 576.0, 594.0, 612.0, 630.0, 648.0, 666.0, 684.0, 702.0, 720.0, 738.0, 756.0, 774.0, 792.0, 810.0, 828.0, 846.0, 864.0, 882.0, 900.0, 918.0, 936.0, 954.0, 972.0, 990.0, 1008.0, 1026.0, 1044.0, 1062.0, 1080.0, 1098.0, 1116.0, 1134.0, 1152.0, 1170.0, 1188.0, 1206.0, 1224.0, 1242.0, 1260.0, 1278.0, 1296.0, 1314.0, 1332.0, 1350.0, 1368.0, 1386.0, 1404.0, 1422.0, 1440.0, 1458.0, 1476.0, 1494.0, 1512.0, 1530.0, 1548.0, 1566.0, 1584.0, 1602.0, 1620.0, 1638.0, 1656.0], "y": [1, 0, 0, 0, 1, 2, 0, 0, 0, 1, 0, 0, 0, 0, 0, 0, 0, 0, 0, 0, 0, 0, 0, 0, 0, 0, 0, 0, 0, 1, 1, 0, 1, 2, 0, 0, 0, 0, 0, 1, 0, 0, 0, 0, 0, 2, 0, 0, 0, 1, 0, 0, 0, 0, 0, 0, 1, 0, 1, 0, 0, 0, 0, 0, 0, 0, 0, 0, 1, 0, 0, 0, 1, 6, 4, 11, 41, 49, 20, 147, 54, 287, 312, 22, 7, 0]}, "percentile": {"x": [137, 207, 228, 229, 293, 661, 680, 704, 720, 724, 830, 938, 949, 1024, 1142, 1187, 1361, 1427, 1440, 1441, 1452, 1465, 1477, 1478, 1485, 1489, 1490, 1500, 1501, 1502, 1513, 1514, 1515, 1516, 1524, 1525, 1526, 1527, 1536, 1537, 1538, 1539, 1548, 1549, 1550, 1551, 1552, 1554, 1555, 1557, 1558, 1560, 1561, 1562, 1563, 1564, 1565, 1566, 1570, 1572, 1573, 1574, 1575, 1576, 1577, 1584, 1585, 1586, 1587, 1588, 1589, 1590, 1591, 1592, 1593, 1594, 1595, 1596, 1597, 1598, 1599, 1600, 1601, 1602, 1603, 1604, 1605, 1606, 1607, 1608, 1609, 1610, 1611, 1612, 1613, 1614, 1615, 1616, 1618, 1620, 1622, 1623, 1624, 1625, 1626, 1629, 1632, 1633, 1635, 1636, 1637, 1647, 1650, 1653, 1655], "y": [99.9, 99.8, 99.7, 99.6, 99.5, 99.4, 99.3, 99.2, 99.1, 99.0, 98.9, 98.8, 98.7, 98.6, 98.5, 98.4, 98.3, 98.2, 98.1, 97.7, 97.6, 97.2, 97.1, 96.6, 96.5, 96.3, 96.1, 96.0, 95.4, 91.9, 91.2, 90.6, 89.9, 89.8, 89.6, 89.0, 87.8, 86.8, 86.4, 86.2, 85.5, 84.8, 84.7, 83.8, 82.4, 80.5, 78.2, 78.0, 77.8, 77.5, 77.4, 76.7, 75.5, 73.1, 72.1, 70.0, 69.8, 69.7, 69.5, 69.1, 67.7, 67.3, 66.6, 64.3, 64.2, 64.0, 62.2, 60.5, 57.7, 55.2, 52.8, 52.5, 52.3, 52.0, 51.8, 51.5, 51.3, 49.3, 47.0, 44.4, 41.1, 38.6, 34.900000000000006, 34.3, 34.2, 34.0, 33.8, 33.5, 33.099999999999994, 31.5, 28.900000000000006, 25.700000000000003, 22.700000000000003, 19.599999999999994, 3.799999999999997, 3.299999999999997, 3.200000000000003, 3.0999999999999943, 2.9000000000000057, 2.5, 2.299999999999997, 2.200000000000003, 1.7999999999999972, 1.7000000000000028, 1.5, 1.4000000000000057, 1.2999999999999972, 1.2000000000000028, 1.0, 0.7999999999999972, 0.7000000000000028, 0.5999999999999943, 0.20000000000000284, 0.0, -0.09999999999999432]}}