{"percentile": {"x": [995, 1181, 1188, 1242, 1285, 1317, 1320, 1326, 1349, 1435, 1453, 1465, 1477, 1478, 1489, 1490, 1494, 1500, 1501, 1502, 1512, 1513, 1514, 1515, 1516, 1522, 1524, 1525, 1526, 1527, 1537, 1538, 1539, 1548, 1549, 1550, 1551, 1552, 1554, 1555, 1556, 1559, 1560, 1561, 1562, 1563, 1564, 1570, 1571, 1572, 1573, 1574, 1575, 1576, 1578, 1584, 1585, 1586, 1587, 1588, 1589, 1590, 1591, 1593, 1595, 1596, 1597, 1598, 1599, 1600, 1601, 1603, 1604, 1605, 1607, 1608, 1609, 1610, 1611, 1612, 1613, 1614, 1615, 1617, 1620, 1625, 1626, 1630, 1631, 1649, 1655], "y": [99.7, 99.4, 99.1, 98.8, 98.4, 98.1, 97.8, 97.5, 97.2, 96.8, 96.5, 95.9, 94.6, 93.6, 92.0, 89.8, 89.4, 88.8, 87.2, 78.5, 78.2, 76.9, 75.9, 73.0, 72.7, 72.4, 71.4, 68.9, 66.6, 65.3, 65.0, 63.7, 63.1, 62.4, 60.5, 58.6, 56.6, 52.8, 52.1, 51.5, 51.2, 50.5, 48.0, 47.3, 45.7, 44.4, 43.1, 42.8, 42.5, 42.2, 41.9, 41.5, 41.2, 40.2, 39.6, 39.0, 37.7, 36.1, 33.5, 30.599999999999994, 29.299999999999997, 28.700000000000003, 28.0, 27.400000000000006, 27.099999999999994, 24.5, 22.900000000000006, 20.0, 18.400000000000006, 17.400000000000006, 16.099999999999994, 15.799999999999997, 15.5, 15.200000000000003, 14.799999999999997, 13.900000000000006, 12.599999999999994, 11.299999999999997, 8.700000000000003, 8.099999999999994, 3.299999999999997, 2.9000000000000057, 2.5999999999999943, 2.299999999999997, 1.7000000000000028, 1.2999999999999972, 1.0, 0.7000000000000028, 0.4000000000000057, 0.0, -0.29999999999999716]}, "histogram": {"x": [992.0, 1000.0, 1008.0, 1016.0, 1024.0, 1032.0, 1040.0, 1048.0, 1056.0, 1064.0, 1072.0, 1080.0, 1088.0, 1096.0, 1104.0, 1112.0, 1120.0, 1128.0, 1136.0, 1144.0, 1152.0, 1160.0, 1168.0, 1176.0, 1184.0, 1192.0, 1200.0, 1208.0, 1216.0, 1224.0, 1232.0, 1240.0, 1248.0, 1256.0, 1264.0, 1272.0, 1280.0, 1288.0, 1296.0, 1304.0, 1312.0, 1320.0, 1328.0, 1336.0, 1344.0, 1352.0, 1360.0, 1368.0, 1376.0, 1384.0, 1392.0, 1400.0, 1408.0, 1416.0, 1424.0, 1432.0, 1440.0, 1448.0, 1456.0, 1464.0, 1472.0, 1480.0, 1488.0, 1496.0, 1504.0, 1512.0, 1520.0, 1528.0, 1536.0, 1544.0, 1552.0, 1560.0, 1568.0, 1576.0, 1584.0, 1592.0, 1600.0, 1608.0, 1616.0, 1624.0, 1632.0, 1640.0, 1648.0, 1656.0], "y": [1, 0, 0, 0, 0, 0, 0, 0, 0, 0, 0, 0, 0, 0, 0, 0, 0, 0, 0, 0, 0, 0, 0, 1, 1, 0, 0, 0, 0, 0, 0, 1, 0, 0, 0, 0, 1, 0, 0, 0, 1, 2, 0, 0, 1, 0, 0, 0, 0, 0, 0, 0, 0, 0, 0, 1, 0, 1, 0, 2, 7, 0, 13, 34, 0, 18, 23, 0, 7, 20, 19, 23, 6, 5, 36, 30, 11, 38, 3, 4, 0, 0, 2, 0]}}