{"percentile": {"x": [1465, 1502, 1537, 1538, 1550, 1551, 1553, 1561, 1562, 1563, 1564, 1573, 1574, 1575, 1576, 1585, 1587, 1588, 1589, 1592, 1593, 1594, 1596, 1597, 1598, 1599, 1600, 1601, 1602, 1603, 1605, 1607, 1608, 1609, 1610, 1611, 1612, 1613, 1614, 1616, 1617, 1618, 1620, 1622, 1623, 1626, 1631, 1633, 1637, 1646, 1648, 1649, 1650, 1655], "y": [99.4, 98.7, 98.0, 96.6, 95.2, 93.8, 93.2, 92.5, 91.8, 89.7, 89.0, 87.6, 86.9, 84.2, 80.7, 79.4, 78.7, 78.0, 73.8, 72.5, 71.1, 69.7, 66.9, 64.9, 62.8, 59.4, 55.9, 51.8, 50.4, 49.7, 49.0, 46.9, 42.8, 40.0, 38.0, 32.5, 27.599999999999994, 15.900000000000006, 14.5, 13.799999999999997, 13.200000000000003, 12.5, 10.400000000000006, 9.700000000000003, 9.0, 7.599999999999994, 6.299999999999997, 5.599999999999994, 4.900000000000006, 4.200000000000003, 3.5, 0.7000000000000028, 0.0, -0.5999999999999943]}, "histogram": {"x": [1464.0, 1472.0, 1480.0, 1488.0, 1496.0, 1504.0, 1512.0, 1520.0, 1528.0, 1536.0, 1544.0, 1552.0, 1560.0, 1568.0, 1576.0, 1584.0, 1592.0, 1600.0, 1608.0, 1616.0, 1624.0, 1632.0, 1640.0, 1648.0, 1656.0], "y": [1, 0, 0, 0, 1, 0, 0, 0, 0, 3, 4, 1, 6, 7, 5, 10, 21, 18, 47, 8, 4, 2, 1, 7, 0]}}