{"histogram": {"y": [1, 0, 0, 0, 0, 0, 0, 0, 0, 0, 0, 0, 0, 0, 0, 0, 0, 0, 0, 0, 0, 0, 0, 0, 0, 0, 0, 1, 0, 0, 0, 0, 0, 2, 0, 2, 4, 1, 11, 14, 7, 42, 54, 70, 106, 90, 71, 224, 26, 15, 7, 6, 12, 0], "x": [1232.0, 1240.0, 1248.0, 1256.0, 1264.0, 1272.0, 1280.0, 1288.0, 1296.0, 1304.0, 1312.0, 1320.0, 1328.0, 1336.0, 1344.0, 1352.0, 1360.0, 1368.0, 1376.0, 1384.0, 1392.0, 1400.0, 1408.0, 1416.0, 1424.0, 1432.0, 1440.0, 1448.0, 1456.0, 1464.0, 1472.0, 1480.0, 1488.0, 1496.0, 1504.0, 1512.0, 1520.0, 1528.0, 1536.0, 1544.0, 1552.0, 1560.0, 1568.0, 1576.0, 1584.0, 1592.0, 1600.0, 1608.0, 1616.0, 1624.0, 1632.0, 1640.0, 1648.0, 1656.0]}, "percentile": {"y": [99.9, 99.8, 99.5, 99.4, 99.3, 99.1, 99.0, 98.7, 98.6, 98.4, 97.7, 97.2, 96.8, 96.1, 95.3, 95.1, 95.0, 94.8, 94.6, 94.4, 94.0, 92.7, 91.7, 90.2, 89.1, 88.9, 88.8, 88.7, 88.0, 86.3, 84.6, 81.9, 72.7, 71.2, 67.8, 66.3, 63.2, 60.3, 59.7, 58.9, 58.5, 58.1, 57.6, 56.5, 55.1, 52.7, 50.0, 47.1, 44.8, 41.4, 40.7, 40.4, 39.9, 39.1, 38.2, 37.8, 35.900000000000006, 32.099999999999994, 29.700000000000003, 26.200000000000003, 22.400000000000006, 9.299999999999997, 9.099999999999994, 8.5, 8.400000000000006, 7.799999999999997, 7.599999999999994, 7.200000000000003, 6.5, 6.200000000000003, 5.700000000000003, 5.099999999999994, 4.900000000000006, 4.599999999999994, 3.799999999999997, 3.5999999999999943, 3.4000000000000057, 3.200000000000003, 3.0999999999999943, 2.799999999999997, 2.700000000000003, 2.5, 2.4000000000000057, 2.299999999999997, 2.0999999999999943, 2.0, 1.7000000000000028, 1.5999999999999943, 1.5, 0.29999999999999716, 0.20000000000000284, -0.09999999999999432], "x": [1236, 1453, 1501, 1513, 1514, 1522, 1526, 1527, 1534, 1537, 1538, 1539, 1549, 1550, 1551, 1552, 1553, 1556, 1557, 1559, 1560, 1561, 1562, 1563, 1564, 1565, 1570, 1571, 1572, 1573, 1574, 1575, 1576, 1585, 1586, 1587, 1588, 1589, 1590, 1591, 1592, 1593, 1594, 1595, 1596, 1597, 1598, 1599, 1600, 1601, 1602, 1603, 1604, 1605, 1606, 1607, 1608, 1609, 1610, 1611, 1612, 1613, 1614, 1615, 1616, 1617, 1618, 1619, 1620, 1621, 1622, 1623, 1624, 1625, 1626, 1628, 1630, 1631, 1632, 1634, 1635, 1636, 1637, 1639, 1640, 1642, 1644, 1645, 1647, 1650, 1654, 1655]}}