{"histogram": {"x": [1416.0, 1424.0, 1432.0, 1440.0, 1448.0, 1456.0, 1464.0, 1472.0, 1480.0, 1488.0, 1496.0, 1504.0, 1512.0, 1520.0, 1528.0, 1536.0, 1544.0, 1552.0, 1560.0, 1568.0, 1576.0, 1584.0, 1592.0, 1600.0, 1608.0, 1616.0, 1624.0, 1632.0, 1640.0, 1648.0, 1656.0], "y": [1, 0, 0, 0, 1, 0, 0, 2, 0, 2, 2, 0, 1, 15, 4, 38, 13, 25, 101, 121, 177, 205, 196, 182, 485, 58, 20, 10, 7, 32, 0]}, "percentile": {"x": [1423, 1453, 1478, 1489, 1490, 1501, 1502, 1515, 1523, 1524, 1525, 1526, 1527, 1528, 1530, 1535, 1537, 1538, 1539, 1549, 1550, 1551, 1552, 1553, 1555, 1556, 1557, 1558, 1560, 1561, 1562, 1563, 1564, 1565, 1567, 1568, 1569, 1570, 1571, 1572, 1573, 1574, 1575, 1576, 1584, 1585, 1586, 1587, 1588, 1589, 1590, 1591, 1592, 1593, 1594, 1595, 1596, 1597, 1598, 1599, 1600, 1601, 1602, 1603, 1604, 1605, 1606, 1607, 1608, 1609, 1610, 1611, 1612, 1613, 1614, 1615, 1616, 1617, 1618, 1619, 1620, 1621, 1622, 1623, 1624, 1625, 1626, 1627, 1628, 1629, 1631, 1632, 1634, 1635, 1636, 1638, 1639, 1640, 1642, 1643, 1644, 1645, 1647, 1648, 1649, 1650, 1651, 1652, 1653, 1655], "y": [100.0, 99.9, 99.8, 99.8, 99.7, 99.6, 99.6, 99.5, 99.5, 99.4, 99.3, 98.9, 98.6, 98.6, 98.5, 98.4, 98.2, 97.6, 96.2, 96.0, 95.7, 95.4, 94.7, 94.5, 94.3, 94.2, 94.0, 93.9, 93.6, 92.9, 91.6, 90.6, 88.4, 88.1, 88.0, 87.7, 87.5, 87.4, 87.1, 86.9, 85.3, 83.7, 80.8, 70.4, 70.3, 69.2, 67.4, 65.5, 62.5, 59.5, 59.1, 58.3, 57.6, 57.0, 56.6, 56.0, 54.7, 53.0, 49.8, 46.8, 43.0, 39.5, 38.9, 38.1, 37.6, 37.0, 36.4, 36.1, 34.599999999999994, 32.2, 28.5, 25.200000000000003, 20.799999999999997, 9.0, 8.200000000000003, 7.5, 7.200000000000003, 6.900000000000006, 6.400000000000006, 6.099999999999994, 5.299999999999997, 4.900000000000006, 4.599999999999994, 4.099999999999994, 3.9000000000000057, 3.5, 3.299999999999997, 3.200000000000003, 3.0999999999999943, 3.0, 2.9000000000000057, 2.700000000000003, 2.5999999999999943, 2.5999999999999943, 2.5, 2.299999999999997, 2.299999999999997, 2.200000000000003, 2.200000000000003, 2.0999999999999943, 2.0, 1.9000000000000057, 1.9000000000000057, 1.7000000000000028, 1.5999999999999943, 0.5, 0.4000000000000057, 0.29999999999999716, 0.29999999999999716, 0.0]}}