{"histogram": {"x": [972.0, 990.0, 1008.0, 1026.0, 1044.0, 1062.0, 1080.0, 1098.0, 1116.0, 1134.0, 1152.0, 1170.0, 1188.0, 1206.0, 1224.0, 1242.0, 1260.0, 1278.0, 1296.0, 1314.0, 1332.0, 1350.0, 1368.0, 1386.0, 1404.0, 1422.0, 1440.0, 1458.0, 1476.0, 1494.0, 1512.0, 1530.0, 1548.0, 1566.0, 1584.0, 1602.0, 1620.0], "y": [1, 0, 0, 0, 0, 0, 0, 0, 0, 0, 0, 0, 0, 0, 0, 0, 0, 0, 0, 0, 0, 0, 0, 0, 1, 0, 1, 3, 2, 5, 4, 15, 4, 25, 4, 23, 17, 4]}, "percentile": {"x": [968, 1392, 1437, 1441, 1453, 1465, 1489, 1490, 1501, 1502, 1513, 1514, 1515, 1516, 1523, 1525, 1526, 1536, 1538, 1539, 1548, 1549, 1550, 1552, 1560, 1561, 1562, 1563, 1564, 1573, 1574, 1575, 1585, 1586, 1588, 1589, 1593, 1596, 1597, 1600, 1601, 1603, 1605, 1608, 1609, 1610, 1611, 1612, 1613, 1620, 1625, 1631], "y": [99.1, 98.2, 97.3, 96.3, 94.5, 92.6, 91.7, 88.0, 87.1, 84.3, 83.4, 81.5, 78.8, 77.8, 76.0, 72.3, 70.4, 69.5, 68.6, 66.7, 65.8, 63.0, 60.2, 56.5, 53.8, 51.0, 49.1, 46.3, 43.6, 41.7, 40.8, 39.9, 37.1, 31.5, 28.799999999999997, 26.0, 25.0, 23.200000000000003, 22.299999999999997, 20.400000000000006, 18.599999999999994, 15.799999999999997, 14.900000000000006, 13.900000000000006, 13.0, 12.099999999999994, 10.200000000000003, 5.599999999999994, 2.799999999999997, 1.0, 0.0, -0.9000000000000057]}}