{"histogram": {"x": [1584.0, 1602.0, 1620.0, 1638.0, 1656.0], "y": [2, 0, 12, 5, 4, 0]}, "percentile": {"x": [1576, 1612, 1613, 1615, 1616, 1620, 1628, 1632, 1633, 1636, 1642, 1654, 1655], "y": [91.0, 86.4, 50.0, 45.5, 36.4, 31.900000000000006, 27.299999999999997, 22.799999999999997, 18.200000000000003, 13.700000000000003, 9.099999999999994, 0.0, -4.5]}}