{"percentile": {"y": [99.9, 99.8, 99.7, 99.6, 99.5, 99.4, 99.3, 98.6, 98.4, 98.2, 97.8, 97.7, 97.6, 97.5, 97.1, 96.5, 95.7, 95.6, 95.5, 95.4, 95.3, 95.0, 94.9, 94.7, 93.6, 92.6, 90.6, 83.1, 83.0, 82.4, 81.0, 79.7, 78.0, 75.1, 74.3, 73.3, 72.8, 72.5, 72.1, 71.2, 70.0, 68.1, 64.8, 60.9, 57.2, 53.1, 52.4, 51.5, 50.9, 50.6, 49.9, 49.2, 47.7, 44.7, 40.7, 35.3, 29.5, 14.200000000000003, 13.299999999999997, 13.0, 12.5, 12.0, 11.200000000000003, 10.5, 9.5, 8.900000000000006, 8.400000000000006, 8.0, 7.900000000000006, 7.599999999999994, 7.200000000000003, 7.099999999999994, 7.0, 6.599999999999994, 6.400000000000006, 6.099999999999994, 5.799999999999997, 5.400000000000006, 4.900000000000006, 4.299999999999997, 4.099999999999994, 3.799999999999997, 3.700000000000003, 3.5999999999999943, 3.200000000000003, 3.0, 2.9000000000000057, 2.700000000000003, 2.5999999999999943, 0.5, 0.4000000000000057, 0.29999999999999716, -0.09999999999999432], "x": [1515, 1524, 1525, 1526, 1527, 1529, 1537, 1539, 1550, 1551, 1552, 1553, 1554, 1561, 1562, 1563, 1564, 1565, 1566, 1567, 1568, 1569, 1571, 1572, 1573, 1574, 1575, 1576, 1584, 1585, 1586, 1587, 1588, 1589, 1590, 1591, 1592, 1593, 1594, 1595, 1596, 1597, 1598, 1599, 1600, 1601, 1602, 1603, 1604, 1605, 1606, 1607, 1608, 1609, 1610, 1611, 1612, 1613, 1614, 1615, 1616, 1617, 1618, 1619, 1620, 1621, 1622, 1623, 1624, 1625, 1626, 1627, 1628, 1629, 1631, 1632, 1633, 1634, 1635, 1636, 1637, 1638, 1640, 1642, 1644, 1645, 1646, 1648, 1649, 1650, 1651, 1652, 1655]}, "histogram": {"y": [1, 4, 1, 8, 4, 6, 22, 47, 73, 96, 122, 115, 355, 49, 16, 25, 9, 29, 0], "x": [1512.0, 1520.0, 1528.0, 1536.0, 1544.0, 1552.0, 1560.0, 1568.0, 1576.0, 1584.0, 1592.0, 1600.0, 1608.0, 1616.0, 1624.0, 1632.0, 1640.0, 1648.0, 1656.0]}}