{"percentile": {"x": [192, 475, 479, 480, 703, 720, 854, 889, 960, 979, 985, 1008, 1016, 1028, 1031, 1065, 1094, 1105, 1149, 1155, 1172, 1180, 1190, 1194, 1200, 1248, 1284, 1285, 1293, 1296, 1302, 1304, 1307, 1324, 1327, 1333, 1334, 1341, 1342, 1343, 1357, 1360, 1361, 1362, 1375, 1389, 1390, 1392, 1402, 1403, 1410, 1415, 1419, 1422, 1438, 1441, 1452, 1453, 1464, 1465, 1477, 1478, 1479, 1484, 1486, 1488, 1489, 1490, 1491, 1493, 1495, 1500, 1501, 1502, 1512, 1513, 1514, 1515, 1516, 1517, 1518, 1519, 1520, 1522, 1523, 1524, 1525, 1526, 1527, 1528, 1530, 1532, 1533, 1535, 1536, 1537, 1538, 1539, 1540, 1541, 1542, 1548, 1549, 1550, 1551, 1552, 1553, 1554, 1555, 1556, 1557, 1558, 1559, 1560, 1561, 1562, 1563, 1564, 1565, 1566, 1572, 1573, 1574, 1575, 1576, 1578, 1584, 1585, 1586, 1587, 1588, 1589, 1590, 1591, 1592, 1593, 1594, 1595, 1596, 1597, 1598, 1599, 1600, 1601, 1602, 1603, 1604, 1605, 1606, 1608, 1609, 1610, 1611, 1612, 1613, 1614, 1616, 1618, 1619, 1620, 1621, 1622, 1623, 1625, 1626, 1632, 1638, 1646, 1648, 1649, 1650, 1651, 1654], "y": [100.0, 99.9, 99.8, 99.6, 99.6, 99.5, 99.4, 99.3, 99.2, 99.2, 99.1, 99.0, 98.9, 98.8, 98.7, 98.7, 98.6, 98.5, 98.4, 98.3, 98.3, 98.2, 98.1, 98.0, 97.9, 97.8, 97.8, 97.7, 97.6, 97.5, 97.4, 97.4, 97.3, 97.2, 97.0, 96.9, 96.9, 96.8, 96.7, 96.5, 96.5, 96.4, 96.3, 96.2, 96.1, 96.0, 96.0, 95.8, 95.7, 95.6, 95.6, 95.5, 95.4, 95.3, 95.2, 94.9, 94.8, 94.2, 94.0, 92.8, 92.4, 90.7, 90.4, 90.3, 90.3, 90.0, 89.0, 87.5, 87.4, 87.3, 87.2, 87.2, 86.8, 84.9, 84.7, 83.7, 81.4, 79.2, 79.1, 78.8, 78.6, 78.4, 78.3, 78.1, 78.0, 77.4, 75.2, 72.7, 70.9, 70.7, 70.5, 70.3, 70.3, 70.1, 69.7, 67.9, 67.0, 65.4, 65.3, 65.2, 65.1, 64.9, 63.2, 60.0, 57.2, 54.2, 53.8, 53.4, 52.6, 52.5, 52.3, 52.0, 51.7, 50.0, 47.2, 44.5, 42.2, 39.4, 39.3, 39.2, 38.7, 38.0, 37.5, 36.8, 35.7, 35.599999999999994, 35.599999999999994, 33.400000000000006, 31.700000000000003, 30.0, 27.400000000000006, 24.5, 24.299999999999997, 24.200000000000003, 24.0, 23.700000000000003, 23.400000000000006, 23.200000000000003, 21.900000000000006, 21.0, 18.900000000000006, 17.200000000000003, 15.400000000000006, 13.799999999999997, 13.700000000000003, 13.5, 13.299999999999997, 13.099999999999994, 12.900000000000006, 12.200000000000003, 11.099999999999994, 9.599999999999994, 8.0, 6.599999999999994, 3.200000000000003, 3.0, 2.9000000000000057, 2.799999999999997, 2.700000000000003, 2.299999999999997, 2.200000000000003, 2.0999999999999943, 1.9000000000000057, 1.7999999999999972, 1.7000000000000028, 1.5999999999999943, 1.4000000000000057, 1.2999999999999972, 1.2000000000000028, 1.0, 0.09999999999999432, 0.0, 0.0]}, "histogram": {"x": [198.0, 216.0, 234.0, 252.0, 270.0, 288.0, 306.0, 324.0, 342.0, 360.0, 378.0, 396.0, 414.0, 432.0, 450.0, 468.0, 486.0, 504.0, 522.0, 540.0, 558.0, 576.0, 594.0, 612.0, 630.0, 648.0, 666.0, 684.0, 702.0, 720.0, 738.0, 756.0, 774.0, 792.0, 810.0, 828.0, 846.0, 864.0, 882.0, 900.0, 918.0, 936.0, 954.0, 972.0, 990.0, 1008.0, 1026.0, 1044.0, 1062.0, 1080.0, 1098.0, 1116.0, 1134.0, 1152.0, 1170.0, 1188.0, 1206.0, 1224.0, 1242.0, 1260.0, 1278.0, 1296.0, 1314.0, 1332.0, 1350.0, 1368.0, 1386.0, 1404.0, 1422.0, 1440.0, 1458.0, 1476.0, 1494.0, 1512.0, 1530.0, 1548.0, 1566.0, 1584.0, 1602.0, 1620.0, 1638.0, 1656.0], "y": [1, 0, 0, 0, 0, 0, 0, 0, 0, 0, 0, 0, 0, 0, 0, 0, 4, 0, 0, 0, 0, 0, 0, 0, 0, 0, 0, 0, 0, 1, 1, 0, 0, 0, 0, 0, 0, 1, 0, 1, 0, 0, 0, 1, 2, 0, 2, 2, 0, 1, 1, 1, 0, 1, 1, 2, 3, 0, 0, 1, 0, 3, 4, 3, 6, 4, 1, 6, 3, 3, 12, 17, 67, 30, 174, 68, 316, 45, 267, 136, 14, 20, 0]}}