{"percentile": {"x": [1515, 1538, 1539, 1551, 1552, 1558, 1563, 1566, 1572, 1576, 1585, 1586, 1587, 1588, 1589, 1596, 1598, 1599, 1600, 1601, 1608, 1610, 1611, 1612, 1613, 1618, 1636, 1655], "y": [97.8, 95.5, 93.2, 88.7, 86.4, 84.1, 81.9, 79.6, 77.3, 75.0, 72.8, 70.5, 63.7, 54.6, 50.0, 47.8, 43.2, 41.0, 36.4, 31.900000000000006, 29.599999999999994, 25.0, 20.5, 18.200000000000003, 4.599999999999994, 2.299999999999997, 0.0, -2.200000000000003]}, "histogram": {"x": [1530.0, 1548.0, 1566.0, 1584.0, 1602.0, 1620.0, 1638.0, 1656.0], "y": [1, 2, 5, 3, 19, 13, 1, 1, 0]}}