{"percentile": {"y": [95.8, 93.7, 91.5, 89.4, 87.3, 85.2, 83.0, 78.8, 76.6, 72.4, 70.3, 68.1, 66.0, 63.9, 61.8, 59.6, 57.5, 51.1, 46.9, 25.599999999999994, 23.5, 21.299999999999997, 19.200000000000003, 17.099999999999994, 14.900000000000006, 12.799999999999997, -2.0999999999999943], "x": [1558, 1563, 1573, 1574, 1576, 1579, 1584, 1585, 1587, 1588, 1589, 1591, 1592, 1597, 1599, 1609, 1610, 1611, 1612, 1613, 1619, 1621, 1625, 1635, 1636, 1637, 1650]}, "histogram": {"y": [2, 1, 2, 2, 8, 3, 0, 17, 2, 1, 3, 0, 7], "x": [1552.0, 1560.0, 1568.0, 1576.0, 1584.0, 1592.0, 1600.0, 1608.0, 1616.0, 1624.0, 1632.0, 1640.0, 1648.0]}}