{"percentile": {"x": [1502, 1562, 1576, 1593, 1598, 1599, 1600, 1605, 1609, 1612, 1613, 1614, 1620, 1622, 1625, 1636, 1648, 1655], "y": [96.3, 92.6, 85.2, 81.5, 77.8, 74.1, 70.4, 66.7, 59.3, 48.2, 22.299999999999997, 18.599999999999994, 14.900000000000006, 11.200000000000003, 7.5, 3.799999999999997, 0.0, -3.700000000000003]}, "histogram": {"x": [1496.0, 1504.0, 1512.0, 1520.0, 1528.0, 1536.0, 1544.0, 1552.0, 1560.0, 1568.0, 1576.0, 1584.0, 1592.0, 1600.0, 1608.0, 1616.0, 1624.0, 1632.0, 1640.0, 1648.0, 1656.0], "y": [1, 0, 0, 0, 0, 0, 0, 0, 1, 0, 2, 0, 3, 2, 13, 2, 1, 1, 0, 2, 0]}}