{"histogram": {"y": [1, 0, 0, 0, 0, 0, 0, 0, 0, 0, 0, 1, 0, 0, 0, 0, 0, 0, 0, 0, 0, 0, 0, 0, 0, 0, 1, 0, 0, 0, 1, 0, 0, 0, 0, 0, 1, 0, 2, 1, 0, 1, 7, 2, 12, 9, 0, 18, 34, 5, 22, 31, 29, 135, 152, 345, 350, 430, 405, 1347, 240, 116, 96, 62, 111, 0], "x": [1136.0, 1144.0, 1152.0, 1160.0, 1168.0, 1176.0, 1184.0, 1192.0, 1200.0, 1208.0, 1216.0, 1224.0, 1232.0, 1240.0, 1248.0, 1256.0, 1264.0, 1272.0, 1280.0, 1288.0, 1296.0, 1304.0, 1312.0, 1320.0, 1328.0, 1336.0, 1344.0, 1352.0, 1360.0, 1368.0, 1376.0, 1384.0, 1392.0, 1400.0, 1408.0, 1416.0, 1424.0, 1432.0, 1440.0, 1448.0, 1456.0, 1464.0, 1472.0, 1480.0, 1488.0, 1496.0, 1504.0, 1512.0, 1520.0, 1528.0, 1536.0, 1544.0, 1552.0, 1560.0, 1568.0, 1576.0, 1584.0, 1592.0, 1600.0, 1608.0, 1616.0, 1624.0, 1632.0, 1640.0, 1648.0, 1656.0]}, "percentile": {"y": [100.0, 100.0, 100.0, 99.9, 99.9, 99.9, 99.9, 99.8, 99.8, 99.7, 99.6, 99.6, 99.6, 99.6, 99.5, 99.3, 99.2, 99.1, 99.1, 98.9, 98.7, 98.6, 98.6, 98.6, 98.5, 98.5, 98.5, 98.3, 98.1, 97.8, 97.7, 97.7, 97.6, 97.6, 97.5, 97.4, 97.1, 96.9, 96.6, 96.3, 95.9, 95.9, 95.8, 95.7, 95.7, 95.6, 95.6, 95.3, 95.0, 94.3, 93.4, 92.4, 92.3, 92.2, 92.2, 92.1, 92.1, 92.0, 91.9, 91.6, 90.8, 90.0, 88.3, 79.7, 79.7, 79.6, 79.5, 78.7, 77.3, 76.0, 74.1, 72.1, 71.8, 70.8, 69.8, 69.3, 68.7, 68.1, 66.4, 64.6, 62.7, 60.0, 57.1, 54.0, 53.3, 52.6, 51.8, 51.2, 50.4, 49.7, 48.5, 46.3, 43.2, 39.8, 36.0, 17.900000000000006, 16.799999999999997, 15.799999999999997, 14.799999999999997, 14.099999999999994, 13.200000000000003, 12.5, 11.400000000000006, 10.900000000000006, 10.299999999999997, 9.700000000000003, 9.299999999999997, 8.900000000000006, 8.400000000000006, 8.099999999999994, 7.700000000000003, 7.200000000000003, 7.0, 6.799999999999997, 6.200000000000003, 6.0, 5.700000000000003, 5.400000000000006, 5.200000000000003, 4.900000000000006, 4.599999999999994, 4.400000000000006, 4.200000000000003, 4.0, 3.700000000000003, 3.4000000000000057, 3.200000000000003, 3.0999999999999943, 2.9000000000000057, 2.799999999999997, 2.5999999999999943, 2.5999999999999943, 1.5, 1.4000000000000057, 1.2000000000000028, 1.0, 0.7000000000000028, 0.0], "x": [1141, 1229, 1346, 1379, 1424, 1441, 1447, 1453, 1465, 1477, 1478, 1483, 1487, 1488, 1489, 1490, 1501, 1502, 1503, 1514, 1515, 1518, 1519, 1521, 1522, 1523, 1524, 1525, 1526, 1527, 1529, 1532, 1534, 1536, 1537, 1538, 1539, 1549, 1550, 1551, 1552, 1553, 1554, 1555, 1556, 1557, 1558, 1560, 1561, 1562, 1563, 1564, 1565, 1566, 1567, 1568, 1569, 1570, 1571, 1572, 1573, 1574, 1575, 1576, 1578, 1579, 1584, 1585, 1586, 1587, 1588, 1589, 1590, 1591, 1592, 1593, 1594, 1595, 1596, 1597, 1598, 1599, 1600, 1601, 1602, 1603, 1604, 1605, 1606, 1607, 1608, 1609, 1610, 1611, 1612, 1613, 1614, 1615, 1616, 1617, 1618, 1619, 1620, 1621, 1622, 1623, 1624, 1625, 1626, 1627, 1628, 1629, 1630, 1631, 1632, 1633, 1634, 1635, 1636, 1637, 1638, 1639, 1640, 1641, 1642, 1643, 1644, 1645, 1646, 1647, 1648, 1649, 1650, 1651, 1652, 1653, 1654, 1655]}}