{"histogram": {"y": [2, 1, 0, 5, 8, 15, 27, 39, 32, 122, 11, 7, 10, 3, 20], "x": [1536.0, 1544.0, 1552.0, 1560.0, 1568.0, 1576.0, 1584.0, 1592.0, 1600.0, 1608.0, 1616.0, 1624.0, 1632.0, 1640.0, 1648.0]}, "percentile": {"y": [99.4, 99.1, 98.7, 97.4, 97.1, 95.4, 94.7, 90.1, 89.8, 88.8, 87.1, 85.4, 83.4, 82.1, 81.4, 80.8, 79.1, 78.8, 78.5, 76.8, 74.5, 70.8, 67.8, 65.5, 60.2, 59.5, 59.2, 58.9, 57.9, 57.2, 56.9, 52.5, 48.9, 45.6, 39.6, 19.299999999999997, 17.299999999999997, 16.700000000000003, 16.299999999999997, 15.299999999999997, 15.0, 14.700000000000003, 14.0, 13.299999999999997, 13.0, 12.0, 11.299999999999997, 11.0, 10.700000000000003, 10.299999999999997, 9.400000000000006, 8.700000000000003, 8.400000000000006, 7.700000000000003, 7.400000000000006, 7.0, 6.400000000000006, 6.0, -0.29999999999999716], "x": [1539, 1549, 1562, 1564, 1573, 1574, 1575, 1576, 1580, 1585, 1586, 1587, 1588, 1589, 1590, 1591, 1592, 1594, 1595, 1596, 1597, 1598, 1599, 1600, 1601, 1602, 1603, 1604, 1605, 1606, 1608, 1609, 1610, 1611, 1612, 1613, 1614, 1615, 1616, 1618, 1619, 1620, 1621, 1622, 1623, 1624, 1625, 1626, 1630, 1633, 1634, 1635, 1636, 1637, 1638, 1645, 1647, 1649, 1650]}}