{"percentile": {"y": [100.0, 99.9, 99.8, 99.8, 99.6, 99.5, 99.4, 99.3, 99.0, 98.9, 98.6, 98.4, 98.4, 98.2, 98.0, 97.7, 97.5, 97.4, 97.4, 97.3, 97.3, 97.2, 97.0, 96.7, 96.3, 96.1, 95.8, 95.6, 95.1, 95.0, 95.0, 94.9, 94.9, 94.8, 94.5, 94.0, 93.1, 92.5, 91.5, 91.3, 91.2, 91.1, 91.0, 91.0, 90.9, 90.8, 89.8, 88.5, 87.0, 78.6, 78.5, 78.4, 78.4, 78.3, 77.7, 76.8, 75.9, 74.0, 72.0, 71.5, 71.1, 70.5, 69.8, 69.2, 68.8, 67.6, 66.2, 64.3, 61.8, 58.9, 55.5, 55.1, 54.1, 53.2, 52.9, 52.4, 52.0, 50.6, 48.4, 45.3, 41.7, 37.3, 18.5, 17.299999999999997, 16.400000000000006, 15.599999999999994, 14.900000000000006, 14.099999999999994, 13.700000000000003, 12.0, 11.099999999999994, 10.700000000000003, 10.099999999999994, 9.400000000000006, 9.099999999999994, 8.599999999999994, 8.299999999999997, 8.0, 7.400000000000006, 7.200000000000003, 6.799999999999997, 6.299999999999997, 6.0, 5.700000000000003, 5.599999999999994, 5.299999999999997, 5.0, 4.900000000000006, 4.599999999999994, 4.099999999999994, 3.799999999999997, 3.5999999999999943, 3.299999999999997, 3.200000000000003, 3.0, 3.0, 2.9000000000000057, 1.7999999999999972, 1.5, 1.2999999999999972, 1.2000000000000028, 0.7000000000000028, 0.0], "x": [1439, 1441, 1465, 1477, 1478, 1489, 1490, 1501, 1502, 1513, 1514, 1515, 1518, 1521, 1525, 1526, 1527, 1529, 1530, 1531, 1533, 1534, 1537, 1538, 1539, 1549, 1550, 1551, 1552, 1554, 1555, 1556, 1557, 1559, 1560, 1561, 1562, 1563, 1564, 1565, 1567, 1568, 1569, 1570, 1571, 1572, 1573, 1574, 1575, 1576, 1578, 1580, 1582, 1584, 1585, 1586, 1587, 1588, 1589, 1590, 1591, 1592, 1593, 1594, 1595, 1596, 1597, 1598, 1599, 1600, 1601, 1602, 1603, 1604, 1605, 1606, 1607, 1608, 1609, 1610, 1611, 1612, 1613, 1614, 1615, 1616, 1617, 1618, 1619, 1620, 1621, 1622, 1623, 1624, 1625, 1626, 1627, 1628, 1629, 1630, 1631, 1632, 1633, 1634, 1635, 1636, 1637, 1638, 1640, 1641, 1642, 1643, 1644, 1645, 1646, 1648, 1649, 1650, 1651, 1652, 1653, 1654, 1655]}, "histogram": {"y": [1, 3, 0, 0, 1, 7, 0, 4, 10, 0, 16, 22, 7, 21, 18, 20, 90, 103, 214, 181, 230, 242, 884, 154, 82, 49, 45, 75, 0], "x": [1432.0, 1440.0, 1448.0, 1456.0, 1464.0, 1472.0, 1480.0, 1488.0, 1496.0, 1504.0, 1512.0, 1520.0, 1528.0, 1536.0, 1544.0, 1552.0, 1560.0, 1568.0, 1576.0, 1584.0, 1592.0, 1600.0, 1608.0, 1616.0, 1624.0, 1632.0, 1640.0, 1648.0, 1656.0]}}