{"histogram": {"x": [234.0, 252.0, 270.0, 288.0, 306.0, 324.0, 342.0, 360.0, 378.0, 396.0, 414.0, 432.0, 450.0, 468.0, 486.0, 504.0, 522.0, 540.0, 558.0, 576.0, 594.0, 612.0, 630.0, 648.0, 666.0, 684.0, 702.0, 720.0, 738.0, 756.0, 774.0, 792.0, 810.0, 828.0, 846.0, 864.0, 882.0, 900.0, 918.0, 936.0, 954.0, 972.0, 990.0, 1008.0, 1026.0, 1044.0, 1062.0, 1080.0, 1098.0, 1116.0, 1134.0, 1152.0, 1170.0, 1188.0, 1206.0, 1224.0, 1242.0, 1260.0, 1278.0, 1296.0, 1314.0, 1332.0, 1350.0, 1368.0, 1386.0, 1404.0, 1422.0, 1440.0, 1458.0, 1476.0, 1494.0, 1512.0, 1530.0, 1548.0, 1566.0, 1584.0, 1602.0, 1620.0, 1638.0, 1656.0], "y": [1, 0, 0, 0, 0, 0, 0, 0, 0, 0, 0, 0, 0, 0, 0, 0, 0, 0, 0, 0, 0, 0, 0, 0, 0, 0, 0, 0, 0, 0, 0, 0, 0, 0, 0, 0, 0, 0, 0, 0, 0, 0, 0, 0, 0, 0, 0, 0, 0, 0, 0, 0, 0, 0, 0, 0, 0, 0, 0, 0, 0, 0, 0, 0, 0, 0, 0, 0, 0, 0, 0, 0, 4, 0, 9, 2, 25, 32, 1, 2, 0]}, "percentile": {"x": [228, 1513, 1515, 1526, 1527, 1549, 1550, 1551, 1552, 1561, 1564, 1572, 1573, 1585, 1587, 1588, 1589, 1593, 1594, 1596, 1597, 1598, 1599, 1600, 1601, 1608, 1609, 1610, 1611, 1612, 1613, 1621, 1650], "y": [98.7, 97.4, 96.0, 94.7, 93.4, 92.0, 90.7, 88.0, 84.0, 82.7, 81.4, 80.0, 78.7, 77.4, 74.7, 73.4, 72.0, 69.4, 68.0, 62.7, 61.4, 57.4, 54.7, 48.0, 45.4, 44.0, 42.7, 33.400000000000006, 28.0, 22.700000000000003, 2.700000000000003, 1.4000000000000057, -1.2999999999999972]}}