{"histogram": {"x": [1536.0, 1544.0, 1552.0, 1560.0, 1568.0, 1576.0, 1584.0, 1592.0, 1600.0, 1608.0, 1616.0, 1624.0, 1632.0, 1640.0, 1648.0], "y": [3, 1, 1, 7, 3, 8, 8, 6, 8, 23, 5, 1, 3, 3, 0]}, "percentile": {"x": [1537, 1539, 1551, 1559, 1561, 1563, 1564, 1572, 1574, 1576, 1586, 1587, 1588, 1589, 1592, 1598, 1599, 1600, 1601, 1602, 1603, 1607, 1608, 1609, 1612, 1613, 1614, 1616, 1618, 1620, 1621, 1625, 1632, 1633, 1636, 1645, 1647], "y": [98.8, 96.3, 95.0, 93.7, 92.5, 89.9, 84.9, 83.6, 81.1, 70.9, 69.7, 67.1, 64.6, 60.8, 59.5, 54.5, 53.2, 51.9, 49.4, 45.6, 44.4, 43.1, 40.6, 38.0, 33.0, 15.200000000000003, 14.0, 12.700000000000003, 11.400000000000006, 8.900000000000006, 7.599999999999994, 6.400000000000006, 5.099999999999994, 3.799999999999997, 2.5999999999999943, 0.0, -1.2000000000000028]}}