{"percentile": {"y": [99.6, 99.4, 99.1, 98.9, 98.7, 98.2, 98.0, 97.5, 96.1, 89.6, 88.9, 87.5, 86.5, 85.4, 84.0, 83.5, 82.3, 81.9, 81.6, 81.4, 80.9, 80.5, 79.3, 77.7, 76.5, 74.2, 70.7, 70.0, 68.8, 68.1, 67.4, 66.9, 65.8, 63.7, 60.4, 55.8, 51.6, 22.900000000000006, 22.200000000000003, 21.700000000000003, 21.5, 21.299999999999997, 20.099999999999994, 18.700000000000003, 16.599999999999994, 15.700000000000003, 15.0, 13.799999999999997, 13.299999999999997, 13.099999999999994, 12.900000000000006, 12.200000000000003, 11.200000000000003, 11.0, 10.5, 9.599999999999994, 8.900000000000006, 8.700000000000003, 8.0, 7.299999999999997, 7.0, 6.799999999999997, 6.299999999999997, 5.900000000000006, 5.400000000000006, 5.200000000000003, 4.700000000000003, 4.5, 4.0, 1.4000000000000057, 1.0, 0.7000000000000028, -0.20000000000000284], "x": [1538, 1550, 1551, 1552, 1562, 1564, 1568, 1573, 1575, 1576, 1585, 1586, 1587, 1588, 1589, 1590, 1591, 1592, 1593, 1594, 1595, 1596, 1597, 1598, 1599, 1600, 1601, 1602, 1603, 1604, 1605, 1606, 1608, 1609, 1610, 1611, 1612, 1613, 1614, 1615, 1616, 1617, 1618, 1619, 1620, 1622, 1623, 1624, 1625, 1626, 1627, 1628, 1629, 1630, 1631, 1632, 1634, 1635, 1636, 1637, 1638, 1640, 1641, 1642, 1643, 1644, 1646, 1648, 1649, 1650, 1651, 1652, 1655]}, "histogram": {"y": [2, 6, 37, 81, 223, 49, 32, 0], "x": [1548.0, 1566.0, 1584.0, 1602.0, 1620.0, 1638.0, 1656.0]}}