{"percentile": {"y": [99.0, 98.0, 97.0, 96.0, 94.9, 93.9, 92.9, 91.9, 87.8, 86.8, 85.8, 83.7, 82.7, 81.7, 79.6, 78.6, 76.6, 74.5, 73.5, 72.5, 70.5, 68.4, 66.4, 63.3, 56.2, 33.7, 32.7, 31.700000000000003, 30.700000000000003, 29.599999999999994, 28.599999999999994, 27.599999999999994, 24.5, 22.5, 20.5, 19.400000000000006, 18.400000000000006, 17.400000000000006, 16.400000000000006, 15.400000000000006, 14.299999999999997, 12.299999999999997, 11.299999999999997, 0.0, -1.0], "x": [1528, 1551, 1552, 1556, 1563, 1570, 1572, 1574, 1576, 1585, 1586, 1587, 1592, 1598, 1599, 1600, 1601, 1602, 1605, 1606, 1608, 1609, 1610, 1611, 1612, 1613, 1615, 1616, 1617, 1618, 1619, 1622, 1623, 1625, 1626, 1628, 1636, 1638, 1644, 1645, 1646, 1647, 1649, 1650, 1654]}, "histogram": {"y": [1, 0, 1, 2, 1, 3, 4, 4, 4, 7, 39, 8, 5, 2, 5, 13, 0], "x": [1528.0, 1536.0, 1544.0, 1552.0, 1560.0, 1568.0, 1576.0, 1584.0, 1592.0, 1600.0, 1608.0, 1616.0, 1624.0, 1632.0, 1640.0, 1648.0, 1656.0]}}