{"percentile": {"x": [425, 473, 479, 720, 916, 985, 1047, 1123, 1168, 1191, 1247, 1258, 1279, 1282, 1299, 1325, 1329, 1332, 1357, 1387, 1407, 1417, 1424, 1432, 1434, 1441, 1453, 1465, 1476, 1477, 1478, 1488, 1489, 1490, 1500, 1501, 1502, 1513, 1514, 1515, 1518, 1524, 1525, 1526, 1527, 1529, 1536, 1537, 1538, 1539, 1541, 1548, 1549, 1550, 1551, 1552, 1553, 1554, 1555, 1556, 1557, 1559, 1560, 1561, 1562, 1563, 1564, 1565, 1567, 1568, 1572, 1573, 1574, 1575, 1576, 1580, 1584, 1585, 1586, 1587, 1588, 1589, 1590, 1593, 1594, 1595, 1596, 1597, 1598, 1599, 1600, 1601, 1605, 1607, 1608, 1609, 1610, 1611, 1612, 1613, 1614, 1615, 1618, 1619, 1620, 1621, 1625, 1646, 1649, 1650], "y": [99.8, 99.6, 99.4, 99.1, 98.9, 98.7, 98.4, 98.2, 98.0, 97.7, 97.5, 97.3, 97.0, 96.8, 96.6, 96.3, 96.1, 95.9, 95.6, 95.4, 95.2, 94.9, 94.7, 94.5, 94.2, 93.3, 92.4, 90.1, 89.6, 89.1, 88.4, 87.5, 86.6, 85.7, 85.4, 85.0, 83.8, 83.1, 82.4, 80.6, 80.3, 79.4, 77.1, 75.5, 74.1, 73.8, 73.4, 72.7, 71.0, 70.1, 69.9, 69.7, 68.3, 66.9, 65.2, 61.8, 61.3, 61.1, 60.8, 60.6, 59.9, 59.7, 58.1, 55.7, 51.1, 49.2, 46.5, 46.2, 46.0, 45.8, 45.5, 44.6, 42.5, 41.8, 40.0, 39.7, 39.5, 37.2, 34.2, 31.599999999999994, 29.099999999999994, 25.799999999999997, 25.299999999999997, 24.900000000000006, 24.599999999999994, 23.900000000000006, 22.799999999999997, 22.099999999999994, 20.200000000000003, 17.900000000000006, 17.200000000000003, 15.400000000000006, 15.099999999999994, 14.700000000000003, 13.0, 11.200000000000003, 9.299999999999997, 8.599999999999994, 7.700000000000003, 3.799999999999997, 3.5, 3.299999999999997, 3.0999999999999943, 2.799999999999997, 2.4000000000000057, 2.0999999999999943, 1.9000000000000057, 1.7000000000000028, 1.4000000000000057, -0.20000000000000284]}, "histogram": {"x": [432.0, 450.0, 468.0, 486.0, 504.0, 522.0, 540.0, 558.0, 576.0, 594.0, 612.0, 630.0, 648.0, 666.0, 684.0, 702.0, 720.0, 738.0, 756.0, 774.0, 792.0, 810.0, 828.0, 846.0, 864.0, 882.0, 900.0, 918.0, 936.0, 954.0, 972.0, 990.0, 1008.0, 1026.0, 1044.0, 1062.0, 1080.0, 1098.0, 1116.0, 1134.0, 1152.0, 1170.0, 1188.0, 1206.0, 1224.0, 1242.0, 1260.0, 1278.0, 1296.0, 1314.0, 1332.0, 1350.0, 1368.0, 1386.0, 1404.0, 1422.0, 1440.0, 1458.0, 1476.0, 1494.0, 1512.0, 1530.0, 1548.0, 1566.0, 1584.0, 1602.0, 1620.0, 1638.0, 1656.0], "y": [1, 0, 0, 2, 0, 0, 0, 0, 0, 0, 0, 0, 0, 0, 0, 0, 0, 1, 0, 0, 0, 0, 0, 0, 0, 0, 0, 1, 0, 0, 0, 1, 0, 0, 0, 1, 0, 0, 0, 1, 0, 1, 0, 1, 0, 0, 2, 0, 2, 1, 2, 1, 1, 0, 1, 2, 3, 8, 10, 19, 8, 43, 17, 102, 28, 105, 54, 4, 9, 0]}}