{"percentile": {"x": [1504, 1524, 1539, 1542, 1551, 1552, 1558, 1562, 1563, 1573, 1576, 1584, 1585, 1587, 1588, 1589, 1596, 1598, 1599, 1600, 1607, 1609, 1611, 1612, 1613, 1623, 1625, 1633, 1634, 1635, 1649, 1650], "y": [98.5, 96.9, 95.4, 93.8, 92.2, 89.1, 87.5, 86.0, 84.4, 82.9, 79.7, 76.6, 75.0, 71.9, 68.8, 67.2, 61.0, 57.9, 54.7, 50.0, 48.5, 46.9, 43.8, 32.900000000000006, 18.799999999999997, 17.200000000000003, 15.700000000000003, 14.099999999999994, 11.0, 9.400000000000006, 7.900000000000006, -1.5]}, "histogram": {"x": [1504.0, 1512.0, 1520.0, 1528.0, 1536.0, 1544.0, 1552.0, 1560.0, 1568.0, 1576.0, 1584.0, 1592.0, 1600.0, 1608.0, 1616.0, 1624.0, 1632.0, 1640.0, 1648.0, 1656.0], "y": [1, 0, 1, 0, 2, 1, 3, 2, 1, 2, 8, 8, 4, 19, 1, 1, 4, 0, 7, 0]}}