{"percentile": {"x": [1202, 1216, 1488, 1502, 1513, 1514, 1515, 1525, 1526, 1527, 1539, 1549, 1550, 1551, 1552, 1558, 1560, 1562, 1563, 1567, 1573, 1574, 1576, 1584, 1585, 1586, 1587, 1588, 1589, 1593, 1595, 1596, 1598, 1599, 1600, 1601, 1608, 1610, 1611, 1612, 1613, 1617, 1620, 1621, 1624, 1650], "y": [98.8, 97.5, 96.2, 93.6, 92.4, 91.1, 88.5, 87.2, 85.9, 84.7, 80.8, 79.5, 77.0, 75.7, 73.1, 71.8, 70.6, 69.3, 62.9, 61.6, 60.3, 56.5, 53.9, 51.3, 46.2, 43.6, 42.4, 41.1, 37.2, 35.900000000000006, 34.7, 33.400000000000006, 29.5, 23.099999999999994, 20.599999999999994, 16.700000000000003, 12.900000000000006, 11.599999999999994, 10.299999999999997, 6.5, 5.200000000000003, 3.9000000000000057, 2.5999999999999943, 1.2999999999999972, 0.0, -1.2000000000000028]}, "histogram": {"x": [1200.0, 1208.0, 1216.0, 1224.0, 1232.0, 1240.0, 1248.0, 1256.0, 1264.0, 1272.0, 1280.0, 1288.0, 1296.0, 1304.0, 1312.0, 1320.0, 1328.0, 1336.0, 1344.0, 1352.0, 1360.0, 1368.0, 1376.0, 1384.0, 1392.0, 1400.0, 1408.0, 1416.0, 1424.0, 1432.0, 1440.0, 1448.0, 1456.0, 1464.0, 1472.0, 1480.0, 1488.0, 1496.0, 1504.0, 1512.0, 1520.0, 1528.0, 1536.0, 1544.0, 1552.0, 1560.0, 1568.0, 1576.0, 1584.0, 1592.0, 1600.0, 1608.0, 1616.0, 1624.0, 1632.0, 1640.0, 1648.0, 1656.0], "y": [1, 0, 1, 0, 0, 0, 0, 0, 0, 0, 0, 0, 0, 0, 0, 0, 0, 0, 0, 0, 0, 0, 0, 0, 0, 0, 0, 0, 0, 0, 0, 0, 0, 0, 0, 0, 1, 2, 0, 4, 3, 0, 3, 4, 3, 8, 4, 2, 13, 11, 5, 9, 3, 1, 0, 0, 1, 0]}}