{"histogram": {"x": [1376.0, 1384.0, 1392.0, 1400.0, 1408.0, 1416.0, 1424.0, 1432.0, 1440.0, 1448.0, 1456.0, 1464.0, 1472.0, 1480.0, 1488.0, 1496.0, 1504.0, 1512.0, 1520.0, 1528.0, 1536.0, 1544.0, 1552.0, 1560.0, 1568.0, 1576.0, 1584.0, 1592.0, 1600.0, 1608.0, 1616.0, 1624.0, 1632.0, 1640.0, 1648.0], "y": [1, 0, 0, 0, 0, 0, 0, 0, 0, 0, 0, 0, 1, 0, 2, 4, 0, 7, 3, 0, 2, 11, 6, 19, 8, 2, 26, 31, 22, 74, 9, 4, 6, 2, 9]}, "percentile": {"x": [1380, 1478, 1489, 1495, 1502, 1513, 1514, 1515, 1517, 1524, 1525, 1527, 1538, 1539, 1549, 1550, 1551, 1552, 1557, 1560, 1561, 1562, 1563, 1564, 1565, 1570, 1572, 1573, 1574, 1575, 1576, 1584, 1585, 1586, 1587, 1588, 1589, 1592, 1595, 1596, 1597, 1598, 1599, 1600, 1601, 1604, 1607, 1608, 1609, 1610, 1611, 1612, 1613, 1614, 1615, 1618, 1620, 1622, 1624, 1625, 1626, 1631, 1632, 1634, 1635, 1637, 1646, 1647, 1648, 1649, 1650], "y": [99.6, 99.2, 98.8, 98.4, 96.8, 95.6, 94.8, 94.4, 94.0, 93.6, 93.2, 92.8, 92.4, 92.0, 90.8, 89.6, 87.5, 85.5, 85.1, 84.3, 82.3, 79.9, 78.7, 77.9, 77.5, 77.1, 76.3, 75.5, 74.6, 74.2, 73.4, 72.6, 71.8, 69.8, 68.6, 67.0, 63.0, 62.5, 61.7, 58.5, 55.3, 52.9, 50.5, 46.4, 43.2, 42.4, 41.6, 39.6, 36.7, 34.3, 30.299999999999997, 25.900000000000006, 13.0, 12.099999999999994, 11.700000000000003, 11.299999999999997, 8.5, 8.099999999999994, 7.700000000000003, 7.299999999999997, 6.900000000000006, 6.5, 5.700000000000003, 4.900000000000006, 4.5, 4.099999999999994, 3.700000000000003, 3.299999999999997, 2.5, 2.0999999999999943, -0.4000000000000057]}}