{"histogram": {"y": [1, 0, 6, 1, 8, 5, 12, 11, 88, 23, 17, 5, 4, 8, 0], "x": [1544.0, 1552.0, 1560.0, 1568.0, 1576.0, 1584.0, 1592.0, 1600.0, 1608.0, 1616.0, 1624.0, 1632.0, 1640.0, 1648.0, 1656.0]}, "percentile": {"y": [99.5, 99.0, 96.9, 96.3, 95.8, 91.5, 91.0, 90.5, 89.9, 88.9, 87.8, 85.7, 85.2, 83.6, 82.5, 80.4, 78.8, 78.2, 77.7, 77.2, 76.6, 75.6, 71.3, 67.1, 61.2, 57.5, 30.400000000000006, 29.799999999999997, 28.200000000000003, 26.599999999999994, 23.5, 21.900000000000006, 19.700000000000003, 19.200000000000003, 18.700000000000003, 17.599999999999994, 16.0, 14.400000000000006, 13.299999999999997, 12.799999999999997, 12.299999999999997, 10.700000000000003, 8.599999999999994, 8.0, 7.5, 5.900000000000006, 4.299999999999997, 3.799999999999997, 3.200000000000003, 0.0, -0.5], "x": [1551, 1560, 1564, 1566, 1575, 1576, 1587, 1588, 1589, 1590, 1593, 1595, 1597, 1598, 1599, 1600, 1601, 1603, 1605, 1606, 1607, 1608, 1609, 1610, 1611, 1612, 1613, 1614, 1616, 1617, 1618, 1619, 1620, 1621, 1622, 1623, 1624, 1625, 1626, 1628, 1629, 1630, 1631, 1632, 1633, 1634, 1643, 1644, 1648, 1650, 1655]}}