{"percentile": {"x": [1539, 1556, 1563, 1576, 1589, 1594, 1597, 1600, 1606, 1609, 1610, 1612, 1613, 1632, 1636, 1650], "y": [95.9, 91.7, 87.5, 79.2, 75.0, 66.7, 62.5, 58.4, 54.2, 50.0, 45.9, 41.7, 12.5, 8.400000000000006, 4.200000000000003, -4.099999999999994]}, "histogram": {"x": [1536.0, 1544.0, 1552.0, 1560.0, 1568.0, 1576.0, 1584.0, 1592.0, 1600.0, 1608.0, 1616.0, 1624.0, 1632.0, 1640.0, 1648.0], "y": [1, 0, 1, 1, 0, 2, 1, 3, 2, 10, 0, 0, 2, 0, 2]}}