{"percentile": {"y": [99.0, 97.9, 96.9, 95.8, 94.8, 92.7, 91.6, 90.6, 86.4, 79.0, 77.9, 76.9, 74.8, 70.6, 69.5, 68.5, 67.4, 66.4, 65.3, 63.2, 61.1, 59.0, 54.8, 49.5, 47.4, 45.3, 42.2, 39.0, 34.8, 14.799999999999997, 13.700000000000003, 12.700000000000003, 11.599999999999994, 10.599999999999994, 9.5, 8.5, 7.400000000000006, 6.400000000000006, 5.299999999999997, 4.299999999999997, 3.200000000000003, -1.0], "x": [1490, 1539, 1552, 1554, 1561, 1563, 1564, 1573, 1575, 1576, 1584, 1585, 1586, 1588, 1589, 1591, 1592, 1593, 1595, 1596, 1597, 1598, 1599, 1600, 1601, 1606, 1610, 1611, 1612, 1613, 1614, 1615, 1617, 1618, 1620, 1623, 1625, 1634, 1635, 1636, 1649, 1650]}, "histogram": {"y": [1, 0, 0, 1, 6, 12, 30, 35, 6, 5], "x": [1494.0, 1512.0, 1530.0, 1548.0, 1566.0, 1584.0, 1602.0, 1620.0, 1638.0]}}