{"percentile": {"y": [96.2, 92.4, 88.5, 84.7, 80.8, 77.0, 73.1, 61.6, 53.9, 34.7, 23.099999999999994, 19.299999999999997, 15.400000000000006, 7.700000000000003, 0.0, -3.799999999999997], "x": [1576, 1587, 1589, 1599, 1601, 1609, 1610, 1611, 1612, 1613, 1614, 1621, 1630, 1643, 1650, 1655]}, "histogram": {"y": [1, 2, 1, 1, 15, 1, 1, 0, 2, 3, 0], "x": [1576.0, 1584.0, 1592.0, 1600.0, 1608.0, 1616.0, 1624.0, 1632.0, 1640.0, 1648.0, 1656.0]}}