{"percentile": {"y": [98.2, 96.3, 94.5, 92.6, 90.8, 88.9, 85.2, 83.4, 81.5, 79.7, 76.0, 68.6, 66.7, 63.0, 61.2, 40.8, 38.9, 37.1, 33.400000000000006, 31.5, 29.700000000000003, 26.0, 24.099999999999994, 22.299999999999997, 18.599999999999994, 14.900000000000006, -1.7999999999999972], "x": [1476, 1482, 1536, 1539, 1552, 1564, 1589, 1596, 1598, 1600, 1608, 1609, 1610, 1611, 1612, 1613, 1614, 1615, 1620, 1621, 1622, 1623, 1631, 1632, 1635, 1648, 1650]}, "histogram": {"y": [2, 0, 0, 2, 2, 0, 5, 23, 10, 11, 0], "x": [1494.0, 1512.0, 1530.0, 1548.0, 1566.0, 1584.0, 1602.0, 1620.0, 1638.0, 1656.0]}}