{"percentile": {"x": [1478, 1491, 1502, 1514, 1525, 1526, 1536, 1538, 1539, 1551, 1552, 1559, 1560, 1561, 1562, 1563, 1564, 1566, 1567, 1573, 1574, 1575, 1576, 1584, 1585, 1586, 1587, 1588, 1589, 1590, 1591, 1592, 1593, 1594, 1595, 1596, 1597, 1598, 1599, 1600, 1601, 1602, 1603, 1604, 1605, 1606, 1607, 1608, 1609, 1610, 1611, 1612, 1613, 1614, 1615, 1616, 1617, 1618, 1619, 1620, 1621, 1622, 1623, 1624, 1625, 1626, 1627, 1628, 1629, 1631, 1632, 1633, 1634, 1635, 1639, 1640, 1642, 1649, 1650, 1654, 1655], "y": [99.8, 99.6, 99.3, 99.1, 98.8, 98.6, 98.3, 98.1, 97.8, 97.3, 97.1, 96.8, 96.6, 96.1, 95.9, 95.4, 94.4, 94.1, 93.6, 93.1, 92.6, 91.9, 84.7, 84.5, 83.0, 82.3, 81.0, 78.8, 77.6, 77.1, 75.6, 74.9, 73.6, 73.4, 72.4, 70.9, 69.9, 68.2, 64.2, 61.3, 59.3, 58.8, 58.3, 56.8, 56.1, 55.4, 54.6, 53.9, 51.7, 48.2, 44.2, 40.0, 20.799999999999997, 18.299999999999997, 17.099999999999994, 16.299999999999997, 15.099999999999994, 14.599999999999994, 14.400000000000006, 12.400000000000006, 12.099999999999994, 11.400000000000006, 10.400000000000006, 9.900000000000006, 9.700000000000003, 8.700000000000003, 8.0, 7.5, 7.200000000000003, 7.0, 6.200000000000003, 5.700000000000003, 5.5, 4.700000000000003, 4.0, 3.5, 3.0, 2.799999999999997, 1.2999999999999972, 0.29999999999999716, -0.20000000000000284]}, "histogram": {"x": [1494.0, 1512.0, 1530.0, 1548.0, 1566.0, 1584.0, 1602.0, 1620.0, 1638.0, 1656.0], "y": [2, 1, 3, 3, 14, 39, 103, 182, 39, 20, 0]}}