{"histogram": {"x": [378.0, 396.0, 414.0, 432.0, 450.0, 468.0, 486.0, 504.0, 522.0, 540.0, 558.0, 576.0, 594.0, 612.0, 630.0, 648.0, 666.0, 684.0, 702.0, 720.0, 738.0, 756.0, 774.0, 792.0, 810.0, 828.0, 846.0, 864.0, 882.0, 900.0, 918.0, 936.0, 954.0, 972.0, 990.0, 1008.0, 1026.0, 1044.0, 1062.0, 1080.0, 1098.0, 1116.0, 1134.0, 1152.0, 1170.0, 1188.0, 1206.0, 1224.0, 1242.0, 1260.0, 1278.0, 1296.0, 1314.0, 1332.0, 1350.0, 1368.0, 1386.0, 1404.0, 1422.0, 1440.0, 1458.0, 1476.0, 1494.0, 1512.0, 1530.0, 1548.0, 1566.0, 1584.0, 1602.0, 1620.0, 1638.0, 1656.0], "y": [1, 0, 0, 0, 0, 0, 0, 0, 0, 0, 0, 0, 0, 0, 0, 0, 0, 0, 0, 0, 0, 0, 0, 0, 0, 0, 0, 0, 0, 0, 0, 0, 0, 0, 0, 0, 0, 0, 0, 0, 0, 0, 0, 0, 0, 0, 0, 0, 0, 0, 0, 0, 0, 1, 0, 0, 0, 0, 0, 0, 0, 1, 0, 0, 1, 0, 7, 5, 12, 10, 3, 1, 0]}, "percentile": {"x": [360, 1319, 1465, 1527, 1552, 1556, 1557, 1560, 1563, 1569, 1573, 1574, 1576, 1585, 1586, 1587, 1588, 1591, 1596, 1599, 1600, 1601, 1606, 1611, 1612, 1613, 1614, 1620, 1622, 1637, 1650], "y": [97.6, 95.2, 92.7, 90.3, 83.0, 80.5, 78.1, 75.7, 73.2, 70.8, 68.3, 65.9, 61.0, 58.6, 56.1, 53.7, 51.3, 48.8, 44.0, 36.6, 34.2, 31.799999999999997, 26.900000000000006, 24.400000000000006, 19.599999999999994, 9.799999999999997, 7.400000000000006, 4.900000000000006, 2.5, 0.0, -2.4000000000000057]}}