{"percentile": {"x": [1488, 1514, 1520, 1525, 1550, 1551, 1552, 1560, 1563, 1564, 1570, 1575, 1585, 1587, 1588, 1595, 1596, 1597, 1598, 1599, 1601, 1603, 1604, 1608, 1609, 1610, 1611, 1612, 1613, 1636, 1648], "y": [97.6, 95.2, 92.7, 90.3, 85.4, 80.5, 78.1, 75.7, 73.2, 68.3, 65.9, 63.5, 61.0, 56.1, 51.3, 46.4, 44.0, 41.5, 39.1, 36.6, 34.2, 31.799999999999997, 29.299999999999997, 26.900000000000006, 24.400000000000006, 22.0, 19.599999999999994, 12.200000000000003, 2.5, 0.0, -2.4000000000000057]}, "histogram": {"x": [1494.0, 1512.0, 1530.0, 1548.0, 1566.0, 1584.0, 1602.0, 1620.0, 1638.0], "y": [1, 0, 3, 0, 9, 2, 12, 13, 1, 1]}}