{"percentile": {"x": [1573, 1574, 1575, 1576, 1585, 1587, 1588, 1589, 1591, 1592, 1593, 1595, 1597, 1598, 1599, 1600, 1601, 1603, 1606, 1607, 1608, 1609, 1610, 1611, 1612, 1613, 1614, 1615, 1616, 1617, 1618, 1619, 1620, 1622, 1623, 1624, 1625, 1626, 1633, 1634, 1635, 1636, 1637, 1638, 1640, 1644, 1648, 1650, 1655], "y": [99.6, 99.1, 98.6, 93.0, 92.5, 91.6, 90.2, 88.3, 87.4, 85.5, 85.0, 84.6, 83.6, 83.1, 80.3, 78.0, 73.8, 73.3, 71.9, 70.9, 70.0, 66.7, 64.8, 60.1, 55.0, 29.599999999999994, 28.200000000000003, 27.299999999999997, 25.900000000000006, 25.400000000000006, 24.5, 23.5, 20.700000000000003, 19.799999999999997, 19.299999999999997, 16.5, 14.599999999999994, 12.700000000000003, 12.299999999999997, 11.799999999999997, 11.299999999999997, 9.900000000000006, 9.400000000000006, 7.599999999999994, 7.099999999999994, 6.599999999999994, 6.200000000000003, 0.0, -0.4000000000000057]}, "histogram": {"x": [1568.0, 1576.0, 1584.0, 1592.0, 1600.0, 1608.0, 1616.0, 1624.0, 1632.0, 1640.0, 1648.0, 1656.0], "y": [3, 12, 12, 15, 20, 93, 17, 14, 11, 2, 15, 0]}}