{"percentile": {"x": [915, 963, 964, 1075, 1090, 1111, 1118, 1155, 1162, 1166, 1186, 1192, 1194, 1221, 1224, 1226, 1253, 1271, 1278, 1281, 1289, 1298, 1302, 1325, 1350, 1363, 1364, 1373, 1375, 1392, 1393, 1407, 1415, 1420, 1428, 1430, 1431, 1433, 1441, 1445, 1450, 1452, 1453, 1464, 1465, 1476, 1477, 1478, 1479, 1482, 1488, 1489, 1490, 1493, 1495, 1500, 1501, 1502, 1508, 1513, 1514, 1515, 1516, 1519, 1521, 1524, 1525, 1526, 1527, 1528, 1532, 1533, 1535, 1536, 1537, 1538, 1539, 1541, 1546, 1548, 1549, 1550, 1551, 1552, 1553, 1554, 1555, 1556, 1557, 1558, 1559, 1560, 1561, 1562, 1563, 1564, 1566, 1567, 1569, 1570, 1573, 1574, 1575, 1576, 1584, 1585, 1586, 1587, 1588, 1589, 1591, 1592, 1593, 1594, 1596, 1597, 1598, 1599, 1600, 1601, 1602, 1603, 1606, 1608, 1609, 1610, 1611, 1612, 1613, 1619, 1620, 1622, 1638, 1650], "y": [99.9, 99.7, 99.5, 99.3, 99.1, 98.9, 98.7, 98.5, 98.3, 98.1, 97.9, 97.5, 97.3, 97.1, 96.9, 96.7, 96.5, 96.3, 96.1, 95.9, 95.7, 95.5, 95.3, 95.1, 94.7, 94.3, 94.1, 93.9, 93.7, 93.5, 93.3, 93.1, 92.9, 92.8, 92.6, 92.4, 92.2, 92.0, 91.0, 90.8, 90.6, 90.2, 88.6, 88.4, 84.7, 84.5, 83.5, 82.7, 82.5, 82.3, 81.7, 80.3, 78.7, 78.6, 78.4, 78.2, 76.2, 73.4, 73.2, 71.6, 70.1, 66.9, 66.5, 66.3, 66.1, 64.2, 62.6, 59.4, 56.9, 56.7, 56.5, 56.3, 56.1, 55.3, 54.1, 53.5, 51.7, 51.5, 51.3, 50.7, 48.2, 45.2, 42.5, 38.9, 38.7, 38.5, 38.1, 37.9, 37.5, 37.1, 36.9, 35.2, 33.2, 32.0, 30.599999999999994, 28.599999999999994, 28.5, 28.099999999999994, 27.900000000000006, 27.700000000000003, 26.900000000000006, 26.5, 25.099999999999994, 24.700000000000003, 24.5, 23.5, 22.700000000000003, 20.0, 19.0, 15.799999999999997, 15.200000000000003, 14.599999999999994, 14.400000000000006, 14.099999999999994, 12.5, 11.299999999999997, 10.700000000000003, 9.099999999999994, 8.299999999999997, 7.200000000000003, 7.0, 6.799999999999997, 6.599999999999994, 5.799999999999997, 5.200000000000003, 4.400000000000006, 3.5999999999999943, 2.799999999999997, 1.4000000000000057, 1.0, 0.5999999999999943, 0.4000000000000057, 0.20000000000000284, -0.09999999999999432]}, "histogram": {"x": [912.0, 920.0, 928.0, 936.0, 944.0, 952.0, 960.0, 968.0, 976.0, 984.0, 992.0, 1000.0, 1008.0, 1016.0, 1024.0, 1032.0, 1040.0, 1048.0, 1056.0, 1064.0, 1072.0, 1080.0, 1088.0, 1096.0, 1104.0, 1112.0, 1120.0, 1128.0, 1136.0, 1144.0, 1152.0, 1160.0, 1168.0, 1176.0, 1184.0, 1192.0, 1200.0, 1208.0, 1216.0, 1224.0, 1232.0, 1240.0, 1248.0, 1256.0, 1264.0, 1272.0, 1280.0, 1288.0, 1296.0, 1304.0, 1312.0, 1320.0, 1328.0, 1336.0, 1344.0, 1352.0, 1360.0, 1368.0, 1376.0, 1384.0, 1392.0, 1400.0, 1408.0, 1416.0, 1424.0, 1432.0, 1440.0, 1448.0, 1456.0, 1464.0, 1472.0, 1480.0, 1488.0, 1496.0, 1504.0, 1512.0, 1520.0, 1528.0, 1536.0, 1544.0, 1552.0, 1560.0, 1568.0, 1576.0, 1584.0, 1592.0, 1600.0, 1608.0, 1616.0, 1624.0, 1632.0, 1640.0, 1648.0], "y": [1, 0, 0, 0, 0, 0, 2, 0, 0, 0, 0, 0, 0, 0, 0, 0, 0, 0, 0, 0, 1, 0, 1, 0, 1, 1, 0, 0, 0, 0, 1, 2, 0, 0, 1, 3, 0, 0, 1, 2, 0, 0, 1, 0, 1, 1, 1, 1, 2, 0, 0, 1, 0, 0, 2, 0, 3, 2, 0, 0, 2, 1, 1, 1, 3, 1, 6, 11, 0, 20, 11, 1, 20, 25, 1, 35, 48, 4, 23, 46, 28, 45, 15, 2, 48, 31, 13, 26, 5, 0, 1, 0, 2]}}