{"percentile": {"y": [98.3, 96.5, 94.7, 92.9, 91.1, 89.3, 87.5, 85.8, 84.0, 75.0, 69.7, 67.9, 66.1, 64.3, 62.5, 60.8, 59.0, 55.4, 53.6, 51.8, 48.3, 44.7, 41.1, 35.8, 32.2, 28.599999999999994, 26.799999999999997, 25.0, 21.5, 19.700000000000003, 17.900000000000006, 16.099999999999994, 14.299999999999997, 9.0, 1.7999999999999972, 0.0, -1.7000000000000028], "x": [1477, 1488, 1501, 1502, 1523, 1529, 1536, 1539, 1549, 1550, 1551, 1554, 1558, 1559, 1561, 1562, 1563, 1564, 1572, 1573, 1576, 1585, 1586, 1587, 1588, 1589, 1592, 1593, 1596, 1597, 1599, 1610, 1611, 1612, 1613, 1636, 1650]}, "histogram": {"y": [1, 0, 1, 2, 0, 0, 1, 1, 2, 9, 3, 5, 2, 2, 11, 6, 0, 9, 0, 0, 1, 0, 1], "x": [1472.0, 1480.0, 1488.0, 1496.0, 1504.0, 1512.0, 1520.0, 1528.0, 1536.0, 1544.0, 1552.0, 1560.0, 1568.0, 1576.0, 1584.0, 1592.0, 1600.0, 1608.0, 1616.0, 1624.0, 1632.0, 1640.0, 1648.0]}}