{"histogram": {"x": [1536.0, 1544.0, 1552.0, 1560.0, 1568.0, 1576.0, 1584.0, 1592.0, 1600.0, 1608.0, 1616.0, 1624.0, 1632.0, 1640.0, 1648.0], "y": [1, 1, 2, 0, 0, 1, 5, 2, 3, 2, 2, 0, 1, 0, 2]}, "percentile": {"x": [1539, 1550, 1552, 1576, 1584, 1587, 1588, 1598, 1600, 1601, 1612, 1613, 1616, 1621, 1638, 1650], "y": [95.3, 90.5, 81.0, 76.2, 71.5, 57.2, 52.4, 42.9, 33.400000000000006, 28.599999999999994, 23.900000000000006, 19.099999999999994, 14.299999999999997, 9.599999999999994, 4.799999999999997, -4.700000000000003]}}