{"percentile": {"y": [98.7, 97.4, 94.7, 93.4, 92.0, 90.7, 89.4, 86.7, 78.7, 76.0, 74.7, 73.4, 69.4, 66.7, 64.0, 62.7, 61.4, 57.4, 54.7, 53.4, 48.0, 46.7, 45.4, 42.7, 40.0, 37.4, 33.400000000000006, 32.0, 30.700000000000003, 29.400000000000006, 22.700000000000003, 21.400000000000006, 16.0, 14.700000000000003, 13.400000000000006, 8.0, 1.4000000000000057, 0.0, -1.2999999999999972], "x": [1079, 1132, 1465, 1490, 1498, 1499, 1500, 1501, 1502, 1514, 1515, 1524, 1525, 1538, 1539, 1549, 1550, 1552, 1557, 1561, 1562, 1564, 1573, 1586, 1587, 1589, 1597, 1598, 1599, 1600, 1601, 1606, 1608, 1609, 1610, 1611, 1613, 1620, 1639]}, "histogram": {"y": [1, 0, 0, 0, 0, 0, 0, 1, 0, 0, 0, 0, 0, 0, 0, 0, 0, 0, 0, 0, 0, 0, 0, 0, 0, 0, 0, 0, 0, 0, 0, 0, 0, 0, 0, 0, 0, 0, 0, 0, 0, 0, 0, 0, 0, 0, 0, 0, 0, 2, 0, 0, 1, 11, 0, 3, 4, 0, 4, 2, 5, 6, 1, 0, 6, 5, 7, 15, 1, 0, 1, 0], "x": [1072.0, 1080.0, 1088.0, 1096.0, 1104.0, 1112.0, 1120.0, 1128.0, 1136.0, 1144.0, 1152.0, 1160.0, 1168.0, 1176.0, 1184.0, 1192.0, 1200.0, 1208.0, 1216.0, 1224.0, 1232.0, 1240.0, 1248.0, 1256.0, 1264.0, 1272.0, 1280.0, 1288.0, 1296.0, 1304.0, 1312.0, 1320.0, 1328.0, 1336.0, 1344.0, 1352.0, 1360.0, 1368.0, 1376.0, 1384.0, 1392.0, 1400.0, 1408.0, 1416.0, 1424.0, 1432.0, 1440.0, 1448.0, 1456.0, 1464.0, 1472.0, 1480.0, 1488.0, 1496.0, 1504.0, 1512.0, 1520.0, 1528.0, 1536.0, 1544.0, 1552.0, 1560.0, 1568.0, 1576.0, 1584.0, 1592.0, 1600.0, 1608.0, 1616.0, 1624.0, 1632.0, 1640.0]}}