{"percentile": {"y": [99.2, 98.4, 97.6, 96.0, 94.4, 93.6, 92.8, 92.0, 90.4, 89.6, 88.8, 88.0, 86.3, 85.5, 84.7, 83.1, 79.9, 78.3, 75.0, 71.0, 68.6, 67.0, 64.6, 62.1, 59.7, 58.9, 58.1, 55.7, 52.5, 51.7, 50.0, 46.8, 44.4, 39.6, 33.900000000000006, 33.099999999999994, 32.3, 30.700000000000003, 28.299999999999997, 26.700000000000003, 25.900000000000006, 22.599999999999994, 21.799999999999997, 21.0, 17.0, 16.200000000000003, 15.400000000000006, 10.5, 8.900000000000006, 0.9000000000000057, 0.0, -0.7999999999999972], "x": [353, 1334, 1433, 1465, 1478, 1501, 1513, 1514, 1515, 1520, 1523, 1525, 1527, 1529, 1536, 1537, 1539, 1549, 1551, 1552, 1560, 1561, 1562, 1563, 1564, 1571, 1572, 1574, 1576, 1584, 1585, 1586, 1587, 1588, 1589, 1592, 1595, 1596, 1597, 1599, 1600, 1601, 1602, 1604, 1608, 1609, 1610, 1611, 1612, 1613, 1634, 1645]}, "histogram": {"y": [1, 0, 0, 0, 0, 0, 0, 0, 0, 0, 0, 0, 0, 0, 0, 0, 0, 0, 0, 0, 0, 0, 0, 0, 0, 0, 0, 0, 0, 0, 0, 0, 0, 0, 0, 0, 0, 0, 0, 0, 0, 0, 0, 0, 0, 0, 0, 0, 0, 0, 0, 0, 0, 0, 0, 1, 0, 0, 0, 0, 1, 0, 2, 2, 1, 10, 7, 25, 9, 37, 27, 1, 1], "x": [360.0, 378.0, 396.0, 414.0, 432.0, 450.0, 468.0, 486.0, 504.0, 522.0, 540.0, 558.0, 576.0, 594.0, 612.0, 630.0, 648.0, 666.0, 684.0, 702.0, 720.0, 738.0, 756.0, 774.0, 792.0, 810.0, 828.0, 846.0, 864.0, 882.0, 900.0, 918.0, 936.0, 954.0, 972.0, 990.0, 1008.0, 1026.0, 1044.0, 1062.0, 1080.0, 1098.0, 1116.0, 1134.0, 1152.0, 1170.0, 1188.0, 1206.0, 1224.0, 1242.0, 1260.0, 1278.0, 1296.0, 1314.0, 1332.0, 1350.0, 1368.0, 1386.0, 1404.0, 1422.0, 1440.0, 1458.0, 1476.0, 1494.0, 1512.0, 1530.0, 1548.0, 1566.0, 1584.0, 1602.0, 1620.0, 1638.0]}}