{"percentile": {"x": [1502, 1525, 1561, 1562, 1563, 1564, 1573, 1575, 1576, 1585, 1586, 1587, 1592, 1594, 1595, 1596, 1597, 1598, 1599, 1600, 1601, 1609, 1610, 1611, 1612, 1613, 1621, 1622, 1625, 1626, 1629, 1647, 1650], "y": [97.2, 95.8, 94.3, 92.9, 91.5, 90.0, 88.6, 87.2, 80.0, 78.6, 75.8, 74.3, 72.9, 71.5, 70.0, 67.2, 64.3, 62.9, 60.0, 55.8, 52.9, 51.5, 41.5, 38.6, 32.900000000000006, 17.200000000000003, 15.799999999999997, 14.299999999999997, 12.900000000000006, 11.5, 10.0, 8.599999999999994, -1.4000000000000057]}, "histogram": {"x": [1496.0, 1504.0, 1512.0, 1520.0, 1528.0, 1536.0, 1544.0, 1552.0, 1560.0, 1568.0, 1576.0, 1584.0, 1592.0, 1600.0, 1608.0, 1616.0, 1624.0, 1632.0, 1640.0, 1648.0], "y": [2, 0, 0, 1, 0, 0, 0, 0, 4, 2, 5, 4, 10, 5, 25, 2, 3, 0, 1, 7]}}