{"histogram": {"x": [720.0, 738.0, 756.0, 774.0, 792.0, 810.0, 828.0, 846.0, 864.0, 882.0, 900.0, 918.0, 936.0, 954.0, 972.0, 990.0, 1008.0, 1026.0, 1044.0, 1062.0, 1080.0, 1098.0, 1116.0, 1134.0, 1152.0, 1170.0, 1188.0, 1206.0, 1224.0, 1242.0, 1260.0, 1278.0, 1296.0, 1314.0, 1332.0, 1350.0, 1368.0, 1386.0, 1404.0, 1422.0, 1440.0, 1458.0, 1476.0, 1494.0, 1512.0, 1530.0, 1548.0, 1566.0, 1584.0, 1602.0, 1620.0, 1638.0, 1656.0], "y": [1, 0, 0, 0, 0, 0, 0, 0, 0, 0, 0, 0, 0, 0, 0, 0, 0, 0, 0, 0, 0, 0, 0, 0, 0, 0, 0, 0, 0, 0, 0, 0, 1, 0, 0, 0, 0, 0, 0, 0, 0, 0, 0, 0, 1, 1, 1, 3, 1, 24, 21, 4, 2, 0]}, "percentile": {"x": [707, 1289, 1502, 1513, 1532, 1561, 1563, 1564, 1573, 1584, 1586, 1588, 1589, 1591, 1597, 1599, 1600, 1601, 1608, 1609, 1610, 1612, 1613, 1614, 1620, 1624, 1626, 1632, 1650], "y": [98.4, 96.7, 95.0, 93.3, 91.6, 89.9, 88.2, 86.5, 84.8, 83.1, 79.7, 72.9, 69.5, 67.8, 62.8, 54.3, 47.5, 44.1, 40.7, 39.0, 37.3, 28.900000000000006, 11.900000000000006, 8.5, 6.799999999999997, 5.099999999999994, 3.4000000000000057, 1.7000000000000028, -1.5999999999999943]}}