{"percentile": {"x": [801, 960, 1042, 1096, 1111, 1176, 1216, 1332, 1338, 1407, 1431, 1441, 1442, 1445, 1448, 1452, 1453, 1454, 1465, 1478, 1480, 1485, 1488, 1489, 1490, 1492, 1498, 1500, 1501, 1502, 1513, 1514, 1515, 1517, 1518, 1519, 1520, 1521, 1522, 1523, 1524, 1525, 1526, 1527, 1536, 1537, 1538, 1539, 1543, 1548, 1549, 1550, 1551, 1552, 1553, 1554, 1555, 1556, 1557, 1558, 1560, 1561, 1562, 1563, 1564, 1569, 1570, 1571, 1573, 1574, 1575, 1576, 1584, 1585, 1586, 1587, 1588, 1589, 1590, 1591, 1592, 1593, 1595, 1596, 1597, 1598, 1599, 1600, 1601, 1602, 1603, 1604, 1607, 1608, 1609, 1610, 1611, 1612, 1613, 1614, 1615, 1617, 1618, 1620, 1621, 1645, 1650], "y": [99.8, 99.6, 99.4, 99.1, 98.9, 98.7, 98.5, 98.2, 98.0, 97.8, 97.5, 96.6, 96.4, 96.2, 95.9, 95.7, 94.1, 93.9, 91.1, 89.5, 89.3, 89.1, 88.9, 87.9, 86.6, 86.4, 86.1, 85.0, 83.6, 81.6, 78.8, 77.7, 75.2, 74.9, 74.7, 74.5, 74.3, 74.0, 73.6, 73.3, 72.2, 71.1, 69.0, 67.4, 66.9, 66.5, 65.8, 63.3, 63.1, 62.8, 60.3, 58.5, 55.8, 52.1, 51.9, 51.2, 50.7, 50.3, 49.6, 49.1, 45.7, 42.3, 38.6, 36.1, 34.5, 34.3, 33.8, 33.599999999999994, 32.7, 31.799999999999997, 30.400000000000006, 29.5, 29.0, 27.700000000000003, 26.299999999999997, 24.5, 21.5, 20.099999999999994, 19.900000000000006, 19.0, 18.5, 18.299999999999997, 18.099999999999994, 16.0, 14.700000000000003, 12.400000000000006, 11.700000000000003, 11.0, 9.900000000000006, 9.599999999999994, 9.200000000000003, 8.700000000000003, 8.5, 7.599999999999994, 7.400000000000006, 6.400000000000006, 6.0, 5.299999999999997, 2.0999999999999943, 1.9000000000000057, 1.5999999999999943, 1.4000000000000057, 1.2000000000000028, 1.0, 0.7000000000000028, 0.5, -0.20000000000000284]}, "histogram": {"x": [800.0, 808.0, 816.0, 824.0, 832.0, 840.0, 848.0, 856.0, 864.0, 872.0, 880.0, 888.0, 896.0, 904.0, 912.0, 920.0, 928.0, 936.0, 944.0, 952.0, 960.0, 968.0, 976.0, 984.0, 992.0, 1000.0, 1008.0, 1016.0, 1024.0, 1032.0, 1040.0, 1048.0, 1056.0, 1064.0, 1072.0, 1080.0, 1088.0, 1096.0, 1104.0, 1112.0, 1120.0, 1128.0, 1136.0, 1144.0, 1152.0, 1160.0, 1168.0, 1176.0, 1184.0, 1192.0, 1200.0, 1208.0, 1216.0, 1224.0, 1232.0, 1240.0, 1248.0, 1256.0, 1264.0, 1272.0, 1280.0, 1288.0, 1296.0, 1304.0, 1312.0, 1320.0, 1328.0, 1336.0, 1344.0, 1352.0, 1360.0, 1368.0, 1376.0, 1384.0, 1392.0, 1400.0, 1408.0, 1416.0, 1424.0, 1432.0, 1440.0, 1448.0, 1456.0, 1464.0, 1472.0, 1480.0, 1488.0, 1496.0, 1504.0, 1512.0, 1520.0, 1528.0, 1536.0, 1544.0, 1552.0, 1560.0, 1568.0, 1576.0, 1584.0, 1592.0, 1600.0, 1608.0, 1616.0, 1624.0, 1632.0, 1640.0, 1648.0, 1656.0], "y": [1, 0, 0, 0, 0, 0, 0, 0, 0, 0, 0, 0, 0, 0, 0, 0, 0, 0, 0, 0, 1, 0, 0, 0, 0, 0, 0, 0, 0, 0, 1, 0, 0, 0, 0, 0, 0, 1, 1, 0, 0, 0, 0, 0, 0, 0, 0, 1, 0, 0, 0, 0, 1, 0, 0, 0, 0, 0, 0, 0, 0, 0, 0, 0, 0, 0, 1, 1, 0, 0, 0, 0, 0, 0, 0, 1, 0, 0, 1, 0, 6, 10, 0, 12, 7, 2, 12, 21, 0, 31, 31, 0, 19, 32, 29, 64, 18, 4, 46, 32, 14, 30, 4, 0, 0, 1, 3, 0]}}