{"histogram": {"x": [450.0, 468.0, 486.0, 504.0, 522.0, 540.0, 558.0, 576.0, 594.0, 612.0, 630.0, 648.0, 666.0, 684.0, 702.0, 720.0, 738.0, 756.0, 774.0, 792.0, 810.0, 828.0, 846.0, 864.0, 882.0, 900.0, 918.0, 936.0, 954.0, 972.0, 990.0, 1008.0, 1026.0, 1044.0, 1062.0, 1080.0, 1098.0, 1116.0, 1134.0, 1152.0, 1170.0, 1188.0, 1206.0, 1224.0, 1242.0, 1260.0, 1278.0, 1296.0, 1314.0, 1332.0, 1350.0, 1368.0, 1386.0, 1404.0, 1422.0, 1440.0, 1458.0, 1476.0, 1494.0, 1512.0, 1530.0, 1548.0, 1566.0, 1584.0, 1602.0, 1620.0, 1638.0, 1656.0], "y": [1, 1, 1, 0, 0, 0, 0, 0, 0, 0, 0, 0, 0, 0, 0, 0, 0, 0, 0, 0, 0, 0, 0, 0, 0, 0, 0, 0, 0, 0, 0, 0, 0, 0, 0, 1, 0, 0, 0, 0, 0, 0, 1, 0, 0, 0, 0, 0, 0, 0, 1, 0, 1, 0, 0, 0, 0, 2, 8, 17, 19, 10, 54, 8, 99, 65, 8, 10, 0]}, "percentile": {"x": [439, 463, 480, 1062, 1193, 1345, 1382, 1462, 1465, 1477, 1478, 1488, 1489, 1490, 1501, 1502, 1513, 1514, 1515, 1519, 1524, 1525, 1526, 1527, 1538, 1539, 1548, 1549, 1550, 1551, 1552, 1553, 1555, 1557, 1558, 1560, 1561, 1562, 1563, 1564, 1573, 1574, 1575, 1576, 1583, 1584, 1585, 1586, 1587, 1588, 1589, 1590, 1591, 1592, 1593, 1595, 1596, 1597, 1598, 1599, 1600, 1601, 1602, 1603, 1604, 1605, 1608, 1609, 1610, 1611, 1612, 1613, 1614, 1620, 1622, 1624, 1625, 1637, 1650], "y": [99.7, 99.4, 99.1, 98.7, 98.4, 98.1, 97.8, 97.4, 97.1, 96.8, 96.1, 95.8, 94.8, 94.5, 93.8, 88.9, 87.6, 86.7, 85.3, 85.0, 84.4, 83.4, 83.1, 82.7, 82.4, 79.5, 78.8, 77.2, 75.2, 73.3, 70.3, 70.0, 69.7, 69.3, 68.7, 67.4, 65.1, 63.4, 62.1, 61.8, 61.5, 60.8, 60.5, 59.5, 59.2, 58.5, 55.9, 54.0, 51.7, 48.1, 45.8, 45.1, 44.5, 43.8, 43.5, 43.2, 40.2, 37.6, 34.7, 31.700000000000003, 29.799999999999997, 26.799999999999997, 26.5, 26.200000000000003, 25.900000000000006, 25.5, 23.900000000000006, 22.900000000000006, 20.299999999999997, 17.700000000000003, 13.400000000000006, 6.299999999999997, 5.599999999999994, 4.599999999999994, 4.299999999999997, 4.0, 3.299999999999997, 3.0, -0.29999999999999716]}}