{"percentile": {"x": [1465, 1539, 1549, 1550, 1551, 1552, 1560, 1562, 1564, 1572, 1573, 1574, 1575, 1584, 1585, 1586, 1587, 1588, 1589, 1593, 1598, 1599, 1600, 1603, 1608, 1609, 1610, 1611, 1612, 1615, 1618], "y": [97.7, 95.4, 93.1, 88.4, 83.8, 79.1, 76.8, 74.5, 72.1, 69.8, 67.5, 60.5, 58.2, 53.5, 46.6, 44.2, 34.900000000000006, 32.599999999999994, 30.299999999999997, 28.0, 23.299999999999997, 21.0, 18.700000000000003, 16.299999999999997, 14.0, 9.400000000000006, 7.0, 4.700000000000003, 2.4000000000000057, 0.0, -2.299999999999997]}, "histogram": {"x": [1464.0, 1472.0, 1480.0, 1488.0, 1496.0, 1504.0, 1512.0, 1520.0, 1528.0, 1536.0, 1544.0, 1552.0, 1560.0, 1568.0, 1576.0, 1584.0, 1592.0, 1600.0, 1608.0, 1616.0, 1624.0], "y": [1, 0, 0, 0, 0, 0, 0, 0, 0, 1, 5, 2, 3, 6, 0, 12, 4, 2, 7, 1, 0]}}