{"percentile": {"x": [1397, 1453, 1488, 1490, 1500, 1501, 1502, 1512, 1513, 1515, 1524, 1525, 1527, 1537, 1538, 1539, 1548, 1549, 1550, 1551, 1552, 1557, 1559, 1561, 1562, 1563, 1564, 1570, 1571, 1572, 1573, 1574, 1576, 1585, 1586, 1587, 1588, 1589, 1596, 1597, 1598, 1599, 1600, 1601, 1608, 1611, 1612, 1613, 1620, 1623], "y": [99.1, 98.2, 97.3, 93.7, 92.8, 91.9, 85.6, 84.7, 83.8, 82.0, 80.2, 79.3, 76.6, 74.8, 72.1, 68.5, 67.6, 66.7, 64.0, 59.5, 55.9, 55.0, 54.1, 52.3, 48.7, 46.9, 44.2, 43.3, 42.4, 38.8, 37.9, 36.1, 32.5, 31.599999999999994, 29.799999999999997, 28.900000000000006, 26.200000000000003, 23.5, 22.599999999999994, 20.799999999999997, 17.200000000000003, 15.400000000000006, 12.700000000000003, 9.099999999999994, 8.200000000000003, 6.400000000000006, 5.5, 1.0, 0.0, -0.9000000000000057]}, "histogram": {"x": [1392.0, 1400.0, 1408.0, 1416.0, 1424.0, 1432.0, 1440.0, 1448.0, 1456.0, 1464.0, 1472.0, 1480.0, 1488.0, 1496.0, 1504.0, 1512.0, 1520.0, 1528.0, 1536.0, 1544.0, 1552.0, 1560.0, 1568.0, 1576.0, 1584.0, 1592.0, 1600.0, 1608.0, 1616.0, 1624.0], "y": [1, 0, 0, 0, 0, 0, 0, 1, 0, 0, 0, 0, 5, 9, 0, 4, 6, 0, 9, 10, 6, 11, 9, 4, 10, 9, 7, 9, 2, 0]}}