{"percentile": {"y": [98.3, 96.6, 89.7, 88.0, 86.3, 82.8, 79.4, 77.6, 72.5, 70.7, 60.4, 55.2, 53.5, 51.8, 50.0, 48.3, 43.2, 27.599999999999994, 25.900000000000006, 22.5, 20.700000000000003, 19.0, 15.599999999999994, 13.799999999999997, 12.099999999999994, 10.400000000000006, 8.700000000000003, 6.900000000000006, 5.200000000000003, -1.7000000000000028], "x": [1564, 1573, 1575, 1576, 1587, 1588, 1589, 1596, 1598, 1599, 1600, 1601, 1603, 1606, 1609, 1610, 1612, 1613, 1616, 1620, 1621, 1622, 1624, 1625, 1626, 1644, 1646, 1647, 1648, 1650]}, "histogram": {"y": [1, 6, 19, 17, 8, 8], "x": [1566.0, 1584.0, 1602.0, 1620.0, 1638.0]}}