{"histogram": {"y": [1, 0, 0, 0, 2, 29, 131, 501, 1503, 421, 363, 0], "x": [1476.0, 1494.0, 1512.0, 1530.0, 1548.0, 1566.0, 1584.0, 1602.0, 1620.0, 1638.0, 1656.0]}, "percentile": {"y": [100.0, 100.0, 99.9, 99.9, 99.9, 99.8, 99.7, 99.7, 99.6, 99.5, 99.4, 99.4, 99.0, 98.9, 98.9, 98.8, 98.6, 98.3, 97.8, 94.6, 94.6, 94.5, 93.7, 93.4, 92.6, 91.7, 90.2, 90.1, 89.7, 89.2, 88.9, 88.4, 87.9, 87.4, 86.2, 84.7, 82.9, 80.6, 77.5, 77.2, 76.7, 76.5, 76.0, 75.6, 75.1, 74.0, 71.3, 67.9, 64.5, 58.4, 31.099999999999994, 30.099999999999994, 29.099999999999994, 28.5, 27.799999999999997, 27.099999999999994, 26.599999999999994, 25.200000000000003, 24.0, 23.0, 22.200000000000003, 20.5, 19.0, 17.700000000000003, 17.299999999999997, 16.900000000000006, 16.700000000000003, 16.400000000000006, 16.200000000000003, 15.700000000000003, 15.099999999999994, 14.599999999999994, 13.799999999999997, 13.0, 12.299999999999997, 11.5, 11.299999999999997, 11.0, 11.0, 10.799999999999997, 10.700000000000003, 10.5, 10.0, 9.599999999999994, 9.099999999999994, 8.799999999999997, 8.0, 1.0, 0.9000000000000057, 0.9000000000000057, 0.5999999999999943, 0.5999999999999943, 0.0], "x": [1465, 1538, 1539, 1549, 1550, 1551, 1552, 1559, 1560, 1561, 1562, 1563, 1564, 1566, 1569, 1572, 1573, 1574, 1575, 1576, 1577, 1582, 1585, 1586, 1587, 1588, 1589, 1590, 1591, 1592, 1593, 1594, 1595, 1596, 1597, 1598, 1599, 1600, 1601, 1602, 1603, 1604, 1605, 1606, 1607, 1608, 1609, 1610, 1611, 1612, 1613, 1614, 1615, 1616, 1617, 1618, 1619, 1620, 1621, 1622, 1623, 1624, 1625, 1626, 1627, 1628, 1629, 1630, 1631, 1632, 1633, 1634, 1635, 1636, 1637, 1638, 1639, 1640, 1641, 1642, 1643, 1644, 1645, 1646, 1647, 1648, 1649, 1650, 1651, 1652, 1653, 1654, 1655]}}