{"percentile": {"x": [1502, 1536, 1538, 1549, 1551, 1563, 1570, 1574, 1576, 1587, 1588, 1590, 1596, 1598, 1599, 1600, 1601, 1609, 1610, 1612, 1613, 1619, 1621, 1622, 1625, 1626, 1634, 1635, 1636, 1637, 1640], "y": [97.9, 95.8, 93.7, 91.5, 89.4, 87.3, 85.2, 83.0, 72.4, 70.3, 63.9, 61.8, 59.6, 57.5, 53.2, 51.1, 46.9, 44.7, 40.5, 36.2, 21.299999999999997, 19.200000000000003, 17.099999999999994, 14.900000000000006, 12.799999999999997, 10.700000000000003, 6.400000000000006, 4.299999999999997, 2.200000000000003, 0.0, -2.0999999999999943]}, "histogram": {"x": [1496.0, 1504.0, 1512.0, 1520.0, 1528.0, 1536.0, 1544.0, 1552.0, 1560.0, 1568.0, 1576.0, 1584.0, 1592.0, 1600.0, 1608.0, 1616.0, 1624.0, 1632.0, 1640.0], "y": [1, 0, 0, 0, 0, 2, 2, 0, 1, 2, 5, 5, 4, 3, 12, 3, 2, 5, 1]}}