{"percentile": {"y": [95.3, 90.5, 85.8, 81.0, 76.2, 71.5, 66.7, 62.0, 57.2, 52.4, 47.7, 38.1, 23.900000000000006, 19.099999999999994, 14.299999999999997, 9.599999999999994, 4.799999999999997, 0.0, -4.700000000000003], "x": [1555, 1564, 1575, 1588, 1589, 1593, 1597, 1600, 1601, 1608, 1611, 1612, 1613, 1622, 1623, 1631, 1632, 1634, 1644]}, "histogram": {"y": [2, 1, 6, 7, 5, 1], "x": [1566.0, 1584.0, 1602.0, 1620.0, 1638.0]}}