{"percentile": {"y": [98.0, 95.9, 93.8, 89.6, 87.5, 85.5, 79.2, 70.9, 68.8, 66.7, 64.6, 56.3, 52.1, 50.0, 41.7, 39.6, 37.5, 29.200000000000003, 14.599999999999994, 10.5, 6.299999999999997, -2.0], "x": [1478, 1539, 1550, 1551, 1558, 1559, 1574, 1576, 1584, 1586, 1587, 1596, 1597, 1598, 1600, 1608, 1609, 1612, 1613, 1614, 1620, 1650]}, "histogram": {"y": [1, 0, 0, 1, 5, 7, 14, 15, 2, 4, 0], "x": [1494.0, 1512.0, 1530.0, 1548.0, 1566.0, 1584.0, 1602.0, 1620.0, 1638.0, 1656.0]}}