{"percentile": {"x": [1552, 1555, 1564, 1573, 1576, 1587, 1588, 1598, 1599, 1600, 1601, 1602, 1608, 1610, 1611, 1612, 1613, 1614, 1616, 1617, 1618, 1620, 1623, 1624, 1627, 1631, 1636, 1637, 1640, 1642, 1644, 1650], "y": [98.6, 97.2, 95.7, 94.3, 88.5, 87.0, 85.6, 82.7, 81.2, 79.8, 75.4, 72.5, 69.6, 66.7, 63.8, 58.0, 31.900000000000006, 30.5, 29.0, 27.599999999999994, 26.099999999999994, 21.799999999999997, 20.299999999999997, 18.900000000000006, 16.0, 14.5, 13.099999999999994, 11.599999999999994, 10.200000000000003, 7.299999999999997, 4.400000000000006, -1.4000000000000057]}, "histogram": {"x": [1552.0, 1560.0, 1568.0, 1576.0, 1584.0, 1592.0, 1600.0, 1608.0, 1616.0, 1624.0, 1632.0, 1640.0, 1648.0, 1656.0], "y": [2, 1, 1, 4, 2, 3, 6, 29, 7, 4, 2, 5, 4, 0]}}