{"histogram": {"y": [1, 0, 0, 2, 3, 2, 14, 29, 90, 249, 66, 26, 0], "x": [1458.0, 1476.0, 1494.0, 1512.0, 1530.0, 1548.0, 1566.0, 1584.0, 1602.0, 1620.0, 1638.0, 1656.0]}, "percentile": {"y": [99.8, 99.4, 99.2, 99.0, 98.8, 98.6, 98.4, 98.2, 98.0, 97.8, 97.6, 97.3, 97.1, 96.5, 95.9, 95.5, 95.3, 94.6, 93.6, 89.4, 88.8, 88.6, 87.6, 87.0, 85.7, 84.7, 84.2, 83.8, 83.6, 83.0, 82.8, 82.0, 80.3, 79.1, 77.0, 74.9, 70.7, 70.3, 69.5, 69.3, 69.1, 68.7, 66.6, 63.7, 61.2, 56.2, 52.9, 25.400000000000006, 24.0, 22.5, 20.799999999999997, 19.799999999999997, 19.400000000000006, 19.0, 16.900000000000006, 16.299999999999997, 15.599999999999994, 14.400000000000006, 13.400000000000006, 12.5, 12.099999999999994, 11.299999999999997, 10.400000000000006, 9.599999999999994, 9.0, 8.599999999999994, 8.0, 7.099999999999994, 6.900000000000006, 5.700000000000003, 5.200000000000003, 4.799999999999997, 4.400000000000006, 4.0, 3.5999999999999943, 3.4000000000000057, 3.200000000000003, 3.0, 2.299999999999997, 2.0999999999999943, 0.7000000000000028, 0.5, 0.29999999999999716, 0.0, -0.20000000000000284], "x": [1453, 1502, 1515, 1524, 1525, 1536, 1539, 1549, 1551, 1552, 1554, 1558, 1560, 1561, 1563, 1564, 1573, 1574, 1575, 1576, 1584, 1585, 1586, 1587, 1588, 1589, 1590, 1591, 1592, 1594, 1595, 1596, 1597, 1598, 1599, 1600, 1601, 1603, 1604, 1605, 1606, 1607, 1608, 1609, 1610, 1611, 1612, 1613, 1614, 1615, 1616, 1617, 1618, 1619, 1620, 1621, 1622, 1623, 1624, 1625, 1626, 1627, 1628, 1629, 1630, 1632, 1633, 1634, 1635, 1636, 1637, 1638, 1639, 1641, 1642, 1643, 1644, 1647, 1648, 1649, 1650, 1651, 1652, 1653, 1655]}}