{"histogram": {"x": [1566.0, 1584.0, 1602.0, 1620.0, 1638.0, 1656.0], "y": [1, 8, 21, 43, 9, 14, 0]}, "percentile": {"x": [1551, 1567, 1574, 1575, 1576, 1586, 1587, 1589, 1592, 1595, 1596, 1598, 1599, 1600, 1601, 1607, 1609, 1610, 1611, 1612, 1613, 1614, 1615, 1618, 1620, 1622, 1624, 1625, 1626, 1634, 1636, 1638, 1643, 1645, 1646, 1649, 1650, 1651], "y": [99.0, 97.9, 95.8, 94.8, 90.6, 89.5, 87.4, 86.4, 84.3, 83.2, 81.1, 79.0, 74.8, 72.7, 68.5, 67.4, 65.3, 61.1, 55.8, 49.5, 27.400000000000006, 25.299999999999997, 24.299999999999997, 23.200000000000003, 21.099999999999994, 20.0, 19.0, 17.900000000000006, 15.799999999999997, 14.799999999999997, 13.700000000000003, 12.700000000000003, 11.599999999999994, 10.599999999999994, 9.5, 8.5, 0.0, -1.0]}}