{"histogram": {"x": [1488.0, 1496.0, 1504.0, 1512.0, 1520.0, 1528.0, 1536.0, 1544.0, 1552.0, 1560.0, 1568.0, 1576.0, 1584.0, 1592.0, 1600.0, 1608.0, 1616.0, 1624.0, 1632.0, 1640.0, 1648.0, 1656.0], "y": [1, 4, 1, 4, 2, 1, 1, 5, 4, 6, 3, 2, 8, 11, 8, 34, 3, 0, 4, 0, 4, 0]}, "percentile": {"x": [1489, 1502, 1505, 1513, 1515, 1518, 1519, 1525, 1526, 1532, 1537, 1550, 1551, 1552, 1556, 1557, 1561, 1562, 1563, 1573, 1574, 1575, 1576, 1583, 1585, 1586, 1587, 1589, 1596, 1597, 1598, 1599, 1600, 1601, 1603, 1608, 1609, 1610, 1611, 1612, 1613, 1615, 1617, 1620, 1622, 1634, 1636, 1638, 1650, 1655], "y": [99.1, 95.3, 94.3, 93.4, 92.4, 91.5, 90.5, 89.6, 88.6, 87.7, 86.7, 85.8, 82.0, 80.0, 79.1, 78.1, 76.2, 73.4, 72.4, 71.5, 70.5, 69.6, 68.6, 67.7, 65.8, 63.9, 62.9, 60.0, 59.1, 56.2, 52.4, 49.6, 47.7, 42.9, 42.0, 40.0, 39.1, 33.400000000000006, 30.5, 28.599999999999994, 10.5, 9.599999999999994, 8.599999999999994, 7.700000000000003, 6.700000000000003, 5.799999999999997, 3.9000000000000057, 2.9000000000000057, 0.0, -0.9000000000000057]}}