{"percentile": {"x": [1515, 1587, 1590, 1597, 1599, 1600, 1605, 1609, 1612, 1613, 1620, 1623, 1626, 1638, 1650], "y": [96.8, 93.6, 90.4, 87.1, 83.9, 77.5, 74.2, 67.8, 61.3, 22.599999999999994, 16.200000000000003, 13.0, 9.700000000000003, 6.5, -3.200000000000003]}, "histogram": {"x": [1512.0, 1520.0, 1528.0, 1536.0, 1544.0, 1552.0, 1560.0, 1568.0, 1576.0, 1584.0, 1592.0, 1600.0, 1608.0, 1616.0, 1624.0, 1632.0, 1640.0, 1648.0], "y": [1, 0, 0, 0, 0, 0, 0, 0, 0, 2, 2, 3, 16, 3, 1, 1, 0, 3]}}