{"histogram": {"y": [1, 3, 20, 65, 144, 242, 38, 25, 0], "x": [1530.0, 1548.0, 1566.0, 1584.0, 1602.0, 1620.0, 1638.0, 1656.0]}, "percentile": {"y": [99.9, 99.3, 99.1, 98.7, 98.4, 98.2, 98.0, 97.8, 97.4, 96.5, 96.0, 95.6, 95.4, 95.0, 94.3, 92.8, 91.9, 83.5, 82.9, 81.8, 80.1, 77.9, 75.5, 74.9, 74.7, 74.4, 73.6, 72.3, 70.4, 68.4, 66.0, 61.9, 56.7, 56.1, 55.2, 54.4, 54.1, 53.7, 52.6, 49.4, 45.7, 41.2, 34.3, 14.799999999999997, 13.599999999999994, 13.5, 13.099999999999994, 12.700000000000003, 12.200000000000003, 11.599999999999994, 10.900000000000006, 10.700000000000003, 9.900000000000006, 9.5, 8.599999999999994, 7.900000000000006, 7.700000000000003, 7.5, 7.299999999999997, 6.900000000000006, 6.400000000000006, 6.200000000000003, 5.599999999999994, 4.900000000000006, 4.5, 3.799999999999997, 3.5999999999999943, 3.200000000000003, 3.0, 2.700000000000003, 0.5999999999999943, 0.4000000000000057, -0.09999999999999432], "x": [1524, 1539, 1549, 1550, 1551, 1555, 1556, 1561, 1562, 1563, 1564, 1565, 1571, 1572, 1573, 1574, 1575, 1576, 1585, 1586, 1587, 1588, 1589, 1591, 1593, 1594, 1595, 1596, 1597, 1598, 1599, 1600, 1601, 1602, 1603, 1604, 1605, 1607, 1608, 1609, 1610, 1611, 1612, 1613, 1614, 1615, 1616, 1617, 1618, 1619, 1620, 1621, 1622, 1623, 1624, 1625, 1626, 1627, 1629, 1632, 1633, 1634, 1635, 1636, 1637, 1638, 1640, 1642, 1646, 1649, 1650, 1654, 1655]}}