{"percentile": {"x": [1125, 1163, 1200, 1202, 1280, 1312, 1378, 1391, 1453, 1465, 1477, 1478, 1479, 1485, 1489, 1490, 1501, 1502, 1513, 1514, 1515, 1517, 1518, 1519, 1520, 1524, 1525, 1526, 1527, 1530, 1531, 1532, 1536, 1537, 1538, 1539, 1540, 1548, 1549, 1550, 1551, 1552, 1553, 1554, 1555, 1556, 1557, 1558, 1559, 1560, 1561, 1562, 1563, 1564, 1565, 1566, 1567, 1568, 1569, 1570, 1571, 1572, 1573, 1574, 1575, 1576, 1577, 1581, 1584, 1585, 1586, 1587, 1588, 1589, 1590, 1591, 1592, 1593, 1594, 1595, 1596, 1597, 1598, 1599, 1600, 1601, 1602, 1603, 1604, 1605, 1606, 1607, 1608, 1609, 1610, 1611, 1612, 1613, 1614, 1615, 1616, 1617, 1618, 1619, 1620, 1621, 1622, 1623, 1624, 1625, 1626, 1627, 1628, 1629, 1630, 1631, 1632, 1633, 1634, 1635, 1636, 1637, 1638, 1639, 1640, 1641, 1642, 1643, 1644, 1645, 1646, 1647, 1648, 1649, 1650, 1651, 1653, 1654, 1655], "y": [100.0, 100.0, 100.0, 99.9, 99.9, 99.9, 99.9, 99.8, 99.7, 99.7, 99.7, 99.6, 99.5, 99.5, 99.5, 99.4, 99.3, 99.3, 99.2, 99.0, 98.7, 98.7, 98.7, 98.6, 98.6, 98.6, 98.3, 97.9, 97.3, 97.3, 97.2, 97.2, 97.1, 96.6, 96.0, 94.5, 94.5, 94.5, 94.1, 93.4, 92.9, 92.0, 91.8, 91.8, 91.7, 91.5, 91.4, 91.3, 91.2, 90.9, 90.4, 89.4, 88.4, 86.7, 86.5, 86.4, 86.3, 86.2, 86.2, 86.1, 86.0, 85.7, 84.4, 83.1, 81.4, 75.1, 75.1, 75.1, 75.0, 73.7, 72.4, 71.0, 69.3, 67.1, 66.6, 66.2, 65.5, 65.1, 64.6, 64.2, 63.3, 61.7, 59.0, 56.6, 53.9, 50.8, 50.5, 49.9, 49.6, 49.2, 48.8, 48.6, 47.3, 44.7, 42.2, 38.5, 33.400000000000006, 15.900000000000006, 15.099999999999994, 14.5, 14.0, 13.299999999999997, 12.799999999999997, 12.5, 11.200000000000003, 10.599999999999994, 10.099999999999994, 8.900000000000006, 8.099999999999994, 7.400000000000006, 6.5, 6.299999999999997, 6.099999999999994, 5.900000000000006, 5.700000000000003, 5.599999999999994, 5.299999999999997, 5.099999999999994, 4.700000000000003, 4.599999999999994, 4.200000000000003, 3.700000000000003, 3.299999999999997, 3.200000000000003, 3.200000000000003, 3.0999999999999943, 3.0, 2.9000000000000057, 2.9000000000000057, 2.700000000000003, 2.5999999999999943, 2.5, 2.0999999999999943, 1.9000000000000057, 0.20000000000000284, 0.20000000000000284, 0.20000000000000284, 0.20000000000000284, 0.0]}, "histogram": {"x": [1120.0, 1128.0, 1136.0, 1144.0, 1152.0, 1160.0, 1168.0, 1176.0, 1184.0, 1192.0, 1200.0, 1208.0, 1216.0, 1224.0, 1232.0, 1240.0, 1248.0, 1256.0, 1264.0, 1272.0, 1280.0, 1288.0, 1296.0, 1304.0, 1312.0, 1320.0, 1328.0, 1336.0, 1344.0, 1352.0, 1360.0, 1368.0, 1376.0, 1384.0, 1392.0, 1400.0, 1408.0, 1416.0, 1424.0, 1432.0, 1440.0, 1448.0, 1456.0, 1464.0, 1472.0, 1480.0, 1488.0, 1496.0, 1504.0, 1512.0, 1520.0, 1528.0, 1536.0, 1544.0, 1552.0, 1560.0, 1568.0, 1576.0, 1584.0, 1592.0, 1600.0, 1608.0, 1616.0, 1624.0, 1632.0, 1640.0, 1648.0, 1656.0], "y": [1, 0, 0, 0, 0, 1, 0, 0, 0, 0, 2, 0, 0, 0, 0, 0, 0, 0, 0, 0, 1, 0, 0, 0, 1, 0, 0, 0, 0, 0, 0, 0, 1, 1, 0, 0, 0, 0, 0, 0, 0, 4, 0, 2, 5, 1, 5, 3, 0, 26, 51, 4, 101, 62, 63, 185, 186, 241, 337, 364, 303, 1292, 209, 126, 90, 30, 92, 0]}}