{"percentile": {"y": [99.9, 99.8, 99.5, 99.3, 99.0, 98.9, 98.7, 98.6, 98.0, 97.8, 97.4, 96.3, 96.2, 96.0, 95.3, 94.8, 93.0, 85.7, 85.5, 84.8, 83.3, 82.1, 79.8, 78.0, 77.6, 76.7, 75.8, 75.0, 74.6, 73.9, 72.2, 70.7, 68.0, 64.7, 61.9, 57.5, 56.8, 56.3, 55.9, 55.7, 54.8, 54.7, 53.8, 49.8, 45.9, 41.2, 34.900000000000006, 16.5, 15.599999999999994, 15.0, 14.099999999999994, 13.5, 13.200000000000003, 12.900000000000006, 11.700000000000003, 11.0, 10.799999999999997, 10.400000000000006, 9.5, 9.0, 8.400000000000006, 8.099999999999994, 7.799999999999997, 7.200000000000003, 6.799999999999997, 6.599999999999994, 6.200000000000003, 5.599999999999994, 5.099999999999994, 5.0, 4.799999999999997, 4.700000000000003, 4.5, 4.400000000000006, 3.9000000000000057, 0.20000000000000284, 0.0, -0.09999999999999432], "x": [1538, 1539, 1550, 1551, 1552, 1554, 1556, 1560, 1561, 1562, 1563, 1564, 1565, 1569, 1573, 1574, 1575, 1576, 1584, 1585, 1586, 1587, 1588, 1589, 1590, 1591, 1592, 1593, 1594, 1595, 1596, 1597, 1598, 1599, 1600, 1601, 1602, 1603, 1604, 1605, 1606, 1607, 1608, 1609, 1610, 1611, 1612, 1613, 1614, 1615, 1616, 1617, 1618, 1619, 1620, 1621, 1622, 1623, 1624, 1625, 1626, 1628, 1632, 1633, 1634, 1635, 1636, 1637, 1638, 1640, 1641, 1644, 1645, 1646, 1649, 1650, 1653, 1654]}, "histogram": {"y": [2, 3, 4, 17, 21, 49, 60, 80, 67, 265, 31, 15, 20, 5, 30, 0], "x": [1536.0, 1544.0, 1552.0, 1560.0, 1568.0, 1576.0, 1584.0, 1592.0, 1600.0, 1608.0, 1616.0, 1624.0, 1632.0, 1640.0, 1648.0, 1656.0]}}