{"percentile": {"x": [935, 1053, 1064, 1107, 1136, 1138, 1150, 1155, 1166, 1195, 1231, 1249, 1264, 1272, 1286, 1303, 1326, 1349, 1355, 1365, 1388, 1395, 1397, 1399, 1403, 1426, 1428, 1429, 1440, 1441, 1453, 1465, 1477, 1478, 1480, 1481, 1482, 1488, 1489, 1490, 1500, 1501, 1502, 1506, 1512, 1513, 1514, 1515, 1516, 1517, 1519, 1520, 1523, 1525, 1526, 1527, 1533, 1537, 1538, 1539, 1548, 1549, 1550, 1551, 1552, 1553, 1555, 1557, 1558, 1560, 1561, 1562, 1563, 1564, 1565, 1571, 1572, 1574, 1576, 1584, 1585, 1586, 1587, 1588, 1589, 1590, 1592, 1593, 1594, 1595, 1596, 1597, 1598, 1599, 1600, 1601, 1602, 1607, 1608, 1609, 1610, 1611, 1612, 1613, 1621, 1623, 1637, 1650], "y": [99.7, 99.3, 98.9, 98.5, 98.1, 97.7, 97.3, 96.9, 96.5, 96.1, 95.7, 95.3, 94.9, 94.5, 94.1, 93.7, 93.3, 92.9, 92.5, 92.1, 91.7, 91.4, 91.0, 90.6, 90.2, 89.8, 89.4, 88.6, 88.2, 87.4, 86.6, 83.4, 81.5, 79.5, 79.1, 78.7, 78.3, 77.9, 75.9, 75.1, 74.8, 74.0, 71.2, 70.8, 70.4, 68.8, 66.5, 64.5, 64.1, 63.7, 63.3, 62.5, 62.1, 60.9, 59.7, 58.2, 57.8, 57.0, 56.6, 55.8, 55.4, 53.8, 51.4, 48.7, 43.1, 42.7, 41.9, 41.6, 41.2, 39.6, 37.6, 34.8, 32.5, 31.299999999999997, 30.900000000000006, 30.5, 29.700000000000003, 28.5, 27.700000000000003, 26.900000000000006, 25.299999999999997, 24.599999999999994, 23.0, 22.200000000000003, 21.0, 20.599999999999994, 20.200000000000003, 19.400000000000006, 19.0, 17.400000000000006, 16.299999999999997, 14.299999999999997, 12.700000000000003, 11.5, 11.099999999999994, 8.400000000000006, 8.0, 7.599999999999994, 6.400000000000006, 5.599999999999994, 4.0, 3.5999999999999943, 3.200000000000003, 1.2000000000000028, 0.7999999999999972, 0.4000000000000057, 0.0, -0.29999999999999716]}, "histogram": {"x": [928.0, 936.0, 944.0, 952.0, 960.0, 968.0, 976.0, 984.0, 992.0, 1000.0, 1008.0, 1016.0, 1024.0, 1032.0, 1040.0, 1048.0, 1056.0, 1064.0, 1072.0, 1080.0, 1088.0, 1096.0, 1104.0, 1112.0, 1120.0, 1128.0, 1136.0, 1144.0, 1152.0, 1160.0, 1168.0, 1176.0, 1184.0, 1192.0, 1200.0, 1208.0, 1216.0, 1224.0, 1232.0, 1240.0, 1248.0, 1256.0, 1264.0, 1272.0, 1280.0, 1288.0, 1296.0, 1304.0, 1312.0, 1320.0, 1328.0, 1336.0, 1344.0, 1352.0, 1360.0, 1368.0, 1376.0, 1384.0, 1392.0, 1400.0, 1408.0, 1416.0, 1424.0, 1432.0, 1440.0, 1448.0, 1456.0, 1464.0, 1472.0, 1480.0, 1488.0, 1496.0, 1504.0, 1512.0, 1520.0, 1528.0, 1536.0, 1544.0, 1552.0, 1560.0, 1568.0, 1576.0, 1584.0, 1592.0, 1600.0, 1608.0, 1616.0, 1624.0, 1632.0, 1640.0, 1648.0], "y": [1, 0, 0, 0, 0, 0, 0, 0, 0, 0, 0, 0, 0, 0, 0, 1, 0, 1, 0, 0, 0, 0, 1, 0, 0, 0, 2, 1, 1, 1, 0, 0, 0, 1, 0, 0, 0, 1, 0, 0, 1, 0, 1, 1, 1, 0, 1, 0, 0, 1, 0, 0, 1, 1, 1, 0, 0, 1, 3, 1, 0, 0, 4, 0, 3, 2, 0, 8, 10, 3, 8, 10, 1, 19, 13, 1, 5, 18, 19, 26, 6, 2, 18, 23, 10, 16, 2, 0, 1, 0, 1]}}