{"percentile": {"x": [1457, 1513, 1525, 1527, 1537, 1538, 1539, 1548, 1549, 1550, 1551, 1552, 1554, 1555, 1560, 1561, 1562, 1563, 1564, 1566, 1567, 1568, 1569, 1570, 1572, 1573, 1574, 1575, 1576, 1582, 1583, 1585, 1586, 1587, 1588, 1589, 1590, 1591, 1592, 1593, 1594, 1595, 1596, 1597, 1598, 1599, 1600, 1601, 1602, 1603, 1604, 1605, 1606, 1607, 1608, 1609, 1610, 1611, 1612, 1613, 1614, 1615, 1616, 1617, 1618, 1619, 1620, 1621, 1622, 1623, 1624, 1625, 1626, 1627, 1628, 1629, 1630, 1631, 1632, 1633, 1634, 1635, 1636, 1637, 1638, 1639, 1640, 1641, 1642, 1643, 1644, 1645, 1646, 1647, 1648, 1649, 1650, 1651, 1652, 1654, 1655], "y": [100.0, 100.0, 99.9, 99.9, 99.8, 99.7, 99.1, 99.1, 99.1, 98.9, 98.6, 98.3, 98.2, 98.2, 98.0, 97.8, 97.7, 97.3, 96.7, 96.6, 96.6, 96.5, 96.5, 96.4, 96.3, 95.7, 95.0, 94.0, 88.0, 88.0, 87.9, 87.4, 86.2, 85.0, 83.3, 81.4, 81.0, 80.6, 80.1, 79.9, 79.5, 79.3, 78.1, 76.7, 74.6, 72.0, 69.7, 66.7, 66.3, 65.9, 65.6, 65.5, 65.2, 64.8, 63.9, 61.9, 58.8, 54.5, 48.1, 23.799999999999997, 22.700000000000003, 21.900000000000006, 21.299999999999997, 20.5, 19.900000000000006, 19.400000000000006, 17.700000000000003, 16.599999999999994, 15.599999999999994, 14.5, 13.400000000000006, 12.400000000000006, 11.299999999999997, 11.099999999999994, 10.799999999999997, 10.400000000000006, 10.299999999999997, 10.200000000000003, 10.0, 9.400000000000006, 8.900000000000006, 8.400000000000006, 7.799999999999997, 7.099999999999994, 6.599999999999994, 6.5, 6.299999999999997, 6.299999999999997, 6.200000000000003, 6.200000000000003, 5.900000000000006, 5.5, 5.099999999999994, 4.799999999999997, 4.400000000000006, 3.9000000000000057, 0.7000000000000028, 0.7000000000000028, 0.5999999999999943, 0.5999999999999943, 0.0]}, "histogram": {"x": [1458.0, 1476.0, 1494.0, 1512.0, 1530.0, 1548.0, 1566.0, 1584.0, 1602.0, 1620.0, 1638.0, 1656.0], "y": [1, 0, 0, 0, 3, 15, 52, 184, 447, 998, 258, 150, 0]}}