{"histogram": {"x": [738.0, 756.0, 774.0, 792.0, 810.0, 828.0, 846.0, 864.0, 882.0, 900.0, 918.0, 936.0, 954.0, 972.0, 990.0, 1008.0, 1026.0, 1044.0, 1062.0, 1080.0, 1098.0, 1116.0, 1134.0, 1152.0, 1170.0, 1188.0, 1206.0, 1224.0, 1242.0, 1260.0, 1278.0, 1296.0, 1314.0, 1332.0, 1350.0, 1368.0, 1386.0, 1404.0, 1422.0, 1440.0, 1458.0, 1476.0, 1494.0, 1512.0, 1530.0, 1548.0, 1566.0, 1584.0, 1602.0, 1620.0, 1638.0, 1656.0], "y": [1, 0, 1, 0, 0, 0, 0, 0, 0, 0, 0, 0, 0, 0, 0, 0, 2, 0, 1, 1, 0, 0, 1, 0, 1, 1, 1, 0, 0, 1, 1, 2, 1, 0, 2, 2, 1, 1, 0, 1, 7, 6, 21, 11, 33, 12, 81, 20, 74, 23, 4, 4, 0]}, "percentile": {"x": [720, 773, 1011, 1022, 1050, 1074, 1126, 1153, 1170, 1193, 1250, 1272, 1290, 1292, 1302, 1348, 1349, 1355, 1367, 1384, 1399, 1428, 1441, 1453, 1465, 1476, 1477, 1478, 1480, 1482, 1487, 1489, 1490, 1500, 1501, 1502, 1513, 1514, 1515, 1516, 1523, 1524, 1525, 1526, 1527, 1531, 1537, 1538, 1539, 1540, 1549, 1550, 1551, 1552, 1555, 1558, 1560, 1561, 1562, 1563, 1564, 1566, 1568, 1570, 1573, 1574, 1575, 1576, 1584, 1585, 1586, 1587, 1588, 1589, 1590, 1591, 1593, 1594, 1595, 1596, 1597, 1598, 1599, 1600, 1601, 1602, 1603, 1606, 1607, 1608, 1609, 1610, 1611, 1613, 1620, 1625, 1645, 1650], "y": [99.7, 99.4, 99.1, 98.8, 98.5, 98.2, 97.8, 97.5, 97.2, 96.9, 96.6, 96.3, 95.9, 95.6, 95.3, 95.0, 94.7, 94.4, 94.1, 93.7, 93.4, 93.1, 92.2, 90.9, 89.0, 88.7, 88.4, 86.8, 86.5, 86.2, 85.9, 84.9, 82.4, 81.8, 80.2, 78.9, 78.6, 76.7, 76.4, 75.8, 75.4, 74.5, 73.2, 71.0, 68.5, 68.2, 66.9, 66.0, 65.0, 64.7, 62.2, 59.4, 55.9, 50.5, 49.9, 49.3, 47.1, 45.5, 43.9, 40.4, 39.2, 38.5, 38.2, 37.6, 34.8, 34.400000000000006, 34.099999999999994, 32.900000000000006, 32.5, 30.599999999999994, 28.400000000000006, 26.5, 24.700000000000003, 21.799999999999997, 21.5, 20.900000000000006, 20.599999999999994, 19.599999999999994, 19.0, 15.799999999999997, 14.900000000000006, 12.700000000000003, 11.400000000000006, 10.5, 9.5, 9.200000000000003, 8.599999999999994, 8.299999999999997, 7.900000000000006, 7.0, 6.400000000000006, 4.5, 3.799999999999997, 2.299999999999997, 1.2999999999999972, 1.0, 0.7000000000000028, -0.29999999999999716]}}