{"histogram": {"x": [684.0, 702.0, 720.0, 738.0, 756.0, 774.0, 792.0, 810.0, 828.0, 846.0, 864.0, 882.0, 900.0, 918.0, 936.0, 954.0, 972.0, 990.0, 1008.0, 1026.0, 1044.0, 1062.0, 1080.0, 1098.0, 1116.0, 1134.0, 1152.0, 1170.0, 1188.0, 1206.0, 1224.0, 1242.0, 1260.0, 1278.0, 1296.0, 1314.0, 1332.0, 1350.0, 1368.0, 1386.0, 1404.0, 1422.0, 1440.0, 1458.0, 1476.0, 1494.0, 1512.0, 1530.0, 1548.0, 1566.0, 1584.0, 1602.0, 1620.0, 1638.0, 1656.0], "y": [1, 0, 0, 2, 0, 0, 0, 0, 0, 0, 0, 0, 0, 0, 0, 0, 0, 0, 0, 0, 0, 0, 0, 0, 1, 0, 0, 0, 0, 0, 0, 0, 0, 0, 0, 0, 0, 0, 0, 0, 0, 0, 0, 5, 1, 7, 25, 36, 11, 86, 2, 100, 45, 9, 13, 0]}, "percentile": {"x": [672, 720, 1111, 1440, 1451, 1453, 1463, 1478, 1486, 1489, 1490, 1493, 1501, 1502, 1513, 1514, 1515, 1516, 1517, 1518, 1519, 1523, 1524, 1525, 1526, 1527, 1531, 1534, 1536, 1537, 1538, 1539, 1543, 1549, 1550, 1551, 1552, 1553, 1554, 1555, 1556, 1557, 1558, 1559, 1560, 1561, 1562, 1563, 1564, 1576, 1584, 1585, 1586, 1587, 1588, 1589, 1590, 1592, 1593, 1595, 1596, 1597, 1598, 1599, 1600, 1601, 1603, 1604, 1606, 1607, 1608, 1609, 1610, 1611, 1612, 1613, 1614, 1620, 1624, 1625, 1630, 1633, 1635, 1650, 1655], "y": [99.8, 99.2, 98.9, 98.6, 98.3, 97.4, 97.1, 96.8, 96.6, 96.0, 95.4, 95.1, 93.9, 87.8, 86.6, 86.3, 84.6, 84.3, 83.7, 83.4, 83.1, 82.8, 82.3, 81.4, 78.5, 77.3, 77.0, 76.4, 76.1, 75.6, 75.0, 74.4, 74.1, 71.5, 68.9, 68.0, 63.3, 63.0, 62.7, 62.4, 62.1, 61.9, 61.6, 61.0, 57.8, 56.0, 52.8, 50.5, 49.0, 48.4, 47.9, 45.5, 44.9, 42.6, 39.7, 37.4, 36.8, 35.599999999999994, 35.0, 34.7, 32.7, 30.400000000000006, 27.200000000000003, 24.5, 21.0, 19.299999999999997, 19.0, 18.700000000000003, 18.099999999999994, 17.799999999999997, 15.799999999999997, 14.299999999999997, 12.599999999999994, 12.0, 10.299999999999997, 7.0, 6.200000000000003, 5.0, 4.700000000000003, 4.400000000000006, 4.099999999999994, 3.799999999999997, 3.5, 0.9000000000000057, -0.20000000000000284]}}