{"histogram": {"y": [1, 0, 0, 0, 0, 0, 0, 0, 0, 0, 0, 0, 0, 0, 0, 0, 0, 0, 0, 0, 0, 0, 0, 0, 0, 0, 0, 0, 0, 0, 0, 0, 0, 0, 0, 0, 0, 0, 0, 0, 0, 0, 0, 0, 0, 0, 0, 0, 1, 0, 0, 0, 0, 0, 0, 0, 0, 8, 12, 5, 27, 5, 66, 54, 7, 4, 0], "x": [486.0, 504.0, 522.0, 540.0, 558.0, 576.0, 594.0, 612.0, 630.0, 648.0, 666.0, 684.0, 702.0, 720.0, 738.0, 756.0, 774.0, 792.0, 810.0, 828.0, 846.0, 864.0, 882.0, 900.0, 918.0, 936.0, 954.0, 972.0, 990.0, 1008.0, 1026.0, 1044.0, 1062.0, 1080.0, 1098.0, 1116.0, 1134.0, 1152.0, 1170.0, 1188.0, 1206.0, 1224.0, 1242.0, 1260.0, 1278.0, 1296.0, 1314.0, 1332.0, 1350.0, 1368.0, 1386.0, 1404.0, 1422.0, 1440.0, 1458.0, 1476.0, 1494.0, 1512.0, 1530.0, 1548.0, 1566.0, 1584.0, 1602.0, 1620.0, 1638.0, 1656.0]}, "percentile": {"y": [99.5, 99.0, 97.9, 94.8, 94.2, 92.6, 92.1, 91.6, 90.5, 88.4, 87.9, 85.8, 84.7, 83.1, 79.9, 79.4, 77.3, 75.7, 73.1, 72.5, 71.5, 70.9, 70.4, 69.4, 68.8, 66.7, 65.7, 64.1, 62.5, 59.3, 58.3, 56.7, 56.1, 55.6, 55.1, 51.4, 47.7, 45.0, 42.9, 38.1, 33.900000000000006, 32.3, 31.799999999999997, 31.299999999999997, 27.599999999999994, 26.5, 23.299999999999997, 20.700000000000003, 16.5, 6.900000000000006, 5.299999999999997, 4.799999999999997, 4.299999999999997, 3.799999999999997, 2.700000000000003, 2.200000000000003, 1.5999999999999943, 1.0999999999999943, 0.5999999999999943, 0.0, -0.5], "x": [480, 1338, 1501, 1502, 1513, 1514, 1515, 1522, 1526, 1527, 1538, 1539, 1549, 1550, 1552, 1559, 1560, 1561, 1562, 1563, 1564, 1570, 1573, 1574, 1576, 1585, 1586, 1587, 1588, 1589, 1591, 1592, 1593, 1594, 1595, 1596, 1597, 1598, 1599, 1600, 1601, 1603, 1605, 1606, 1608, 1609, 1610, 1611, 1612, 1613, 1614, 1620, 1622, 1624, 1625, 1626, 1628, 1638, 1639, 1649, 1650]}}