{"histogram": {"x": [936.0, 954.0, 972.0, 990.0, 1008.0, 1026.0, 1044.0, 1062.0, 1080.0, 1098.0, 1116.0, 1134.0, 1152.0, 1170.0, 1188.0, 1206.0, 1224.0, 1242.0, 1260.0, 1278.0, 1296.0, 1314.0, 1332.0, 1350.0, 1368.0, 1386.0, 1404.0, 1422.0, 1440.0, 1458.0, 1476.0, 1494.0, 1512.0, 1530.0, 1548.0, 1566.0, 1584.0, 1602.0, 1620.0, 1638.0], "y": [1, 0, 0, 0, 0, 0, 0, 1, 1, 0, 1, 0, 1, 1, 0, 1, 0, 1, 1, 0, 0, 0, 0, 1, 1, 0, 2, 0, 0, 4, 4, 9, 9, 19, 2, 42, 7, 32, 13, 2, 1]}, "percentile": {"x": [935, 1053, 1064, 1107, 1138, 1166, 1195, 1231, 1249, 1349, 1355, 1388, 1395, 1440, 1441, 1453, 1465, 1477, 1478, 1482, 1488, 1489, 1500, 1501, 1502, 1506, 1513, 1514, 1515, 1517, 1519, 1520, 1523, 1525, 1526, 1527, 1537, 1539, 1548, 1549, 1550, 1551, 1552, 1553, 1555, 1557, 1560, 1561, 1562, 1563, 1564, 1565, 1571, 1572, 1574, 1576, 1585, 1586, 1587, 1588, 1589, 1590, 1592, 1593, 1595, 1596, 1597, 1598, 1599, 1600, 1601, 1607, 1608, 1609, 1610, 1612, 1613, 1621, 1623, 1650], "y": [99.4, 98.8, 98.1, 97.5, 96.8, 96.2, 95.6, 94.9, 94.3, 93.6, 93.0, 92.4, 91.7, 91.1, 90.4, 89.2, 86.6, 84.7, 83.4, 82.7, 82.1, 80.8, 80.2, 79.5, 75.7, 75.0, 73.8, 72.5, 69.9, 69.3, 68.6, 67.4, 66.7, 66.1, 64.2, 62.9, 62.2, 61.6, 60.9, 58.4, 55.2, 51.3, 48.1, 47.5, 46.8, 46.2, 45.6, 43.0, 40.4, 37.2, 35.3, 34.7, 34.0, 32.7, 31.5, 30.200000000000003, 27.599999999999994, 26.299999999999997, 24.400000000000006, 23.799999999999997, 22.5, 21.799999999999997, 21.200000000000003, 19.900000000000006, 18.0, 16.099999999999994, 14.799999999999997, 13.5, 12.900000000000006, 12.200000000000003, 9.700000000000003, 9.0, 7.099999999999994, 5.799999999999997, 4.5, 3.9000000000000057, 1.2999999999999972, 0.7000000000000028, 0.0, -0.5999999999999943]}}