{"histogram": {"y": [1, 3, 8, 33, 11, 9, 0], "x": [1566.0, 1584.0, 1602.0, 1620.0, 1638.0, 1656.0]}, "percentile": {"y": [98.5, 96.9, 93.8, 92.2, 90.7, 89.1, 87.5, 84.4, 82.9, 81.3, 79.7, 76.6, 75.0, 71.9, 70.4, 65.7, 43.8, 42.2, 37.5, 36.0, 34.400000000000006, 32.900000000000006, 29.700000000000003, 26.599999999999994, 25.0, 23.5, 21.900000000000006, 20.400000000000006, 18.799999999999997, 17.200000000000003, 15.700000000000003, 12.5, 11.0, 9.400000000000006, 7.900000000000006, 6.299999999999997, 0.0, -1.5], "x": [1551, 1574, 1576, 1586, 1588, 1590, 1592, 1598, 1600, 1601, 1605, 1608, 1609, 1610, 1611, 1612, 1613, 1614, 1615, 1616, 1617, 1618, 1619, 1620, 1621, 1622, 1624, 1625, 1626, 1627, 1632, 1637, 1638, 1639, 1641, 1648, 1650, 1655]}}