{"percentile": {"x": [1134, 1187, 1319, 1346, 1391, 1393, 1403, 1453, 1465, 1478, 1482, 1489, 1490, 1501, 1513, 1514, 1515, 1518, 1520, 1522, 1524, 1525, 1526, 1527, 1528, 1529, 1532, 1536, 1537, 1538, 1539, 1548, 1549, 1550, 1551, 1552, 1553, 1554, 1555, 1556, 1557, 1558, 1559, 1560, 1561, 1562, 1563, 1564, 1565, 1566, 1567, 1568, 1569, 1570, 1571, 1572, 1573, 1574, 1575, 1576, 1581, 1582, 1584, 1585, 1586, 1587, 1588, 1589, 1590, 1591, 1592, 1593, 1594, 1595, 1596, 1597, 1598, 1599, 1600, 1601, 1602, 1603, 1604, 1605, 1606, 1607, 1608, 1609, 1610, 1611, 1612, 1613, 1614, 1615, 1616, 1617, 1618, 1619, 1620, 1621, 1622, 1623, 1624, 1625, 1626, 1627, 1628, 1629, 1630, 1631, 1632, 1633, 1634, 1635, 1636, 1637, 1638, 1639, 1640, 1641, 1642, 1643, 1644, 1645, 1646, 1647, 1649, 1650, 1653, 1655], "y": [100.0, 100.0, 99.9, 99.9, 99.8, 99.8, 99.8, 99.7, 99.7, 99.5, 99.5, 99.4, 99.2, 99.0, 98.9, 98.6, 98.3, 98.3, 98.2, 98.2, 98.1, 97.9, 97.6, 97.2, 97.1, 97.0, 97.0, 96.9, 96.2, 95.7, 93.5, 93.5, 92.9, 92.5, 91.8, 90.9, 90.7, 90.7, 90.5, 90.2, 90.0, 89.8, 89.7, 89.4, 88.7, 87.8, 86.4, 84.7, 84.6, 84.5, 84.4, 84.3, 84.3, 84.2, 84.1, 83.9, 82.5, 80.6, 78.3, 70.8, 70.7, 70.7, 70.6, 69.7, 68.1, 66.2, 63.9, 61.6, 61.2, 60.4, 59.7, 59.2, 58.7, 58.2, 57.1, 55.5, 53.4, 50.8, 47.9, 44.4, 44.0, 43.3, 42.7, 42.3, 41.9, 41.6, 40.2, 37.7, 35.2, 30.700000000000003, 25.900000000000006, 13.099999999999994, 12.400000000000006, 11.900000000000006, 11.700000000000003, 11.200000000000003, 10.700000000000003, 10.099999999999994, 9.0, 8.5, 8.200000000000003, 7.5, 6.799999999999997, 6.099999999999994, 5.5, 5.200000000000003, 5.099999999999994, 5.0, 4.900000000000006, 4.799999999999997, 4.400000000000006, 4.200000000000003, 3.9000000000000057, 3.5999999999999943, 3.5, 3.200000000000003, 3.0999999999999943, 3.0, 2.9000000000000057, 2.799999999999997, 2.799999999999997, 2.700000000000003, 2.700000000000003, 2.5999999999999943, 2.5999999999999943, 2.5, 2.4000000000000057, 0.5999999999999943, 0.5, 0.0]}, "histogram": {"x": [1152.0, 1170.0, 1188.0, 1206.0, 1224.0, 1242.0, 1260.0, 1278.0, 1296.0, 1314.0, 1332.0, 1350.0, 1368.0, 1386.0, 1404.0, 1422.0, 1440.0, 1458.0, 1476.0, 1494.0, 1512.0, 1530.0, 1548.0, 1566.0, 1584.0, 1602.0, 1620.0, 1638.0, 1656.0], "y": [1, 0, 1, 0, 0, 0, 0, 0, 0, 0, 1, 1, 0, 0, 3, 0, 0, 1, 1, 11, 4, 47, 83, 209, 327, 617, 805, 162, 76, 0]}}