{"histogram": {"x": [1494.0, 1512.0, 1530.0, 1548.0, 1566.0, 1584.0, 1602.0, 1620.0, 1638.0, 1656.0], "y": [2, 0, 3, 0, 10, 3, 12, 12, 1, 1, 0]}, "percentile": {"x": [1478, 1488, 1514, 1520, 1525, 1550, 1551, 1552, 1560, 1563, 1564, 1570, 1574, 1575, 1585, 1587, 1588, 1595, 1596, 1597, 1599, 1601, 1603, 1604, 1608, 1609, 1610, 1611, 1612, 1613, 1636, 1648], "y": [97.7, 95.4, 93.1, 90.7, 88.4, 83.8, 79.1, 76.8, 74.5, 72.1, 65.2, 62.8, 60.5, 58.2, 55.9, 48.9, 44.2, 39.6, 37.3, 34.900000000000006, 32.599999999999994, 30.299999999999997, 28.0, 25.599999999999994, 23.299999999999997, 21.0, 18.700000000000003, 16.299999999999997, 9.400000000000006, 2.4000000000000057, 0.0, -2.299999999999997]}}