{"histogram": {"x": [1480.0, 1488.0, 1496.0, 1504.0, 1512.0, 1520.0, 1528.0, 1536.0, 1544.0, 1552.0, 1560.0, 1568.0, 1576.0, 1584.0, 1592.0, 1600.0, 1608.0, 1616.0, 1624.0, 1632.0, 1640.0, 1648.0, 1656.0], "y": [1, 2, 1, 0, 7, 12, 1, 24, 18, 22, 93, 115, 158, 207, 211, 198, 613, 60, 37, 22, 11, 37, 0]}, "percentile": {"x": [1486, 1490, 1502, 1513, 1515, 1522, 1525, 1526, 1527, 1531, 1537, 1538, 1539, 1540, 1549, 1550, 1551, 1552, 1553, 1554, 1555, 1556, 1557, 1558, 1560, 1561, 1562, 1563, 1564, 1565, 1566, 1567, 1568, 1570, 1571, 1572, 1573, 1574, 1575, 1576, 1584, 1585, 1586, 1587, 1588, 1589, 1590, 1591, 1592, 1593, 1594, 1595, 1596, 1597, 1598, 1599, 1600, 1601, 1602, 1603, 1604, 1605, 1606, 1607, 1608, 1609, 1610, 1611, 1612, 1613, 1614, 1615, 1616, 1617, 1618, 1619, 1620, 1621, 1622, 1623, 1624, 1625, 1626, 1627, 1628, 1629, 1631, 1632, 1633, 1634, 1635, 1636, 1637, 1638, 1639, 1641, 1642, 1644, 1645, 1646, 1647, 1648, 1649, 1650, 1654, 1655], "y": [100.0, 99.9, 99.8, 99.7, 99.5, 99.4, 99.3, 99.2, 98.8, 98.8, 98.6, 98.3, 97.5, 97.5, 97.3, 97.0, 96.5, 95.7, 95.6, 95.6, 95.5, 95.5, 95.4, 95.3, 94.9, 94.5, 93.4, 92.4, 90.7, 90.7, 90.5, 90.3, 90.2, 89.9, 89.9, 89.6, 88.3, 86.5, 84.0, 75.5, 75.4, 74.3, 72.7, 71.2, 68.0, 65.7, 65.2, 64.3, 63.9, 63.1, 62.1, 61.8, 60.4, 58.6, 55.6, 52.9, 49.8, 45.9, 45.3, 44.5, 43.7, 43.2, 42.5, 42.2, 40.7, 38.5, 34.7, 30.299999999999997, 25.599999999999994, 10.799999999999997, 9.599999999999994, 9.0, 8.799999999999997, 8.400000000000006, 8.099999999999994, 7.799999999999997, 6.900000000000006, 6.5, 6.200000000000003, 5.799999999999997, 5.400000000000006, 4.900000000000006, 4.400000000000006, 4.200000000000003, 4.099999999999994, 3.9000000000000057, 3.799999999999997, 3.5999999999999943, 3.5, 3.5, 3.200000000000003, 3.0, 2.700000000000003, 2.5999999999999943, 2.5999999999999943, 2.5, 2.299999999999997, 2.200000000000003, 2.200000000000003, 2.0999999999999943, 2.0, 1.7999999999999972, 1.7000000000000028, 0.4000000000000057, 0.29999999999999716, 0.0]}}