{"percentile": {"y": [99.9, 99.8, 99.5, 98.9, 98.8, 98.6, 98.4, 98.1, 98.1, 98.0, 97.9, 97.8, 97.5, 97.1, 96.6, 96.2, 95.4, 95.2, 95.1, 95.1, 94.1, 92.6, 91.1, 82.4, 81.4, 79.8, 77.6, 75.5, 72.5, 72.3, 71.0, 70.3, 69.6, 68.4, 67.8, 66.6, 64.8, 62.4, 59.0, 54.8, 50.5, 50.0, 49.1, 48.2, 47.8, 47.0, 46.8, 45.9, 43.5, 39.1, 35.2, 28.299999999999997, 12.900000000000006, 12.5, 11.700000000000003, 11.299999999999997, 10.5, 9.900000000000006, 9.799999999999997, 9.0, 8.700000000000003, 8.0, 7.900000000000006, 7.200000000000003, 6.599999999999994, 6.099999999999994, 6.0, 5.900000000000006, 5.799999999999997, 5.400000000000006, 5.299999999999997, 5.099999999999994, 4.700000000000003, 4.299999999999997, 4.099999999999994, 4.0, 3.9000000000000057, 3.700000000000003, 3.5999999999999943, 3.4000000000000057, 3.299999999999997, 3.0, 3.0, 2.9000000000000057, 2.700000000000003, 2.5999999999999943, 0.0, 0.0], "x": [1515, 1525, 1527, 1539, 1549, 1550, 1551, 1552, 1553, 1555, 1556, 1559, 1560, 1561, 1562, 1563, 1564, 1566, 1567, 1569, 1573, 1574, 1575, 1576, 1585, 1586, 1587, 1588, 1589, 1590, 1591, 1592, 1593, 1594, 1595, 1596, 1597, 1598, 1599, 1600, 1601, 1602, 1603, 1604, 1605, 1606, 1607, 1608, 1609, 1610, 1611, 1612, 1613, 1614, 1615, 1616, 1617, 1618, 1619, 1620, 1621, 1622, 1623, 1624, 1625, 1626, 1627, 1628, 1629, 1630, 1631, 1632, 1634, 1635, 1636, 1637, 1638, 1639, 1641, 1642, 1644, 1645, 1646, 1647, 1648, 1649, 1650, 1655]}, "histogram": {"y": [2, 4, 0, 7, 5, 7, 29, 45, 95, 126, 132, 135, 387, 41, 29, 18, 9, 32, 0], "x": [1512.0, 1520.0, 1528.0, 1536.0, 1544.0, 1552.0, 1560.0, 1568.0, 1576.0, 1584.0, 1592.0, 1600.0, 1608.0, 1616.0, 1624.0, 1632.0, 1640.0, 1648.0, 1656.0]}}