{"percentile": {"y": [98.8, 97.5, 96.3, 93.8, 92.5, 91.3, 90.0, 87.5, 85.0, 83.8, 82.5, 81.3, 80.0, 78.8, 77.5, 75.0, 72.5, 68.8, 67.5, 66.3, 65.0, 61.3, 60.0, 57.5, 51.3, 30.0, 28.799999999999997, 27.5, 26.299999999999997, 25.0, 21.299999999999997, 20.0, 16.299999999999997, 13.799999999999997, 12.5, 11.299999999999997, 10.0, 0.0, -1.2000000000000028], "x": [1527, 1552, 1562, 1564, 1569, 1573, 1575, 1576, 1586, 1589, 1590, 1592, 1593, 1596, 1597, 1598, 1599, 1601, 1602, 1605, 1608, 1609, 1610, 1611, 1612, 1613, 1615, 1618, 1620, 1621, 1623, 1624, 1626, 1635, 1637, 1638, 1640, 1650, 1655]}, "histogram": {"y": [1, 0, 4, 5, 15, 33, 12, 11, 0], "x": [1530.0, 1548.0, 1566.0, 1584.0, 1602.0, 1620.0, 1638.0, 1656.0]}}