{"histogram": {"x": [216.0, 234.0, 252.0, 270.0, 288.0, 306.0, 324.0, 342.0, 360.0, 378.0, 396.0, 414.0, 432.0, 450.0, 468.0, 486.0, 504.0, 522.0, 540.0, 558.0, 576.0, 594.0, 612.0, 630.0, 648.0, 666.0, 684.0, 702.0, 720.0, 738.0, 756.0, 774.0, 792.0, 810.0, 828.0, 846.0, 864.0, 882.0, 900.0, 918.0, 936.0, 954.0, 972.0, 990.0, 1008.0, 1026.0, 1044.0, 1062.0, 1080.0, 1098.0, 1116.0, 1134.0, 1152.0, 1170.0, 1188.0, 1206.0, 1224.0, 1242.0, 1260.0, 1278.0, 1296.0, 1314.0, 1332.0, 1350.0, 1368.0, 1386.0, 1404.0, 1422.0, 1440.0, 1458.0, 1476.0, 1494.0, 1512.0, 1530.0, 1548.0, 1566.0, 1584.0, 1602.0, 1620.0, 1638.0, 1656.0], "y": [1, 1, 0, 1, 0, 0, 0, 0, 0, 0, 0, 0, 0, 0, 0, 3, 0, 0, 0, 0, 0, 0, 0, 0, 0, 0, 0, 0, 0, 0, 0, 0, 0, 0, 0, 0, 0, 0, 0, 0, 0, 0, 0, 0, 0, 0, 0, 0, 0, 0, 0, 0, 1, 0, 0, 0, 0, 0, 0, 0, 0, 0, 1, 0, 0, 0, 0, 0, 0, 3, 4, 9, 35, 44, 11, 95, 12, 154, 67, 16, 7, 0]}, "percentile": {"x": [215, 226, 264, 471, 479, 480, 1143, 1314, 1441, 1453, 1465, 1477, 1489, 1490, 1499, 1501, 1502, 1513, 1514, 1515, 1518, 1521, 1522, 1524, 1525, 1526, 1527, 1536, 1537, 1538, 1539, 1548, 1549, 1550, 1551, 1552, 1553, 1554, 1555, 1556, 1557, 1558, 1559, 1560, 1561, 1562, 1563, 1564, 1565, 1567, 1572, 1573, 1574, 1575, 1576, 1584, 1585, 1586, 1587, 1588, 1589, 1590, 1591, 1593, 1595, 1596, 1597, 1598, 1599, 1600, 1601, 1602, 1604, 1605, 1607, 1608, 1609, 1610, 1611, 1612, 1613, 1614, 1616, 1620, 1622, 1623, 1624, 1625, 1626, 1627, 1630, 1634, 1646, 1649, 1650, 1655], "y": [99.8, 99.6, 99.4, 99.2, 99.0, 98.8, 98.5, 98.3, 97.9, 97.7, 96.8, 96.6, 96.4, 94.9, 94.7, 92.9, 87.3, 86.3, 83.2, 81.9, 81.7, 81.5, 81.3, 80.9, 79.6, 78.7, 77.9, 77.6, 76.8, 76.3, 75.5, 75.0, 74.0, 71.6, 68.8, 66.4, 66.2, 66.0, 65.6, 65.1, 64.9, 64.3, 63.8, 61.9, 60.2, 58.0, 56.9, 55.2, 55.0, 54.8, 54.6, 54.4, 53.9, 53.5, 52.4, 52.0, 50.3, 47.9, 44.4, 41.2, 36.9, 36.5, 36.0, 35.0, 34.099999999999994, 32.599999999999994, 30.700000000000003, 27.900000000000006, 25.0, 21.0, 19.200000000000003, 18.799999999999997, 18.400000000000006, 17.900000000000006, 17.700000000000003, 16.599999999999994, 16.400000000000006, 15.400000000000006, 13.0, 11.900000000000006, 6.299999999999997, 5.0, 4.799999999999997, 3.700000000000003, 3.5, 3.299999999999997, 3.0999999999999943, 2.5999999999999943, 2.200000000000003, 1.7999999999999972, 1.5999999999999943, 1.2999999999999972, 1.0999999999999943, 0.9000000000000057, 0.29999999999999716, -0.20000000000000284]}}