{"histogram": {"y": [2, 0, 0, 0, 0, 0, 0, 0, 0, 0, 0, 0, 0, 0, 0, 0, 0, 0, 0, 0, 0, 0, 0, 0, 1, 2, 0, 0, 0, 2, 0, 0, 0, 1, 0, 0, 0, 0, 0, 1, 1, 1, 0, 0, 0, 1, 0, 0, 0, 0, 2, 0, 0, 0, 1, 0, 0, 0, 0, 0, 3, 7, 0, 13, 7, 0, 10, 11, 0, 20, 30, 2, 13, 26, 16, 24, 10, 1, 23, 11, 8, 18, 4, 0, 1, 0, 1], "x": [960.0, 968.0, 976.0, 984.0, 992.0, 1000.0, 1008.0, 1016.0, 1024.0, 1032.0, 1040.0, 1048.0, 1056.0, 1064.0, 1072.0, 1080.0, 1088.0, 1096.0, 1104.0, 1112.0, 1120.0, 1128.0, 1136.0, 1144.0, 1152.0, 1160.0, 1168.0, 1176.0, 1184.0, 1192.0, 1200.0, 1208.0, 1216.0, 1224.0, 1232.0, 1240.0, 1248.0, 1256.0, 1264.0, 1272.0, 1280.0, 1288.0, 1296.0, 1304.0, 1312.0, 1320.0, 1328.0, 1336.0, 1344.0, 1352.0, 1360.0, 1368.0, 1376.0, 1384.0, 1392.0, 1400.0, 1408.0, 1416.0, 1424.0, 1432.0, 1440.0, 1448.0, 1456.0, 1464.0, 1472.0, 1480.0, 1488.0, 1496.0, 1504.0, 1512.0, 1520.0, 1528.0, 1536.0, 1544.0, 1552.0, 1560.0, 1568.0, 1576.0, 1584.0, 1592.0, 1600.0, 1608.0, 1616.0, 1624.0, 1632.0, 1640.0, 1648.0]}, "percentile": {"y": [99.7, 99.3, 99.0, 98.6, 98.2, 97.5, 97.1, 96.8, 96.4, 96.0, 95.7, 95.3, 94.9, 94.6, 93.5, 93.1, 92.7, 90.9, 90.5, 86.1, 84.7, 83.6, 83.2, 82.1, 79.9, 79.5, 75.9, 74.8, 72.6, 68.9, 68.5, 66.7, 64.9, 61.6, 57.6, 57.2, 56.8, 56.1, 55.0, 54.3, 52.1, 51.7, 51.3, 49.1, 45.8, 42.5, 38.1, 37.8, 37.0, 36.7, 34.099999999999994, 32.3, 31.200000000000003, 29.700000000000003, 28.299999999999997, 27.900000000000006, 27.5, 27.200000000000003, 26.400000000000006, 26.099999999999994, 24.200000000000003, 23.900000000000006, 23.5, 23.099999999999994, 22.799999999999997, 19.799999999999997, 18.400000000000006, 15.400000000000006, 15.099999999999994, 14.0, 12.900000000000006, 12.099999999999994, 11.400000000000006, 10.700000000000003, 8.5, 7.400000000000006, 6.299999999999997, 5.900000000000006, 4.799999999999997, 3.700000000000003, 1.9000000000000057, 1.0999999999999943, 0.7999999999999972, 0.4000000000000057, 0.0, -0.29999999999999716], "x": [963, 964, 1155, 1162, 1166, 1192, 1224, 1278, 1281, 1289, 1325, 1363, 1364, 1392, 1441, 1450, 1452, 1453, 1464, 1465, 1477, 1478, 1488, 1489, 1490, 1501, 1502, 1513, 1514, 1515, 1519, 1524, 1525, 1526, 1527, 1528, 1535, 1536, 1537, 1538, 1539, 1546, 1548, 1549, 1550, 1551, 1552, 1553, 1558, 1559, 1560, 1561, 1562, 1563, 1564, 1567, 1569, 1570, 1573, 1574, 1575, 1576, 1584, 1585, 1586, 1587, 1588, 1589, 1592, 1596, 1597, 1598, 1599, 1600, 1601, 1608, 1609, 1610, 1611, 1612, 1613, 1619, 1620, 1622, 1638, 1650]}}