{"histogram": {"y": [1, 0, 0, 0, 0, 0, 0, 1, 0, 0, 0, 1, 0, 0, 0, 0, 0, 0, 0, 0, 0, 0, 0, 0, 0, 0, 0, 0, 0, 0, 0, 0, 0, 0, 0, 0, 0, 0, 0, 0, 0, 1, 0, 0, 0, 0, 0, 0, 1, 1, 12, 31, 33, 11, 67, 10, 81, 50, 7, 4, 0], "x": [594.0, 612.0, 630.0, 648.0, 666.0, 684.0, 702.0, 720.0, 738.0, 756.0, 774.0, 792.0, 810.0, 828.0, 846.0, 864.0, 882.0, 900.0, 918.0, 936.0, 954.0, 972.0, 990.0, 1008.0, 1026.0, 1044.0, 1062.0, 1080.0, 1098.0, 1116.0, 1134.0, 1152.0, 1170.0, 1188.0, 1206.0, 1224.0, 1242.0, 1260.0, 1278.0, 1296.0, 1314.0, 1332.0, 1350.0, 1368.0, 1386.0, 1404.0, 1422.0, 1440.0, 1458.0, 1476.0, 1494.0, 1512.0, 1530.0, 1548.0, 1566.0, 1584.0, 1602.0, 1620.0, 1638.0, 1656.0]}, "percentile": {"y": [99.7, 99.4, 99.1, 98.8, 98.4, 98.1, 96.8, 96.2, 95.9, 95.2, 94.3, 93.9, 93.0, 91.0, 84.3, 81.4, 80.1, 78.5, 78.2, 77.5, 76.9, 75.6, 75.0, 73.7, 73.4, 71.8, 71.1, 70.5, 70.1, 69.2, 67.9, 64.7, 62.1, 60.2, 59.9, 59.2, 58.2, 57.9, 57.0, 56.6, 55.0, 52.5, 50.5, 49.6, 48.6, 48.3, 47.6, 47.3, 47.0, 45.7, 45.4, 44.7, 42.8, 39.0, 36.4, 33.5, 33.2, 32.8, 32.5, 30.900000000000006, 29.0, 26.099999999999994, 24.200000000000003, 21.900000000000006, 19.299999999999997, 19.0, 18.700000000000003, 18.400000000000006, 17.099999999999994, 14.5, 12.599999999999994, 11.599999999999994, 10.299999999999997, 4.200000000000003, 3.5999999999999943, 3.299999999999997, 2.5999999999999943, 2.299999999999997, 1.2999999999999972, 1.0, 0.7000000000000028, 0.0, -0.29999999999999716], "x": [591, 704, 780, 1316, 1453, 1465, 1477, 1478, 1484, 1489, 1490, 1498, 1500, 1501, 1502, 1513, 1514, 1515, 1517, 1523, 1524, 1525, 1526, 1527, 1536, 1537, 1538, 1539, 1541, 1548, 1549, 1550, 1551, 1552, 1554, 1555, 1556, 1557, 1558, 1559, 1560, 1561, 1562, 1563, 1564, 1572, 1573, 1574, 1575, 1576, 1580, 1585, 1586, 1587, 1588, 1589, 1591, 1593, 1594, 1596, 1597, 1598, 1599, 1600, 1601, 1602, 1603, 1604, 1608, 1609, 1610, 1611, 1612, 1613, 1614, 1615, 1620, 1624, 1626, 1634, 1648, 1650, 1655]}}