{"percentile": {"y": [99.6, 99.1, 98.6, 98.2, 97.7, 97.2, 95.8, 95.3, 93.9, 92.5, 91.0, 90.6, 89.6, 89.1, 88.2, 85.4, 84.4, 82.0, 81.6, 80.6, 78.7, 77.8, 75.9, 73.5, 46.0, 45.1, 44.1, 42.7, 41.3, 39.4, 38.0, 36.5, 35.599999999999994, 33.7, 31.299999999999997, 29.900000000000006, 28.0, 27.099999999999994, 26.099999999999994, 25.599999999999994, 25.200000000000003, 24.200000000000003, 21.900000000000006, 21.400000000000006, 19.5, 18.099999999999994, 17.599999999999994, 17.099999999999994, 15.200000000000003, 13.799999999999997, 12.400000000000006, 11.900000000000006, 11.400000000000006, 10.5, 9.5, 9.099999999999994, 8.599999999999994, 2.4000000000000057, 1.9000000000000057, 1.5, -0.4000000000000057], "x": [1550, 1560, 1562, 1572, 1573, 1575, 1576, 1586, 1587, 1588, 1589, 1592, 1594, 1595, 1597, 1599, 1600, 1601, 1605, 1606, 1609, 1610, 1611, 1612, 1613, 1614, 1615, 1616, 1617, 1618, 1619, 1620, 1621, 1622, 1623, 1624, 1625, 1627, 1628, 1629, 1630, 1631, 1633, 1634, 1635, 1636, 1637, 1638, 1639, 1640, 1642, 1643, 1644, 1645, 1646, 1647, 1648, 1650, 1651, 1653, 1655]}, "histogram": {"y": [1, 0, 2, 3, 3, 10, 12, 10, 77, 27, 15, 19, 13, 20, 0], "x": [1544.0, 1552.0, 1560.0, 1568.0, 1576.0, 1584.0, 1592.0, 1600.0, 1608.0, 1616.0, 1624.0, 1632.0, 1640.0, 1648.0, 1656.0]}}