{"histogram": {"x": [1458.0, 1476.0, 1494.0, 1512.0, 1530.0, 1548.0, 1566.0, 1584.0, 1602.0, 1620.0, 1638.0], "y": [1, 0, 0, 0, 2, 0, 2, 0, 4, 3, 1, 2]}, "percentile": {"x": [1453, 1512, 1527, 1549, 1559, 1587, 1588, 1589, 1611, 1613, 1636, 1650], "y": [92.9, 85.8, 78.6, 71.5, 64.3, 50.0, 42.9, 35.8, 21.5, 14.299999999999997, 7.200000000000003, -7.099999999999994]}}