{"histogram": {"x": [1536.0, 1544.0, 1552.0, 1560.0, 1568.0, 1576.0, 1584.0, 1592.0, 1600.0, 1608.0, 1616.0, 1624.0, 1632.0, 1640.0, 1648.0], "y": [1, 0, 0, 3, 3, 5, 6, 9, 5, 33, 5, 4, 5, 1, 1]}, "percentile": {"x": [1539, 1561, 1563, 1573, 1574, 1575, 1576, 1585, 1587, 1588, 1589, 1595, 1596, 1598, 1599, 1600, 1601, 1603, 1608, 1609, 1611, 1612, 1613, 1614, 1618, 1621, 1622, 1624, 1625, 1626, 1629, 1633, 1637, 1638, 1646, 1649], "y": [98.8, 96.3, 95.0, 93.8, 92.5, 91.3, 85.0, 83.8, 82.5, 78.8, 77.5, 76.3, 72.5, 70.0, 66.3, 65.0, 62.5, 60.0, 58.8, 56.3, 51.3, 46.3, 22.5, 18.799999999999997, 16.299999999999997, 15.0, 12.5, 11.299999999999997, 10.0, 8.799999999999997, 7.5, 6.299999999999997, 3.799999999999997, 1.2999999999999972, 0.0, -1.2000000000000028]}}