{"percentile": {"y": [99.4, 98.7, 98.1, 97.4, 96.7, 96.1, 95.4, 94.8, 94.1, 93.4, 92.1, 91.4, 90.8, 86.8, 84.8, 82.8, 81.5, 79.5, 78.2, 76.9, 76.2, 73.6, 71.6, 68.9, 68.3, 67.6, 66.9, 63.6, 61.0, 58.3, 55.0, 54.4, 53.7, 53.0, 52.4, 51.0, 50.4, 47.1, 45.7, 42.4, 39.1, 36.5, 35.8, 35.099999999999994, 34.5, 33.2, 31.799999999999997, 30.5, 27.200000000000003, 25.200000000000003, 23.900000000000006, 21.200000000000003, 20.599999999999994, 19.900000000000006, 19.299999999999997, 15.900000000000006, 14.0, 12.599999999999994, 6.0, 5.299999999999997, 4.0, 3.4000000000000057, 2.700000000000003, 2.0, 1.4000000000000057, 0.0, -0.5999999999999943], "x": [1065, 1343, 1438, 1453, 1478, 1488, 1489, 1490, 1502, 1513, 1514, 1515, 1524, 1525, 1526, 1527, 1536, 1537, 1538, 1539, 1549, 1550, 1551, 1552, 1553, 1555, 1560, 1561, 1562, 1563, 1564, 1572, 1573, 1574, 1575, 1576, 1584, 1585, 1586, 1587, 1588, 1589, 1590, 1592, 1593, 1594, 1596, 1597, 1598, 1599, 1600, 1601, 1604, 1608, 1609, 1610, 1611, 1612, 1613, 1616, 1620, 1621, 1622, 1625, 1638, 1650, 1651]}, "histogram": {"y": [1, 0, 0, 0, 0, 0, 0, 0, 0, 0, 0, 0, 0, 0, 0, 1, 0, 0, 0, 0, 1, 1, 0, 4, 1, 17, 9, 33, 6, 45, 24, 5, 4, 0], "x": [1080.0, 1098.0, 1116.0, 1134.0, 1152.0, 1170.0, 1188.0, 1206.0, 1224.0, 1242.0, 1260.0, 1278.0, 1296.0, 1314.0, 1332.0, 1350.0, 1368.0, 1386.0, 1404.0, 1422.0, 1440.0, 1458.0, 1476.0, 1494.0, 1512.0, 1530.0, 1548.0, 1566.0, 1584.0, 1602.0, 1620.0, 1638.0, 1656.0]}}