{"histogram": {"x": [920.0, 928.0, 936.0, 944.0, 952.0, 960.0, 968.0, 976.0, 984.0, 992.0, 1000.0, 1008.0, 1016.0, 1024.0, 1032.0, 1040.0, 1048.0, 1056.0, 1064.0, 1072.0, 1080.0, 1088.0, 1096.0, 1104.0, 1112.0, 1120.0, 1128.0, 1136.0, 1144.0, 1152.0, 1160.0, 1168.0, 1176.0, 1184.0, 1192.0, 1200.0, 1208.0, 1216.0, 1224.0, 1232.0, 1240.0, 1248.0, 1256.0, 1264.0, 1272.0, 1280.0, 1288.0, 1296.0, 1304.0, 1312.0, 1320.0, 1328.0, 1336.0, 1344.0, 1352.0, 1360.0, 1368.0, 1376.0, 1384.0, 1392.0, 1400.0, 1408.0, 1416.0, 1424.0, 1432.0, 1440.0, 1448.0, 1456.0, 1464.0, 1472.0, 1480.0, 1488.0, 1496.0, 1504.0, 1512.0, 1520.0, 1528.0, 1536.0, 1544.0, 1552.0, 1560.0, 1568.0, 1576.0, 1584.0, 1592.0, 1600.0, 1608.0, 1616.0, 1624.0, 1632.0, 1640.0, 1648.0], "y": [1, 0, 0, 0, 0, 0, 0, 0, 0, 0, 0, 0, 0, 0, 0, 0, 0, 0, 0, 1, 0, 0, 0, 0, 0, 0, 0, 0, 0, 0, 0, 0, 0, 0, 0, 0, 0, 0, 0, 1, 1, 0, 0, 0, 1, 0, 0, 0, 0, 0, 0, 0, 1, 0, 0, 0, 0, 0, 0, 0, 0, 1, 1, 0, 0, 1, 0, 0, 3, 5, 1, 5, 9, 0, 16, 17, 1, 7, 16, 13, 29, 10, 2, 32, 13, 10, 28, 2, 0, 1, 1, 3]}, "percentile": {"x": [927, 1073, 1237, 1246, 1276, 1338, 1413, 1420, 1440, 1465, 1477, 1478, 1482, 1488, 1489, 1490, 1492, 1501, 1502, 1513, 1514, 1515, 1516, 1522, 1524, 1525, 1526, 1527, 1534, 1536, 1537, 1538, 1539, 1548, 1549, 1550, 1551, 1552, 1553, 1556, 1557, 1558, 1560, 1561, 1562, 1563, 1564, 1567, 1573, 1574, 1575, 1576, 1585, 1587, 1588, 1589, 1594, 1596, 1597, 1598, 1599, 1600, 1601, 1602, 1604, 1608, 1609, 1610, 1611, 1612, 1613, 1614, 1620, 1621, 1632, 1646, 1649, 1650], "y": [99.6, 99.2, 98.8, 98.3, 97.9, 97.5, 97.0, 96.6, 96.2, 94.9, 94.0, 92.7, 92.3, 91.9, 91.4, 90.6, 90.1, 89.7, 86.3, 85.8, 83.2, 80.2, 79.4, 78.9, 78.1, 76.8, 75.0, 72.0, 71.6, 71.2, 70.7, 70.3, 68.6, 68.2, 66.9, 65.6, 61.7, 58.7, 58.2, 57.8, 56.9, 56.1, 54.4, 53.1, 49.2, 47.9, 44.0, 43.6, 43.2, 40.6, 39.3, 38.4, 35.400000000000006, 31.900000000000006, 30.200000000000003, 24.599999999999994, 24.200000000000003, 22.0, 21.599999999999994, 21.200000000000003, 19.0, 17.700000000000003, 16.0, 15.099999999999994, 14.700000000000003, 13.799999999999997, 13.400000000000006, 11.299999999999997, 9.099999999999994, 7.799999999999997, 3.0999999999999943, 2.5999999999999943, 2.200000000000003, 1.7999999999999972, 1.2999999999999972, 0.9000000000000057, 0.5, -0.4000000000000057]}}