{"histogram": {"x": [1494.0, 1512.0, 1530.0, 1548.0, 1566.0, 1584.0, 1602.0, 1620.0, 1638.0], "y": [1, 0, 0, 1, 1, 3, 13, 23, 4, 4]}, "percentile": {"x": [1489, 1539, 1557, 1569, 1573, 1574, 1586, 1587, 1588, 1589, 1591, 1595, 1596, 1599, 1600, 1601, 1602, 1603, 1609, 1611, 1612, 1613, 1614, 1618, 1622, 1625, 1630, 1640, 1644, 1650], "y": [98.0, 96.0, 93.9, 91.9, 89.8, 87.8, 85.8, 81.7, 79.6, 77.6, 73.5, 71.5, 67.4, 65.4, 63.3, 61.3, 59.2, 57.2, 55.2, 51.1, 49.0, 18.400000000000006, 16.400000000000006, 14.299999999999997, 10.299999999999997, 8.200000000000003, 6.200000000000003, 4.099999999999994, 0.0, -2.0]}}