{"percentile": {"x": [978, 1037, 1086, 1159, 1170, 1188, 1201, 1256, 1260, 1271, 1286, 1290, 1328, 1348, 1354, 1366, 1395, 1411, 1426, 1441, 1443, 1452, 1453, 1459, 1464, 1465, 1475, 1477, 1478, 1480, 1482, 1483, 1485, 1486, 1488, 1489, 1490, 1501, 1502, 1510, 1512, 1513, 1514, 1515, 1516, 1519, 1520, 1524, 1525, 1526, 1527, 1528, 1531, 1534, 1536, 1537, 1538, 1539, 1541, 1548, 1549, 1550, 1551, 1552, 1554, 1555, 1556, 1557, 1560, 1561, 1562, 1563, 1564, 1566, 1567, 1568, 1571, 1573, 1574, 1575, 1576, 1584, 1585, 1586, 1587, 1588, 1589, 1591, 1593, 1595, 1596, 1597, 1598, 1599, 1600, 1601, 1604, 1605, 1606, 1607, 1608, 1609, 1610, 1611, 1612, 1613, 1618, 1620, 1622, 1625, 1650], "y": [99.8, 99.6, 99.4, 99.2, 99.0, 98.8, 98.5, 98.3, 98.1, 97.9, 97.7, 97.5, 97.2, 97.0, 96.8, 96.6, 96.4, 96.2, 96.0, 95.7, 95.5, 95.3, 94.9, 94.7, 94.4, 91.6, 91.4, 90.4, 88.8, 88.4, 88.2, 88.0, 87.8, 87.5, 86.5, 86.0, 85.4, 84.7, 82.8, 82.6, 82.4, 81.3, 78.9, 74.8, 74.6, 74.4, 74.2, 72.0, 70.1, 68.2, 65.8, 65.6, 65.4, 65.1, 64.9, 63.8, 62.3, 60.4, 60.2, 59.3, 56.9, 53.9, 49.8, 45.5, 44.7, 44.4, 44.0, 43.8, 42.1, 38.6, 34.7, 33.0, 30.700000000000003, 30.400000000000006, 30.0, 29.799999999999997, 29.400000000000006, 28.299999999999997, 27.400000000000006, 26.599999999999994, 24.599999999999994, 24.400000000000006, 23.5, 22.200000000000003, 21.200000000000003, 19.900000000000006, 17.099999999999994, 16.900000000000006, 16.200000000000003, 15.799999999999997, 13.599999999999994, 11.900000000000006, 9.700000000000003, 8.5, 7.400000000000006, 7.200000000000003, 6.900000000000006, 6.700000000000003, 6.5, 6.299999999999997, 5.700000000000003, 5.200000000000003, 4.400000000000006, 3.299999999999997, 2.9000000000000057, 1.2999999999999972, 1.0999999999999943, 0.7000000000000028, 0.5, 0.29999999999999716, -0.20000000000000284]}, "histogram": {"x": [976.0, 984.0, 992.0, 1000.0, 1008.0, 1016.0, 1024.0, 1032.0, 1040.0, 1048.0, 1056.0, 1064.0, 1072.0, 1080.0, 1088.0, 1096.0, 1104.0, 1112.0, 1120.0, 1128.0, 1136.0, 1144.0, 1152.0, 1160.0, 1168.0, 1176.0, 1184.0, 1192.0, 1200.0, 1208.0, 1216.0, 1224.0, 1232.0, 1240.0, 1248.0, 1256.0, 1264.0, 1272.0, 1280.0, 1288.0, 1296.0, 1304.0, 1312.0, 1320.0, 1328.0, 1336.0, 1344.0, 1352.0, 1360.0, 1368.0, 1376.0, 1384.0, 1392.0, 1400.0, 1408.0, 1416.0, 1424.0, 1432.0, 1440.0, 1448.0, 1456.0, 1464.0, 1472.0, 1480.0, 1488.0, 1496.0, 1504.0, 1512.0, 1520.0, 1528.0, 1536.0, 1544.0, 1552.0, 1560.0, 1568.0, 1576.0, 1584.0, 1592.0, 1600.0, 1608.0, 1616.0, 1624.0, 1632.0, 1640.0, 1648.0, 1656.0], "y": [1, 0, 0, 0, 0, 0, 0, 1, 0, 0, 0, 0, 0, 1, 0, 0, 0, 0, 0, 0, 0, 0, 1, 0, 1, 0, 1, 0, 1, 0, 0, 0, 0, 0, 0, 2, 1, 0, 1, 1, 0, 0, 0, 0, 1, 0, 1, 1, 1, 0, 0, 0, 1, 0, 1, 0, 1, 0, 2, 3, 1, 14, 13, 6, 10, 12, 1, 38, 40, 3, 23, 48, 28, 64, 16, 9, 36, 39, 10, 23, 4, 1, 0, 0, 2, 0]}}