{"histogram": {"x": [1530.0, 1548.0, 1566.0, 1584.0, 1602.0, 1620.0, 1638.0, 1656.0], "y": [1, 0, 1, 8, 20, 59, 14, 11, 0]}, "percentile": {"x": [1527, 1562, 1567, 1576, 1585, 1587, 1588, 1589, 1590, 1591, 1592, 1593, 1598, 1599, 1600, 1601, 1602, 1604, 1605, 1606, 1608, 1609, 1610, 1611, 1612, 1613, 1615, 1616, 1617, 1618, 1619, 1620, 1621, 1622, 1623, 1626, 1627, 1632, 1634, 1641, 1642, 1643, 1644, 1650, 1653, 1654, 1655], "y": [99.2, 98.3, 97.4, 91.2, 90.3, 89.4, 88.5, 86.8, 85.9, 85.0, 84.1, 83.2, 82.4, 81.5, 78.8, 73.5, 71.7, 69.1, 67.3, 66.4, 62.9, 59.3, 57.6, 53.1, 49.6, 28.400000000000006, 26.599999999999994, 24.799999999999997, 23.900000000000006, 22.200000000000003, 21.299999999999997, 20.400000000000006, 19.5, 16.900000000000006, 16.0, 13.299999999999997, 11.599999999999994, 10.700000000000003, 8.900000000000006, 7.099999999999994, 6.200000000000003, 5.400000000000006, 4.5, 2.700000000000003, 1.7999999999999972, 0.0, -0.7999999999999972]}}