{"histogram": {"x": [1208.0, 1216.0, 1224.0, 1232.0, 1240.0, 1248.0, 1256.0, 1264.0, 1272.0, 1280.0, 1288.0, 1296.0, 1304.0, 1312.0, 1320.0, 1328.0, 1336.0, 1344.0, 1352.0, 1360.0, 1368.0, 1376.0, 1384.0, 1392.0, 1400.0, 1408.0, 1416.0, 1424.0, 1432.0, 1440.0, 1448.0, 1456.0, 1464.0, 1472.0, 1480.0, 1488.0, 1496.0, 1504.0, 1512.0, 1520.0, 1528.0, 1536.0, 1544.0, 1552.0, 1560.0, 1568.0, 1576.0, 1584.0, 1592.0, 1600.0, 1608.0, 1616.0, 1624.0, 1632.0, 1640.0, 1648.0, 1656.0], "y": [1, 0, 0, 0, 0, 0, 0, 0, 0, 0, 0, 0, 0, 0, 0, 0, 0, 0, 1, 0, 0, 0, 0, 0, 0, 0, 0, 0, 1, 0, 0, 0, 0, 1, 0, 2, 2, 0, 3, 8, 3, 3, 5, 6, 28, 29, 65, 67, 91, 85, 470, 118, 98, 65, 41, 62, 0]}, "percentile": {"x": [1210, 1358, 1433, 1478, 1490, 1502, 1513, 1515, 1525, 1526, 1527, 1529, 1534, 1537, 1539, 1549, 1550, 1551, 1552, 1556, 1557, 1558, 1560, 1561, 1562, 1563, 1564, 1566, 1567, 1571, 1572, 1573, 1574, 1575, 1576, 1584, 1585, 1586, 1587, 1588, 1589, 1590, 1591, 1592, 1593, 1594, 1595, 1596, 1597, 1598, 1599, 1600, 1601, 1602, 1603, 1604, 1605, 1606, 1607, 1608, 1609, 1610, 1611, 1612, 1613, 1614, 1615, 1616, 1617, 1618, 1619, 1620, 1621, 1622, 1623, 1624, 1625, 1626, 1627, 1628, 1629, 1630, 1631, 1632, 1633, 1634, 1635, 1636, 1637, 1638, 1639, 1640, 1641, 1642, 1643, 1644, 1645, 1646, 1647, 1648, 1649, 1650, 1652, 1653, 1654, 1655], "y": [100.0, 99.9, 99.8, 99.7, 99.6, 99.4, 99.3, 99.2, 99.0, 98.7, 98.5, 98.4, 98.3, 98.1, 98.1, 98.0, 97.9, 97.7, 97.4, 97.3, 97.3, 97.2, 97.0, 96.6, 96.2, 96.0, 95.1, 95.0, 94.9, 94.9, 94.7, 94.2, 93.7, 92.6, 87.5, 87.4, 87.0, 86.3, 85.8, 84.8, 83.1, 82.7, 82.1, 81.9, 81.6, 81.2, 80.8, 79.6, 78.0, 76.4, 74.9, 73.6, 71.6, 71.2, 70.0, 69.5, 68.9, 68.6, 68.1, 67.0, 65.2, 62.6, 59.3, 56.1, 32.7, 31.5, 30.599999999999994, 29.200000000000003, 28.200000000000003, 26.799999999999997, 25.599999999999994, 24.0, 23.299999999999997, 22.299999999999997, 21.200000000000003, 20.400000000000006, 19.299999999999997, 18.200000000000003, 17.0, 16.200000000000003, 15.099999999999994, 14.5, 13.400000000000006, 12.599999999999994, 12.200000000000003, 11.400000000000006, 10.700000000000003, 9.700000000000003, 9.400000000000006, 8.900000000000006, 8.200000000000003, 7.700000000000003, 7.5, 7.099999999999994, 6.299999999999997, 5.700000000000003, 5.5, 5.200000000000003, 4.900000000000006, 4.599999999999994, 4.400000000000006, 1.4000000000000057, 1.2000000000000028, 0.9000000000000057, 0.7000000000000028, 0.0]}}