{"percentile": {"y": [100.0, 100.0, 100.0, 99.9, 99.9, 99.8, 99.8, 99.8, 99.7, 99.7, 99.5, 99.3, 99.1, 98.9, 98.8, 98.7, 98.3, 98.3, 98.2, 98.1, 97.9, 97.4, 97.3, 97.2, 97.2, 97.2, 97.0, 96.8, 96.4, 96.3, 96.1, 95.7, 95.4, 94.8, 94.7, 94.6, 94.5, 94.5, 94.5, 94.4, 94.3, 94.1, 93.7, 93.3, 92.5, 91.3, 91.2, 91.1, 91.1, 91.0, 90.9, 90.8, 90.8, 90.7, 89.9, 88.6, 87.1, 79.2, 79.1, 79.1, 79.0, 78.3, 77.4, 75.9, 74.1, 72.1, 71.6, 70.9, 70.1, 69.6, 68.9, 68.5, 66.8, 65.5, 63.4, 61.0, 58.4, 55.3, 54.8, 54.1, 53.3, 52.6, 51.6, 51.1, 49.5, 47.4, 44.6, 41.0, 36.6, 20.299999999999997, 18.700000000000003, 18.0, 17.099999999999994, 16.0, 15.099999999999994, 14.5, 13.099999999999994, 12.599999999999994, 12.099999999999994, 11.5, 10.900000000000006, 10.299999999999997, 9.900000000000006, 9.5, 9.099999999999994, 8.400000000000006, 7.799999999999997, 7.400000000000006, 6.799999999999997, 6.5, 6.299999999999997, 6.0, 5.700000000000003, 5.5, 5.200000000000003, 4.900000000000006, 4.700000000000003, 4.200000000000003, 4.0, 3.700000000000003, 3.4000000000000057, 3.299999999999997, 3.200000000000003, 3.0999999999999943, 3.0, 2.9000000000000057, 1.7000000000000028, 1.4000000000000057, 1.0999999999999943, 0.7999999999999972, 0.5999999999999943, 0.0], "x": [1272, 1297, 1370, 1401, 1441, 1449, 1453, 1465, 1477, 1478, 1489, 1490, 1501, 1502, 1513, 1514, 1515, 1523, 1524, 1525, 1526, 1527, 1528, 1529, 1532, 1535, 1537, 1538, 1539, 1540, 1549, 1550, 1551, 1552, 1553, 1554, 1555, 1556, 1557, 1558, 1559, 1560, 1561, 1562, 1563, 1564, 1565, 1566, 1567, 1568, 1569, 1570, 1571, 1572, 1573, 1574, 1575, 1576, 1578, 1582, 1584, 1585, 1586, 1587, 1588, 1589, 1590, 1591, 1592, 1593, 1594, 1595, 1596, 1597, 1598, 1599, 1600, 1601, 1602, 1603, 1604, 1605, 1606, 1607, 1608, 1609, 1610, 1611, 1612, 1613, 1614, 1615, 1616, 1617, 1618, 1619, 1620, 1621, 1622, 1623, 1624, 1625, 1626, 1627, 1628, 1629, 1630, 1631, 1632, 1633, 1634, 1635, 1636, 1637, 1638, 1639, 1640, 1641, 1642, 1643, 1644, 1645, 1646, 1647, 1648, 1649, 1650, 1651, 1652, 1653, 1654, 1655]}, "histogram": {"y": [1, 0, 1, 0, 0, 0, 1, 1, 0, 0, 4, 1, 18, 14, 56, 32, 178, 419, 821, 1414, 309, 191, 0], "x": [1278.0, 1296.0, 1314.0, 1332.0, 1350.0, 1368.0, 1386.0, 1404.0, 1422.0, 1440.0, 1458.0, 1476.0, 1494.0, 1512.0, 1530.0, 1548.0, 1566.0, 1584.0, 1602.0, 1620.0, 1638.0, 1656.0]}}