{"percentile": {"y": [99.7, 99.3, 98.9, 98.6, 97.1, 96.7, 96.3, 95.9, 95.6, 95.2, 94.4, 92.6, 84.7, 84.3, 83.6, 81.7, 80.6, 79.8, 78.3, 77.6, 76.8, 75.7, 74.6, 73.8, 73.5, 70.8, 69.3, 67.8, 65.2, 61.5, 60.0, 58.9, 58.1, 57.7, 56.6, 55.1, 54.7, 51.4, 50.2, 47.6, 43.9, 23.599999999999994, 22.5, 21.799999999999997, 20.299999999999997, 19.5, 18.0, 17.299999999999997, 15.799999999999997, 14.700000000000003, 13.900000000000006, 13.200000000000003, 12.799999999999997, 11.299999999999997, 10.5, 10.200000000000003, 9.0, 8.299999999999997, 7.900000000000006, 7.200000000000003, 6.400000000000006, 6.0, 5.700000000000003, 5.299999999999997, 4.900000000000006, 4.5, 4.200000000000003, 3.4000000000000057, 3.0, 2.700000000000003, 2.299999999999997, 1.9000000000000057, 1.5, 1.2000000000000028, -0.29999999999999716], "x": [1538, 1551, 1554, 1559, 1562, 1563, 1564, 1565, 1571, 1573, 1574, 1575, 1576, 1579, 1585, 1586, 1587, 1588, 1589, 1590, 1591, 1592, 1593, 1594, 1595, 1597, 1598, 1599, 1600, 1601, 1602, 1603, 1604, 1605, 1606, 1607, 1608, 1609, 1610, 1611, 1612, 1613, 1614, 1615, 1616, 1617, 1618, 1619, 1620, 1621, 1622, 1623, 1624, 1625, 1626, 1627, 1628, 1629, 1630, 1632, 1633, 1635, 1636, 1637, 1640, 1641, 1642, 1643, 1647, 1648, 1650, 1652, 1653, 1654, 1655]}, "histogram": {"y": [1, 10, 31, 61, 118, 32, 15, 0], "x": [1548.0, 1566.0, 1584.0, 1602.0, 1620.0, 1638.0, 1656.0]}}