{"percentile": {"y": [99.8, 99.5, 99.2, 98.9, 98.6, 98.3, 98.0, 97.7, 95.6, 95.3, 95.0, 94.4, 94.1, 93.8, 93.2, 92.7, 89.7, 89.1, 88.8, 88.5, 87.0, 86.7, 86.1, 84.7, 83.2, 82.9, 82.6, 82.3, 79.9, 79.0, 76.7, 76.4, 76.1, 74.6, 73.7, 72.2, 68.1, 67.5, 67.2, 66.9, 65.7, 65.1, 63.4, 60.1, 58.0, 57.7, 57.4, 57.2, 56.0, 54.5, 53.9, 51.2, 50.9, 50.6, 50.3, 48.9, 45.9, 42.1, 39.4, 37.6, 37.3, 36.7, 33.8, 32.0, 27.299999999999997, 24.0, 21.400000000000006, 21.099999999999994, 20.200000000000003, 19.900000000000006, 19.0, 18.700000000000003, 18.099999999999994, 16.299999999999997, 15.099999999999994, 13.700000000000003, 11.299999999999997, 3.5999999999999943, 3.0, 2.700000000000003, 2.4000000000000057, 2.0999999999999943, 1.5, 1.2000000000000028, 0.0, -0.20000000000000284], "x": [480, 720, 1026, 1101, 1107, 1414, 1429, 1441, 1465, 1477, 1480, 1484, 1489, 1490, 1500, 1501, 1502, 1512, 1513, 1514, 1515, 1518, 1525, 1526, 1527, 1531, 1534, 1536, 1537, 1538, 1539, 1547, 1548, 1549, 1550, 1551, 1552, 1554, 1558, 1559, 1560, 1561, 1562, 1563, 1564, 1565, 1566, 1571, 1573, 1574, 1575, 1576, 1582, 1583, 1584, 1585, 1586, 1587, 1588, 1589, 1595, 1596, 1597, 1598, 1599, 1600, 1601, 1603, 1604, 1605, 1606, 1607, 1608, 1609, 1610, 1611, 1612, 1613, 1614, 1620, 1624, 1625, 1626, 1630, 1650, 1655]}, "histogram": {"y": [1, 0, 0, 0, 0, 0, 0, 0, 0, 0, 0, 0, 0, 0, 0, 0, 0, 0, 0, 0, 0, 0, 0, 0, 0, 0, 0, 0, 0, 0, 1, 0, 0, 0, 0, 0, 0, 0, 0, 0, 0, 0, 0, 0, 0, 0, 0, 0, 0, 0, 0, 0, 0, 0, 0, 0, 0, 0, 0, 0, 0, 0, 0, 0, 0, 0, 0, 0, 1, 0, 0, 0, 0, 0, 0, 0, 0, 1, 1, 0, 0, 0, 0, 0, 0, 0, 0, 0, 0, 0, 0, 0, 0, 0, 0, 0, 0, 0, 0, 0, 0, 0, 0, 0, 0, 0, 0, 0, 0, 0, 0, 0, 0, 0, 0, 0, 1, 0, 1, 0, 1, 0, 0, 7, 1, 3, 2, 14, 0, 10, 12, 2, 20, 15, 18, 32, 12, 11, 44, 35, 29, 53, 1, 5, 0, 0, 5, 0], "x": [480.0, 488.0, 496.0, 504.0, 512.0, 520.0, 528.0, 536.0, 544.0, 552.0, 560.0, 568.0, 576.0, 584.0, 592.0, 600.0, 608.0, 616.0, 624.0, 632.0, 640.0, 648.0, 656.0, 664.0, 672.0, 680.0, 688.0, 696.0, 704.0, 712.0, 720.0, 728.0, 736.0, 744.0, 752.0, 760.0, 768.0, 776.0, 784.0, 792.0, 800.0, 808.0, 816.0, 824.0, 832.0, 840.0, 848.0, 856.0, 864.0, 872.0, 880.0, 888.0, 896.0, 904.0, 912.0, 920.0, 928.0, 936.0, 944.0, 952.0, 960.0, 968.0, 976.0, 984.0, 992.0, 1000.0, 1008.0, 1016.0, 1024.0, 1032.0, 1040.0, 1048.0, 1056.0, 1064.0, 1072.0, 1080.0, 1088.0, 1096.0, 1104.0, 1112.0, 1120.0, 1128.0, 1136.0, 1144.0, 1152.0, 1160.0, 1168.0, 1176.0, 1184.0, 1192.0, 1200.0, 1208.0, 1216.0, 1224.0, 1232.0, 1240.0, 1248.0, 1256.0, 1264.0, 1272.0, 1280.0, 1288.0, 1296.0, 1304.0, 1312.0, 1320.0, 1328.0, 1336.0, 1344.0, 1352.0, 1360.0, 1368.0, 1376.0, 1384.0, 1392.0, 1400.0, 1408.0, 1416.0, 1424.0, 1432.0, 1440.0, 1448.0, 1456.0, 1464.0, 1472.0, 1480.0, 1488.0, 1496.0, 1504.0, 1512.0, 1520.0, 1528.0, 1536.0, 1544.0, 1552.0, 1560.0, 1568.0, 1576.0, 1584.0, 1592.0, 1600.0, 1608.0, 1616.0, 1624.0, 1632.0, 1640.0, 1648.0, 1656.0]}}