{"histogram": {"x": [1386.0, 1404.0, 1422.0, 1440.0, 1458.0, 1476.0, 1494.0, 1512.0, 1530.0, 1548.0, 1566.0, 1584.0, 1602.0], "y": [1, 0, 0, 0, 0, 1, 0, 0, 2, 3, 11, 3, 9, 8]}, "percentile": {"x": [1381, 1464, 1514, 1527, 1538, 1539, 1550, 1551, 1552, 1560, 1561, 1562, 1563, 1564, 1575, 1585, 1587, 1594, 1595, 1597, 1600, 1601, 1608, 1609, 1610, 1611, 1613], "y": [97.3, 94.6, 91.9, 89.2, 86.5, 81.1, 78.4, 73.0, 70.3, 67.6, 64.9, 62.2, 54.1, 51.4, 43.3, 37.9, 35.2, 32.5, 29.799999999999997, 27.099999999999994, 24.400000000000006, 19.0, 16.299999999999997, 13.599999999999994, 10.900000000000006, 8.200000000000003, -2.700000000000003]}}