{"percentile": {"x": [1355, 1477, 1478, 1489, 1490, 1501, 1502, 1513, 1514, 1515, 1526, 1527, 1530, 1533, 1536, 1537, 1538, 1539, 1549, 1550, 1551, 1552, 1553, 1554, 1555, 1556, 1559, 1560, 1561, 1562, 1563, 1564, 1565, 1566, 1567, 1571, 1572, 1573, 1574, 1575, 1576, 1577, 1579, 1584, 1585, 1586, 1587, 1588, 1589, 1590, 1591, 1592, 1593, 1594, 1595, 1596, 1597, 1598, 1599, 1600, 1601, 1602, 1603, 1604, 1605, 1606, 1607, 1608, 1609, 1610, 1611, 1612, 1613, 1614, 1615, 1616, 1617, 1618, 1619, 1620, 1621, 1622, 1623, 1624, 1625, 1626, 1627, 1628, 1629, 1630, 1631, 1632, 1633, 1634, 1635, 1636, 1637, 1638, 1639, 1640, 1641, 1642, 1643, 1644, 1645, 1646, 1647, 1648, 1650, 1651, 1652, 1653, 1654, 1655], "y": [100.0, 99.9, 99.8, 99.8, 99.7, 99.6, 99.6, 99.4, 99.3, 99.1, 99.0, 98.9, 98.8, 98.7, 98.6, 98.5, 98.4, 97.9, 97.8, 97.5, 97.0, 96.2, 96.2, 96.0, 95.7, 95.5, 95.4, 95.3, 94.8, 94.1, 93.2, 92.3, 92.1, 92.1, 92.0, 91.9, 91.7, 90.9, 90.0, 88.7, 80.4, 80.4, 80.3, 80.1, 79.4, 78.0, 76.3, 74.9, 73.1, 72.2, 71.6, 71.0, 70.1, 69.6, 69.1, 68.3, 66.6, 64.9, 63.1, 61.1, 57.1, 56.2, 55.4, 54.6, 54.2, 53.3, 52.6, 51.6, 48.8, 46.6, 43.6, 39.3, 23.099999999999994, 21.900000000000006, 20.900000000000006, 19.900000000000006, 18.900000000000006, 18.0, 17.099999999999994, 15.900000000000006, 15.200000000000003, 14.200000000000003, 13.599999999999994, 12.700000000000003, 11.700000000000003, 11.0, 10.5, 9.599999999999994, 8.900000000000006, 8.400000000000006, 8.0, 7.400000000000006, 7.099999999999994, 6.700000000000003, 6.099999999999994, 5.799999999999997, 5.599999999999994, 5.5, 5.299999999999997, 5.099999999999994, 4.799999999999997, 4.5, 4.099999999999994, 3.9000000000000057, 3.799999999999997, 3.4000000000000057, 3.4000000000000057, 3.200000000000003, 1.7999999999999972, 1.5, 1.2000000000000028, 0.9000000000000057, 0.5, 0.0]}, "histogram": {"x": [1368.0, 1386.0, 1404.0, 1422.0, 1440.0, 1458.0, 1476.0, 1494.0, 1512.0, 1530.0, 1548.0, 1566.0, 1584.0, 1602.0, 1620.0, 1638.0, 1656.0], "y": [1, 0, 0, 0, 0, 0, 0, 4, 2, 10, 13, 82, 168, 329, 566, 163, 80, 0]}}