{"percentile": {"x": [1103, 1386, 1501, 1502, 1513, 1515, 1516, 1519, 1521, 1524, 1526, 1527, 1537, 1538, 1539, 1549, 1550, 1551, 1552, 1553, 1560, 1561, 1562, 1563, 1564, 1570, 1572, 1573, 1574, 1575, 1576, 1584, 1585, 1586, 1587, 1588, 1589, 1595, 1596, 1597, 1598, 1599, 1600, 1603, 1607, 1608, 1610, 1611, 1613, 1620, 1637, 1650], "y": [99.1, 98.1, 95.1, 92.2, 91.2, 88.3, 87.3, 86.3, 84.4, 82.4, 81.4, 80.4, 78.5, 77.5, 74.6, 71.6, 69.7, 66.7, 65.7, 64.8, 63.8, 59.9, 57.9, 55.9, 54.0, 53.0, 52.0, 50.0, 48.1, 47.1, 44.2, 42.2, 41.2, 38.3, 35.3, 33.400000000000006, 30.400000000000006, 29.5, 26.5, 23.599999999999994, 21.599999999999994, 20.599999999999994, 14.799999999999997, 13.799999999999997, 12.799999999999997, 10.799999999999997, 8.900000000000006, 5.900000000000006, 2.0, 1.0, 0.0, -0.9000000000000057]}, "histogram": {"x": [1096.0, 1104.0, 1112.0, 1120.0, 1128.0, 1136.0, 1144.0, 1152.0, 1160.0, 1168.0, 1176.0, 1184.0, 1192.0, 1200.0, 1208.0, 1216.0, 1224.0, 1232.0, 1240.0, 1248.0, 1256.0, 1264.0, 1272.0, 1280.0, 1288.0, 1296.0, 1304.0, 1312.0, 1320.0, 1328.0, 1336.0, 1344.0, 1352.0, 1360.0, 1368.0, 1376.0, 1384.0, 1392.0, 1400.0, 1408.0, 1416.0, 1424.0, 1432.0, 1440.0, 1448.0, 1456.0, 1464.0, 1472.0, 1480.0, 1488.0, 1496.0, 1504.0, 1512.0, 1520.0, 1528.0, 1536.0, 1544.0, 1552.0, 1560.0, 1568.0, 1576.0, 1584.0, 1592.0, 1600.0, 1608.0, 1616.0, 1624.0, 1632.0, 1640.0, 1648.0], "y": [1, 0, 0, 0, 0, 0, 0, 0, 0, 0, 0, 0, 0, 0, 0, 0, 0, 0, 0, 0, 0, 0, 0, 0, 0, 0, 0, 0, 0, 0, 0, 0, 0, 0, 0, 0, 1, 0, 0, 0, 0, 0, 0, 0, 0, 0, 0, 0, 0, 0, 6, 0, 6, 6, 0, 6, 8, 2, 11, 7, 3, 14, 10, 8, 11, 1, 0, 1, 0, 1]}}