{"percentile": {"x": [1598, 1599, 1600, 1601, 1609, 1613], "y": [83.4, 66.7, 50.0, 33.400000000000006, 16.700000000000003, -16.599999999999994]}, "histogram": {"x": [1592.0, 1600.0, 1608.0], "y": [2, 2, 3]}}