{"percentile": {"x": [1439, 1459, 1465, 1477, 1489, 1490, 1501, 1502, 1513, 1514, 1515, 1517, 1518, 1524, 1525, 1526, 1527, 1536, 1537, 1538, 1539, 1549, 1550, 1551, 1552, 1553, 1556, 1557, 1559, 1560, 1561, 1562, 1563, 1564, 1571, 1572, 1573, 1574, 1575, 1576, 1581, 1585, 1586, 1587, 1588, 1589, 1590, 1591, 1592, 1593, 1594, 1596, 1597, 1598, 1599, 1600, 1601, 1604, 1605, 1606, 1607, 1608, 1609, 1610, 1611, 1612, 1613, 1615, 1620, 1621, 1622, 1623, 1624, 1625, 1626, 1632, 1633, 1638, 1650, 1655], "y": [99.8, 99.5, 99.3, 98.8, 98.0, 97.5, 96.7, 92.9, 92.4, 90.3, 87.5, 87.0, 86.7, 86.2, 85.4, 84.7, 83.6, 83.4, 82.4, 82.1, 80.8, 79.5, 78.5, 74.7, 71.1, 70.8, 70.0, 69.3, 69.0, 68.3, 67.0, 64.7, 63.6, 62.1, 61.8, 61.6, 61.3, 60.6, 60.3, 59.5, 59.3, 57.2, 54.7, 51.1, 50.3, 47.5, 47.2, 47.0, 46.5, 45.4, 44.9, 42.6, 40.3, 35.2, 31.799999999999997, 28.799999999999997, 24.900000000000006, 24.400000000000006, 24.200000000000003, 23.599999999999994, 23.400000000000006, 22.400000000000006, 20.599999999999994, 19.5, 18.299999999999997, 16.200000000000003, 8.0, 7.5, 6.5, 6.200000000000003, 5.700000000000003, 5.400000000000006, 5.200000000000003, 4.900000000000006, 4.200000000000003, 3.9000000000000057, 3.4000000000000057, 3.0999999999999943, 0.5999999999999943, -0.20000000000000284]}, "histogram": {"x": [1440.0, 1458.0, 1476.0, 1494.0, 1512.0, 1530.0, 1548.0, 1566.0, 1584.0, 1602.0, 1620.0, 1638.0, 1656.0], "y": [1, 0, 2, 7, 18, 36, 11, 73, 11, 134, 68, 16, 14, 0]}}