{"histogram": {"y": [1, 0, 0, 0, 0, 0, 0, 0, 0, 0, 0, 0, 0, 0, 0, 0, 0, 0, 0, 0, 0, 0, 0, 0, 0, 0, 0, 0, 0, 0, 0, 0, 0, 0, 0, 0, 0, 0, 2, 0, 0, 0, 0, 0, 0, 0, 0, 0, 1, 0, 0, 0, 0, 1, 0, 0, 0, 0, 1, 0, 1, 0, 0, 0, 0, 0, 0, 0, 0, 0, 1, 0, 0, 1, 0, 1, 0, 1, 0, 1, 2, 0, 0, 1, 2, 2, 0, 0, 0, 0, 1, 3, 0, 1, 9, 0, 11, 4, 0, 11, 16, 4, 13, 21, 10, 23, 3, 4, 25, 16, 5, 25, 3, 0, 1, 1, 2, 0], "x": [720.0, 728.0, 736.0, 744.0, 752.0, 760.0, 768.0, 776.0, 784.0, 792.0, 800.0, 808.0, 816.0, 824.0, 832.0, 840.0, 848.0, 856.0, 864.0, 872.0, 880.0, 888.0, 896.0, 904.0, 912.0, 920.0, 928.0, 936.0, 944.0, 952.0, 960.0, 968.0, 976.0, 984.0, 992.0, 1000.0, 1008.0, 1016.0, 1024.0, 1032.0, 1040.0, 1048.0, 1056.0, 1064.0, 1072.0, 1080.0, 1088.0, 1096.0, 1104.0, 1112.0, 1120.0, 1128.0, 1136.0, 1144.0, 1152.0, 1160.0, 1168.0, 1176.0, 1184.0, 1192.0, 1200.0, 1208.0, 1216.0, 1224.0, 1232.0, 1240.0, 1248.0, 1256.0, 1264.0, 1272.0, 1280.0, 1288.0, 1296.0, 1304.0, 1312.0, 1320.0, 1328.0, 1336.0, 1344.0, 1352.0, 1360.0, 1368.0, 1376.0, 1384.0, 1392.0, 1400.0, 1408.0, 1416.0, 1424.0, 1432.0, 1440.0, 1448.0, 1456.0, 1464.0, 1472.0, 1480.0, 1488.0, 1496.0, 1504.0, 1512.0, 1520.0, 1528.0, 1536.0, 1544.0, 1552.0, 1560.0, 1568.0, 1576.0, 1584.0, 1592.0, 1600.0, 1608.0, 1616.0, 1624.0, 1632.0, 1640.0, 1648.0, 1656.0]}, "percentile": {"y": [99.6, 99.2, 98.7, 98.3, 97.9, 97.4, 97.0, 96.6, 96.1, 95.7, 95.3, 94.8, 94.4, 94.0, 93.5, 92.7, 92.2, 91.8, 91.4, 90.0, 89.6, 85.7, 85.3, 84.0, 81.4, 80.9, 80.5, 79.2, 78.7, 78.3, 77.4, 75.3, 74.8, 74.4, 74.0, 73.5, 73.1, 72.2, 69.2, 67.4, 67.0, 66.6, 65.7, 63.1, 62.7, 61.4, 60.5, 60.0, 59.6, 57.4, 53.1, 50.9, 49.2, 48.3, 47.4, 47.0, 46.6, 44.0, 39.6, 37.4, 37.0, 36.6, 36.1, 35.3, 34.0, 33.5, 32.7, 30.0, 27.900000000000006, 25.700000000000003, 23.099999999999994, 22.700000000000003, 22.200000000000003, 21.799999999999997, 20.900000000000006, 20.0, 17.900000000000006, 15.700000000000003, 14.799999999999997, 14.400000000000006, 14.0, 13.5, 13.099999999999994, 12.200000000000003, 10.5, 9.200000000000003, 6.599999999999994, 2.700000000000003, 1.7999999999999972, 1.4000000000000057, 0.9000000000000057, 0.5, -0.4000000000000057], "x": [720, 1028, 1031, 1105, 1149, 1190, 1200, 1285, 1304, 1327, 1341, 1357, 1361, 1362, 1390, 1392, 1402, 1403, 1441, 1453, 1465, 1478, 1488, 1489, 1490, 1495, 1500, 1502, 1512, 1513, 1514, 1515, 1516, 1519, 1520, 1522, 1524, 1525, 1526, 1527, 1528, 1530, 1532, 1537, 1538, 1539, 1540, 1541, 1548, 1549, 1550, 1551, 1552, 1554, 1555, 1558, 1559, 1561, 1562, 1563, 1564, 1566, 1572, 1573, 1576, 1578, 1585, 1586, 1587, 1588, 1589, 1591, 1593, 1594, 1596, 1597, 1598, 1599, 1600, 1601, 1602, 1604, 1608, 1609, 1610, 1611, 1612, 1613, 1620, 1623, 1638, 1646, 1650]}}