{"histogram": {"y": [1, 0, 0, 0, 0, 0, 0, 0, 0, 0, 0, 1, 0, 0, 0, 1, 0, 2, 1, 0, 3, 1, 0, 5, 8, 0, 54, 31, 37, 141, 150, 262, 370, 388, 372, 1519, 254, 159, 154, 49, 145, 0], "x": [1328.0, 1336.0, 1344.0, 1352.0, 1360.0, 1368.0, 1376.0, 1384.0, 1392.0, 1400.0, 1408.0, 1416.0, 1424.0, 1432.0, 1440.0, 1448.0, 1456.0, 1464.0, 1472.0, 1480.0, 1488.0, 1496.0, 1504.0, 1512.0, 1520.0, 1528.0, 1536.0, 1544.0, 1552.0, 1560.0, 1568.0, 1576.0, 1584.0, 1592.0, 1600.0, 1608.0, 1616.0, 1624.0, 1632.0, 1640.0, 1648.0, 1656.0]}, "percentile": {"y": [100.0, 100.0, 100.0, 99.9, 99.9, 99.8, 99.8, 99.8, 99.7, 99.7, 99.7, 99.6, 99.6, 99.5, 99.4, 99.3, 99.2, 98.2, 98.2, 97.9, 97.7, 97.4, 97.0, 96.9, 96.8, 96.8, 96.7, 96.6, 96.5, 96.3, 95.8, 95.1, 94.2, 93.3, 93.2, 93.2, 93.1, 93.1, 93.0, 92.9, 92.9, 92.7, 91.9, 90.8, 89.4, 83.1, 83.1, 83.0, 81.9, 80.4, 79.0, 77.2, 74.9, 74.6, 74.0, 73.6, 73.1, 72.8, 72.3, 71.1, 69.5, 67.3, 64.6, 61.5, 57.8, 57.5, 57.3, 56.9, 56.3, 55.9, 55.5, 54.1, 51.7, 48.8, 44.8, 39.9, 19.700000000000003, 19.200000000000003, 18.599999999999994, 18.0, 17.299999999999997, 16.799999999999997, 16.200000000000003, 15.200000000000003, 14.400000000000006, 13.400000000000006, 12.400000000000006, 11.5, 10.700000000000003, 9.900000000000006, 9.5, 9.299999999999997, 9.099999999999994, 8.700000000000003, 8.5, 8.299999999999997, 7.799999999999997, 7.200000000000003, 6.599999999999994, 6.099999999999994, 5.400000000000006, 4.900000000000006, 4.700000000000003, 4.599999999999994, 4.599999999999994, 4.5, 4.5, 4.299999999999997, 4.099999999999994, 3.799999999999997, 3.5999999999999943, 3.4000000000000057, 3.0, 0.5999999999999943, 0.5999999999999943, 0.5, 0.5, 0.4000000000000057, 0.0], "x": [1330, 1418, 1453, 1465, 1478, 1490, 1502, 1513, 1514, 1515, 1524, 1525, 1526, 1527, 1536, 1537, 1538, 1539, 1540, 1549, 1550, 1551, 1552, 1553, 1554, 1555, 1556, 1558, 1559, 1560, 1561, 1562, 1563, 1564, 1565, 1566, 1567, 1568, 1569, 1570, 1571, 1572, 1573, 1574, 1575, 1576, 1580, 1584, 1585, 1586, 1587, 1588, 1589, 1590, 1591, 1592, 1593, 1594, 1595, 1596, 1597, 1598, 1599, 1600, 1601, 1602, 1603, 1604, 1605, 1606, 1607, 1608, 1609, 1610, 1611, 1612, 1613, 1614, 1615, 1616, 1617, 1618, 1619, 1620, 1621, 1622, 1623, 1624, 1625, 1626, 1627, 1628, 1629, 1630, 1631, 1632, 1633, 1634, 1635, 1636, 1637, 1638, 1639, 1640, 1641, 1642, 1643, 1644, 1645, 1646, 1647, 1648, 1649, 1650, 1651, 1652, 1653, 1654, 1655]}}