{"histogram": {"x": [1206.0, 1224.0, 1242.0, 1260.0, 1278.0, 1296.0, 1314.0, 1332.0, 1350.0, 1368.0, 1386.0, 1404.0, 1422.0, 1440.0, 1458.0, 1476.0, 1494.0, 1512.0, 1530.0, 1548.0, 1566.0, 1584.0, 1602.0, 1620.0, 1638.0], "y": [1, 0, 0, 1, 0, 0, 0, 1, 0, 0, 0, 0, 0, 0, 1, 4, 7, 2, 15, 3, 32, 6, 32, 8, 2, 0]}, "percentile": {"x": [1195, 1257, 1329, 1452, 1465, 1478, 1482, 1484, 1489, 1490, 1493, 1502, 1512, 1514, 1515, 1518, 1520, 1521, 1525, 1526, 1527, 1534, 1536, 1539, 1549, 1550, 1551, 1552, 1558, 1559, 1560, 1561, 1562, 1564, 1571, 1572, 1573, 1574, 1584, 1585, 1586, 1587, 1588, 1589, 1590, 1595, 1596, 1597, 1598, 1599, 1600, 1604, 1608, 1612, 1613, 1619, 1624, 1629], "y": [99.2, 98.3, 97.4, 96.5, 93.0, 92.2, 91.3, 90.4, 88.6, 87.8, 86.9, 85.1, 84.3, 82.5, 80.8, 79.0, 78.1, 77.2, 75.5, 74.6, 72.0, 71.1, 70.2, 69.3, 68.5, 63.2, 59.7, 55.3, 53.6, 52.7, 50.0, 46.5, 43.9, 41.3, 40.4, 39.5, 37.8, 36.0, 35.099999999999994, 33.400000000000006, 29.900000000000006, 27.200000000000003, 24.599999999999994, 23.700000000000003, 22.900000000000006, 22.0, 17.599999999999994, 15.799999999999997, 13.200000000000003, 10.599999999999994, 7.900000000000006, 7.099999999999994, 6.200000000000003, 5.299999999999997, 1.7999999999999972, 0.9000000000000057, 0.0, -0.7999999999999972]}}