{"percentile": {"x": [1528, 1565, 1572, 1575, 1576, 1588, 1592, 1598, 1599, 1604, 1608, 1610, 1611, 1612, 1613, 1615, 1620, 1629, 1632, 1643, 1650, 1652, 1655], "y": [96.8, 93.6, 90.4, 87.1, 80.7, 74.2, 71.0, 67.8, 64.6, 61.3, 58.1, 54.9, 51.7, 48.4, 25.900000000000006, 22.599999999999994, 19.400000000000006, 13.0, 9.700000000000003, 6.5, 3.299999999999997, 0.0, -3.200000000000003]}, "histogram": {"x": [1528.0, 1536.0, 1544.0, 1552.0, 1560.0, 1568.0, 1576.0, 1584.0, 1592.0, 1600.0, 1608.0, 1616.0, 1624.0, 1632.0, 1640.0, 1648.0, 1656.0], "y": [1, 0, 0, 0, 1, 2, 2, 2, 3, 1, 12, 1, 2, 1, 1, 3, 0]}}