{"histogram": {"y": [1, 0, 0, 0, 0, 0, 0, 0, 0, 0, 0, 0, 0, 0, 0, 0, 0, 0, 0, 0, 0, 0, 0, 0, 0, 0, 0, 0, 0, 0, 0, 1, 0, 1, 1, 0, 0, 2, 2, 5, 2, 0, 10, 6, 2, 33, 6, 5, 4, 0, 13, 0], "x": [1248.0, 1256.0, 1264.0, 1272.0, 1280.0, 1288.0, 1296.0, 1304.0, 1312.0, 1320.0, 1328.0, 1336.0, 1344.0, 1352.0, 1360.0, 1368.0, 1376.0, 1384.0, 1392.0, 1400.0, 1408.0, 1416.0, 1424.0, 1432.0, 1440.0, 1448.0, 1456.0, 1464.0, 1472.0, 1480.0, 1488.0, 1496.0, 1504.0, 1512.0, 1520.0, 1528.0, 1536.0, 1544.0, 1552.0, 1560.0, 1568.0, 1576.0, 1584.0, 1592.0, 1600.0, 1608.0, 1616.0, 1624.0, 1632.0, 1640.0, 1648.0, 1656.0]}, "percentile": {"y": [99.0, 97.9, 96.8, 95.7, 94.7, 93.6, 92.5, 91.4, 90.4, 88.2, 86.1, 85.0, 83.9, 79.6, 78.5, 76.4, 73.2, 72.1, 69.9, 67.8, 66.7, 65.6, 64.6, 62.4, 59.2, 53.8, 47.4, 32.3, 29.099999999999994, 24.799999999999997, 22.599999999999994, 20.5, 18.299999999999997, 17.299999999999997, 16.200000000000003, 15.099999999999994, 14.0, 13.0, 11.900000000000006, 0.0, -1.0], "x": [1249, 1502, 1514, 1527, 1548, 1550, 1552, 1553, 1560, 1561, 1564, 1573, 1575, 1586, 1587, 1588, 1589, 1595, 1596, 1597, 1599, 1601, 1606, 1608, 1609, 1610, 1612, 1613, 1614, 1620, 1623, 1624, 1626, 1628, 1632, 1633, 1634, 1635, 1648, 1650, 1655]}}