{"percentile": {"y": [98.4, 95.2, 93.6, 92.0, 87.1, 85.5, 79.1, 77.5, 75.9, 74.2, 72.6, 71.0, 67.8, 64.6, 61.3, 59.7, 35.5, 33.900000000000006, 30.700000000000003, 27.5, 25.900000000000006, 24.200000000000003, 21.0, 17.799999999999997, 16.200000000000003, 14.599999999999994, 11.299999999999997, 9.700000000000003, 6.5, 3.299999999999997, 1.7000000000000028, 0.0, -1.5999999999999943], "x": [1527, 1563, 1564, 1573, 1576, 1585, 1597, 1599, 1600, 1602, 1604, 1605, 1608, 1609, 1610, 1611, 1613, 1614, 1619, 1620, 1621, 1623, 1624, 1625, 1626, 1628, 1631, 1637, 1638, 1640, 1644, 1648, 1655]}, "histogram": {"y": [1, 0, 0, 0, 0, 3, 1, 3, 1, 5, 4, 23, 6, 8, 3, 3, 2, 0], "x": [1520.0, 1528.0, 1536.0, 1544.0, 1552.0, 1560.0, 1568.0, 1576.0, 1584.0, 1592.0, 1600.0, 1608.0, 1616.0, 1624.0, 1632.0, 1640.0, 1648.0, 1656.0]}}