{"percentile": {"x": [1303, 1338, 1378, 1441, 1465, 1477, 1478, 1488, 1489, 1490, 1495, 1497, 1501, 1502, 1512, 1513, 1514, 1515, 1518, 1524, 1525, 1526, 1527, 1537, 1539, 1549, 1550, 1551, 1552, 1553, 1554, 1555, 1558, 1560, 1561, 1562, 1563, 1564, 1566, 1573, 1574, 1575, 1576, 1579, 1582, 1585, 1586, 1587, 1588, 1589, 1590, 1591, 1593, 1594, 1595, 1596, 1597, 1598, 1599, 1600, 1601, 1604, 1605, 1606, 1608, 1609, 1610, 1611, 1612, 1613, 1614, 1619, 1620, 1624, 1626, 1629, 1634, 1638, 1649, 1650], "y": [99.8, 99.5, 99.2, 98.7, 97.6, 97.1, 96.8, 96.0, 95.8, 94.7, 94.4, 94.2, 93.3, 88.0, 87.7, 86.1, 84.8, 83.2, 82.6, 82.1, 80.7, 79.4, 78.9, 78.6, 77.5, 75.7, 72.7, 72.2, 70.3, 70.0, 69.8, 69.2, 69.0, 67.3, 65.7, 63.6, 61.7, 61.2, 60.6, 60.4, 59.8, 59.6, 59.3, 59.0, 58.8, 56.4, 55.0, 51.0, 46.2, 44.3, 44.0, 43.7, 42.9, 42.7, 41.9, 35.7, 33.0, 30.099999999999994, 26.299999999999997, 24.200000000000003, 20.700000000000003, 20.400000000000006, 19.900000000000006, 19.599999999999994, 17.700000000000003, 16.400000000000006, 14.5, 12.900000000000006, 10.0, 5.700000000000003, 4.900000000000006, 4.599999999999994, 3.5, 3.299999999999997, 2.700000000000003, 2.5, 2.200000000000003, 1.7000000000000028, 1.4000000000000057, -0.20000000000000284]}, "histogram": {"x": [1314.0, 1332.0, 1350.0, 1368.0, 1386.0, 1404.0, 1422.0, 1440.0, 1458.0, 1476.0, 1494.0, 1512.0, 1530.0, 1548.0, 1566.0, 1584.0, 1602.0, 1620.0, 1638.0, 1656.0], "y": [1, 0, 1, 0, 1, 0, 0, 0, 2, 4, 11, 25, 34, 5, 61, 9, 142, 60, 9, 9, 0]}}