{"histogram": {"y": [1, 1, 2, 0, 9, 6, 6, 24, 5, 2, 1, 2, 15, 0], "x": [1552.0, 1560.0, 1568.0, 1576.0, 1584.0, 1592.0, 1600.0, 1608.0, 1616.0, 1624.0, 1632.0, 1640.0, 1648.0, 1656.0]}, "percentile": {"y": [98.7, 97.3, 95.9, 94.6, 93.2, 90.5, 89.1, 87.7, 82.2, 80.9, 76.8, 74.0, 69.9, 68.5, 67.2, 65.8, 64.4, 60.3, 59.0, 54.8, 50.7, 37.0, 32.900000000000006, 31.599999999999994, 27.400000000000006, 26.099999999999994, 24.700000000000003, 23.299999999999997, 22.0, 20.599999999999994, 19.200000000000003, 17.900000000000006, 0.0, -1.2999999999999972], "x": [1556, 1560, 1573, 1574, 1585, 1586, 1587, 1588, 1589, 1596, 1598, 1599, 1600, 1601, 1603, 1606, 1608, 1609, 1610, 1611, 1612, 1613, 1614, 1619, 1620, 1623, 1626, 1630, 1635, 1644, 1646, 1649, 1650, 1654]}}