{"percentile": {"y": [94.5, 88.9, 86.2, 83.4, 80.6, 77.8, 75.0, 69.5, 66.7, 61.2, 58.4, 55.6, 52.8, 50.0, 44.5, 41.7, 22.299999999999997, 19.5, 11.200000000000003, 8.400000000000006, 5.599999999999994, 2.799999999999997, 0.0, -2.700000000000003], "x": [1502, 1524, 1537, 1550, 1552, 1554, 1572, 1575, 1576, 1587, 1588, 1598, 1600, 1601, 1610, 1612, 1613, 1614, 1620, 1625, 1635, 1638, 1647, 1650]}, "histogram": {"y": [2, 2, 1, 3, 4, 6, 11, 5, 3, 0], "x": [1512.0, 1530.0, 1548.0, 1566.0, 1584.0, 1602.0, 1620.0, 1638.0, 1656.0]}}