{"histogram": {"y": [1, 0, 1, 0, 0, 2, 0, 1, 0, 2, 6, 2, 7, 18, 21, 22, 64, 11, 6, 10, 6, 11], "x": [1480.0, 1488.0, 1496.0, 1504.0, 1512.0, 1520.0, 1528.0, 1536.0, 1544.0, 1552.0, 1560.0, 1568.0, 1576.0, 1584.0, 1592.0, 1600.0, 1608.0, 1616.0, 1624.0, 1632.0, 1640.0, 1648.0]}, "percentile": {"y": [99.5, 99.0, 98.5, 97.9, 97.4, 96.4, 95.8, 93.7, 93.2, 92.2, 88.5, 87.9, 85.3, 83.2, 82.2, 80.0, 79.5, 79.0, 78.5, 77.9, 76.9, 74.3, 73.2, 71.6, 67.9, 61.6, 60.6, 60.0, 59.0, 58.5, 56.9, 56.4, 54.3, 49.0, 47.4, 42.7, 35.8, 25.799999999999997, 23.700000000000003, 22.700000000000003, 22.200000000000003, 21.599999999999994, 21.099999999999994, 20.599999999999994, 18.5, 16.900000000000006, 16.400000000000006, 14.799999999999997, 14.299999999999997, 13.700000000000003, 12.200000000000003, 11.599999999999994, 10.0, 9.0, 8.5, 7.900000000000006, 7.400000000000006, 6.900000000000006, 5.299999999999997, 4.799999999999997, 3.700000000000003, -0.5], "x": [1483, 1502, 1525, 1527, 1538, 1552, 1561, 1562, 1563, 1575, 1576, 1585, 1586, 1587, 1588, 1589, 1590, 1591, 1593, 1594, 1595, 1596, 1597, 1598, 1599, 1600, 1601, 1602, 1603, 1604, 1605, 1607, 1608, 1609, 1610, 1611, 1612, 1613, 1614, 1615, 1617, 1618, 1619, 1620, 1622, 1623, 1625, 1626, 1627, 1629, 1632, 1633, 1634, 1636, 1638, 1642, 1643, 1645, 1647, 1648, 1649, 1650]}}