{"histogram": {"x": [468.0, 486.0, 504.0, 522.0, 540.0, 558.0, 576.0, 594.0, 612.0, 630.0, 648.0, 666.0, 684.0, 702.0, 720.0, 738.0, 756.0, 774.0, 792.0, 810.0, 828.0, 846.0, 864.0, 882.0, 900.0, 918.0, 936.0, 954.0, 972.0, 990.0, 1008.0, 1026.0, 1044.0, 1062.0, 1080.0, 1098.0, 1116.0, 1134.0, 1152.0, 1170.0, 1188.0, 1206.0, 1224.0, 1242.0, 1260.0, 1278.0, 1296.0, 1314.0, 1332.0, 1350.0, 1368.0, 1386.0, 1404.0, 1422.0, 1440.0, 1458.0, 1476.0, 1494.0, 1512.0, 1530.0, 1548.0, 1566.0, 1584.0, 1602.0, 1620.0], "y": [1, 0, 0, 0, 0, 0, 0, 0, 0, 0, 0, 0, 0, 2, 0, 0, 0, 0, 0, 0, 0, 0, 0, 0, 0, 0, 0, 0, 0, 0, 0, 0, 0, 0, 0, 0, 0, 0, 0, 0, 0, 0, 0, 0, 0, 2, 0, 0, 0, 0, 0, 0, 0, 0, 0, 2, 0, 11, 5, 13, 6, 36, 11, 40, 19, 0]}, "percentile": {"x": [453, 686, 1262, 1268, 1453, 1483, 1488, 1489, 1490, 1491, 1501, 1502, 1514, 1515, 1525, 1526, 1527, 1529, 1536, 1538, 1539, 1548, 1550, 1551, 1552, 1557, 1558, 1559, 1560, 1561, 1562, 1563, 1564, 1570, 1572, 1573, 1574, 1575, 1576, 1584, 1585, 1586, 1587, 1588, 1589, 1591, 1595, 1596, 1597, 1598, 1599, 1600, 1601, 1608, 1609, 1610, 1611, 1612, 1613], "y": [99.4, 98.0, 97.3, 96.6, 95.3, 93.9, 92.6, 91.9, 88.5, 87.8, 87.1, 84.4, 83.7, 81.7, 81.0, 79.0, 76.2, 75.6, 74.9, 74.2, 71.5, 70.8, 68.1, 64.0, 61.3, 60.6, 59.9, 58.6, 57.2, 53.8, 51.1, 48.3, 47.0, 46.3, 45.6, 43.6, 40.9, 40.2, 39.5, 38.1, 36.1, 33.400000000000006, 31.299999999999997, 28.599999999999994, 27.299999999999997, 26.599999999999994, 25.900000000000006, 24.5, 21.099999999999994, 19.099999999999994, 16.400000000000006, 13.0, 12.299999999999997, 10.299999999999997, 8.200000000000003, 6.200000000000003, 4.799999999999997, 2.799999999999997, -0.5999999999999943]}}