{"percentile": {"y": [96.2, 92.4, 88.5, 84.7, 80.8, 77.0, 73.1, 69.3, 65.4, 61.6, 57.7, 53.9, 50.0, 30.799999999999997, 23.099999999999994, 15.400000000000006, 11.599999999999994, 7.700000000000003, 3.9000000000000057, 0.0, -3.799999999999997], "x": [1502, 1525, 1539, 1549, 1551, 1552, 1561, 1563, 1564, 1572, 1585, 1586, 1587, 1589, 1596, 1598, 1599, 1600, 1609, 1612, 1613]}, "histogram": {"y": [1, 0, 0, 1, 0, 1, 2, 1, 3, 1, 0, 8, 5, 1, 3], "x": [1496.0, 1504.0, 1512.0, 1520.0, 1528.0, 1536.0, 1544.0, 1552.0, 1560.0, 1568.0, 1576.0, 1584.0, 1592.0, 1600.0, 1608.0]}}