{"percentile": {"y": [99.4, 98.8, 98.2, 97.6, 96.4, 95.8, 94.5, 90.2, 89.0, 87.8, 85.9, 85.3, 84.1, 82.9, 81.0, 80.4, 78.6, 76.1, 75.5, 74.3, 73.7, 73.1, 72.4, 70.6, 68.1, 63.2, 62.6, 62.0, 61.4, 58.9, 56.5, 54.0, 51.6, 51.0, 50.4, 48.5, 46.7, 46.1, 43.6, 40.5, 37.5, 33.8, 33.2, 28.299999999999997, 25.200000000000003, 24.0, 21.5, 18.5, 16.599999999999994, 16.0, 13.5, 11.700000000000003, 9.900000000000006, 8.0, 3.700000000000003, 2.5, 1.9000000000000057, 0.7000000000000028, -0.5999999999999943], "x": [1393, 1453, 1465, 1478, 1490, 1500, 1501, 1502, 1513, 1514, 1515, 1519, 1521, 1522, 1524, 1525, 1526, 1527, 1528, 1537, 1538, 1539, 1549, 1550, 1551, 1552, 1553, 1555, 1558, 1560, 1561, 1562, 1563, 1564, 1573, 1575, 1576, 1585, 1586, 1587, 1588, 1589, 1593, 1596, 1597, 1598, 1599, 1600, 1601, 1604, 1609, 1610, 1611, 1612, 1613, 1620, 1635, 1647, 1650]}, "histogram": {"y": [1, 0, 0, 0, 0, 0, 0, 1, 0, 1, 1, 0, 2, 10, 0, 8, 15, 1, 4, 8, 11, 17, 4, 3, 21, 20, 9, 20, 2, 0, 1, 2, 2, 0], "x": [1392.0, 1400.0, 1408.0, 1416.0, 1424.0, 1432.0, 1440.0, 1448.0, 1456.0, 1464.0, 1472.0, 1480.0, 1488.0, 1496.0, 1504.0, 1512.0, 1520.0, 1528.0, 1536.0, 1544.0, 1552.0, 1560.0, 1568.0, 1576.0, 1584.0, 1592.0, 1600.0, 1608.0, 1616.0, 1624.0, 1632.0, 1640.0, 1648.0, 1656.0]}}