{"percentile": {"x": [1283, 1398, 1441, 1442, 1453, 1465, 1477, 1478, 1482, 1488, 1489, 1490, 1501, 1502, 1513, 1514, 1515, 1517, 1521, 1522, 1523, 1524, 1525, 1526, 1527, 1528, 1529, 1530, 1536, 1537, 1538, 1539, 1548, 1549, 1550, 1551, 1552, 1553, 1554, 1555, 1556, 1557, 1558, 1559, 1560, 1561, 1562, 1563, 1564, 1565, 1566, 1567, 1568, 1569, 1570, 1571, 1572, 1573, 1574, 1575, 1576, 1577, 1583, 1584, 1585, 1586, 1587, 1588, 1589, 1590, 1591, 1592, 1593, 1594, 1595, 1596, 1597, 1598, 1599, 1600, 1601, 1602, 1603, 1604, 1605, 1606, 1607, 1608, 1609, 1610, 1611, 1612, 1613, 1614, 1615, 1616, 1617, 1618, 1619, 1620, 1621, 1622, 1623, 1624, 1625, 1626, 1627, 1628, 1629, 1630, 1631, 1632, 1633, 1634, 1635, 1636, 1637, 1638, 1639, 1640, 1641, 1642, 1643, 1644, 1645, 1646, 1647, 1648, 1649, 1650, 1652, 1653, 1654, 1655], "y": [100.0, 100.0, 99.9, 99.9, 99.9, 99.8, 99.8, 99.7, 99.7, 99.7, 99.6, 99.6, 99.6, 99.5, 99.3, 99.3, 99.2, 99.1, 99.1, 99.1, 99.0, 98.9, 98.7, 98.4, 98.2, 98.1, 98.1, 98.0, 97.9, 97.7, 97.4, 96.2, 96.1, 95.9, 95.6, 95.0, 94.4, 94.3, 94.2, 94.2, 94.1, 94.1, 94.0, 93.8, 93.7, 93.1, 92.4, 91.4, 90.3, 90.2, 90.1, 90.0, 89.9, 89.8, 89.7, 89.6, 89.4, 88.3, 87.0, 85.5, 77.8, 77.8, 77.8, 77.7, 76.5, 75.1, 73.5, 71.7, 69.3, 68.9, 68.4, 67.9, 67.4, 67.1, 66.6, 65.6, 63.8, 60.8, 58.3, 55.1, 51.6, 51.2, 50.7, 50.3, 49.9, 49.6, 49.4, 48.4, 45.9, 43.1, 39.6, 34.900000000000006, 15.200000000000003, 14.5, 14.0, 13.400000000000006, 13.0, 12.5, 12.099999999999994, 11.200000000000003, 10.200000000000003, 9.400000000000006, 8.799999999999997, 8.200000000000003, 7.5, 6.700000000000003, 6.599999999999994, 6.299999999999997, 6.099999999999994, 6.099999999999994, 5.900000000000006, 5.5, 5.200000000000003, 4.900000000000006, 4.400000000000006, 4.0, 3.9000000000000057, 3.700000000000003, 3.700000000000003, 3.5999999999999943, 3.4000000000000057, 3.4000000000000057, 3.299999999999997, 3.200000000000003, 3.0, 2.9000000000000057, 2.5999999999999943, 2.4000000000000057, 2.200000000000003, 0.4000000000000057, 0.4000000000000057, 0.29999999999999716, 0.20000000000000284, 0.0]}, "histogram": {"x": [1296.0, 1314.0, 1332.0, 1350.0, 1368.0, 1386.0, 1404.0, 1422.0, 1440.0, 1458.0, 1476.0, 1494.0, 1512.0, 1530.0, 1548.0, 1566.0, 1584.0, 1602.0, 1620.0, 1638.0, 1656.0], "y": [1, 0, 0, 0, 0, 0, 1, 0, 0, 5, 1, 10, 4, 55, 73, 228, 481, 1008, 1522, 317, 148, 0]}}