{"percentile": {"x": [1357, 1362, 1399, 1428, 1453, 1465, 1477, 1478, 1481, 1489, 1501, 1502, 1514, 1515, 1516, 1523, 1525, 1526, 1527, 1536, 1537, 1538, 1539, 1548, 1549, 1550, 1551, 1552, 1553, 1555, 1558, 1559, 1560, 1561, 1562, 1563, 1564, 1570, 1571, 1572, 1573, 1574, 1576, 1584, 1585, 1586, 1587, 1588, 1589, 1596, 1597, 1598, 1599, 1600, 1601, 1607, 1608, 1609, 1610, 1611, 1612, 1613, 1620], "y": [99.3, 98.6, 97.8, 97.1, 96.4, 95.6, 94.9, 94.2, 93.4, 92.7, 91.2, 89.8, 88.3, 85.3, 84.6, 83.9, 82.4, 80.2, 78.7, 78.0, 75.8, 74.3, 72.8, 72.1, 71.4, 68.4, 66.2, 65.5, 64.8, 64.0, 63.3, 62.5, 60.3, 58.1, 55.9, 55.2, 53.7, 53.0, 52.3, 51.5, 50.0, 48.6, 46.4, 45.6, 44.9, 41.2, 34.599999999999994, 30.200000000000003, 29.5, 26.5, 24.299999999999997, 19.200000000000003, 15.5, 14.799999999999997, 12.5, 11.799999999999997, 11.099999999999994, 10.299999999999997, 6.700000000000003, 5.200000000000003, 3.0, 0.0, -0.7000000000000028]}, "histogram": {"x": [1368.0, 1386.0, 1404.0, 1422.0, 1440.0, 1458.0, 1476.0, 1494.0, 1512.0, 1530.0, 1548.0, 1566.0, 1584.0, 1602.0, 1620.0], "y": [2, 0, 1, 0, 1, 1, 1, 4, 4, 15, 8, 26, 10, 46, 17, 1]}}