{"percentile": {"x": [270, 480, 839, 1502, 1514, 1527, 1538, 1539, 1542, 1549, 1550, 1551, 1552, 1560, 1561, 1562, 1563, 1564, 1566, 1575, 1585, 1586, 1587, 1588, 1589, 1590, 1592, 1595, 1596, 1598, 1599, 1600, 1601, 1608, 1610, 1611, 1612, 1613, 1615, 1620, 1638, 1649, 1650, 1655], "y": [99.1, 98.2, 97.2, 94.4, 91.6, 90.6, 89.7, 87.8, 86.8, 85.0, 83.1, 82.1, 80.2, 79.3, 76.5, 72.7, 70.8, 69.9, 68.9, 66.1, 64.2, 63.3, 57.6, 53.8, 47.2, 46.3, 45.3, 44.4, 43.4, 40.6, 36.8, 32.099999999999994, 29.299999999999997, 27.400000000000006, 25.5, 23.599999999999994, 17.0, 8.5, 7.599999999999994, 3.799999999999997, 2.9000000000000057, 1.9000000000000057, 0.0, -0.9000000000000057]}, "histogram": {"x": [288.0, 306.0, 324.0, 342.0, 360.0, 378.0, 396.0, 414.0, 432.0, 450.0, 468.0, 486.0, 504.0, 522.0, 540.0, 558.0, 576.0, 594.0, 612.0, 630.0, 648.0, 666.0, 684.0, 702.0, 720.0, 738.0, 756.0, 774.0, 792.0, 810.0, 828.0, 846.0, 864.0, 882.0, 900.0, 918.0, 936.0, 954.0, 972.0, 990.0, 1008.0, 1026.0, 1044.0, 1062.0, 1080.0, 1098.0, 1116.0, 1134.0, 1152.0, 1170.0, 1188.0, 1206.0, 1224.0, 1242.0, 1260.0, 1278.0, 1296.0, 1314.0, 1332.0, 1350.0, 1368.0, 1386.0, 1404.0, 1422.0, 1440.0, 1458.0, 1476.0, 1494.0, 1512.0, 1530.0, 1548.0, 1566.0, 1584.0, 1602.0, 1620.0, 1638.0, 1656.0], "y": [1, 0, 0, 0, 0, 0, 0, 0, 0, 0, 0, 1, 0, 0, 0, 0, 0, 0, 0, 0, 0, 0, 0, 0, 0, 0, 0, 0, 0, 0, 0, 1, 0, 0, 0, 0, 0, 0, 0, 0, 0, 0, 0, 0, 0, 0, 0, 0, 0, 0, 0, 0, 0, 0, 0, 0, 0, 0, 0, 0, 0, 0, 0, 0, 0, 0, 0, 0, 3, 4, 4, 18, 4, 39, 23, 4, 5, 0]}}