{"percentile": {"y": [97.5, 94.9, 92.4, 89.8, 87.2, 82.1, 74.4, 71.8, 69.3, 64.2, 41.1, 38.5, 33.400000000000006, 30.799999999999997, 28.299999999999997, 25.700000000000003, 20.599999999999994, 18.0, 15.400000000000006, 0.0, -2.5], "x": [1548, 1551, 1552, 1588, 1589, 1598, 1600, 1609, 1610, 1612, 1613, 1614, 1620, 1621, 1626, 1632, 1634, 1636, 1648, 1650, 1655]}, "histogram": {"y": [3, 0, 7, 14, 8, 8, 0], "x": [1566.0, 1584.0, 1602.0, 1620.0, 1638.0, 1656.0]}}