{"histogram": {"y": [2, 0, 1, 2, 9, 13, 15, 19, 177, 37, 24, 16, 25, 30, 0], "x": [1544.0, 1552.0, 1560.0, 1568.0, 1576.0, 1584.0, 1592.0, 1600.0, 1608.0, 1616.0, 1624.0, 1632.0, 1640.0, 1648.0, 1656.0]}, "percentile": {"y": [99.8, 99.5, 99.2, 99.0, 98.7, 96.3, 96.0, 95.4, 94.9, 94.4, 93.8, 92.7, 92.5, 91.6, 91.1, 90.3, 88.7, 87.3, 84.3, 83.8, 83.5, 83.0, 81.4, 78.6, 75.7, 72.1, 38.8, 37.4, 35.599999999999994, 33.900000000000006, 32.3, 32.0, 30.700000000000003, 28.200000000000003, 27.700000000000003, 26.599999999999994, 25.5, 25.299999999999997, 24.700000000000003, 23.900000000000006, 23.099999999999994, 22.0, 21.700000000000003, 20.900000000000006, 19.0, 18.200000000000003, 17.700000000000003, 17.099999999999994, 16.599999999999994, 16.0, 15.799999999999997, 14.700000000000003, 14.400000000000006, 13.900000000000006, 11.700000000000003, 10.099999999999994, 8.700000000000003, 8.200000000000003, 7.900000000000006, 7.599999999999994, 7.099999999999994, 3.799999999999997, 3.5999999999999943, 3.0, 2.799999999999997, 1.0999999999999943, -0.20000000000000284], "x": [1549, 1551, 1560, 1572, 1575, 1576, 1584, 1585, 1587, 1588, 1589, 1591, 1595, 1596, 1597, 1598, 1599, 1600, 1601, 1602, 1603, 1608, 1609, 1610, 1611, 1612, 1613, 1614, 1615, 1616, 1617, 1618, 1619, 1620, 1621, 1622, 1623, 1624, 1625, 1626, 1627, 1628, 1629, 1630, 1631, 1632, 1633, 1635, 1636, 1637, 1638, 1639, 1640, 1641, 1642, 1643, 1644, 1645, 1647, 1648, 1649, 1650, 1651, 1652, 1653, 1654, 1655]}}