{"percentile": {"x": [207, 1515, 1538, 1539, 1551, 1552, 1558, 1563, 1566, 1572, 1576, 1585, 1586, 1587, 1588, 1589, 1596, 1598, 1599, 1600, 1601, 1608, 1610, 1611, 1612, 1613, 1618, 1636, 1655], "y": [97.8, 95.6, 93.4, 91.2, 86.7, 84.5, 82.3, 80.0, 77.8, 75.6, 73.4, 71.2, 68.9, 62.3, 53.4, 48.9, 46.7, 42.3, 40.0, 35.599999999999994, 31.200000000000003, 28.900000000000006, 24.5, 20.0, 17.799999999999997, 4.5, 2.299999999999997, 0.0, -2.200000000000003]}, "histogram": {"x": [216.0, 234.0, 252.0, 270.0, 288.0, 306.0, 324.0, 342.0, 360.0, 378.0, 396.0, 414.0, 432.0, 450.0, 468.0, 486.0, 504.0, 522.0, 540.0, 558.0, 576.0, 594.0, 612.0, 630.0, 648.0, 666.0, 684.0, 702.0, 720.0, 738.0, 756.0, 774.0, 792.0, 810.0, 828.0, 846.0, 864.0, 882.0, 900.0, 918.0, 936.0, 954.0, 972.0, 990.0, 1008.0, 1026.0, 1044.0, 1062.0, 1080.0, 1098.0, 1116.0, 1134.0, 1152.0, 1170.0, 1188.0, 1206.0, 1224.0, 1242.0, 1260.0, 1278.0, 1296.0, 1314.0, 1332.0, 1350.0, 1368.0, 1386.0, 1404.0, 1422.0, 1440.0, 1458.0, 1476.0, 1494.0, 1512.0, 1530.0, 1548.0, 1566.0, 1584.0, 1602.0, 1620.0, 1638.0, 1656.0], "y": [1, 0, 0, 0, 0, 0, 0, 0, 0, 0, 0, 0, 0, 0, 0, 0, 0, 0, 0, 0, 0, 0, 0, 0, 0, 0, 0, 0, 0, 0, 0, 0, 0, 0, 0, 0, 0, 0, 0, 0, 0, 0, 0, 0, 0, 0, 0, 0, 0, 0, 0, 0, 0, 0, 0, 0, 0, 0, 0, 0, 0, 0, 0, 0, 0, 0, 0, 0, 0, 0, 0, 0, 0, 1, 2, 5, 3, 19, 13, 1, 1, 0]}}