{"percentile": {"x": [475, 703, 960, 1155, 1172, 1293, 1302, 1324, 1342, 1375, 1419, 1422, 1441, 1453, 1464, 1465, 1478, 1479, 1486, 1489, 1490, 1501, 1502, 1513, 1514, 1515, 1518, 1519, 1525, 1526, 1527, 1528, 1533, 1535, 1536, 1537, 1538, 1539, 1548, 1549, 1550, 1551, 1552, 1555, 1558, 1560, 1561, 1562, 1563, 1564, 1565, 1566, 1572, 1573, 1575, 1585, 1586, 1587, 1588, 1589, 1590, 1596, 1597, 1598, 1599, 1600, 1601, 1602, 1603, 1604, 1605, 1606, 1608, 1609, 1610, 1611, 1612, 1613, 1623, 1625, 1638, 1649, 1650], "y": [99.6, 99.1, 98.7, 98.2, 97.8, 97.3, 96.9, 96.4, 96.0, 95.5, 95.1, 94.6, 93.7, 93.3, 92.8, 92.4, 91.0, 90.5, 90.1, 89.6, 87.8, 87.4, 85.6, 84.7, 81.0, 78.3, 77.4, 77.0, 73.4, 71.5, 71.1, 70.6, 70.2, 69.3, 68.8, 68.4, 67.0, 65.7, 65.2, 62.9, 58.9, 54.8, 50.7, 50.3, 49.4, 48.0, 45.3, 43.9, 38.5, 35.8, 35.3, 34.900000000000006, 34.400000000000006, 34.0, 33.099999999999994, 30.799999999999997, 29.0, 28.099999999999994, 24.5, 21.299999999999997, 20.900000000000006, 19.5, 18.599999999999994, 16.799999999999997, 15.900000000000006, 13.599999999999994, 12.700000000000003, 12.299999999999997, 11.400000000000006, 10.900000000000006, 10.5, 9.599999999999994, 9.099999999999994, 7.700000000000003, 6.799999999999997, 5.5, 5.0, 2.799999999999997, 2.299999999999997, 1.9000000000000057, 1.4000000000000057, 1.0, -0.4000000000000057]}, "histogram": {"x": [472.0, 480.0, 488.0, 496.0, 504.0, 512.0, 520.0, 528.0, 536.0, 544.0, 552.0, 560.0, 568.0, 576.0, 584.0, 592.0, 600.0, 608.0, 616.0, 624.0, 632.0, 640.0, 648.0, 656.0, 664.0, 672.0, 680.0, 688.0, 696.0, 704.0, 712.0, 720.0, 728.0, 736.0, 744.0, 752.0, 760.0, 768.0, 776.0, 784.0, 792.0, 800.0, 808.0, 816.0, 824.0, 832.0, 840.0, 848.0, 856.0, 864.0, 872.0, 880.0, 888.0, 896.0, 904.0, 912.0, 920.0, 928.0, 936.0, 944.0, 952.0, 960.0, 968.0, 976.0, 984.0, 992.0, 1000.0, 1008.0, 1016.0, 1024.0, 1032.0, 1040.0, 1048.0, 1056.0, 1064.0, 1072.0, 1080.0, 1088.0, 1096.0, 1104.0, 1112.0, 1120.0, 1128.0, 1136.0, 1144.0, 1152.0, 1160.0, 1168.0, 1176.0, 1184.0, 1192.0, 1200.0, 1208.0, 1216.0, 1224.0, 1232.0, 1240.0, 1248.0, 1256.0, 1264.0, 1272.0, 1280.0, 1288.0, 1296.0, 1304.0, 1312.0, 1320.0, 1328.0, 1336.0, 1344.0, 1352.0, 1360.0, 1368.0, 1376.0, 1384.0, 1392.0, 1400.0, 1408.0, 1416.0, 1424.0, 1432.0, 1440.0, 1448.0, 1456.0, 1464.0, 1472.0, 1480.0, 1488.0, 1496.0, 1504.0, 1512.0, 1520.0, 1528.0, 1536.0, 1544.0, 1552.0, 1560.0, 1568.0, 1576.0, 1584.0, 1592.0, 1600.0, 1608.0, 1616.0, 1624.0, 1632.0, 1640.0, 1648.0], "y": [1, 0, 0, 0, 0, 0, 0, 0, 0, 0, 0, 0, 0, 0, 0, 0, 0, 0, 0, 0, 0, 0, 0, 0, 0, 0, 0, 0, 1, 0, 0, 0, 0, 0, 0, 0, 0, 0, 0, 0, 0, 0, 0, 0, 0, 0, 0, 0, 0, 0, 0, 0, 0, 0, 0, 0, 0, 0, 0, 0, 0, 1, 0, 0, 0, 0, 0, 0, 0, 0, 0, 0, 0, 0, 0, 0, 0, 0, 0, 0, 0, 0, 0, 0, 0, 1, 0, 1, 0, 0, 0, 0, 0, 0, 0, 0, 0, 0, 0, 0, 0, 0, 1, 1, 0, 0, 1, 0, 1, 0, 0, 0, 1, 0, 0, 0, 0, 0, 2, 0, 0, 2, 1, 0, 2, 4, 1, 5, 5, 0, 19, 13, 4, 8, 24, 12, 32, 4, 0, 27, 11, 14, 15, 1, 1, 1, 0, 4]}}