{"percentile": {"y": [98.1, 96.1, 94.2, 92.2, 90.2, 88.3, 84.4, 82.4, 80.4, 78.5, 70.6, 68.7, 66.7, 64.8, 62.8, 58.9, 49.1, 47.1, 45.1, 43.2, 19.700000000000003, 15.700000000000003, 13.799999999999997, 9.900000000000006, 7.900000000000006, 5.900000000000006, 4.0, 2.0, -1.9000000000000057], "x": [1502, 1534, 1552, 1572, 1574, 1575, 1576, 1582, 1585, 1588, 1589, 1593, 1595, 1597, 1599, 1600, 1601, 1610, 1611, 1612, 1613, 1615, 1617, 1620, 1621, 1623, 1628, 1643, 1650]}, "histogram": {"y": [1, 0, 1, 1, 6, 17, 18, 5, 3, 0], "x": [1512.0, 1530.0, 1548.0, 1566.0, 1584.0, 1602.0, 1620.0, 1638.0, 1656.0]}}