{"percentile": {"x": [1236, 1330, 1418, 1423, 1440, 1441, 1453, 1464, 1465, 1477, 1478, 1479, 1485, 1486, 1489, 1490, 1495, 1501, 1502, 1513, 1514, 1515, 1516, 1517, 1520, 1521, 1522, 1523, 1524, 1525, 1526, 1527, 1528, 1529, 1530, 1531, 1533, 1534, 1535, 1536, 1537, 1538, 1539, 1540, 1548, 1549, 1550, 1551, 1552, 1553, 1554, 1555, 1556, 1557, 1558, 1559, 1560, 1561, 1562, 1563, 1564, 1565, 1566, 1567, 1568, 1569, 1570, 1571, 1572, 1573, 1574, 1575, 1576, 1578, 1579, 1580, 1581, 1582, 1583, 1584, 1585, 1586, 1587, 1588, 1589, 1590, 1591, 1592, 1593, 1594, 1595, 1596, 1597, 1598, 1599, 1600, 1601, 1602, 1603, 1604, 1605, 1606, 1607, 1608, 1609, 1610, 1611, 1612, 1613, 1614, 1615, 1616, 1617, 1618, 1619, 1620, 1621, 1622, 1623, 1624, 1625, 1626, 1627, 1628, 1629, 1630, 1631, 1632, 1633, 1634, 1635, 1636, 1637, 1638, 1639, 1640, 1641, 1642, 1643, 1644, 1645, 1646, 1647, 1648, 1649, 1650, 1651, 1652, 1653, 1654, 1655], "y": [100.0, 100.0, 100.0, 100.0, 100.0, 100.0, 100.0, 100.0, 100.0, 100.0, 99.9, 99.9, 99.9, 99.9, 99.9, 99.8, 99.8, 99.8, 99.8, 99.7, 99.7, 99.5, 99.5, 99.5, 99.5, 99.5, 99.5, 99.5, 99.5, 99.4, 99.2, 98.9, 98.9, 98.9, 98.9, 98.9, 98.9, 98.9, 98.9, 98.9, 98.6, 98.3, 97.3, 97.3, 97.3, 97.1, 96.7, 96.2, 95.5, 95.4, 95.4, 95.3, 95.2, 95.1, 95.0, 95.0, 94.7, 94.1, 93.1, 92.0, 90.4, 90.3, 90.2, 90.0, 89.9, 89.8, 89.7, 89.6, 89.2, 87.9, 86.4, 84.4, 76.2, 76.2, 76.2, 76.2, 76.2, 76.1, 76.1, 76.1, 74.9, 73.3, 71.6, 69.2, 66.4, 65.8, 65.1, 64.5, 63.9, 63.3, 62.8, 61.4, 59.3, 56.6, 53.8, 50.4, 46.7, 46.2, 45.6, 45.1, 44.6, 44.0, 43.6, 42.1, 39.6, 36.4, 32.400000000000006, 27.799999999999997, 12.599999999999994, 12.0, 11.400000000000006, 11.0, 10.5, 10.200000000000003, 9.700000000000003, 8.900000000000006, 8.400000000000006, 7.799999999999997, 7.200000000000003, 6.700000000000003, 6.200000000000003, 5.599999999999994, 5.5, 5.299999999999997, 5.099999999999994, 5.0, 4.799999999999997, 4.700000000000003, 4.400000000000006, 4.200000000000003, 3.9000000000000057, 3.5999999999999943, 3.299999999999997, 3.0999999999999943, 3.0999999999999943, 3.0, 2.9000000000000057, 2.9000000000000057, 2.799999999999997, 2.799999999999997, 2.5999999999999943, 2.5, 2.4000000000000057, 2.299999999999997, 2.0999999999999943, 0.5, 0.4000000000000057, 0.4000000000000057, 0.4000000000000057, 0.29999999999999716, 0.0]}, "histogram": {"x": [1242.0, 1260.0, 1278.0, 1296.0, 1314.0, 1332.0, 1350.0, 1368.0, 1386.0, 1404.0, 1422.0, 1440.0, 1458.0, 1476.0, 1494.0, 1512.0, 1530.0, 1548.0, 1566.0, 1584.0, 1602.0, 1620.0, 1638.0, 1656.0], "y": [1, 0, 0, 0, 0, 1, 0, 0, 0, 0, 1, 1, 10, 6, 34, 17, 201, 391, 1685, 3405, 7086, 8891, 1542, 789, 0]}}