{"percentile": {"x": [1490, 1538, 1539, 1549, 1550, 1551, 1552, 1558, 1560, 1561, 1562, 1563, 1564, 1565, 1573, 1574, 1575, 1576, 1577, 1578, 1586, 1587, 1588, 1589, 1590, 1595, 1596, 1597, 1598, 1599, 1600, 1601, 1602, 1603, 1605, 1607, 1608, 1609, 1610, 1611, 1612, 1613, 1615, 1616, 1617, 1618, 1619, 1620, 1621, 1622, 1624, 1625, 1628, 1629, 1631, 1634, 1636, 1637], "y": [99.7, 98.9, 98.5, 97.7, 96.6, 96.2, 95.4, 95.0, 94.6, 94.3, 93.1, 91.6, 89.6, 89.2, 86.9, 85.4, 84.2, 75.0, 74.6, 74.2, 73.0, 72.3, 70.3, 67.6, 66.8, 66.1, 64.1, 59.5, 56.8, 55.6, 54.1, 51.0, 50.6, 50.2, 49.9, 49.1, 47.9, 46.0, 43.3, 40.6, 33.599999999999994, 11.599999999999994, 10.5, 9.299999999999997, 8.900000000000006, 8.200000000000003, 7.400000000000006, 6.200000000000003, 5.5, 4.700000000000003, 3.0999999999999943, 2.0, 1.5999999999999943, 1.2000000000000028, 0.7999999999999972, 0.4000000000000057, 0.0, -0.29999999999999716]}, "histogram": {"x": [1494.0, 1512.0, 1530.0, 1548.0, 1566.0, 1584.0, 1602.0, 1620.0, 1638.0], "y": [1, 0, 0, 3, 24, 39, 60, 113, 20, 0]}}