{"histogram": {"y": [2, 1, 1, 10, 18, 35, 32, 52, 62, 231, 37, 14, 10, 6, 25, 0], "x": [1536.0, 1544.0, 1552.0, 1560.0, 1568.0, 1576.0, 1584.0, 1592.0, 1600.0, 1608.0, 1616.0, 1624.0, 1632.0, 1640.0, 1648.0, 1656.0]}, "percentile": {"y": [99.7, 99.5, 99.3, 99.1, 98.6, 97.4, 97.2, 95.9, 94.4, 94.1, 87.5, 86.8, 86.0, 85.5, 84.7, 82.1, 81.9, 81.5, 81.4, 81.2, 80.6, 80.4, 78.9, 75.9, 74.8, 71.8, 68.3, 64.2, 64.0, 63.0, 62.5, 61.7, 61.2, 60.2, 58.4, 55.0, 51.6, 46.6, 40.6, 19.5, 18.599999999999994, 17.099999999999994, 16.700000000000003, 15.799999999999997, 15.0, 14.599999999999994, 12.799999999999997, 12.400000000000006, 10.900000000000006, 10.099999999999994, 9.599999999999994, 8.799999999999997, 7.900000000000006, 7.700000000000003, 7.5, 7.200000000000003, 6.799999999999997, 6.599999999999994, 6.200000000000003, 6.0, 5.700000000000003, 5.5, 5.099999999999994, 4.900000000000006, 4.5, 4.0, 3.4000000000000057, 0.20000000000000284, 0.0, -0.09999999999999432], "x": [1539, 1551, 1552, 1562, 1563, 1564, 1569, 1573, 1574, 1575, 1576, 1585, 1586, 1587, 1588, 1589, 1590, 1591, 1592, 1593, 1594, 1595, 1596, 1597, 1598, 1599, 1600, 1601, 1602, 1603, 1604, 1605, 1606, 1607, 1608, 1609, 1610, 1611, 1612, 1613, 1614, 1615, 1616, 1617, 1618, 1619, 1620, 1621, 1622, 1623, 1624, 1625, 1626, 1628, 1631, 1632, 1633, 1634, 1635, 1636, 1637, 1641, 1643, 1645, 1647, 1648, 1649, 1650, 1651, 1654]}}