{"histogram": {"x": [1368.0, 1386.0, 1404.0, 1422.0, 1440.0, 1458.0, 1476.0, 1494.0, 1512.0, 1530.0, 1548.0, 1566.0, 1584.0, 1602.0, 1620.0], "y": [1, 0, 0, 0, 0, 0, 4, 5, 3, 14, 8, 27, 7, 39, 14, 0]}, "percentile": {"x": [1363, 1465, 1477, 1485, 1489, 1490, 1501, 1502, 1511, 1513, 1514, 1515, 1524, 1525, 1526, 1527, 1537, 1538, 1539, 1549, 1550, 1551, 1552, 1555, 1556, 1559, 1560, 1561, 1562, 1563, 1564, 1573, 1574, 1575, 1576, 1584, 1586, 1587, 1588, 1589, 1590, 1596, 1597, 1598, 1599, 1600, 1601, 1606, 1608, 1609, 1610, 1611, 1612, 1613, 1616], "y": [99.2, 95.9, 95.1, 94.3, 93.4, 91.8, 91.0, 90.1, 89.3, 88.5, 86.8, 85.2, 84.3, 81.0, 78.6, 77.7, 76.9, 74.4, 71.1, 70.3, 68.6, 66.2, 61.2, 60.4, 59.6, 58.7, 57.9, 57.1, 53.8, 51.3, 48.8, 47.2, 45.5, 44.7, 43.0, 42.2, 38.9, 33.099999999999994, 29.799999999999997, 25.700000000000003, 24.799999999999997, 22.400000000000006, 19.099999999999994, 16.599999999999994, 15.799999999999997, 12.400000000000006, 10.799999999999997, 10.0, 8.299999999999997, 7.5, 6.700000000000003, 5.799999999999997, 3.4000000000000057, 0.0, -0.7999999999999972]}}