{"histogram": {"x": [1568.0, 1576.0, 1584.0, 1592.0, 1600.0, 1608.0, 1616.0, 1624.0, 1632.0, 1640.0, 1648.0], "y": [1, 2, 1, 1, 1, 9, 1, 2, 2, 1, 1]}, "percentile": {"x": [1575, 1576, 1585, 1599, 1601, 1608, 1609, 1610, 1611, 1612, 1613, 1623, 1630, 1634, 1639, 1644, 1654], "y": [95.3, 85.8, 81.0, 76.2, 71.5, 66.7, 62.0, 57.2, 52.4, 47.7, 28.599999999999994, 23.900000000000006, 14.299999999999997, 9.599999999999994, 4.799999999999997, 0.0, -4.700000000000003]}}