{"histogram": {"x": [1376.0, 1384.0, 1392.0, 1400.0, 1408.0, 1416.0, 1424.0, 1432.0, 1440.0, 1448.0, 1456.0, 1464.0, 1472.0, 1480.0, 1488.0, 1496.0, 1504.0, 1512.0, 1520.0, 1528.0, 1536.0, 1544.0, 1552.0, 1560.0, 1568.0, 1576.0, 1584.0, 1592.0, 1600.0, 1608.0, 1616.0, 1624.0, 1632.0, 1640.0, 1648.0, 1656.0], "y": [1, 0, 0, 0, 0, 0, 0, 0, 0, 0, 0, 0, 1, 0, 0, 1, 0, 1, 3, 0, 1, 2, 1, 15, 15, 28, 22, 28, 34, 150, 25, 18, 12, 9, 13, 0]}, "percentile": {"x": [1380, 1478, 1501, 1515, 1525, 1526, 1539, 1550, 1551, 1552, 1562, 1563, 1564, 1567, 1569, 1572, 1573, 1574, 1575, 1576, 1585, 1586, 1587, 1588, 1589, 1590, 1592, 1593, 1594, 1595, 1596, 1597, 1598, 1599, 1600, 1601, 1602, 1603, 1604, 1605, 1606, 1607, 1608, 1609, 1610, 1611, 1612, 1613, 1614, 1615, 1616, 1617, 1618, 1619, 1620, 1621, 1622, 1623, 1624, 1626, 1627, 1628, 1629, 1630, 1631, 1632, 1633, 1634, 1636, 1637, 1638, 1640, 1641, 1644, 1645, 1650, 1651, 1652, 1655], "y": [99.8, 99.5, 99.3, 99.0, 98.7, 98.2, 97.9, 97.7, 97.4, 97.1, 96.9, 95.8, 93.5, 93.2, 92.7, 92.1, 91.6, 90.8, 89.2, 81.8, 81.6, 80.5, 79.2, 77.1, 76.3, 76.0, 75.5, 74.2, 73.7, 73.4, 72.9, 71.8, 71.0, 68.7, 66.3, 63.4, 63.1, 62.3, 62.1, 61.3, 60.5, 59.7, 58.4, 56.0, 53.1, 48.6, 44.1, 21.900000000000006, 20.400000000000006, 20.099999999999994, 19.599999999999994, 18.0, 17.200000000000003, 16.099999999999994, 14.799999999999997, 14.599999999999994, 14.299999999999997, 13.5, 12.200000000000003, 11.700000000000003, 11.099999999999994, 10.099999999999994, 9.799999999999997, 9.0, 8.799999999999997, 8.0, 7.700000000000003, 6.900000000000006, 6.400000000000006, 5.900000000000006, 5.599999999999994, 4.799999999999997, 4.299999999999997, 3.700000000000003, 3.200000000000003, 1.5999999999999943, 1.4000000000000057, 0.7999999999999972, -0.20000000000000284]}}