{"percentile": {"x": [1465, 1513, 1525, 1527, 1537, 1551, 1553, 1558, 1562, 1564, 1574, 1576, 1585, 1588, 1594, 1595, 1597, 1599, 1609, 1611, 1612, 1613, 1614, 1620, 1623, 1624, 1626, 1649, 1650, 1655], "y": [97.9, 95.7, 93.5, 91.4, 89.2, 87.0, 84.8, 82.7, 80.5, 76.1, 71.8, 69.6, 67.4, 58.7, 56.6, 52.2, 47.9, 45.7, 39.2, 37.0, 26.099999999999994, 19.599999999999994, 17.400000000000006, 10.900000000000006, 8.700000000000003, 6.599999999999994, 4.400000000000006, 2.200000000000003, 0.0, -2.0999999999999943]}, "histogram": {"x": [1476.0, 1494.0, 1512.0, 1530.0, 1548.0, 1566.0, 1584.0, 1602.0, 1620.0, 1638.0, 1656.0], "y": [1, 0, 0, 3, 1, 6, 3, 11, 13, 6, 3, 0]}}