{"percentile": {"y": [99.4, 98.8, 98.2, 97.6, 97.0, 92.2, 91.6, 90.4, 88.0, 86.2, 84.4, 83.8, 83.2, 82.6, 81.4, 79.6, 78.4, 76.0, 71.7, 71.1, 70.5, 69.9, 69.3, 66.9, 63.9, 57.9, 51.9, 32.599999999999994, 32.0, 29.599999999999994, 29.0, 28.400000000000006, 27.200000000000003, 25.400000000000006, 24.099999999999994, 23.5, 21.099999999999994, 17.5, 16.900000000000006, 15.700000000000003, 14.5, 13.299999999999997, 11.5, 10.900000000000006, 10.299999999999997, 9.700000000000003, 8.5, 7.299999999999997, 6.700000000000003, 5.5, 4.299999999999997, 1.2999999999999972, 0.7000000000000028, -0.5999999999999943], "x": [1539, 1550, 1561, 1563, 1564, 1576, 1585, 1586, 1587, 1588, 1589, 1590, 1591, 1592, 1594, 1597, 1599, 1600, 1601, 1602, 1604, 1607, 1608, 1609, 1610, 1611, 1612, 1613, 1614, 1615, 1616, 1617, 1618, 1619, 1620, 1622, 1623, 1624, 1625, 1626, 1627, 1628, 1629, 1630, 1632, 1634, 1635, 1636, 1643, 1646, 1648, 1650, 1654, 1655]}, "histogram": {"y": [1, 4, 8, 34, 77, 30, 13, 0], "x": [1548.0, 1566.0, 1584.0, 1602.0, 1620.0, 1638.0, 1656.0]}}