{"histogram": {"x": [954.0, 972.0, 990.0, 1008.0, 1026.0, 1044.0, 1062.0, 1080.0, 1098.0, 1116.0, 1134.0, 1152.0, 1170.0, 1188.0, 1206.0, 1224.0, 1242.0, 1260.0, 1278.0, 1296.0, 1314.0, 1332.0, 1350.0, 1368.0, 1386.0, 1404.0, 1422.0, 1440.0, 1458.0, 1476.0, 1494.0, 1512.0, 1530.0, 1548.0, 1566.0, 1584.0, 1602.0, 1620.0], "y": [1, 0, 0, 1, 0, 0, 0, 0, 0, 0, 1, 0, 0, 0, 0, 0, 0, 0, 1, 1, 2, 0, 1, 2, 1, 2, 0, 3, 7, 4, 17, 9, 49, 25, 94, 15, 89, 31, 2]}, "percentile": {"x": [948, 990, 1128, 1267, 1278, 1297, 1300, 1344, 1354, 1365, 1373, 1394, 1396, 1430, 1432, 1433, 1441, 1453, 1457, 1464, 1465, 1477, 1478, 1483, 1487, 1488, 1489, 1490, 1500, 1501, 1502, 1512, 1513, 1514, 1515, 1518, 1522, 1524, 1525, 1526, 1527, 1532, 1533, 1536, 1537, 1538, 1539, 1548, 1549, 1550, 1551, 1552, 1554, 1556, 1558, 1559, 1560, 1561, 1562, 1563, 1564, 1569, 1572, 1573, 1574, 1575, 1576, 1585, 1586, 1587, 1588, 1589, 1590, 1591, 1592, 1593, 1594, 1596, 1597, 1598, 1599, 1600, 1601, 1602, 1605, 1606, 1608, 1610, 1611, 1612, 1613, 1619, 1620, 1623], "y": [99.8, 99.5, 99.2, 98.9, 98.6, 98.4, 98.1, 97.8, 97.5, 97.2, 97.0, 96.7, 96.4, 96.1, 95.8, 95.6, 95.0, 93.9, 93.6, 93.3, 92.5, 91.9, 90.2, 90.0, 89.7, 89.4, 88.6, 87.7, 87.4, 86.6, 85.2, 84.9, 83.0, 80.4, 78.5, 78.2, 77.9, 77.4, 74.0, 72.9, 71.5, 71.2, 70.9, 69.2, 67.8, 66.4, 64.5, 64.2, 62.8, 59.7, 56.9, 53.0, 52.4, 52.2, 51.9, 51.6, 48.8, 46.0, 44.0, 42.3, 38.1, 37.9, 37.6, 36.7, 35.599999999999994, 34.5, 33.900000000000006, 32.0, 31.099999999999994, 29.5, 26.900000000000006, 24.700000000000003, 23.900000000000006, 23.599999999999994, 23.299999999999997, 23.0, 22.5, 21.099999999999994, 18.5, 14.900000000000006, 11.799999999999997, 9.900000000000006, 9.0, 8.5, 8.200000000000003, 7.900000000000006, 7.099999999999994, 5.400000000000006, 4.299999999999997, 3.4000000000000057, 0.5999999999999943, 0.29999999999999716, 0.0, -0.20000000000000284]}}