{"histogram": {"x": [1560.0, 1568.0, 1576.0, 1584.0, 1592.0, 1600.0, 1608.0, 1616.0, 1624.0, 1632.0, 1640.0, 1648.0], "y": [1, 0, 0, 0, 0, 1, 6, 4, 1, 2, 1, 1]}, "percentile": {"x": [1567, 1600, 1608, 1609, 1612, 1613, 1620, 1621, 1623, 1626, 1632, 1637, 1646, 1650], "y": [93.8, 87.5, 81.3, 75.0, 62.5, 50.0, 43.8, 37.5, 25.0, 18.799999999999997, 12.5, 6.299999999999997, 0.0, -6.200000000000003]}}