{"percentile": {"x": [480, 901, 1172, 1320, 1422, 1437, 1451, 1465, 1478, 1488, 1489, 1490, 1501, 1502, 1513, 1514, 1515, 1518, 1521, 1524, 1525, 1526, 1527, 1536, 1537, 1538, 1539, 1549, 1550, 1551, 1552, 1556, 1557, 1559, 1560, 1561, 1562, 1563, 1564, 1570, 1571, 1572, 1573, 1574, 1575, 1576, 1583, 1584, 1585, 1586, 1587, 1588, 1589, 1590, 1591, 1592, 1594, 1595, 1596, 1597, 1598, 1599, 1600, 1601, 1602, 1603, 1604, 1605, 1607, 1608, 1609, 1610, 1611, 1612, 1613, 1614, 1615, 1616, 1620, 1621, 1622, 1624, 1626, 1633, 1635, 1638, 1649, 1650], "y": [99.8, 99.5, 99.3, 99.0, 98.7, 98.5, 98.2, 97.9, 97.1, 96.9, 96.3, 96.1, 95.8, 92.9, 92.6, 92.4, 90.5, 90.2, 90.0, 89.7, 88.1, 87.6, 87.1, 86.8, 86.5, 86.0, 85.5, 84.7, 82.0, 79.9, 77.5, 77.2, 77.0, 76.7, 75.1, 72.7, 71.4, 69.8, 68.2, 68.0, 67.7, 66.9, 66.4, 65.6, 65.3, 64.8, 64.5, 63.7, 61.3, 59.5, 56.0, 54.2, 49.9, 49.7, 49.4, 49.1, 48.6, 48.1, 45.4, 43.3, 40.1, 36.4, 31.900000000000006, 29.5, 29.200000000000003, 29.0, 28.700000000000003, 28.200000000000003, 27.900000000000006, 25.200000000000003, 22.299999999999997, 20.5, 18.400000000000006, 17.0, 6.700000000000003, 6.400000000000006, 5.900000000000006, 5.599999999999994, 4.0, 3.799999999999997, 3.0, 2.700000000000003, 2.200000000000003, 1.9000000000000057, 1.5999999999999943, 1.0999999999999943, 0.7999999999999972, -0.20000000000000284]}, "histogram": {"x": [480.0, 488.0, 496.0, 504.0, 512.0, 520.0, 528.0, 536.0, 544.0, 552.0, 560.0, 568.0, 576.0, 584.0, 592.0, 600.0, 608.0, 616.0, 624.0, 632.0, 640.0, 648.0, 656.0, 664.0, 672.0, 680.0, 688.0, 696.0, 704.0, 712.0, 720.0, 728.0, 736.0, 744.0, 752.0, 760.0, 768.0, 776.0, 784.0, 792.0, 800.0, 808.0, 816.0, 824.0, 832.0, 840.0, 848.0, 856.0, 864.0, 872.0, 880.0, 888.0, 896.0, 904.0, 912.0, 920.0, 928.0, 936.0, 944.0, 952.0, 960.0, 968.0, 976.0, 984.0, 992.0, 1000.0, 1008.0, 1016.0, 1024.0, 1032.0, 1040.0, 1048.0, 1056.0, 1064.0, 1072.0, 1080.0, 1088.0, 1096.0, 1104.0, 1112.0, 1120.0, 1128.0, 1136.0, 1144.0, 1152.0, 1160.0, 1168.0, 1176.0, 1184.0, 1192.0, 1200.0, 1208.0, 1216.0, 1224.0, 1232.0, 1240.0, 1248.0, 1256.0, 1264.0, 1272.0, 1280.0, 1288.0, 1296.0, 1304.0, 1312.0, 1320.0, 1328.0, 1336.0, 1344.0, 1352.0, 1360.0, 1368.0, 1376.0, 1384.0, 1392.0, 1400.0, 1408.0, 1416.0, 1424.0, 1432.0, 1440.0, 1448.0, 1456.0, 1464.0, 1472.0, 1480.0, 1488.0, 1496.0, 1504.0, 1512.0, 1520.0, 1528.0, 1536.0, 1544.0, 1552.0, 1560.0, 1568.0, 1576.0, 1584.0, 1592.0, 1600.0, 1608.0, 1616.0, 1624.0, 1632.0, 1640.0, 1648.0, 1656.0], "y": [1, 0, 0, 0, 0, 0, 0, 0, 0, 0, 0, 0, 0, 0, 0, 0, 0, 0, 0, 0, 0, 0, 0, 0, 0, 0, 0, 0, 0, 0, 0, 0, 0, 0, 0, 0, 0, 0, 0, 0, 0, 0, 0, 0, 0, 0, 0, 0, 0, 0, 0, 0, 1, 0, 0, 0, 0, 0, 0, 0, 0, 0, 0, 0, 0, 0, 0, 0, 0, 0, 0, 0, 0, 0, 0, 0, 0, 0, 0, 0, 0, 0, 0, 0, 0, 0, 1, 0, 0, 0, 0, 0, 0, 0, 0, 0, 0, 0, 0, 0, 0, 0, 0, 0, 0, 1, 0, 0, 0, 0, 0, 0, 0, 0, 0, 0, 0, 1, 0, 1, 0, 1, 0, 1, 3, 0, 4, 12, 0, 10, 12, 0, 6, 21, 12, 32, 11, 3, 57, 49, 32, 83, 11, 3, 4, 0, 5, 0]}}