{"percentile": {"x": [1550, 1564, 1575, 1576, 1585, 1587, 1598, 1601, 1608, 1610, 1612, 1613, 1614, 1615, 1617, 1618, 1620, 1621, 1624, 1625, 1626, 1631, 1632, 1636, 1638, 1646, 1650], "y": [98.5, 96.9, 95.4, 93.8, 92.2, 90.7, 89.1, 87.5, 84.4, 81.3, 76.6, 39.1, 37.5, 36.0, 29.700000000000003, 26.599999999999994, 23.5, 21.900000000000006, 18.799999999999997, 17.200000000000003, 14.099999999999994, 12.5, 9.400000000000006, 7.900000000000006, 6.299999999999997, 4.700000000000003, -1.5]}, "histogram": {"x": [1544.0, 1552.0, 1560.0, 1568.0, 1576.0, 1584.0, 1592.0, 1600.0, 1608.0, 1616.0, 1624.0, 1632.0, 1640.0, 1648.0], "y": [1, 0, 1, 1, 1, 2, 1, 1, 33, 9, 6, 4, 1, 4]}}