{"percentile": {"y": [97.7, 95.3, 92.9, 88.1, 85.8, 83.4, 73.9, 69.1, 64.3, 62.0, 59.6, 57.2, 54.8, 52.4, 47.7, 45.3, 42.9, 40.5, 38.1, 35.8, 33.400000000000006, 31.0, 26.200000000000003, 23.900000000000006, 19.099999999999994, 14.299999999999997, 7.200000000000003, 0.0, -2.299999999999997], "x": [996, 1489, 1501, 1502, 1514, 1515, 1526, 1549, 1552, 1556, 1559, 1560, 1562, 1570, 1585, 1587, 1588, 1589, 1590, 1594, 1596, 1599, 1600, 1601, 1610, 1611, 1612, 1613, 1614]}, "histogram": {"y": [1, 0, 0, 0, 0, 0, 0, 0, 0, 0, 0, 0, 0, 0, 0, 0, 0, 0, 0, 0, 0, 0, 0, 0, 0, 0, 0, 0, 0, 0, 0, 0, 0, 0, 0, 0, 0, 0, 0, 0, 0, 0, 0, 0, 0, 0, 0, 0, 0, 0, 0, 0, 0, 0, 0, 0, 0, 0, 0, 0, 0, 0, 1, 3, 0, 2, 4, 0, 0, 2, 4, 2, 1, 0, 6, 3, 3, 11, 0], "x": [992.0, 1000.0, 1008.0, 1016.0, 1024.0, 1032.0, 1040.0, 1048.0, 1056.0, 1064.0, 1072.0, 1080.0, 1088.0, 1096.0, 1104.0, 1112.0, 1120.0, 1128.0, 1136.0, 1144.0, 1152.0, 1160.0, 1168.0, 1176.0, 1184.0, 1192.0, 1200.0, 1208.0, 1216.0, 1224.0, 1232.0, 1240.0, 1248.0, 1256.0, 1264.0, 1272.0, 1280.0, 1288.0, 1296.0, 1304.0, 1312.0, 1320.0, 1328.0, 1336.0, 1344.0, 1352.0, 1360.0, 1368.0, 1376.0, 1384.0, 1392.0, 1400.0, 1408.0, 1416.0, 1424.0, 1432.0, 1440.0, 1448.0, 1456.0, 1464.0, 1472.0, 1480.0, 1488.0, 1496.0, 1504.0, 1512.0, 1520.0, 1528.0, 1536.0, 1544.0, 1552.0, 1560.0, 1568.0, 1576.0, 1584.0, 1592.0, 1600.0, 1608.0, 1616.0]}}