{"percentile": {"x": [900, 904, 960, 1075, 1083, 1128, 1136, 1300, 1320, 1343, 1349, 1350, 1363, 1369, 1400, 1437, 1441, 1453, 1454, 1456, 1465, 1477, 1478, 1483, 1484, 1485, 1488, 1489, 1490, 1500, 1501, 1502, 1511, 1512, 1513, 1514, 1515, 1516, 1519, 1520, 1521, 1522, 1523, 1524, 1525, 1526, 1527, 1528, 1529, 1530, 1534, 1536, 1537, 1538, 1539, 1543, 1548, 1549, 1550, 1551, 1552, 1554, 1555, 1556, 1557, 1558, 1559, 1560, 1561, 1562, 1563, 1564, 1565, 1567, 1569, 1572, 1573, 1574, 1575, 1576, 1581, 1584, 1585, 1586, 1587, 1588, 1589, 1590, 1591, 1592, 1593, 1594, 1595, 1596, 1597, 1598, 1599, 1600, 1601, 1602, 1605, 1606, 1608, 1609, 1610, 1611, 1612, 1613, 1614, 1616, 1617, 1620, 1625, 1630, 1636, 1638, 1650, 1655], "y": [99.9, 99.8, 99.5, 99.4, 99.2, 99.1, 98.9, 98.8, 98.7, 98.5, 98.4, 98.2, 98.1, 98.0, 97.8, 97.7, 97.5, 97.3, 97.1, 97.0, 95.2, 94.8, 94.1, 93.9, 93.8, 93.6, 93.5, 92.1, 91.6, 91.4, 89.9, 89.0, 88.9, 88.8, 87.8, 86.3, 84.6, 83.9, 83.8, 83.6, 83.3, 83.1, 82.9, 82.2, 80.7, 78.9, 77.8, 77.5, 77.3, 77.2, 77.1, 76.2, 75.4, 74.4, 72.9, 72.8, 72.5, 69.8, 67.6, 64.7, 60.1, 59.4, 59.1, 58.8, 58.7, 58.5, 57.8, 56.0, 53.4, 49.5, 47.4, 44.6, 44.5, 44.3, 44.1, 43.1, 42.0, 41.4, 40.7, 39.5, 39.3, 39.0, 37.7, 35.3, 31.900000000000006, 28.900000000000006, 25.799999999999997, 25.5, 25.0, 24.400000000000006, 24.099999999999994, 23.900000000000006, 23.400000000000006, 21.200000000000003, 19.5, 17.200000000000003, 16.099999999999994, 14.099999999999994, 12.700000000000003, 12.200000000000003, 11.900000000000006, 11.599999999999994, 10.5, 9.400000000000006, 8.099999999999994, 6.900000000000006, 4.799999999999997, 2.0, 1.9000000000000057, 1.7000000000000028, 1.5999999999999943, 1.4000000000000057, 1.2999999999999972, 1.2000000000000028, 1.0, 0.9000000000000057, 0.0, -0.09999999999999432]}, "histogram": {"x": [918.0, 936.0, 954.0, 972.0, 990.0, 1008.0, 1026.0, 1044.0, 1062.0, 1080.0, 1098.0, 1116.0, 1134.0, 1152.0, 1170.0, 1188.0, 1206.0, 1224.0, 1242.0, 1260.0, 1278.0, 1296.0, 1314.0, 1332.0, 1350.0, 1368.0, 1386.0, 1404.0, 1422.0, 1440.0, 1458.0, 1476.0, 1494.0, 1512.0, 1530.0, 1548.0, 1566.0, 1584.0, 1602.0, 1620.0, 1638.0, 1656.0], "y": [2, 0, 0, 2, 0, 0, 0, 0, 0, 1, 1, 0, 1, 1, 0, 0, 0, 0, 0, 0, 0, 0, 1, 1, 2, 2, 1, 1, 0, 1, 5, 13, 26, 19, 83, 33, 203, 37, 191, 80, 4, 8, 0]}}