{"percentile": {"y": [93.4, 86.7, 80.0, 53.4, 46.7, 40.0, 26.700000000000003, 20.0, 13.400000000000006, 6.700000000000003, 0.0, -6.599999999999994], "x": [1576, 1611, 1612, 1613, 1614, 1615, 1628, 1632, 1634, 1635, 1638, 1646]}, "histogram": {"y": [1, 0, 0, 0, 8, 0, 2, 4, 1, 0], "x": [1576.0, 1584.0, 1592.0, 1600.0, 1608.0, 1616.0, 1624.0, 1632.0, 1640.0, 1648.0]}}