{"histogram": {"y": [1, 0, 0, 0, 0, 0, 0, 0, 0, 0, 0, 0, 0, 0, 0, 1, 0, 1, 0, 0, 0, 0, 1, 0, 0, 0, 1, 0, 0, 1, 0, 0, 0, 1, 0, 0, 0, 1, 0, 0, 1, 0, 0, 0, 0, 0, 0, 0, 0, 0, 0, 0, 1, 2, 0, 0, 0, 1, 1, 0, 0, 0, 0, 0, 2, 2, 0, 4, 5, 1, 3, 7, 1, 10, 8, 0, 2, 13, 6, 17, 5, 2, 13, 11, 4, 10, 2, 0, 0, 0, 1], "x": [928.0, 936.0, 944.0, 952.0, 960.0, 968.0, 976.0, 984.0, 992.0, 1000.0, 1008.0, 1016.0, 1024.0, 1032.0, 1040.0, 1048.0, 1056.0, 1064.0, 1072.0, 1080.0, 1088.0, 1096.0, 1104.0, 1112.0, 1120.0, 1128.0, 1136.0, 1144.0, 1152.0, 1160.0, 1168.0, 1176.0, 1184.0, 1192.0, 1200.0, 1208.0, 1216.0, 1224.0, 1232.0, 1240.0, 1248.0, 1256.0, 1264.0, 1272.0, 1280.0, 1288.0, 1296.0, 1304.0, 1312.0, 1320.0, 1328.0, 1336.0, 1344.0, 1352.0, 1360.0, 1368.0, 1376.0, 1384.0, 1392.0, 1400.0, 1408.0, 1416.0, 1424.0, 1432.0, 1440.0, 1448.0, 1456.0, 1464.0, 1472.0, 1480.0, 1488.0, 1496.0, 1504.0, 1512.0, 1520.0, 1528.0, 1536.0, 1544.0, 1552.0, 1560.0, 1568.0, 1576.0, 1584.0, 1592.0, 1600.0, 1608.0, 1616.0, 1624.0, 1632.0, 1640.0, 1648.0]}, "percentile": {"y": [99.3, 98.6, 97.9, 97.2, 96.5, 95.8, 95.1, 94.4, 93.7, 93.0, 91.6, 90.9, 90.2, 89.5, 88.8, 87.4, 84.6, 82.4, 81.0, 80.3, 79.6, 78.2, 77.5, 73.3, 72.6, 71.2, 69.8, 67.0, 66.2, 65.5, 64.1, 63.4, 62.7, 60.6, 59.9, 59.2, 58.5, 57.8, 57.1, 53.6, 49.3, 46.5, 45.8, 45.1, 44.4, 41.6, 39.5, 36.0, 33.900000000000006, 33.099999999999994, 32.400000000000006, 31.0, 29.599999999999994, 28.200000000000003, 25.400000000000006, 24.0, 21.900000000000006, 21.200000000000003, 19.799999999999997, 19.099999999999994, 18.400000000000006, 17.700000000000003, 15.5, 14.099999999999994, 13.400000000000006, 12.0, 11.299999999999997, 10.599999999999994, 8.5, 7.099999999999994, 6.400000000000006, 5.0, 4.299999999999997, 1.5, 0.7999999999999972, 0.0, -0.7000000000000028], "x": [935, 1053, 1064, 1107, 1138, 1166, 1195, 1231, 1249, 1349, 1355, 1388, 1395, 1440, 1441, 1453, 1465, 1477, 1478, 1482, 1488, 1489, 1500, 1502, 1506, 1513, 1514, 1515, 1517, 1519, 1520, 1523, 1525, 1526, 1527, 1537, 1539, 1548, 1549, 1550, 1551, 1552, 1555, 1557, 1560, 1561, 1562, 1563, 1564, 1565, 1571, 1572, 1574, 1576, 1585, 1586, 1587, 1588, 1589, 1590, 1592, 1593, 1595, 1596, 1597, 1598, 1599, 1600, 1601, 1608, 1609, 1610, 1612, 1613, 1621, 1623, 1650]}}