{"percentile": {"y": [100.0, 100.0, 99.9, 99.9, 99.8, 99.8, 99.7, 99.6, 99.6, 99.5, 99.5, 99.5, 99.4, 99.4, 99.3, 99.3, 99.2, 99.2, 99.1, 99.1, 99.0, 99.0, 98.9, 98.9, 98.8, 98.7, 98.7, 98.6, 98.6, 98.5, 98.5, 98.4, 98.4, 98.3, 98.3, 98.3, 98.2, 98.2, 98.1, 98.0, 98.0, 97.9, 97.8, 97.8, 97.8, 97.7, 97.7, 97.6, 97.6, 97.5, 97.5, 97.4, 97.4, 97.3, 97.3, 97.2, 97.2, 97.2, 97.1, 97.0, 97.0, 96.9, 96.9, 96.8, 96.7, 96.6, 96.6, 96.6, 96.5, 96.4, 96.3, 96.3, 96.2, 96.2, 96.1, 96.1, 96.1, 96.0, 96.0, 95.9, 95.9, 95.8, 95.8, 95.7, 95.7, 95.6, 95.5, 95.5, 95.4, 95.4, 95.3, 95.3, 95.2, 95.1, 95.1, 95.0, 95.0, 94.9, 94.9, 94.8, 94.8, 94.7, 94.6, 94.5, 94.4, 94.4, 93.7, 93.6, 93.6, 93.5, 93.5, 93.4, 93.4, 92.6, 92.5, 92.5, 92.4, 92.4, 92.3, 90.2, 90.2, 89.7, 88.1, 88.0, 87.9, 87.9, 87.8, 87.7, 87.6, 87.6, 87.2, 86.1, 84.7, 84.6, 84.5, 84.5, 84.4, 84.4, 84.1, 83.6, 82.1, 82.0, 81.9, 80.4, 78.2, 76.0, 75.8, 75.6, 75.3, 75.1, 74.9, 74.6, 74.4, 73.6, 71.6, 69.4, 67.4, 67.2, 67.1, 67.0, 66.9, 66.8, 66.4, 65.0, 64.3, 62.8, 62.7, 62.7, 62.6, 62.4, 60.1, 56.9, 54.1, 50.7, 50.5, 49.9, 49.1, 48.8, 48.5, 48.2, 47.8, 46.1, 43.2, 40.4, 38.7, 36.4, 36.2, 36.1, 36.0, 35.900000000000006, 35.8, 35.3, 34.8, 34.099999999999994, 33.599999999999994, 32.7, 32.7, 32.599999999999994, 32.400000000000006, 30.5, 28.599999999999994, 26.5, 24.0, 21.599999999999994, 21.5, 21.200000000000003, 20.900000000000006, 20.700000000000003, 20.5, 20.099999999999994, 18.799999999999997, 17.900000000000006, 16.299999999999997, 14.5, 12.900000000000006, 11.400000000000006, 11.299999999999997, 11.099999999999994, 10.900000000000006, 10.799999999999997, 10.599999999999994, 10.299999999999997, 9.700000000000003, 8.700000000000003, 7.599999999999994, 6.5, 5.400000000000006, 2.799999999999997, 2.5999999999999943, 2.5, 2.5, 2.4000000000000057, 1.9000000000000057, 1.7999999999999972, 1.7999999999999972, 1.7000000000000028, 1.5999999999999943, 1.4000000000000057, 1.2999999999999972, 1.2999999999999972, 1.2000000000000028, 1.0999999999999943, 1.0999999999999943, 1.0, 0.9000000000000057, 0.20000000000000284, 0.20000000000000284, 0.09999999999999432, 0.0], "x": [703, 826, 828, 854, 880, 889, 950, 960, 979, 985, 1004, 1008, 1009, 1016, 1018, 1023, 1028, 1031, 1047, 1058, 1061, 1065, 1094, 1105, 1121, 1125, 1129, 1144, 1149, 1155, 1160, 1172, 1173, 1179, 1180, 1181, 1188, 1190, 1194, 1195, 1200, 1202, 1203, 1227, 1234, 1241, 1244, 1248, 1255, 1282, 1284, 1285, 1291, 1293, 1296, 1299, 1301, 1302, 1304, 1307, 1321, 1322, 1324, 1327, 1333, 1334, 1339, 1341, 1342, 1343, 1348, 1350, 1357, 1360, 1361, 1362, 1363, 1365, 1372, 1375, 1378, 1380, 1381, 1382, 1383, 1385, 1389, 1390, 1392, 1395, 1397, 1401, 1402, 1403, 1410, 1415, 1419, 1422, 1425, 1427, 1428, 1430, 1437, 1438, 1439, 1440, 1441, 1442, 1443, 1444, 1445, 1447, 1452, 1453, 1457, 1458, 1459, 1463, 1464, 1465, 1466, 1477, 1478, 1479, 1480, 1481, 1482, 1484, 1485, 1486, 1488, 1489, 1490, 1491, 1492, 1493, 1495, 1499, 1500, 1501, 1502, 1508, 1512, 1513, 1514, 1515, 1516, 1517, 1518, 1519, 1520, 1522, 1523, 1524, 1525, 1526, 1527, 1528, 1530, 1532, 1533, 1535, 1536, 1537, 1538, 1539, 1540, 1541, 1542, 1548, 1549, 1550, 1551, 1552, 1553, 1554, 1555, 1556, 1557, 1558, 1559, 1560, 1561, 1562, 1563, 1564, 1565, 1566, 1568, 1570, 1571, 1572, 1573, 1574, 1575, 1576, 1578, 1583, 1584, 1585, 1586, 1587, 1588, 1589, 1590, 1591, 1592, 1593, 1594, 1595, 1596, 1597, 1598, 1599, 1600, 1601, 1602, 1603, 1604, 1605, 1606, 1607, 1608, 1609, 1610, 1611, 1612, 1613, 1614, 1616, 1618, 1619, 1620, 1621, 1622, 1623, 1624, 1625, 1626, 1632, 1636, 1638, 1646, 1648, 1649, 1650, 1651, 1654, 1655]}, "histogram": {"y": [1, 0, 0, 0, 0, 0, 0, 0, 0, 0, 0, 0, 0, 0, 0, 0, 2, 0, 0, 1, 0, 0, 0, 1, 1, 0, 0, 0, 0, 0, 0, 1, 0, 2, 0, 1, 1, 0, 1, 2, 3, 2, 0, 1, 0, 2, 1, 0, 0, 2, 0, 1, 0, 3, 1, 0, 2, 1, 1, 2, 3, 2, 3, 4, 0, 0, 1, 1, 2, 2, 0, 0, 0, 3, 2, 4, 3, 0, 5, 3, 6, 2, 1, 5, 2, 5, 4, 4, 4, 2, 3, 5, 5, 22, 19, 4, 48, 47, 9, 69, 51, 2, 150, 168, 13, 90, 185, 137, 255, 56, 20, 249, 146, 90, 169, 19, 8, 5, 1, 23, 0], "x": [696.0, 704.0, 712.0, 720.0, 728.0, 736.0, 744.0, 752.0, 760.0, 768.0, 776.0, 784.0, 792.0, 800.0, 808.0, 816.0, 824.0, 832.0, 840.0, 848.0, 856.0, 864.0, 872.0, 880.0, 888.0, 896.0, 904.0, 912.0, 920.0, 928.0, 936.0, 944.0, 952.0, 960.0, 968.0, 976.0, 984.0, 992.0, 1000.0, 1008.0, 1016.0, 1024.0, 1032.0, 1040.0, 1048.0, 1056.0, 1064.0, 1072.0, 1080.0, 1088.0, 1096.0, 1104.0, 1112.0, 1120.0, 1128.0, 1136.0, 1144.0, 1152.0, 1160.0, 1168.0, 1176.0, 1184.0, 1192.0, 1200.0, 1208.0, 1216.0, 1224.0, 1232.0, 1240.0, 1248.0, 1256.0, 1264.0, 1272.0, 1280.0, 1288.0, 1296.0, 1304.0, 1312.0, 1320.0, 1328.0, 1336.0, 1344.0, 1352.0, 1360.0, 1368.0, 1376.0, 1384.0, 1392.0, 1400.0, 1408.0, 1416.0, 1424.0, 1432.0, 1440.0, 1448.0, 1456.0, 1464.0, 1472.0, 1480.0, 1488.0, 1496.0, 1504.0, 1512.0, 1520.0, 1528.0, 1536.0, 1544.0, 1552.0, 1560.0, 1568.0, 1576.0, 1584.0, 1592.0, 1600.0, 1608.0, 1616.0, 1624.0, 1632.0, 1640.0, 1648.0, 1656.0]}}