{"percentile": {"x": [226, 254, 264, 376, 410, 471, 479, 480, 675, 720, 724, 785, 846, 861, 869, 874, 904, 945, 973, 990, 996, 1004, 1017, 1039, 1043, 1057, 1066, 1085, 1089, 1093, 1094, 1143, 1160, 1167, 1172, 1174, 1179, 1217, 1222, 1225, 1241, 1260, 1272, 1296, 1297, 1304, 1314, 1334, 1356, 1362, 1375, 1397, 1405, 1413, 1428, 1433, 1434, 1439, 1440, 1441, 1442, 1445, 1446, 1452, 1453, 1459, 1464, 1465, 1477, 1478, 1480, 1484, 1487, 1488, 1489, 1490, 1491, 1492, 1499, 1500, 1501, 1502, 1509, 1512, 1513, 1514, 1515, 1516, 1517, 1518, 1519, 1520, 1521, 1522, 1523, 1524, 1525, 1526, 1527, 1530, 1532, 1533, 1534, 1535, 1536, 1537, 1538, 1539, 1542, 1545, 1548, 1549, 1550, 1551, 1552, 1553, 1554, 1555, 1556, 1557, 1558, 1559, 1560, 1561, 1562, 1563, 1564, 1565, 1567, 1568, 1570, 1572, 1573, 1574, 1575, 1576, 1578, 1579, 1581, 1583, 1584, 1585, 1586, 1587, 1588, 1589, 1590, 1591, 1592, 1593, 1594, 1595, 1596, 1597, 1598, 1599, 1600, 1601, 1602, 1603, 1604, 1605, 1606, 1607, 1608, 1609, 1610, 1611, 1612, 1613, 1614, 1615, 1616, 1617, 1618, 1619, 1620, 1621, 1622, 1623, 1624, 1625, 1626, 1627, 1632, 1633, 1634, 1635, 1638, 1644, 1646, 1647, 1649, 1650, 1655], "y": [100.0, 100.0, 99.9, 99.9, 99.9, 99.8, 99.8, 99.5, 99.5, 99.3, 99.3, 99.3, 99.2, 99.2, 99.2, 99.1, 99.1, 99.1, 99.0, 99.0, 98.9, 98.9, 98.9, 98.8, 98.8, 98.8, 98.7, 98.7, 98.6, 98.6, 98.6, 98.5, 98.5, 98.5, 98.4, 98.4, 98.4, 98.3, 98.3, 98.2, 98.2, 98.2, 98.1, 98.1, 98.1, 98.0, 98.0, 97.9, 97.9, 97.9, 97.8, 97.8, 97.8, 97.7, 97.7, 97.6, 97.6, 97.4, 97.3, 97.1, 97.1, 97.1, 97.0, 97.0, 96.8, 96.8, 96.7, 95.8, 95.7, 95.3, 95.3, 95.3, 95.2, 95.2, 94.5, 93.7, 93.6, 93.6, 93.5, 93.4, 92.1, 87.3, 87.3, 87.3, 86.4, 84.4, 82.8, 82.8, 82.7, 82.6, 82.5, 82.3, 82.1, 82.0, 82.0, 81.3, 80.2, 79.2, 78.3, 78.3, 78.2, 78.2, 78.1, 78.1, 77.8, 77.3, 77.0, 76.0, 75.9, 75.9, 75.7, 74.3, 72.6, 69.5, 66.9, 66.6, 66.3, 66.0, 65.7, 65.5, 65.2, 64.9, 63.2, 61.9, 59.9, 58.5, 57.0, 57.0, 56.9, 56.9, 56.9, 56.6, 56.0, 55.4, 54.9, 54.3, 54.1, 54.1, 54.0, 54.0, 53.6, 51.7, 49.3, 46.5, 43.7, 40.2, 39.9, 39.6, 39.3, 38.7, 38.5, 38.1, 35.2, 33.400000000000006, 30.5, 27.200000000000003, 24.5, 22.0, 21.599999999999994, 21.400000000000006, 21.200000000000003, 21.0, 20.700000000000003, 20.299999999999997, 18.700000000000003, 17.5, 15.700000000000003, 13.799999999999997, 11.900000000000006, 5.200000000000003, 4.599999999999994, 4.5, 4.299999999999997, 4.200000000000003, 4.200000000000003, 4.099999999999994, 3.5, 3.4000000000000057, 3.200000000000003, 3.0, 2.9000000000000057, 2.700000000000003, 2.299999999999997, 2.200000000000003, 2.0999999999999943, 2.0, 1.9000000000000057, 1.7999999999999972, 1.7000000000000028, 1.5999999999999943, 1.5999999999999943, 1.5, 1.4000000000000057, 0.29999999999999716, 0.0]}, "histogram": {"x": [224.0, 232.0, 240.0, 248.0, 256.0, 264.0, 272.0, 280.0, 288.0, 296.0, 304.0, 312.0, 320.0, 328.0, 336.0, 344.0, 352.0, 360.0, 368.0, 376.0, 384.0, 392.0, 400.0, 408.0, 416.0, 424.0, 432.0, 440.0, 448.0, 456.0, 464.0, 472.0, 480.0, 488.0, 496.0, 504.0, 512.0, 520.0, 528.0, 536.0, 544.0, 552.0, 560.0, 568.0, 576.0, 584.0, 592.0, 600.0, 608.0, 616.0, 624.0, 632.0, 640.0, 648.0, 656.0, 664.0, 672.0, 680.0, 688.0, 696.0, 704.0, 712.0, 720.0, 728.0, 736.0, 744.0, 752.0, 760.0, 768.0, 776.0, 784.0, 792.0, 800.0, 808.0, 816.0, 824.0, 832.0, 840.0, 848.0, 856.0, 864.0, 872.0, 880.0, 888.0, 896.0, 904.0, 912.0, 920.0, 928.0, 936.0, 944.0, 952.0, 960.0, 968.0, 976.0, 984.0, 992.0, 1000.0, 1008.0, 1016.0, 1024.0, 1032.0, 1040.0, 1048.0, 1056.0, 1064.0, 1072.0, 1080.0, 1088.0, 1096.0, 1104.0, 1112.0, 1120.0, 1128.0, 1136.0, 1144.0, 1152.0, 1160.0, 1168.0, 1176.0, 1184.0, 1192.0, 1200.0, 1208.0, 1216.0, 1224.0, 1232.0, 1240.0, 1248.0, 1256.0, 1264.0, 1272.0, 1280.0, 1288.0, 1296.0, 1304.0, 1312.0, 1320.0, 1328.0, 1336.0, 1344.0, 1352.0, 1360.0, 1368.0, 1376.0, 1384.0, 1392.0, 1400.0, 1408.0, 1416.0, 1424.0, 1432.0, 1440.0, 1448.0, 1456.0, 1464.0, 1472.0, 1480.0, 1488.0, 1496.0, 1504.0, 1512.0, 1520.0, 1528.0, 1536.0, 1544.0, 1552.0, 1560.0, 1568.0, 1576.0, 1584.0, 1592.0, 1600.0, 1608.0, 1616.0, 1624.0, 1632.0, 1640.0, 1648.0, 1656.0], "y": [1, 0, 0, 1, 0, 1, 0, 0, 0, 0, 0, 0, 0, 0, 0, 0, 0, 0, 0, 1, 0, 0, 0, 1, 0, 0, 0, 0, 0, 0, 1, 2, 6, 0, 0, 0, 0, 0, 0, 0, 0, 0, 0, 0, 0, 0, 0, 0, 0, 0, 0, 0, 0, 0, 0, 0, 1, 0, 0, 0, 0, 0, 5, 0, 0, 0, 0, 0, 0, 0, 1, 0, 0, 0, 0, 0, 0, 1, 0, 1, 1, 1, 0, 0, 0, 1, 0, 0, 0, 0, 1, 0, 0, 1, 0, 1, 1, 1, 0, 1, 0, 1, 1, 0, 1, 1, 0, 1, 3, 0, 0, 0, 0, 0, 1, 0, 0, 2, 2, 1, 0, 0, 0, 0, 2, 1, 0, 1, 0, 1, 0, 1, 0, 0, 2, 1, 1, 0, 1, 0, 0, 1, 1, 1, 0, 0, 1, 1, 1, 0, 1, 7, 11, 6, 1, 25, 14, 3, 45, 169, 1, 130, 113, 6, 59, 173, 126, 216, 55, 25, 390, 335, 187, 430, 41, 20, 14, 5, 41, 0]}}