{"histogram": {"x": [1488.0, 1496.0, 1504.0, 1512.0, 1520.0, 1528.0, 1536.0, 1544.0, 1552.0, 1560.0, 1568.0, 1576.0, 1584.0, 1592.0, 1600.0, 1608.0, 1616.0, 1624.0, 1632.0, 1640.0, 1648.0, 1656.0], "y": [1, 1, 0, 2, 5, 2, 7, 3, 5, 18, 20, 65, 61, 78, 71, 289, 57, 27, 15, 16, 32, 0]}, "percentile": {"x": [1490, 1502, 1515, 1526, 1527, 1532, 1535, 1536, 1537, 1538, 1539, 1551, 1552, 1556, 1560, 1562, 1563, 1564, 1567, 1572, 1573, 1574, 1575, 1576, 1577, 1581, 1585, 1586, 1587, 1588, 1589, 1590, 1591, 1592, 1593, 1594, 1595, 1596, 1597, 1598, 1599, 1600, 1601, 1602, 1603, 1604, 1605, 1606, 1607, 1608, 1609, 1610, 1611, 1612, 1613, 1614, 1615, 1616, 1617, 1618, 1619, 1620, 1621, 1622, 1623, 1624, 1625, 1626, 1627, 1628, 1629, 1630, 1631, 1632, 1633, 1634, 1637, 1638, 1639, 1640, 1641, 1642, 1643, 1644, 1647, 1648, 1650, 1651, 1652, 1653, 1654, 1655], "y": [99.9, 99.8, 99.5, 99.0, 98.9, 98.8, 98.6, 98.5, 98.4, 98.1, 97.7, 97.3, 96.9, 96.7, 96.6, 95.8, 95.3, 94.5, 94.4, 94.2, 93.8, 93.1, 91.8, 83.6, 83.5, 83.4, 82.2, 81.3, 80.8, 79.2, 76.8, 76.0, 75.5, 74.6, 74.0, 73.4, 72.4, 71.4, 69.9, 67.6, 65.4, 63.0, 60.3, 59.6, 58.7, 58.1, 57.4, 56.6, 56.3, 54.3, 52.1, 49.8, 45.3, 41.9, 21.400000000000006, 20.099999999999994, 18.900000000000006, 18.299999999999997, 17.400000000000006, 16.5, 15.299999999999997, 13.400000000000006, 12.799999999999997, 12.200000000000003, 11.5, 11.400000000000006, 10.900000000000006, 10.299999999999997, 9.700000000000003, 9.200000000000003, 8.599999999999994, 8.200000000000003, 8.099999999999994, 7.700000000000003, 7.299999999999997, 6.900000000000006, 6.5, 6.299999999999997, 6.099999999999994, 5.900000000000006, 5.299999999999997, 4.799999999999997, 4.599999999999994, 4.400000000000006, 4.099999999999994, 3.9000000000000057, 2.5999999999999943, 2.5, 2.4000000000000057, 1.9000000000000057, 0.7999999999999972, -0.09999999999999432]}}