{"histogram": {"x": [1512.0, 1530.0, 1548.0, 1566.0, 1584.0, 1602.0, 1620.0, 1638.0, 1656.0], "y": [1, 0, 0, 1, 2, 7, 27, 6, 4, 0]}, "percentile": {"x": [1500, 1563, 1574, 1575, 1587, 1588, 1589, 1598, 1601, 1605, 1608, 1609, 1610, 1611, 1612, 1613, 1616, 1619, 1621, 1630, 1631, 1633, 1637, 1640, 1650, 1651, 1655], "y": [97.9, 95.8, 93.7, 91.5, 89.4, 87.3, 85.2, 80.9, 76.6, 74.5, 70.3, 66.0, 59.6, 51.1, 40.5, 25.599999999999994, 21.299999999999997, 19.200000000000003, 14.900000000000006, 12.799999999999997, 10.700000000000003, 8.599999999999994, 6.400000000000006, 4.299999999999997, 2.200000000000003, 0.0, -2.0999999999999943]}}