{"histogram": {"y": [1, 1, 0, 6, 7, 34, 41, 11, 18, 0], "x": [1512.0, 1530.0, 1548.0, 1566.0, 1584.0, 1602.0, 1620.0, 1638.0, 1656.0]}, "percentile": {"y": [99.2, 98.4, 97.5, 96.7, 95.8, 95.0, 93.3, 89.9, 89.0, 87.3, 86.5, 84.8, 82.3, 78.9, 78.0, 77.2, 76.3, 75.5, 74.6, 72.9, 70.4, 67.0, 61.9, 58.5, 57.7, 55.1, 54.3, 51.7, 46.7, 42.4, 27.200000000000003, 26.299999999999997, 25.5, 23.799999999999997, 22.099999999999994, 20.400000000000006, 19.5, 17.799999999999997, 17.0, 16.200000000000003, 14.5, 12.799999999999997, 11.900000000000006, 11.099999999999994, 10.200000000000003, 9.400000000000006, 1.7000000000000028, -0.7999999999999972], "x": [1502, 1514, 1550, 1553, 1556, 1562, 1564, 1574, 1575, 1576, 1585, 1586, 1587, 1588, 1589, 1590, 1591, 1592, 1593, 1595, 1597, 1599, 1600, 1601, 1605, 1608, 1609, 1610, 1611, 1612, 1613, 1614, 1615, 1618, 1620, 1621, 1623, 1626, 1627, 1631, 1636, 1638, 1641, 1647, 1648, 1649, 1650, 1655]}}