{"percentile": {"x": [1166, 1263, 1302, 1316, 1365, 1382, 1392, 1395, 1449, 1453, 1464, 1465, 1477, 1478, 1488, 1489, 1490, 1501, 1502, 1513, 1514, 1515, 1521, 1523, 1524, 1525, 1526, 1527, 1530, 1535, 1537, 1538, 1539, 1541, 1549, 1550, 1551, 1552, 1553, 1554, 1558, 1559, 1560, 1561, 1562, 1563, 1564, 1568, 1572, 1573, 1574, 1575, 1576, 1577, 1585, 1586, 1587, 1588, 1589, 1590, 1593, 1594, 1596, 1597, 1598, 1599, 1600, 1601, 1604, 1608, 1609, 1610, 1611, 1612, 1613, 1620, 1625, 1650, 1655], "y": [99.6, 99.2, 98.8, 98.4, 98.0, 97.6, 97.2, 96.8, 96.4, 95.6, 95.2, 93.6, 92.8, 91.6, 91.2, 90.4, 89.2, 88.8, 86.7, 84.3, 80.7, 77.1, 76.3, 75.9, 73.8, 71.8, 70.6, 68.2, 67.8, 67.4, 66.6, 65.4, 64.2, 63.8, 61.3, 58.9, 56.1, 52.5, 51.7, 50.9, 50.5, 50.0, 48.4, 44.0, 41.2, 40.0, 37.5, 37.1, 36.7, 34.7, 33.099999999999994, 32.7, 32.3, 31.900000000000006, 29.5, 28.700000000000003, 26.700000000000003, 24.200000000000003, 23.0, 22.200000000000003, 21.799999999999997, 21.400000000000006, 19.799999999999997, 18.200000000000003, 15.799999999999997, 14.200000000000003, 12.099999999999994, 11.299999999999997, 10.900000000000006, 9.299999999999997, 8.5, 6.5, 5.299999999999997, 3.299999999999997, 1.7000000000000028, 1.2999999999999972, 0.9000000000000057, 0.0, -0.4000000000000057]}, "histogram": {"x": [1160.0, 1168.0, 1176.0, 1184.0, 1192.0, 1200.0, 1208.0, 1216.0, 1224.0, 1232.0, 1240.0, 1248.0, 1256.0, 1264.0, 1272.0, 1280.0, 1288.0, 1296.0, 1304.0, 1312.0, 1320.0, 1328.0, 1336.0, 1344.0, 1352.0, 1360.0, 1368.0, 1376.0, 1384.0, 1392.0, 1400.0, 1408.0, 1416.0, 1424.0, 1432.0, 1440.0, 1448.0, 1456.0, 1464.0, 1472.0, 1480.0, 1488.0, 1496.0, 1504.0, 1512.0, 1520.0, 1528.0, 1536.0, 1544.0, 1552.0, 1560.0, 1568.0, 1576.0, 1584.0, 1592.0, 1600.0, 1608.0, 1616.0, 1624.0, 1632.0, 1640.0, 1648.0, 1656.0], "y": [1, 0, 0, 0, 0, 0, 0, 0, 0, 0, 0, 0, 1, 0, 0, 0, 0, 1, 0, 1, 0, 0, 0, 0, 0, 1, 0, 1, 0, 2, 0, 0, 0, 0, 0, 0, 3, 0, 5, 5, 0, 6, 6, 0, 24, 22, 2, 9, 19, 15, 31, 12, 2, 24, 20, 8, 23, 1, 1, 0, 0, 3, 0]}}