{"percentile": {"x": [425, 473, 479, 916, 985, 1047, 1123, 1168, 1191, 1247, 1258, 1279, 1282, 1299, 1325, 1329, 1332, 1357, 1387, 1407, 1417, 1424, 1432, 1434, 1441, 1453, 1465, 1476, 1477, 1478, 1488, 1489, 1490, 1500, 1501, 1502, 1513, 1514, 1515, 1518, 1524, 1525, 1526, 1527, 1529, 1536, 1537, 1538, 1539, 1541, 1548, 1549, 1550, 1551, 1552, 1553, 1554, 1555, 1556, 1557, 1559, 1560, 1561, 1562, 1563, 1564, 1565, 1567, 1568, 1572, 1573, 1574, 1575, 1576, 1580, 1584, 1585, 1586, 1587, 1588, 1589, 1590, 1593, 1594, 1595, 1596, 1597, 1598, 1599, 1600, 1601, 1605, 1607, 1608, 1609, 1610, 1611, 1612, 1613, 1614, 1615, 1618, 1619, 1620, 1621, 1625, 1646, 1649, 1650], "y": [99.8, 99.6, 99.3, 99.1, 98.8, 98.6, 98.3, 98.1, 97.8, 97.6, 97.4, 97.1, 96.9, 96.6, 96.4, 96.1, 95.9, 95.6, 95.4, 95.1, 94.9, 94.7, 94.4, 94.2, 93.2, 92.2, 90.0, 89.5, 89.0, 88.3, 87.3, 86.3, 85.8, 85.6, 85.3, 84.1, 83.9, 83.4, 81.4, 81.2, 80.4, 78.0, 76.3, 74.8, 74.6, 74.1, 73.3, 71.9, 70.9, 70.6, 70.4, 69.4, 68.2, 66.7, 62.8, 62.3, 62.1, 61.8, 61.6, 60.8, 60.6, 58.9, 56.4, 51.5, 49.6, 47.4, 47.1, 46.9, 46.6, 46.4, 45.4, 43.2, 42.5, 40.5, 40.2, 40.0, 37.8, 34.900000000000006, 32.2, 29.700000000000003, 26.5, 26.0, 25.5, 25.299999999999997, 24.599999999999994, 23.599999999999994, 22.799999999999997, 20.900000000000006, 18.400000000000006, 17.700000000000003, 16.0, 15.700000000000003, 15.200000000000003, 13.5, 11.599999999999994, 9.599999999999994, 8.900000000000006, 7.900000000000006, 4.0, 3.700000000000003, 3.5, 3.200000000000003, 3.0, 2.5, 2.299999999999997, 2.0, 1.7999999999999972, 1.5, -0.20000000000000284]}, "histogram": {"x": [432.0, 450.0, 468.0, 486.0, 504.0, 522.0, 540.0, 558.0, 576.0, 594.0, 612.0, 630.0, 648.0, 666.0, 684.0, 702.0, 720.0, 738.0, 756.0, 774.0, 792.0, 810.0, 828.0, 846.0, 864.0, 882.0, 900.0, 918.0, 936.0, 954.0, 972.0, 990.0, 1008.0, 1026.0, 1044.0, 1062.0, 1080.0, 1098.0, 1116.0, 1134.0, 1152.0, 1170.0, 1188.0, 1206.0, 1224.0, 1242.0, 1260.0, 1278.0, 1296.0, 1314.0, 1332.0, 1350.0, 1368.0, 1386.0, 1404.0, 1422.0, 1440.0, 1458.0, 1476.0, 1494.0, 1512.0, 1530.0, 1548.0, 1566.0, 1584.0, 1602.0, 1620.0, 1638.0, 1656.0], "y": [1, 0, 0, 2, 0, 0, 0, 0, 0, 0, 0, 0, 0, 0, 0, 0, 0, 0, 0, 0, 0, 0, 0, 0, 0, 0, 0, 1, 0, 0, 0, 1, 0, 0, 0, 1, 0, 0, 0, 1, 0, 1, 0, 1, 0, 0, 2, 0, 2, 1, 2, 1, 1, 0, 1, 2, 3, 8, 9, 17, 7, 39, 16, 96, 28, 99, 53, 4, 9, 0]}}