{"percentile": {"x": [1490, 1514, 1516, 1519, 1526, 1527, 1538, 1550, 1551, 1552, 1562, 1564, 1573, 1575, 1576, 1585, 1588, 1589, 1593, 1594, 1596, 1597, 1598, 1599, 1600, 1601, 1607, 1608, 1609, 1610, 1611, 1612, 1613, 1614, 1616, 1618, 1619, 1620, 1621, 1622, 1624, 1626, 1629, 1648, 1650, 1655], "y": [99.1, 98.2, 97.3, 96.4, 94.6, 93.7, 92.8, 91.9, 91.0, 88.2, 87.3, 86.4, 84.6, 81.9, 76.4, 73.7, 71.9, 70.0, 68.2, 66.4, 64.6, 61.9, 60.0, 59.1, 55.5, 54.6, 53.7, 51.9, 48.2, 44.6, 41.0, 34.599999999999994, 19.099999999999994, 18.200000000000003, 17.299999999999997, 16.400000000000006, 15.5, 13.700000000000003, 12.799999999999997, 11.0, 10.0, 7.299999999999997, 6.400000000000006, 5.5, 0.0, -0.9000000000000057]}, "histogram": {"x": [1488.0, 1496.0, 1504.0, 1512.0, 1520.0, 1528.0, 1536.0, 1544.0, 1552.0, 1560.0, 1568.0, 1576.0, 1584.0, 1592.0, 1600.0, 1608.0, 1616.0, 1624.0, 1632.0, 1640.0, 1648.0, 1656.0], "y": [1, 0, 0, 3, 3, 0, 1, 2, 3, 2, 5, 6, 7, 12, 6, 39, 8, 5, 0, 0, 8, 0]}}