{"percentile": {"x": [1352, 1434, 1441, 1453, 1465, 1477, 1478, 1483, 1488, 1489, 1490, 1501, 1502, 1513, 1514, 1515, 1517, 1518, 1524, 1525, 1526, 1527, 1535, 1536, 1537, 1538, 1539, 1548, 1549, 1550, 1551, 1552, 1554, 1556, 1558, 1559, 1560, 1561, 1562, 1563, 1564, 1565, 1570, 1572, 1573, 1574, 1575, 1576, 1584, 1585, 1586, 1587, 1588, 1589, 1591, 1593, 1595, 1596, 1597, 1598, 1599, 1600, 1601, 1602, 1603, 1604, 1607, 1609, 1610, 1611, 1612, 1613, 1621, 1624, 1650], "y": [99.6, 99.2, 98.4, 97.2, 94.7, 94.3, 93.4, 93.0, 92.6, 91.8, 89.3, 87.7, 86.0, 85.2, 83.5, 81.5, 81.0, 80.6, 79.4, 78.1, 77.3, 74.4, 74.0, 73.6, 73.2, 72.4, 69.9, 69.5, 67.8, 66.2, 62.4, 59.6, 59.1, 58.7, 58.3, 56.7, 52.5, 50.0, 46.7, 42.6, 40.5, 40.1, 39.7, 39.3, 38.5, 36.4, 36.0, 35.2, 34.8, 32.3, 29.400000000000006, 27.700000000000003, 24.799999999999997, 22.799999999999997, 22.400000000000006, 22.0, 21.5, 21.099999999999994, 19.900000000000006, 19.5, 17.0, 16.200000000000003, 14.900000000000006, 14.5, 14.099999999999994, 13.700000000000003, 12.400000000000006, 11.200000000000003, 10.0, 8.700000000000003, 6.200000000000003, 2.5, 2.0999999999999943, 1.7000000000000028, -0.4000000000000057]}, "histogram": {"x": [1352.0, 1360.0, 1368.0, 1376.0, 1384.0, 1392.0, 1400.0, 1408.0, 1416.0, 1424.0, 1432.0, 1440.0, 1448.0, 1456.0, 1464.0, 1472.0, 1480.0, 1488.0, 1496.0, 1504.0, 1512.0, 1520.0, 1528.0, 1536.0, 1544.0, 1552.0, 1560.0, 1568.0, 1576.0, 1584.0, 1592.0, 1600.0, 1608.0, 1616.0, 1624.0, 1632.0, 1640.0, 1648.0, 1656.0], "y": [1, 0, 0, 0, 0, 0, 0, 0, 0, 0, 1, 2, 3, 0, 6, 3, 1, 9, 8, 0, 13, 15, 1, 10, 18, 14, 40, 10, 2, 31, 13, 11, 24, 1, 1, 0, 0, 5, 0]}}