{"percentile": {"y": [97.8, 95.6, 93.4, 91.2, 88.9, 84.5, 80.0, 77.8, 75.6, 71.2, 66.7, 64.5, 55.6, 53.4, 51.2, 48.9, 44.5, 40.0, 37.8, 35.599999999999994, 33.400000000000006, 24.5, 22.299999999999997, 17.799999999999997, 11.200000000000003, 2.299999999999997, 0.0, -2.200000000000003], "x": [480, 708, 1132, 1498, 1501, 1502, 1514, 1515, 1539, 1552, 1557, 1561, 1562, 1564, 1573, 1586, 1589, 1597, 1598, 1599, 1600, 1601, 1606, 1608, 1611, 1613, 1620, 1639]}, "histogram": {"y": [1, 0, 0, 0, 0, 0, 0, 0, 0, 0, 0, 0, 0, 1, 0, 0, 0, 0, 0, 0, 0, 0, 0, 0, 0, 0, 0, 0, 0, 0, 0, 0, 0, 0, 0, 0, 1, 0, 0, 0, 0, 0, 0, 0, 0, 0, 0, 0, 0, 0, 0, 0, 0, 0, 0, 0, 0, 4, 3, 1, 10, 1, 12, 10, 1, 1], "x": [486.0, 504.0, 522.0, 540.0, 558.0, 576.0, 594.0, 612.0, 630.0, 648.0, 666.0, 684.0, 702.0, 720.0, 738.0, 756.0, 774.0, 792.0, 810.0, 828.0, 846.0, 864.0, 882.0, 900.0, 918.0, 936.0, 954.0, 972.0, 990.0, 1008.0, 1026.0, 1044.0, 1062.0, 1080.0, 1098.0, 1116.0, 1134.0, 1152.0, 1170.0, 1188.0, 1206.0, 1224.0, 1242.0, 1260.0, 1278.0, 1296.0, 1314.0, 1332.0, 1350.0, 1368.0, 1386.0, 1404.0, 1422.0, 1440.0, 1458.0, 1476.0, 1494.0, 1512.0, 1530.0, 1548.0, 1566.0, 1584.0, 1602.0, 1620.0, 1638.0]}}