{"percentile": {"y": [100.0, 100.0, 100.0, 100.0, 100.0, 100.0, 100.0, 100.0, 100.0, 100.0, 100.0, 100.0, 100.0, 100.0, 100.0, 100.0, 100.0, 100.0, 100.0, 100.0, 100.0, 100.0, 100.0, 100.0, 100.0, 100.0, 100.0, 100.0, 100.0, 100.0, 100.0, 100.0, 100.0, 100.0, 100.0, 100.0, 100.0, 100.0, 100.0, 100.0, 100.0, 100.0, 100.0, 100.0, 100.0, 100.0, 100.0, 100.0, 99.9, 99.9, 99.9, 99.9, 99.9, 99.9, 99.9, 99.9, 99.9, 99.9, 99.9, 99.9, 99.9, 99.9, 99.9, 99.9, 99.9, 99.9, 99.8, 99.7, 99.7, 99.7, 99.7, 99.7, 99.7, 99.7, 99.7, 99.7, 99.6, 99.5, 99.5, 99.5, 99.5, 99.5, 99.5, 99.5, 99.4, 99.2, 99.2, 99.2, 99.1, 98.9, 98.8, 98.8, 98.8, 98.8, 98.8, 98.8, 98.8, 98.8, 98.7, 98.6, 98.3, 98.0, 98.0, 97.9, 97.9, 97.9, 97.9, 97.9, 97.9, 97.9, 97.8, 97.6, 97.4, 97.1, 97.1, 97.1, 97.1, 96.9, 96.7, 96.3, 95.8, 95.7, 95.7, 95.6, 95.6, 95.5, 95.4, 95.4, 95.2, 94.8, 94.3, 93.6, 92.6, 92.6, 92.5, 92.4, 92.4, 92.3, 92.2, 92.2, 92.0, 91.2, 90.2, 88.8, 81.2, 81.2, 81.2, 81.2, 81.2, 81.2, 81.2, 81.1, 81.1, 80.4, 79.5, 78.3, 76.8, 75.0, 74.5, 73.9, 73.3, 72.7, 72.1, 71.6, 70.3, 68.7, 66.8, 64.7, 62.3, 59.3, 58.7, 58.0, 57.3, 56.7, 56.1, 55.5, 54.2, 51.9, 49.2, 46.0, 41.8, 23.0, 21.799999999999997, 20.799999999999997, 19.799999999999997, 18.799999999999997, 17.799999999999997, 17.0, 15.5, 14.900000000000006, 14.200000000000003, 13.5, 12.900000000000006, 12.299999999999997, 11.599999999999994, 11.099999999999994, 10.599999999999994, 10.0, 9.5, 9.0, 8.400000000000006, 8.0, 7.599999999999994, 7.299999999999997, 6.900000000000006, 6.5, 6.099999999999994, 5.799999999999997, 5.5, 5.099999999999994, 4.799999999999997, 4.5, 4.099999999999994, 4.0, 3.799999999999997, 3.5999999999999943, 3.5, 3.299999999999997, 1.7000000000000028, 1.5, 1.2999999999999972, 1.0, 0.7000000000000028, 0.0], "x": [956, 971, 1083, 1088, 1102, 1104, 1141, 1177, 1188, 1203, 1210, 1229, 1257, 1272, 1275, 1293, 1296, 1297, 1298, 1316, 1318, 1328, 1346, 1351, 1355, 1358, 1359, 1364, 1365, 1370, 1372, 1379, 1380, 1386, 1390, 1395, 1401, 1403, 1411, 1414, 1416, 1417, 1420, 1422, 1423, 1424, 1426, 1430, 1433, 1434, 1438, 1439, 1440, 1441, 1443, 1444, 1445, 1446, 1447, 1448, 1449, 1452, 1453, 1456, 1464, 1465, 1477, 1478, 1479, 1480, 1481, 1483, 1485, 1486, 1487, 1488, 1489, 1490, 1491, 1493, 1494, 1497, 1499, 1500, 1501, 1502, 1503, 1513, 1514, 1515, 1516, 1517, 1518, 1519, 1520, 1521, 1522, 1523, 1524, 1525, 1526, 1527, 1528, 1529, 1530, 1531, 1532, 1533, 1534, 1535, 1536, 1537, 1538, 1539, 1540, 1541, 1547, 1549, 1550, 1551, 1552, 1553, 1554, 1555, 1556, 1557, 1558, 1559, 1560, 1561, 1562, 1563, 1564, 1565, 1566, 1567, 1568, 1569, 1570, 1571, 1572, 1573, 1574, 1575, 1576, 1577, 1578, 1579, 1580, 1581, 1582, 1583, 1584, 1585, 1586, 1587, 1588, 1589, 1590, 1591, 1592, 1593, 1594, 1595, 1596, 1597, 1598, 1599, 1600, 1601, 1602, 1603, 1604, 1605, 1606, 1607, 1608, 1609, 1610, 1611, 1612, 1613, 1614, 1615, 1616, 1617, 1618, 1619, 1620, 1621, 1622, 1623, 1624, 1625, 1626, 1627, 1628, 1629, 1630, 1631, 1632, 1633, 1634, 1635, 1636, 1637, 1638, 1639, 1640, 1641, 1642, 1643, 1644, 1645, 1646, 1647, 1648, 1649, 1650, 1651, 1652, 1653, 1654, 1655]}, "histogram": {"y": [2, 0, 0, 0, 0, 0, 0, 2, 2, 0, 1, 0, 1, 2, 1, 2, 1, 2, 1, 5, 3, 1, 9, 4, 5, 5, 12, 37, 10, 220, 144, 725, 466, 2550, 6444, 12325, 23869, 5902, 3630, 0], "x": [972.0, 990.0, 1008.0, 1026.0, 1044.0, 1062.0, 1080.0, 1098.0, 1116.0, 1134.0, 1152.0, 1170.0, 1188.0, 1206.0, 1224.0, 1242.0, 1260.0, 1278.0, 1296.0, 1314.0, 1332.0, 1350.0, 1368.0, 1386.0, 1404.0, 1422.0, 1440.0, 1458.0, 1476.0, 1494.0, 1512.0, 1530.0, 1548.0, 1566.0, 1584.0, 1602.0, 1620.0, 1638.0, 1656.0]}}