{"percentile": {"y": [98.6, 97.2, 95.8, 94.4, 93.0, 90.2, 87.4, 86.0, 83.1, 81.7, 80.3, 78.9, 77.5, 74.7, 73.3, 70.5, 69.1, 63.4, 62.0, 59.2, 57.8, 50.8, 49.3, 47.9, 45.1, 43.7, 36.7, 15.5, 14.099999999999994, 12.700000000000003, 11.299999999999997, 9.900000000000006, 8.5, 7.099999999999994, -1.4000000000000057], "x": [387, 1294, 1338, 1439, 1525, 1539, 1549, 1550, 1552, 1560, 1561, 1564, 1575, 1576, 1584, 1585, 1586, 1588, 1595, 1596, 1597, 1598, 1599, 1609, 1610, 1611, 1612, 1613, 1619, 1620, 1623, 1634, 1635, 1647, 1650]}, "histogram": {"y": [1, 0, 0, 0, 0, 0, 0, 0, 0, 0, 0, 0, 0, 0, 0, 0, 0, 0, 0, 0, 0, 0, 0, 0, 0, 0, 0, 0, 0, 0, 0, 0, 0, 0, 0, 0, 0, 0, 0, 0, 0, 0, 0, 0, 0, 0, 0, 0, 0, 0, 1, 0, 0, 1, 0, 0, 0, 0, 1, 0, 0, 0, 0, 1, 2, 8, 3, 18, 25, 4, 7, 0], "x": [396.0, 414.0, 432.0, 450.0, 468.0, 486.0, 504.0, 522.0, 540.0, 558.0, 576.0, 594.0, 612.0, 630.0, 648.0, 666.0, 684.0, 702.0, 720.0, 738.0, 756.0, 774.0, 792.0, 810.0, 828.0, 846.0, 864.0, 882.0, 900.0, 918.0, 936.0, 954.0, 972.0, 990.0, 1008.0, 1026.0, 1044.0, 1062.0, 1080.0, 1098.0, 1116.0, 1134.0, 1152.0, 1170.0, 1188.0, 1206.0, 1224.0, 1242.0, 1260.0, 1278.0, 1296.0, 1314.0, 1332.0, 1350.0, 1368.0, 1386.0, 1404.0, 1422.0, 1440.0, 1458.0, 1476.0, 1494.0, 1512.0, 1530.0, 1548.0, 1566.0, 1584.0, 1602.0, 1620.0, 1638.0, 1656.0]}}