{"histogram": {"y": [1, 0, 1, 7, 0, 14, 3, 12, 39, 59, 89, 119, 125, 133, 393, 39, 24, 18, 8, 15, 0], "x": [1496.0, 1504.0, 1512.0, 1520.0, 1528.0, 1536.0, 1544.0, 1552.0, 1560.0, 1568.0, 1576.0, 1584.0, 1592.0, 1600.0, 1608.0, 1616.0, 1624.0, 1632.0, 1640.0, 1648.0, 1656.0]}, "percentile": {"y": [100.0, 99.9, 99.8, 99.7, 99.6, 99.5, 99.2, 99.1, 98.0, 97.7, 97.4, 97.1, 97.0, 97.0, 96.9, 96.6, 96.5, 95.7, 95.3, 94.4, 93.0, 92.9, 92.9, 92.8, 92.3, 91.2, 89.8, 87.7, 79.7, 79.6, 79.6, 78.9, 77.2, 75.4, 73.4, 70.3, 69.3, 68.7, 68.0, 67.4, 67.0, 66.5, 65.0, 63.2, 61.1, 57.3, 54.0, 49.0, 48.4, 48.0, 47.4, 46.8, 46.0, 45.2, 43.3, 39.9, 36.1, 31.299999999999997, 26.400000000000006, 11.0, 9.900000000000006, 9.400000000000006, 8.700000000000003, 8.299999999999997, 8.099999999999994, 7.900000000000006, 6.900000000000006, 6.799999999999997, 6.200000000000003, 5.900000000000006, 5.700000000000003, 4.900000000000006, 4.5, 4.400000000000006, 3.9000000000000057, 3.799999999999997, 3.700000000000003, 3.0999999999999943, 3.0999999999999943, 2.700000000000003, 2.0999999999999943, 2.0, 1.7999999999999972, 1.5999999999999943, 1.5, 1.4000000000000057, 1.2999999999999972, 1.2000000000000028, 0.09999999999999432, 0.0], "x": [1501, 1514, 1521, 1524, 1525, 1526, 1527, 1538, 1539, 1551, 1552, 1553, 1556, 1557, 1558, 1559, 1560, 1561, 1562, 1563, 1564, 1569, 1570, 1571, 1572, 1573, 1574, 1575, 1576, 1580, 1582, 1585, 1586, 1587, 1588, 1589, 1590, 1591, 1592, 1593, 1594, 1595, 1596, 1597, 1598, 1599, 1600, 1601, 1602, 1603, 1604, 1605, 1606, 1607, 1608, 1609, 1610, 1611, 1612, 1613, 1614, 1615, 1616, 1617, 1618, 1619, 1620, 1621, 1622, 1623, 1624, 1625, 1626, 1628, 1629, 1630, 1631, 1635, 1636, 1637, 1638, 1640, 1641, 1643, 1644, 1646, 1647, 1649, 1650, 1655]}}