{"histogram": {"x": [1472.0, 1480.0, 1488.0, 1496.0, 1504.0, 1512.0, 1520.0, 1528.0, 1536.0, 1544.0, 1552.0, 1560.0, 1568.0, 1576.0, 1584.0, 1592.0, 1600.0, 1608.0, 1616.0, 1624.0], "y": [1, 0, 0, 0, 0, 2, 0, 0, 1, 0, 2, 0, 1, 1, 3, 4, 2, 12, 1, 1]}, "percentile": {"x": [1477, 1512, 1514, 1536, 1552, 1554, 1570, 1576, 1585, 1586, 1589, 1594, 1598, 1599, 1600, 1602, 1610, 1612, 1613, 1620, 1624], "y": [96.7, 93.4, 90.0, 86.7, 83.4, 80.0, 76.7, 73.4, 70.0, 66.7, 63.4, 60.0, 53.4, 50.0, 46.7, 43.4, 40.0, 33.400000000000006, 3.4000000000000057, 0.0, -3.299999999999997]}}