{"histogram": {"x": [672.0, 680.0, 688.0, 696.0, 704.0, 712.0, 720.0, 728.0, 736.0, 744.0, 752.0, 760.0, 768.0, 776.0, 784.0, 792.0, 800.0, 808.0, 816.0, 824.0, 832.0, 840.0, 848.0, 856.0, 864.0, 872.0, 880.0, 888.0, 896.0, 904.0, 912.0, 920.0, 928.0, 936.0, 944.0, 952.0, 960.0, 968.0, 976.0, 984.0, 992.0, 1000.0, 1008.0, 1016.0, 1024.0, 1032.0, 1040.0, 1048.0, 1056.0, 1064.0, 1072.0, 1080.0, 1088.0, 1096.0, 1104.0, 1112.0, 1120.0, 1128.0, 1136.0, 1144.0, 1152.0, 1160.0, 1168.0, 1176.0, 1184.0, 1192.0, 1200.0, 1208.0, 1216.0, 1224.0, 1232.0, 1240.0, 1248.0, 1256.0, 1264.0, 1272.0, 1280.0, 1288.0, 1296.0, 1304.0, 1312.0, 1320.0, 1328.0, 1336.0, 1344.0, 1352.0, 1360.0, 1368.0, 1376.0, 1384.0, 1392.0, 1400.0, 1408.0, 1416.0, 1424.0, 1432.0, 1440.0, 1448.0, 1456.0, 1464.0, 1472.0, 1480.0, 1488.0, 1496.0, 1504.0, 1512.0, 1520.0, 1528.0, 1536.0, 1544.0, 1552.0, 1560.0, 1568.0, 1576.0, 1584.0, 1592.0, 1600.0, 1608.0, 1616.0, 1624.0, 1632.0, 1640.0, 1648.0, 1656.0], "y": [1, 1, 0, 0, 0, 1, 0, 0, 0, 0, 0, 0, 0, 0, 0, 0, 0, 0, 0, 0, 0, 0, 0, 0, 0, 0, 0, 0, 0, 0, 0, 0, 0, 0, 0, 0, 0, 0, 0, 0, 0, 0, 0, 0, 0, 0, 0, 0, 0, 0, 0, 0, 1, 0, 0, 0, 0, 0, 0, 0, 0, 0, 0, 0, 0, 0, 1, 0, 0, 0, 0, 0, 1, 0, 1, 0, 0, 0, 1, 0, 0, 0, 0, 0, 0, 0, 1, 0, 0, 0, 0, 0, 0, 0, 2, 0, 0, 1, 0, 0, 3, 2, 4, 33, 0, 20, 18, 3, 16, 37, 24, 51, 9, 2, 58, 41, 33, 66, 8, 2, 1, 1, 9, 0]}, "percentile": {"x": [676, 683, 719, 1094, 1200, 1252, 1271, 1303, 1367, 1427, 1431, 1453, 1478, 1484, 1489, 1490, 1492, 1501, 1502, 1513, 1514, 1515, 1518, 1524, 1525, 1526, 1527, 1528, 1530, 1533, 1537, 1538, 1539, 1541, 1542, 1548, 1549, 1550, 1551, 1552, 1553, 1554, 1556, 1558, 1559, 1560, 1561, 1562, 1563, 1564, 1565, 1572, 1573, 1574, 1575, 1576, 1585, 1586, 1587, 1588, 1589, 1590, 1591, 1592, 1593, 1594, 1595, 1596, 1597, 1598, 1599, 1600, 1601, 1603, 1604, 1605, 1607, 1608, 1609, 1610, 1611, 1612, 1613, 1614, 1620, 1622, 1623, 1625, 1626, 1634, 1646, 1649, 1650, 1653], "y": [99.8, 99.6, 99.4, 99.2, 98.9, 98.7, 98.5, 98.3, 98.1, 97.8, 97.6, 97.4, 96.7, 96.3, 96.1, 95.6, 95.4, 94.5, 88.1, 87.7, 85.9, 83.9, 83.7, 82.8, 81.9, 81.2, 79.7, 79.5, 79.3, 79.0, 77.9, 77.3, 75.9, 75.7, 75.5, 75.3, 73.1, 70.2, 67.3, 63.8, 63.5, 62.9, 62.4, 62.2, 62.0, 60.2, 56.7, 54.0, 52.3, 51.2, 50.7, 50.0, 49.4, 48.9, 48.7, 48.3, 46.1, 44.5, 41.2, 38.3, 36.3, 35.900000000000006, 35.400000000000006, 34.8, 34.3, 33.900000000000006, 33.5, 31.900000000000006, 30.400000000000006, 28.099999999999994, 26.400000000000006, 24.200000000000003, 20.400000000000006, 20.200000000000003, 20.0, 19.700000000000003, 19.099999999999994, 17.5, 16.400000000000006, 14.200000000000003, 12.200000000000003, 9.299999999999997, 4.900000000000006, 4.5, 3.0999999999999943, 2.9000000000000057, 2.700000000000003, 2.5, 2.299999999999997, 2.0, 1.7999999999999972, 1.4000000000000057, 0.0, -0.20000000000000284]}}