{"percentile": {"x": [1574, 1575, 1576, 1585, 1586, 1588, 1589, 1593, 1595, 1599, 1600, 1601, 1607, 1608, 1609, 1610, 1611, 1612, 1613, 1614, 1615, 1616, 1617, 1618, 1619, 1620, 1621, 1622, 1624, 1626, 1627, 1628, 1629, 1632, 1633, 1636, 1637, 1641, 1643, 1644, 1650, 1653, 1654, 1655], "y": [99.3, 98.6, 95.6, 94.8, 93.3, 92.6, 91.1, 90.3, 89.6, 86.6, 83.6, 77.7, 76.2, 73.2, 70.9, 70.2, 67.2, 62.0, 33.599999999999994, 32.900000000000006, 31.400000000000006, 30.599999999999994, 29.200000000000003, 26.900000000000006, 25.400000000000006, 21.700000000000003, 20.200000000000003, 19.5, 15.700000000000003, 15.0, 13.5, 12.700000000000003, 12.0, 11.200000000000003, 10.5, 9.799999999999997, 8.299999999999997, 5.299999999999997, 4.5, 3.799999999999997, 2.299999999999997, 1.5, 0.0, -0.7000000000000028]}, "histogram": {"x": [1568.0, 1576.0, 1584.0, 1592.0, 1600.0, 1608.0, 1616.0, 1624.0, 1632.0, 1640.0, 1648.0, 1656.0], "y": [2, 4, 6, 6, 14, 60, 16, 10, 5, 6, 6, 0]}}