{"histogram": {"y": [1, 1, 0, 1, 4, 2, 16, 20, 5], "x": [1494.0, 1512.0, 1530.0, 1548.0, 1566.0, 1584.0, 1602.0, 1620.0]}, "percentile": {"y": [98.0, 96.0, 93.9, 91.9, 87.8, 85.8, 83.7, 81.7, 79.6, 77.6, 73.5, 67.4, 65.4, 63.3, 61.3, 55.2, 53.1, 49.0, 47.0, 42.9, 38.8, 28.599999999999994, 14.299999999999997, 12.299999999999997, 10.299999999999997, 8.200000000000003, 4.099999999999994, 2.0999999999999943, 0.0, -2.0], "x": [1490, 1502, 1538, 1561, 1562, 1564, 1573, 1576, 1585, 1586, 1587, 1588, 1596, 1597, 1598, 1599, 1600, 1601, 1605, 1608, 1609, 1612, 1613, 1614, 1617, 1618, 1620, 1621, 1623, 1625]}}