{"histogram": {"x": [1368.0, 1386.0, 1404.0, 1422.0, 1440.0, 1458.0, 1476.0, 1494.0, 1512.0, 1530.0, 1548.0, 1566.0, 1584.0, 1602.0, 1620.0], "y": [1, 0, 0, 0, 0, 0, 4, 5, 5, 16, 8, 28, 7, 43, 14, 0]}, "percentile": {"x": [1363, 1465, 1477, 1485, 1489, 1490, 1501, 1502, 1511, 1513, 1514, 1515, 1520, 1524, 1525, 1526, 1527, 1537, 1538, 1539, 1549, 1550, 1551, 1552, 1555, 1556, 1559, 1560, 1561, 1562, 1563, 1564, 1573, 1574, 1575, 1576, 1584, 1586, 1587, 1588, 1589, 1590, 1593, 1596, 1597, 1598, 1599, 1600, 1601, 1606, 1608, 1609, 1610, 1611, 1612, 1613, 1616], "y": [99.3, 96.2, 95.4, 94.7, 93.9, 92.4, 90.0, 89.3, 88.5, 87.7, 85.4, 83.9, 83.1, 82.4, 79.3, 77.0, 76.2, 75.4, 73.1, 70.0, 69.3, 67.7, 65.4, 60.8, 60.0, 59.3, 58.5, 57.7, 56.2, 53.1, 50.8, 48.5, 47.0, 45.4, 44.7, 43.1, 42.4, 39.3, 33.900000000000006, 30.799999999999997, 27.0, 26.200000000000003, 25.400000000000006, 23.099999999999994, 19.299999999999997, 15.400000000000006, 14.700000000000003, 11.599999999999994, 10.0, 9.299999999999997, 7.700000000000003, 7.0, 6.200000000000003, 5.400000000000006, 3.0999999999999943, 0.0, -0.7000000000000028]}}