{"percentile": {"x": [1526, 1539, 1574, 1576, 1588, 1589, 1592, 1594, 1595, 1596, 1597, 1598, 1600, 1601, 1603, 1609, 1610, 1611, 1612, 1613, 1617, 1619, 1620, 1622, 1623, 1630, 1635, 1650], "y": [98.2, 94.4, 92.5, 85.0, 83.1, 81.2, 77.4, 75.5, 73.6, 71.7, 69.9, 68.0, 60.4, 58.5, 54.8, 51.0, 45.3, 43.4, 39.7, 18.900000000000006, 17.0, 15.099999999999994, 11.400000000000006, 9.5, 7.599999999999994, 3.799999999999997, 0.0, -1.7999999999999972]}, "histogram": {"x": [1520.0, 1528.0, 1536.0, 1544.0, 1552.0, 1560.0, 1568.0, 1576.0, 1584.0, 1592.0, 1600.0, 1608.0, 1616.0, 1624.0, 1632.0, 1640.0, 1648.0], "y": [1, 0, 2, 0, 0, 0, 1, 4, 2, 7, 7, 19, 6, 2, 2, 0, 1]}}