{"percentile": {"x": [1537, 1539, 1550, 1552, 1557, 1561, 1564, 1573, 1574, 1575, 1576, 1585, 1586, 1587, 1588, 1589, 1590, 1591, 1592, 1593, 1594, 1595, 1596, 1597, 1598, 1599, 1600, 1601, 1602, 1604, 1605, 1606, 1607, 1608, 1609, 1610, 1611, 1612, 1613, 1614, 1615, 1616, 1617, 1618, 1619, 1620, 1621, 1622, 1623, 1624, 1626, 1627, 1628, 1629, 1630, 1631, 1632, 1633, 1634, 1635, 1636, 1637, 1638, 1639, 1640, 1641, 1642, 1643, 1644, 1647, 1648, 1649, 1650, 1651, 1652, 1653, 1655], "y": [99.8, 99.4, 99.1, 98.7, 98.4, 98.2, 98.0, 97.5, 97.3, 96.1, 90.6, 90.1, 89.5, 87.8, 86.9, 85.3, 85.1, 84.4, 84.2, 83.9, 83.5, 82.5, 82.1, 80.9, 78.9, 76.3, 74.5, 72.2, 71.0, 70.3, 70.1, 68.9, 68.5, 67.6, 64.3, 61.6, 58.6, 54.0, 27.5, 25.200000000000003, 24.5, 23.299999999999997, 22.599999999999994, 21.900000000000006, 21.5, 19.400000000000006, 18.900000000000006, 18.299999999999997, 17.599999999999994, 16.400000000000006, 14.599999999999994, 14.299999999999997, 12.5, 12.299999999999997, 11.799999999999997, 11.299999999999997, 10.599999999999994, 10.400000000000006, 10.200000000000003, 9.5, 9.0, 8.799999999999997, 8.099999999999994, 7.400000000000006, 6.5, 6.0, 5.299999999999997, 5.099999999999994, 4.200000000000003, 3.700000000000003, 3.5, 3.0, 1.9000000000000057, 1.4000000000000057, 1.2000000000000028, 0.7000000000000028, -0.20000000000000284]}, "histogram": {"x": [1536.0, 1544.0, 1552.0, 1560.0, 1568.0, 1576.0, 1584.0, 1592.0, 1600.0, 1608.0, 1616.0, 1624.0, 1632.0, 1640.0, 1648.0, 1656.0], "y": [3, 1, 3, 2, 8, 24, 27, 35, 34, 191, 30, 27, 17, 16, 17, 0]}}