{"histogram": {"y": [1, 0, 6, 16, 43, 149, 338, 524, 107, 64, 0], "x": [1494.0, 1512.0, 1530.0, 1548.0, 1566.0, 1584.0, 1602.0, 1620.0, 1638.0, 1656.0]}, "percentile": {"y": [100.0, 99.8, 99.7, 99.6, 99.5, 99.3, 99.2, 98.2, 98.1, 98.0, 97.7, 97.6, 97.5, 97.4, 97.3, 97.2, 96.7, 96.0, 95.6, 94.8, 94.8, 94.7, 94.6, 94.5, 94.4, 94.3, 94.2, 92.8, 91.8, 89.9, 82.8, 81.4, 80.5, 78.6, 77.7, 75.3, 74.7, 74.4, 73.6, 72.9, 72.5, 71.9, 70.5, 69.3, 66.6, 63.0, 59.8, 55.7, 55.3, 54.5, 53.7, 53.5, 53.1, 52.5, 51.1, 48.6, 45.4, 41.8, 35.099999999999994, 16.700000000000003, 15.799999999999997, 15.200000000000003, 14.799999999999997, 14.200000000000003, 13.900000000000006, 13.700000000000003, 12.599999999999994, 12.200000000000003, 11.200000000000003, 10.599999999999994, 9.700000000000003, 8.900000000000006, 8.5, 8.200000000000003, 8.099999999999994, 7.799999999999997, 7.700000000000003, 7.400000000000006, 7.299999999999997, 6.900000000000006, 6.400000000000006, 5.700000000000003, 5.400000000000006, 5.099999999999994, 4.799999999999997, 4.700000000000003, 4.5, 4.400000000000006, 4.200000000000003, 3.799999999999997, 3.5999999999999943, 3.200000000000003, 0.5, 0.5, 0.4000000000000057, 0.0], "x": [1478, 1514, 1525, 1527, 1529, 1537, 1538, 1539, 1549, 1550, 1551, 1552, 1553, 1554, 1557, 1560, 1561, 1562, 1563, 1564, 1565, 1566, 1568, 1569, 1570, 1571, 1572, 1573, 1574, 1575, 1576, 1585, 1586, 1587, 1588, 1589, 1590, 1591, 1592, 1593, 1594, 1595, 1596, 1597, 1598, 1599, 1600, 1601, 1602, 1603, 1604, 1605, 1606, 1607, 1608, 1609, 1610, 1611, 1612, 1613, 1614, 1615, 1616, 1617, 1618, 1619, 1620, 1621, 1622, 1623, 1624, 1625, 1626, 1627, 1628, 1629, 1630, 1631, 1632, 1633, 1634, 1635, 1636, 1637, 1640, 1641, 1642, 1645, 1646, 1647, 1648, 1649, 1650, 1651, 1653, 1655]}}