{"percentile": {"x": [1112, 1287, 1308, 1358, 1465, 1477, 1478, 1488, 1489, 1490, 1501, 1502, 1512, 1513, 1514, 1515, 1517, 1518, 1520, 1524, 1525, 1526, 1527, 1529, 1537, 1538, 1539, 1549, 1550, 1551, 1552, 1553, 1554, 1556, 1557, 1558, 1559, 1560, 1561, 1562, 1563, 1564, 1565, 1570, 1571, 1572, 1573, 1574, 1576, 1578, 1584, 1585, 1586, 1587, 1588, 1589, 1590, 1591, 1592, 1593, 1596, 1597, 1598, 1599, 1600, 1601, 1603, 1607, 1608, 1609, 1610, 1611, 1612, 1613, 1620, 1622, 1624, 1625, 1650], "y": [99.6, 99.2, 98.8, 98.4, 96.4, 95.6, 94.8, 94.4, 93.2, 92.4, 90.4, 87.6, 87.2, 86.4, 83.2, 81.6, 81.2, 80.8, 80.4, 79.2, 78.8, 77.2, 74.8, 74.4, 74.0, 73.6, 72.4, 70.0, 68.0, 64.4, 60.0, 58.8, 58.0, 57.6, 57.2, 56.8, 56.4, 55.6, 53.2, 51.6, 47.6, 44.8, 44.0, 43.6, 43.2, 42.4, 40.8, 39.6, 38.0, 37.6, 36.8, 36.0, 34.0, 32.0, 30.0, 26.400000000000006, 26.0, 25.599999999999994, 25.200000000000003, 24.0, 22.799999999999997, 20.400000000000006, 18.799999999999997, 16.799999999999997, 15.599999999999994, 14.0, 13.599999999999994, 13.200000000000003, 12.400000000000006, 12.0, 11.200000000000003, 8.799999999999997, 7.599999999999994, 2.0, 1.5999999999999943, 1.2000000000000028, 0.7999999999999972, 0.4000000000000057, -0.4000000000000057]}, "histogram": {"x": [1112.0, 1120.0, 1128.0, 1136.0, 1144.0, 1152.0, 1160.0, 1168.0, 1176.0, 1184.0, 1192.0, 1200.0, 1208.0, 1216.0, 1224.0, 1232.0, 1240.0, 1248.0, 1256.0, 1264.0, 1272.0, 1280.0, 1288.0, 1296.0, 1304.0, 1312.0, 1320.0, 1328.0, 1336.0, 1344.0, 1352.0, 1360.0, 1368.0, 1376.0, 1384.0, 1392.0, 1400.0, 1408.0, 1416.0, 1424.0, 1432.0, 1440.0, 1448.0, 1456.0, 1464.0, 1472.0, 1480.0, 1488.0, 1496.0, 1504.0, 1512.0, 1520.0, 1528.0, 1536.0, 1544.0, 1552.0, 1560.0, 1568.0, 1576.0, 1584.0, 1592.0, 1600.0, 1608.0, 1616.0, 1624.0, 1632.0, 1640.0, 1648.0, 1656.0], "y": [1, 0, 0, 0, 0, 0, 0, 0, 0, 0, 0, 0, 0, 0, 0, 0, 0, 0, 0, 0, 0, 1, 0, 0, 1, 0, 0, 0, 0, 0, 1, 0, 0, 0, 0, 0, 0, 0, 0, 0, 0, 0, 0, 0, 5, 4, 0, 6, 12, 0, 17, 15, 1, 5, 20, 20, 31, 11, 5, 30, 22, 9, 28, 2, 2, 0, 0, 2, 0]}}