{"percentile": {"y": [99.8, 99.6, 99.4, 99.2, 99.0, 98.8, 98.6, 98.4, 98.2, 97.8, 97.4, 97.2, 96.4, 95.8, 95.2, 94.0, 89.6, 89.4, 88.6, 86.2, 84.0, 83.8, 83.2, 83.0, 82.0, 81.2, 80.2, 79.2, 79.0, 78.0, 77.8, 76.4, 75.2, 74.2, 70.8, 66.6, 66.4, 66.2, 65.6, 65.0, 64.8, 63.8, 62.6, 60.0, 58.8, 57.0, 56.8, 56.6, 56.4, 55.8, 55.6, 55.0, 54.8, 52.8, 50.6, 47.2, 45.4, 42.8, 42.4, 42.0, 41.4, 40.6, 40.2, 38.2, 35.8, 31.200000000000003, 28.400000000000006, 25.599999999999994, 22.400000000000006, 22.0, 21.799999999999997, 21.200000000000003, 21.0, 19.799999999999997, 17.599999999999994, 16.599999999999994, 15.200000000000003, 13.200000000000003, 6.400000000000006, 6.0, 5.200000000000003, 5.0, 4.400000000000006, 4.200000000000003, 4.0, 3.799999999999997, 3.200000000000003, 3.0, 2.5999999999999943, 2.4000000000000057, 0.4000000000000057, -0.20000000000000284], "x": [785, 1144, 1245, 1360, 1439, 1441, 1447, 1453, 1459, 1465, 1477, 1478, 1489, 1490, 1500, 1501, 1502, 1512, 1513, 1514, 1515, 1516, 1517, 1518, 1524, 1525, 1526, 1527, 1536, 1537, 1538, 1539, 1549, 1550, 1551, 1552, 1553, 1554, 1556, 1557, 1559, 1560, 1561, 1562, 1563, 1564, 1571, 1572, 1573, 1574, 1575, 1576, 1581, 1585, 1586, 1587, 1588, 1589, 1590, 1591, 1592, 1593, 1594, 1596, 1597, 1598, 1599, 1600, 1601, 1604, 1605, 1606, 1607, 1608, 1609, 1610, 1611, 1612, 1613, 1615, 1620, 1621, 1622, 1623, 1624, 1625, 1626, 1632, 1633, 1638, 1650, 1655]}, "histogram": {"y": [1, 0, 0, 0, 0, 0, 0, 0, 0, 0, 0, 0, 0, 0, 0, 0, 0, 0, 0, 0, 0, 0, 0, 0, 0, 0, 0, 0, 0, 0, 0, 0, 0, 0, 0, 0, 0, 0, 0, 0, 0, 0, 0, 0, 0, 1, 0, 0, 0, 0, 0, 0, 0, 0, 0, 0, 0, 1, 0, 0, 0, 0, 0, 0, 0, 0, 0, 0, 0, 0, 0, 0, 1, 0, 0, 0, 0, 0, 0, 0, 0, 1, 2, 1, 1, 2, 3, 0, 7, 31, 0, 33, 19, 0, 14, 28, 30, 39, 7, 4, 64, 68, 37, 75, 9, 5, 4, 0, 13, 0], "x": [784.0, 792.0, 800.0, 808.0, 816.0, 824.0, 832.0, 840.0, 848.0, 856.0, 864.0, 872.0, 880.0, 888.0, 896.0, 904.0, 912.0, 920.0, 928.0, 936.0, 944.0, 952.0, 960.0, 968.0, 976.0, 984.0, 992.0, 1000.0, 1008.0, 1016.0, 1024.0, 1032.0, 1040.0, 1048.0, 1056.0, 1064.0, 1072.0, 1080.0, 1088.0, 1096.0, 1104.0, 1112.0, 1120.0, 1128.0, 1136.0, 1144.0, 1152.0, 1160.0, 1168.0, 1176.0, 1184.0, 1192.0, 1200.0, 1208.0, 1216.0, 1224.0, 1232.0, 1240.0, 1248.0, 1256.0, 1264.0, 1272.0, 1280.0, 1288.0, 1296.0, 1304.0, 1312.0, 1320.0, 1328.0, 1336.0, 1344.0, 1352.0, 1360.0, 1368.0, 1376.0, 1384.0, 1392.0, 1400.0, 1408.0, 1416.0, 1424.0, 1432.0, 1440.0, 1448.0, 1456.0, 1464.0, 1472.0, 1480.0, 1488.0, 1496.0, 1504.0, 1512.0, 1520.0, 1528.0, 1536.0, 1544.0, 1552.0, 1560.0, 1568.0, 1576.0, 1584.0, 1592.0, 1600.0, 1608.0, 1616.0, 1624.0, 1632.0, 1640.0, 1648.0, 1656.0]}}