{"percentile": {"y": [99.3, 98.5, 97.7, 97.0, 96.2, 95.4, 94.7, 93.9, 92.4, 91.6, 90.8, 87.7, 85.4, 83.1, 81.6, 79.3, 77.0, 74.7, 73.1, 70.8, 69.3, 64.7, 59.3, 57.7, 57.0, 53.1, 52.4, 49.3, 43.9, 42.4, 41.6, 40.8, 40.0, 37.0, 35.400000000000006, 33.900000000000006, 29.299999999999997, 27.0, 24.700000000000003, 23.900000000000006, 23.099999999999994, 22.400000000000006, 21.599999999999994, 17.700000000000003, 17.0, 16.200000000000003, 13.099999999999994, 10.0, 8.5, 7.700000000000003, 7.0, 5.400000000000006, 4.700000000000003, 3.0999999999999943, 2.4000000000000057, 0.7999999999999972, 0.0, -0.7000000000000028], "x": [1042, 1074, 1193, 1295, 1307, 1350, 1465, 1477, 1489, 1490, 1501, 1502, 1514, 1515, 1524, 1525, 1526, 1537, 1538, 1539, 1549, 1550, 1551, 1552, 1559, 1560, 1561, 1562, 1563, 1564, 1565, 1567, 1568, 1576, 1585, 1586, 1587, 1588, 1589, 1590, 1592, 1594, 1595, 1596, 1597, 1598, 1599, 1600, 1601, 1605, 1608, 1609, 1610, 1613, 1619, 1623, 1624, 1650]}, "histogram": {"y": [1, 0, 1, 0, 0, 0, 0, 0, 0, 1, 0, 0, 0, 0, 1, 1, 0, 0, 1, 0, 0, 0, 0, 0, 1, 4, 5, 14, 8, 38, 6, 37, 8, 3, 1], "x": [1044.0, 1062.0, 1080.0, 1098.0, 1116.0, 1134.0, 1152.0, 1170.0, 1188.0, 1206.0, 1224.0, 1242.0, 1260.0, 1278.0, 1296.0, 1314.0, 1332.0, 1350.0, 1368.0, 1386.0, 1404.0, 1422.0, 1440.0, 1458.0, 1476.0, 1494.0, 1512.0, 1530.0, 1548.0, 1566.0, 1584.0, 1602.0, 1620.0, 1638.0]}}