{"histogram": {"y": [1, 0, 0, 0, 0, 0, 0, 0, 0, 0, 0, 0, 0, 0, 1, 0, 0, 0, 0, 0, 0, 0, 0, 0, 0, 0, 0, 0, 0, 0, 0, 0, 0, 0, 0, 0, 0, 0, 0, 0, 0, 1, 0, 0, 0, 0, 0, 0, 0, 0, 0, 0, 0, 0, 0, 0, 0, 0, 0, 0, 0, 0, 0, 0, 0, 0, 0, 0, 0, 0, 5, 5, 13, 5, 25, 4, 49, 34, 2, 3, 0], "x": [234.0, 252.0, 270.0, 288.0, 306.0, 324.0, 342.0, 360.0, 378.0, 396.0, 414.0, 432.0, 450.0, 468.0, 486.0, 504.0, 522.0, 540.0, 558.0, 576.0, 594.0, 612.0, 630.0, 648.0, 666.0, 684.0, 702.0, 720.0, 738.0, 756.0, 774.0, 792.0, 810.0, 828.0, 846.0, 864.0, 882.0, 900.0, 918.0, 936.0, 954.0, 972.0, 990.0, 1008.0, 1026.0, 1044.0, 1062.0, 1080.0, 1098.0, 1116.0, 1134.0, 1152.0, 1170.0, 1188.0, 1206.0, 1224.0, 1242.0, 1260.0, 1278.0, 1296.0, 1314.0, 1332.0, 1350.0, 1368.0, 1386.0, 1404.0, 1422.0, 1440.0, 1458.0, 1476.0, 1494.0, 1512.0, 1530.0, 1548.0, 1566.0, 1584.0, 1602.0, 1620.0, 1638.0, 1656.0]}, "percentile": {"y": [99.4, 98.7, 98.0, 97.3, 96.6, 96.0, 95.3, 94.6, 91.9, 91.2, 90.5, 89.8, 88.5, 87.1, 84.4, 82.4, 80.3, 79.6, 79.0, 77.6, 76.2, 74.2, 72.2, 71.5, 70.8, 68.1, 64.0, 62.6, 62.0, 61.3, 59.9, 59.2, 57.9, 56.5, 53.8, 52.4, 49.7, 49.0, 48.3, 47.7, 47.0, 42.9, 39.5, 31.299999999999997, 30.0, 26.599999999999994, 25.900000000000006, 25.200000000000003, 24.5, 22.5, 19.799999999999997, 17.700000000000003, 13.700000000000003, 11.599999999999994, 3.5, 2.799999999999997, 1.4000000000000057, 0.7000000000000028, -0.5999999999999943], "x": [228, 480, 954, 1477, 1478, 1480, 1482, 1490, 1502, 1510, 1513, 1514, 1515, 1524, 1525, 1527, 1536, 1537, 1539, 1549, 1550, 1551, 1552, 1553, 1559, 1560, 1561, 1562, 1564, 1567, 1574, 1576, 1585, 1586, 1587, 1588, 1589, 1591, 1593, 1594, 1595, 1596, 1597, 1598, 1599, 1600, 1601, 1605, 1606, 1608, 1609, 1610, 1611, 1612, 1613, 1616, 1624, 1644, 1650]}}