{"percentile": {"x": [186, 248, 250, 287, 467, 480, 631, 653, 1260, 1502, 1512, 1513, 1514, 1525, 1526, 1527, 1536, 1537, 1538, 1539, 1549, 1550, 1551, 1552, 1554, 1560, 1561, 1562, 1563, 1568, 1570, 1571, 1572, 1573, 1575, 1576, 1584, 1585, 1586, 1587, 1588, 1589, 1594, 1596, 1597, 1598, 1599, 1600, 1601, 1602, 1604, 1605, 1606, 1607, 1608, 1609, 1610, 1611, 1612, 1613, 1614, 1617, 1618, 1619, 1620, 1621, 1622, 1623, 1624, 1625, 1626, 1631, 1634, 1637, 1638, 1645, 1649, 1650], "y": [99.8, 99.5, 99.2, 98.9, 98.6, 98.3, 98.0, 97.7, 97.4, 96.8, 96.5, 95.9, 95.3, 95.0, 94.7, 94.4, 94.1, 93.2, 92.9, 92.6, 92.3, 92.0, 91.4, 90.6, 90.3, 90.0, 89.7, 89.1, 88.5, 88.2, 87.9, 87.6, 87.3, 86.4, 85.5, 82.8, 81.9, 81.1, 80.5, 79.6, 78.7, 76.6, 76.0, 74.8, 74.5, 70.7, 67.7, 64.7, 62.4, 61.8, 61.2, 60.9, 60.3, 60.0, 58.2, 55.5, 52.6, 49.3, 43.7, 11.299999999999997, 10.400000000000006, 10.099999999999994, 9.799999999999997, 9.5, 7.5, 7.200000000000003, 6.599999999999994, 5.700000000000003, 4.799999999999997, 4.200000000000003, 3.299999999999997, 3.0, 2.4000000000000057, 2.0999999999999943, 1.5, 1.2000000000000028, 0.9000000000000057, -0.20000000000000284]}, "histogram": {"x": [198.0, 216.0, 234.0, 252.0, 270.0, 288.0, 306.0, 324.0, 342.0, 360.0, 378.0, 396.0, 414.0, 432.0, 450.0, 468.0, 486.0, 504.0, 522.0, 540.0, 558.0, 576.0, 594.0, 612.0, 630.0, 648.0, 666.0, 684.0, 702.0, 720.0, 738.0, 756.0, 774.0, 792.0, 810.0, 828.0, 846.0, 864.0, 882.0, 900.0, 918.0, 936.0, 954.0, 972.0, 990.0, 1008.0, 1026.0, 1044.0, 1062.0, 1080.0, 1098.0, 1116.0, 1134.0, 1152.0, 1170.0, 1188.0, 1206.0, 1224.0, 1242.0, 1260.0, 1278.0, 1296.0, 1314.0, 1332.0, 1350.0, 1368.0, 1386.0, 1404.0, 1422.0, 1440.0, 1458.0, 1476.0, 1494.0, 1512.0, 1530.0, 1548.0, 1566.0, 1584.0, 1602.0, 1620.0, 1638.0, 1656.0], "y": [1, 0, 0, 2, 0, 1, 0, 0, 0, 0, 0, 0, 0, 0, 0, 1, 1, 0, 0, 0, 0, 0, 0, 0, 0, 1, 1, 0, 0, 0, 0, 0, 0, 0, 0, 0, 0, 0, 0, 0, 0, 0, 0, 0, 0, 0, 0, 0, 0, 0, 0, 0, 0, 0, 0, 0, 0, 0, 0, 0, 1, 0, 0, 0, 0, 0, 0, 0, 0, 0, 0, 0, 0, 2, 8, 6, 14, 19, 69, 178, 25, 8, 0]}}