{"percentile": {"y": [99.6, 98.8, 98.3, 97.5, 92.4, 92.0, 91.5, 90.7, 89.8, 89.4, 89.0, 88.1, 87.7, 86.4, 85.2, 82.2, 80.0, 77.1, 75.8, 74.5, 74.1, 73.7, 73.2, 72.4, 68.1, 63.9, 61.8, 55.8, 29.799999999999997, 27.299999999999997, 26.0, 25.599999999999994, 23.900000000000006, 23.0, 21.299999999999997, 20.0, 19.599999999999994, 18.799999999999997, 18.299999999999997, 16.599999999999994, 15.799999999999997, 15.400000000000006, 14.900000000000006, 13.700000000000003, 12.799999999999997, 12.0, 11.5, 10.700000000000003, 9.400000000000006, 6.900000000000006, 6.400000000000006, 4.299999999999997, 3.9000000000000057, 2.200000000000003, 1.7999999999999972, -0.4000000000000057], "x": [1539, 1552, 1555, 1574, 1576, 1586, 1587, 1588, 1589, 1590, 1593, 1594, 1596, 1597, 1598, 1599, 1600, 1601, 1602, 1603, 1604, 1605, 1606, 1608, 1609, 1610, 1611, 1612, 1613, 1614, 1615, 1616, 1618, 1619, 1620, 1621, 1622, 1623, 1624, 1626, 1627, 1628, 1629, 1630, 1635, 1636, 1638, 1639, 1640, 1642, 1646, 1650, 1651, 1653, 1654, 1655]}, "histogram": {"y": [1, 0, 3, 0, 2, 12, 7, 17, 21, 111, 17, 12, 7, 10, 16, 0], "x": [1536.0, 1544.0, 1552.0, 1560.0, 1568.0, 1576.0, 1584.0, 1592.0, 1600.0, 1608.0, 1616.0, 1624.0, 1632.0, 1640.0, 1648.0, 1656.0]}}