{"percentile": {"x": [1465, 1502, 1537, 1538, 1550, 1551, 1553, 1561, 1562, 1563, 1564, 1573, 1574, 1575, 1576, 1585, 1587, 1588, 1589, 1592, 1593, 1594, 1596, 1597, 1598, 1599, 1600, 1601, 1602, 1603, 1605, 1607, 1608, 1609, 1610, 1611, 1612, 1613, 1614, 1617, 1618, 1620, 1622, 1623, 1626, 1631, 1633, 1637, 1646, 1648, 1649, 1650, 1655], "y": [99.4, 98.7, 98.0, 96.6, 95.2, 93.8, 93.1, 92.4, 91.7, 89.6, 88.9, 87.5, 86.8, 84.0, 80.5, 79.1, 78.4, 77.7, 73.5, 72.1, 70.7, 69.3, 66.5, 64.4, 62.3, 58.8, 55.3, 51.1, 49.7, 49.0, 48.3, 46.2, 42.0, 39.2, 37.1, 31.5, 26.599999999999994, 14.700000000000003, 13.299999999999997, 12.599999999999994, 11.900000000000006, 9.799999999999997, 9.099999999999994, 8.400000000000006, 7.0, 5.599999999999994, 4.900000000000006, 4.200000000000003, 3.5, 2.799999999999997, 0.7000000000000028, 0.0, -0.5999999999999943]}, "histogram": {"x": [1464.0, 1472.0, 1480.0, 1488.0, 1496.0, 1504.0, 1512.0, 1520.0, 1528.0, 1536.0, 1544.0, 1552.0, 1560.0, 1568.0, 1576.0, 1584.0, 1592.0, 1600.0, 1608.0, 1616.0, 1624.0, 1632.0, 1640.0, 1648.0, 1656.0], "y": [1, 0, 0, 0, 1, 0, 0, 0, 0, 3, 4, 1, 6, 7, 5, 10, 21, 18, 47, 7, 4, 2, 1, 6, 0]}}