{"histogram": {"y": [1, 1, 0, 2, 0, 5, 5, 5, 13, 3, 2, 0, 0, 2], "x": [1544.0, 1552.0, 1560.0, 1568.0, 1576.0, 1584.0, 1592.0, 1600.0, 1608.0, 1616.0, 1624.0, 1632.0, 1640.0, 1648.0]}, "percentile": {"y": [97.4, 94.8, 89.5, 86.9, 84.3, 81.6, 76.4, 71.1, 63.2, 57.9, 55.3, 52.7, 50.0, 44.8, 42.2, 36.9, 31.599999999999994, 15.799999999999997, 13.200000000000003, 10.599999999999994, 7.900000000000006, 5.299999999999997, 2.700000000000003, -2.5999999999999943], "x": [1551, 1554, 1575, 1585, 1586, 1587, 1588, 1598, 1599, 1600, 1601, 1603, 1605, 1609, 1610, 1611, 1612, 1613, 1616, 1619, 1620, 1624, 1626, 1650]}}