{"histogram": {"x": [1512.0, 1530.0, 1548.0, 1566.0, 1584.0, 1602.0, 1620.0, 1638.0, 1656.0], "y": [2, 4, 0, 30, 58, 178, 444, 146, 127, 0]}, "percentile": {"x": [1501, 1502, 1518, 1527, 1528, 1549, 1550, 1551, 1552, 1556, 1560, 1561, 1562, 1563, 1564, 1565, 1567, 1569, 1570, 1572, 1573, 1574, 1575, 1576, 1585, 1586, 1587, 1588, 1589, 1590, 1591, 1592, 1593, 1594, 1595, 1596, 1597, 1598, 1599, 1600, 1601, 1602, 1603, 1604, 1605, 1606, 1607, 1608, 1609, 1610, 1611, 1612, 1613, 1614, 1615, 1616, 1617, 1618, 1619, 1620, 1621, 1622, 1623, 1624, 1625, 1626, 1627, 1628, 1629, 1630, 1631, 1632, 1633, 1634, 1635, 1636, 1637, 1638, 1639, 1640, 1641, 1643, 1644, 1645, 1646, 1647, 1648, 1649, 1650, 1651, 1652, 1653, 1654, 1655], "y": [99.9, 99.8, 99.7, 99.5, 99.4, 99.3, 99.1, 98.8, 98.2, 98.0, 97.9, 97.8, 97.5, 97.0, 96.5, 96.4, 96.1, 96.0, 95.8, 95.6, 95.0, 94.3, 93.3, 90.5, 89.8, 89.0, 87.7, 86.9, 85.6, 85.2, 85.1, 84.6, 84.5, 84.4, 84.2, 82.9, 82.2, 80.5, 78.2, 75.7, 72.5, 72.0, 71.6, 71.4, 70.9, 70.5, 69.8, 68.2, 65.4, 62.5, 57.8, 51.2, 31.400000000000006, 30.599999999999994, 29.900000000000006, 29.0, 28.400000000000006, 28.0, 27.599999999999994, 26.0, 24.599999999999994, 23.5, 22.0, 20.799999999999997, 19.299999999999997, 17.700000000000003, 17.599999999999994, 17.5, 17.299999999999997, 17.0, 16.900000000000006, 16.200000000000003, 15.799999999999997, 15.200000000000003, 14.200000000000003, 13.200000000000003, 12.799999999999997, 12.099999999999994, 11.900000000000006, 11.599999999999994, 11.5, 11.299999999999997, 11.099999999999994, 10.5, 10.099999999999994, 9.400000000000006, 9.200000000000003, 8.099999999999994, 0.7999999999999972, 0.7000000000000028, 0.4000000000000057, 0.29999999999999716, 0.20000000000000284, -0.09999999999999432]}}