{"percentile": {"x": [1529, 1539, 1550, 1552, 1561, 1562, 1564, 1573, 1575, 1576, 1585, 1587, 1589, 1590, 1592, 1593, 1596, 1598, 1599, 1600, 1601, 1608, 1609, 1610, 1612, 1613, 1623, 1635, 1650], "y": [97.9, 95.8, 93.7, 89.4, 87.3, 85.2, 83.0, 80.9, 78.8, 66.0, 63.9, 57.5, 55.4, 53.2, 51.1, 46.9, 40.5, 38.3, 36.2, 32.0, 25.599999999999994, 23.5, 19.200000000000003, 17.099999999999994, 12.799999999999997, 8.599999999999994, 6.400000000000006, 4.299999999999997, -2.0999999999999943]}, "histogram": {"x": [1530.0, 1548.0, 1566.0, 1584.0, 1602.0, 1620.0, 1638.0], "y": [1, 1, 6, 8, 19, 8, 2, 3]}}