{"histogram": {"x": [1476.0, 1494.0, 1512.0, 1530.0, 1548.0, 1566.0, 1584.0, 1602.0, 1620.0, 1638.0, 1656.0], "y": [1, 0, 0, 0, 1, 3, 1, 0, 2, 0, 2, 0]}, "percentile": {"x": [1465, 1539, 1554, 1561, 1562, 1576, 1610, 1613, 1650], "y": [88.9, 77.8, 66.7, 55.6, 44.5, 33.400000000000006, 22.299999999999997, 11.200000000000003, -11.099999999999994]}}