{"percentile": {"y": [100.0, 99.9, 99.8, 99.8, 99.7, 99.6, 99.5, 99.5, 99.4, 99.3, 99.2, 99.2, 99.1, 99.0, 99.0, 98.9, 98.8, 98.7, 98.7, 98.6, 98.5, 98.4, 98.3, 98.2, 98.1, 98.1, 98.0, 97.9, 97.9, 97.8, 97.7, 97.6, 97.6, 97.5, 97.4, 97.3, 97.2, 97.1, 97.0, 97.0, 96.9, 96.4, 96.0, 94.4, 94.3, 94.0, 93.2, 93.2, 93.1, 93.0, 92.8, 92.4, 91.4, 91.3, 90.6, 88.8, 88.7, 87.9, 87.1, 84.7, 84.6, 84.5, 84.3, 84.2, 84.1, 83.7, 82.6, 81.8, 80.2, 80.1, 80.0, 79.9, 79.8, 79.7, 79.2, 78.1, 77.8, 76.4, 76.3, 76.1, 76.0, 73.6, 70.6, 67.8, 64.9, 64.8, 64.6, 64.5, 64.3, 64.0, 63.7, 63.3, 61.7, 59.1, 56.4, 54.0, 50.6, 50.5, 50.3, 50.2, 50.0, 49.0, 47.7, 46.3, 45.1, 44.1, 44.0, 43.9, 43.8, 43.5, 41.4, 39.1, 36.5, 32.900000000000006, 29.799999999999997, 29.599999999999994, 29.0, 28.599999999999994, 27.900000000000006, 27.700000000000003, 27.200000000000003, 25.599999999999994, 22.900000000000006, 20.799999999999997, 18.400000000000006, 17.200000000000003, 15.299999999999997, 15.200000000000003, 15.099999999999994, 14.799999999999997, 14.5, 14.5, 14.299999999999997, 13.599999999999994, 11.900000000000006, 10.900000000000006, 8.900000000000006, 7.0, 2.5, 2.0999999999999943, 2.0, 1.9000000000000057, 1.7000000000000028, 1.4000000000000057, 1.2999999999999972, 1.0999999999999943, 1.0, 0.9000000000000057, 0.7000000000000028, 0.5999999999999943, 0.5999999999999943, 0.5, 0.4000000000000057, 0.29999999999999716, 0.20000000000000284, 0.09999999999999432, 0.0], "x": [789, 802, 833, 906, 908, 918, 933, 945, 958, 960, 963, 988, 991, 1017, 1080, 1108, 1122, 1160, 1167, 1170, 1181, 1252, 1271, 1285, 1303, 1307, 1310, 1333, 1334, 1342, 1359, 1369, 1378, 1388, 1390, 1410, 1413, 1418, 1428, 1430, 1433, 1441, 1453, 1465, 1476, 1477, 1478, 1482, 1483, 1484, 1488, 1489, 1490, 1500, 1501, 1502, 1511, 1513, 1514, 1515, 1516, 1518, 1520, 1521, 1523, 1524, 1525, 1526, 1527, 1528, 1529, 1531, 1532, 1535, 1536, 1537, 1538, 1539, 1540, 1542, 1543, 1549, 1550, 1551, 1552, 1553, 1554, 1555, 1556, 1557, 1558, 1559, 1560, 1561, 1562, 1563, 1564, 1565, 1567, 1569, 1571, 1572, 1573, 1574, 1575, 1576, 1580, 1581, 1582, 1584, 1585, 1586, 1587, 1588, 1589, 1590, 1591, 1592, 1593, 1594, 1595, 1596, 1597, 1598, 1599, 1600, 1601, 1602, 1603, 1604, 1605, 1606, 1607, 1608, 1609, 1610, 1611, 1612, 1613, 1614, 1615, 1616, 1619, 1620, 1621, 1622, 1623, 1624, 1625, 1626, 1633, 1634, 1635, 1636, 1645, 1649, 1650]}, "histogram": {"y": [1, 0, 1, 0, 0, 0, 1, 0, 0, 0, 0, 0, 0, 0, 0, 2, 1, 0, 1, 0, 1, 1, 2, 0, 0, 2, 0, 0, 0, 1, 0, 0, 0, 0, 0, 0, 0, 1, 0, 0, 1, 0, 1, 0, 0, 0, 0, 2, 1, 1, 0, 0, 0, 0, 0, 0, 0, 0, 1, 0, 2, 0, 1, 0, 1, 2, 0, 0, 2, 1, 0, 1, 0, 1, 1, 2, 0, 0, 3, 1, 2, 1, 7, 5, 0, 22, 16, 3, 22, 36, 1, 58, 58, 7, 51, 111, 62, 177, 72, 17, 203, 144, 56, 169, 13, 5, 4, 2, 3], "x": [784.0, 792.0, 800.0, 808.0, 816.0, 824.0, 832.0, 840.0, 848.0, 856.0, 864.0, 872.0, 880.0, 888.0, 896.0, 904.0, 912.0, 920.0, 928.0, 936.0, 944.0, 952.0, 960.0, 968.0, 976.0, 984.0, 992.0, 1000.0, 1008.0, 1016.0, 1024.0, 1032.0, 1040.0, 1048.0, 1056.0, 1064.0, 1072.0, 1080.0, 1088.0, 1096.0, 1104.0, 1112.0, 1120.0, 1128.0, 1136.0, 1144.0, 1152.0, 1160.0, 1168.0, 1176.0, 1184.0, 1192.0, 1200.0, 1208.0, 1216.0, 1224.0, 1232.0, 1240.0, 1248.0, 1256.0, 1264.0, 1272.0, 1280.0, 1288.0, 1296.0, 1304.0, 1312.0, 1320.0, 1328.0, 1336.0, 1344.0, 1352.0, 1360.0, 1368.0, 1376.0, 1384.0, 1392.0, 1400.0, 1408.0, 1416.0, 1424.0, 1432.0, 1440.0, 1448.0, 1456.0, 1464.0, 1472.0, 1480.0, 1488.0, 1496.0, 1504.0, 1512.0, 1520.0, 1528.0, 1536.0, 1544.0, 1552.0, 1560.0, 1568.0, 1576.0, 1584.0, 1592.0, 1600.0, 1608.0, 1616.0, 1624.0, 1632.0, 1640.0, 1648.0]}}