{"percentile": {"y": [97.4, 94.8, 92.2, 86.9, 84.3, 81.6, 76.4, 73.7, 71.1, 68.5, 57.9, 55.3, 52.7, 50.0, 44.8, 39.5, 31.599999999999994, 23.700000000000003, 21.099999999999994, 18.5, 15.799999999999997, 13.200000000000003, 10.599999999999994, 0.0, -2.5999999999999943], "x": [480, 1375, 1490, 1502, 1513, 1527, 1539, 1550, 1551, 1552, 1561, 1563, 1564, 1570, 1585, 1586, 1596, 1598, 1599, 1601, 1609, 1610, 1612, 1613, 1623]}, "histogram": {"y": [1, 0, 0, 0, 0, 0, 0, 0, 0, 0, 0, 0, 0, 0, 0, 0, 0, 0, 0, 0, 0, 0, 0, 0, 0, 0, 0, 0, 0, 0, 0, 0, 0, 0, 0, 0, 0, 0, 0, 0, 0, 0, 0, 0, 0, 0, 0, 0, 0, 0, 1, 0, 0, 0, 0, 0, 1, 2, 2, 2, 9, 1, 12, 7, 1], "x": [486.0, 504.0, 522.0, 540.0, 558.0, 576.0, 594.0, 612.0, 630.0, 648.0, 666.0, 684.0, 702.0, 720.0, 738.0, 756.0, 774.0, 792.0, 810.0, 828.0, 846.0, 864.0, 882.0, 900.0, 918.0, 936.0, 954.0, 972.0, 990.0, 1008.0, 1026.0, 1044.0, 1062.0, 1080.0, 1098.0, 1116.0, 1134.0, 1152.0, 1170.0, 1188.0, 1206.0, 1224.0, 1242.0, 1260.0, 1278.0, 1296.0, 1314.0, 1332.0, 1350.0, 1368.0, 1386.0, 1404.0, 1422.0, 1440.0, 1458.0, 1476.0, 1494.0, 1512.0, 1530.0, 1548.0, 1566.0, 1584.0, 1602.0, 1620.0]}}