{"histogram": {"y": [2, 1, 0, 0, 4, 2, 2, 2, 0, 5, 11, 6, 32, 1, 0, 0, 0, 2, 0], "x": [1512.0, 1520.0, 1528.0, 1536.0, 1544.0, 1552.0, 1560.0, 1568.0, 1576.0, 1584.0, 1592.0, 1600.0, 1608.0, 1616.0, 1624.0, 1632.0, 1640.0, 1648.0, 1656.0]}, "percentile": {"y": [98.6, 97.2, 95.7, 94.3, 92.8, 89.9, 87.0, 85.6, 84.1, 82.7, 81.2, 79.8, 76.9, 75.4, 74.0, 72.5, 71.1, 65.3, 63.8, 59.5, 58.0, 52.2, 49.3, 47.9, 46.4, 37.7, 31.900000000000006, 26.099999999999994, 2.9000000000000057, 1.5, -1.4000000000000057], "x": [1513, 1515, 1526, 1549, 1550, 1551, 1552, 1561, 1564, 1572, 1573, 1585, 1587, 1588, 1589, 1593, 1594, 1596, 1597, 1598, 1599, 1600, 1601, 1608, 1609, 1610, 1611, 1612, 1613, 1621, 1650]}}