{"histogram": {"y": [1, 0, 0, 0, 0, 0, 0, 0, 0, 0, 0, 0, 0, 0, 0, 0, 0, 0, 0, 0, 0, 0, 0, 0, 0, 0, 0, 0, 0, 0, 0, 0, 0, 0, 0, 0, 0, 0, 2, 0, 0, 0, 0, 0, 0, 0, 0, 0, 1, 0, 0, 0, 0, 1, 0, 0, 0, 0, 1, 0, 1, 0, 0, 0, 0, 0, 0, 0, 0, 0, 1, 0, 0, 1, 0, 1, 0, 1, 0, 1, 2, 0, 0, 1, 2, 2, 0, 0, 0, 0, 1, 3, 0, 1, 9, 0, 11, 4, 0, 12, 16, 4, 13, 21, 11, 23, 3, 4, 25, 16, 5, 26, 3, 0, 1, 1, 3, 0], "x": [720.0, 728.0, 736.0, 744.0, 752.0, 760.0, 768.0, 776.0, 784.0, 792.0, 800.0, 808.0, 816.0, 824.0, 832.0, 840.0, 848.0, 856.0, 864.0, 872.0, 880.0, 888.0, 896.0, 904.0, 912.0, 920.0, 928.0, 936.0, 944.0, 952.0, 960.0, 968.0, 976.0, 984.0, 992.0, 1000.0, 1008.0, 1016.0, 1024.0, 1032.0, 1040.0, 1048.0, 1056.0, 1064.0, 1072.0, 1080.0, 1088.0, 1096.0, 1104.0, 1112.0, 1120.0, 1128.0, 1136.0, 1144.0, 1152.0, 1160.0, 1168.0, 1176.0, 1184.0, 1192.0, 1200.0, 1208.0, 1216.0, 1224.0, 1232.0, 1240.0, 1248.0, 1256.0, 1264.0, 1272.0, 1280.0, 1288.0, 1296.0, 1304.0, 1312.0, 1320.0, 1328.0, 1336.0, 1344.0, 1352.0, 1360.0, 1368.0, 1376.0, 1384.0, 1392.0, 1400.0, 1408.0, 1416.0, 1424.0, 1432.0, 1440.0, 1448.0, 1456.0, 1464.0, 1472.0, 1480.0, 1488.0, 1496.0, 1504.0, 1512.0, 1520.0, 1528.0, 1536.0, 1544.0, 1552.0, 1560.0, 1568.0, 1576.0, 1584.0, 1592.0, 1600.0, 1608.0, 1616.0, 1624.0, 1632.0, 1640.0, 1648.0, 1656.0]}, "percentile": {"y": [99.6, 99.2, 98.8, 98.3, 97.9, 97.5, 97.1, 96.6, 96.2, 95.8, 95.3, 94.9, 94.5, 94.1, 93.6, 92.8, 92.4, 91.9, 91.5, 90.2, 89.8, 85.9, 85.5, 84.2, 81.7, 81.2, 80.8, 79.5, 79.1, 78.7, 77.8, 75.3, 74.8, 74.4, 74.0, 73.6, 73.1, 72.3, 69.3, 67.6, 67.1, 66.7, 65.9, 63.3, 62.9, 61.6, 60.7, 60.3, 59.9, 57.7, 53.5, 51.3, 49.2, 48.3, 47.5, 47.1, 46.6, 44.1, 39.8, 37.7, 37.2, 36.8, 36.4, 35.5, 34.2, 33.8, 33.0, 30.400000000000006, 28.299999999999997, 26.099999999999994, 23.599999999999994, 23.099999999999994, 22.700000000000003, 22.299999999999997, 21.400000000000006, 20.599999999999994, 18.400000000000006, 16.299999999999997, 15.400000000000006, 15.0, 14.599999999999994, 14.200000000000003, 13.700000000000003, 12.400000000000006, 10.700000000000003, 9.5, 6.900000000000006, 3.0, 2.200000000000003, 1.7999999999999972, 1.2999999999999972, 0.9000000000000057, -0.4000000000000057], "x": [720, 1028, 1031, 1105, 1149, 1190, 1200, 1285, 1304, 1327, 1341, 1357, 1361, 1362, 1390, 1392, 1402, 1403, 1441, 1453, 1465, 1478, 1488, 1489, 1490, 1495, 1500, 1502, 1512, 1513, 1514, 1515, 1516, 1519, 1520, 1522, 1524, 1525, 1526, 1527, 1528, 1530, 1532, 1537, 1538, 1539, 1540, 1541, 1548, 1549, 1550, 1551, 1552, 1554, 1555, 1558, 1559, 1561, 1562, 1563, 1564, 1566, 1572, 1573, 1576, 1578, 1585, 1586, 1587, 1588, 1589, 1591, 1593, 1594, 1596, 1597, 1598, 1599, 1600, 1601, 1602, 1604, 1608, 1609, 1610, 1611, 1612, 1613, 1620, 1623, 1638, 1646, 1650]}}