{"histogram": {"y": [1, 0, 0, 0, 0, 0, 0, 0, 0, 0, 0, 0, 0, 0, 0, 0, 0, 0, 0, 0, 0, 0, 0, 0, 0, 0, 0, 0, 0, 1, 3, 7, 11, 2, 40, 8, 65, 58, 11, 15, 0], "x": [954.0, 972.0, 990.0, 1008.0, 1026.0, 1044.0, 1062.0, 1080.0, 1098.0, 1116.0, 1134.0, 1152.0, 1170.0, 1188.0, 1206.0, 1224.0, 1242.0, 1260.0, 1278.0, 1296.0, 1314.0, 1332.0, 1350.0, 1368.0, 1386.0, 1404.0, 1422.0, 1440.0, 1458.0, 1476.0, 1494.0, 1512.0, 1530.0, 1548.0, 1566.0, 1584.0, 1602.0, 1620.0, 1638.0, 1656.0]}, "percentile": {"y": [99.6, 99.1, 98.7, 98.2, 97.8, 97.3, 94.6, 94.2, 92.8, 92.4, 91.9, 90.5, 90.1, 89.6, 89.2, 88.7, 86.0, 85.6, 81.5, 78.3, 77.9, 76.5, 76.1, 75.2, 73.8, 73.4, 72.0, 70.6, 70.2, 69.3, 67.9, 67.5, 67.0, 66.6, 64.3, 62.0, 59.8, 57.1, 54.3, 53.9, 53.4, 53.0, 49.8, 47.6, 44.8, 42.1, 37.6, 37.2, 36.7, 36.2, 35.8, 34.900000000000006, 32.599999999999994, 31.700000000000003, 29.5, 27.200000000000003, 23.599999999999994, 13.200000000000003, 12.700000000000003, 11.799999999999997, 11.400000000000006, 10.900000000000006, 10.0, 9.099999999999994, 8.599999999999994, 8.200000000000003, 7.700000000000003, 7.299999999999997, 6.799999999999997, 6.400000000000006, 5.900000000000006, 4.599999999999994, 0.5, -0.4000000000000057], "x": [945, 1464, 1478, 1489, 1490, 1501, 1502, 1513, 1515, 1519, 1524, 1525, 1526, 1527, 1538, 1539, 1549, 1550, 1551, 1552, 1554, 1558, 1559, 1560, 1561, 1562, 1563, 1564, 1572, 1573, 1574, 1576, 1579, 1584, 1585, 1586, 1587, 1588, 1589, 1590, 1591, 1594, 1596, 1598, 1599, 1600, 1601, 1603, 1604, 1605, 1606, 1607, 1608, 1609, 1610, 1611, 1612, 1613, 1614, 1615, 1617, 1620, 1622, 1623, 1625, 1626, 1632, 1633, 1634, 1635, 1638, 1644, 1650, 1655]}}