{"percentile": {"y": [97.1, 94.2, 91.2, 85.3, 82.4, 79.5, 76.5, 73.6, 67.7, 55.9, 26.5, 23.599999999999994, 20.599999999999994, 17.700000000000003, 14.799999999999997, 11.799999999999997, -2.9000000000000057], "x": [1573, 1587, 1589, 1596, 1599, 1600, 1601, 1609, 1610, 1612, 1613, 1625, 1628, 1637, 1638, 1644, 1650]}, "histogram": {"y": [1, 7, 17, 3, 7, 0], "x": [1584.0, 1602.0, 1620.0, 1638.0, 1656.0]}}