{"percentile": {"x": [1527, 1539, 1549, 1551, 1552, 1554, 1558, 1561, 1562, 1563, 1564, 1565, 1569, 1572, 1573, 1574, 1575, 1576, 1585, 1586, 1587, 1588, 1589, 1590, 1591, 1592, 1594, 1595, 1596, 1597, 1598, 1599, 1600, 1601, 1602, 1603, 1604, 1605, 1606, 1607, 1608, 1609, 1610, 1611, 1612, 1613, 1614, 1615, 1616, 1617, 1618, 1620, 1621, 1622, 1623, 1624, 1625, 1626, 1627, 1628, 1629, 1631, 1632, 1635, 1636, 1637, 1638, 1640, 1644, 1646, 1647, 1650, 1652, 1655], "y": [99.4, 98.9, 98.6, 98.2, 97.8, 97.6, 97.4, 96.6, 96.0, 95.0, 94.1, 93.8, 93.7, 92.7, 92.0, 90.9, 90.2, 81.9, 80.9, 80.2, 78.9, 75.8, 72.8, 72.3, 71.7, 71.0, 70.5, 70.2, 69.6, 67.8, 64.6, 62.5, 58.7, 55.5, 54.5, 54.1, 54.0, 53.5, 53.0, 52.8, 51.7, 48.9, 46.1, 41.7, 36.4, 17.400000000000006, 16.099999999999994, 15.0, 14.099999999999994, 13.5, 12.799999999999997, 11.400000000000006, 10.700000000000003, 9.400000000000006, 9.099999999999994, 8.099999999999994, 7.599999999999994, 6.400000000000006, 6.299999999999997, 5.799999999999997, 5.299999999999997, 5.0, 4.5, 3.799999999999997, 3.700000000000003, 3.5, 3.299999999999997, 3.200000000000003, 3.0, 2.799999999999997, 2.5, 0.20000000000000284, 0.0, -0.09999999999999432]}, "histogram": {"x": [1520.0, 1528.0, 1536.0, 1544.0, 1552.0, 1560.0, 1568.0, 1576.0, 1584.0, 1592.0, 1600.0, 1608.0, 1616.0, 1624.0, 1632.0, 1640.0, 1648.0, 1656.0], "y": [4, 0, 3, 4, 5, 22, 22, 51, 62, 56, 59, 231, 36, 25, 10, 5, 16, 0]}}