{"percentile": {"x": [152, 196, 420, 453, 471, 478, 582, 618, 624, 673, 686, 712, 757, 820, 918, 943, 975, 1002, 1018, 1125, 1141, 1143, 1144, 1146, 1186, 1193, 1206, 1212, 1222, 1262, 1268, 1276, 1277, 1283, 1314, 1340, 1373, 1379, 1407, 1410, 1418, 1434, 1439, 1441, 1453, 1463, 1465, 1477, 1478, 1479, 1481, 1482, 1483, 1486, 1488, 1489, 1490, 1491, 1494, 1500, 1501, 1502, 1513, 1514, 1515, 1518, 1519, 1521, 1523, 1524, 1525, 1526, 1527, 1529, 1536, 1537, 1538, 1539, 1542, 1543, 1548, 1549, 1550, 1551, 1552, 1553, 1555, 1556, 1557, 1558, 1559, 1560, 1561, 1562, 1563, 1564, 1570, 1571, 1572, 1573, 1574, 1575, 1576, 1584, 1585, 1586, 1587, 1588, 1589, 1591, 1592, 1593, 1594, 1595, 1596, 1597, 1598, 1599, 1600, 1601, 1602, 1603, 1604, 1605, 1606, 1608, 1609, 1610, 1611, 1612, 1613, 1614, 1615, 1618, 1620, 1625, 1627, 1649, 1650, 1651], "y": [99.9, 99.8, 99.7, 99.6, 99.5, 99.4, 99.3, 99.1, 99.0, 98.9, 98.8, 98.6, 98.5, 98.4, 98.2, 98.1, 98.0, 97.9, 97.8, 97.7, 97.6, 97.4, 97.3, 97.2, 97.1, 97.0, 96.9, 96.8, 96.7, 96.4, 96.2, 96.1, 96.0, 95.9, 95.7, 95.6, 95.5, 95.4, 95.3, 95.2, 95.1, 95.0, 94.8, 94.6, 94.0, 93.9, 92.3, 92.1, 91.4, 91.3, 91.2, 91.1, 90.8, 90.7, 90.2, 89.5, 87.9, 87.8, 87.7, 87.4, 86.8, 84.0, 83.2, 82.2, 79.9, 79.8, 79.7, 79.6, 79.4, 78.9, 77.9, 76.2, 73.5, 73.4, 73.0, 71.5, 70.5, 67.3, 67.2, 67.1, 66.9, 65.2, 62.1, 60.1, 58.1, 58.0, 57.7, 57.6, 57.5, 57.2, 56.8, 55.5, 54.2, 51.8, 50.0, 48.0, 47.8, 47.7, 46.9, 45.7, 43.2, 42.0, 40.3, 39.5, 37.3, 35.0, 31.5, 28.799999999999997, 27.0, 26.700000000000003, 26.400000000000006, 26.200000000000003, 25.799999999999997, 25.400000000000006, 23.700000000000003, 22.700000000000003, 20.299999999999997, 18.5, 16.099999999999994, 14.5, 14.400000000000006, 14.299999999999997, 14.200000000000003, 13.799999999999997, 13.299999999999997, 12.200000000000003, 10.099999999999994, 8.200000000000003, 6.599999999999994, 4.5, 1.2999999999999972, 1.0, 0.7999999999999972, 0.5999999999999943, 0.5, 0.4000000000000057, 0.29999999999999716, 0.20000000000000284, 0.0, -0.09999999999999432]}, "histogram": {"x": [162.0, 180.0, 198.0, 216.0, 234.0, 252.0, 270.0, 288.0, 306.0, 324.0, 342.0, 360.0, 378.0, 396.0, 414.0, 432.0, 450.0, 468.0, 486.0, 504.0, 522.0, 540.0, 558.0, 576.0, 594.0, 612.0, 630.0, 648.0, 666.0, 684.0, 702.0, 720.0, 738.0, 756.0, 774.0, 792.0, 810.0, 828.0, 846.0, 864.0, 882.0, 900.0, 918.0, 936.0, 954.0, 972.0, 990.0, 1008.0, 1026.0, 1044.0, 1062.0, 1080.0, 1098.0, 1116.0, 1134.0, 1152.0, 1170.0, 1188.0, 1206.0, 1224.0, 1242.0, 1260.0, 1278.0, 1296.0, 1314.0, 1332.0, 1350.0, 1368.0, 1386.0, 1404.0, 1422.0, 1440.0, 1458.0, 1476.0, 1494.0, 1512.0, 1530.0, 1548.0, 1566.0, 1584.0, 1602.0, 1620.0, 1638.0, 1656.0], "y": [1, 0, 1, 0, 0, 0, 0, 0, 0, 0, 0, 0, 0, 0, 0, 1, 0, 1, 2, 0, 0, 0, 0, 0, 1, 0, 2, 0, 0, 1, 1, 2, 0, 0, 1, 0, 0, 1, 0, 0, 0, 0, 0, 1, 1, 0, 1, 1, 1, 0, 0, 0, 0, 0, 1, 4, 0, 1, 1, 3, 0, 0, 6, 1, 0, 1, 1, 0, 2, 0, 3, 2, 7, 15, 40, 34, 93, 56, 169, 68, 227, 123, 3, 3, 0]}}