{"percentile": {"y": [94.8, 84.3, 79.0, 73.7, 68.5, 52.7, 47.4, 10.599999999999994, 5.299999999999997, 0.0, -5.200000000000003], "x": [1539, 1550, 1551, 1584, 1597, 1599, 1612, 1613, 1620, 1621, 1646]}, "histogram": {"y": [1, 3, 0, 0, 0, 0, 1, 4, 0, 8, 2, 0, 0, 1, 0], "x": [1536.0, 1544.0, 1552.0, 1560.0, 1568.0, 1576.0, 1584.0, 1592.0, 1600.0, 1608.0, 1616.0, 1624.0, 1632.0, 1640.0, 1648.0]}}