{"percentile": {"x": [1501, 1502, 1534, 1538, 1539, 1549, 1550, 1552, 1562, 1563, 1569, 1572, 1575, 1582, 1585, 1586, 1587, 1588, 1595, 1599, 1601, 1608, 1610, 1611, 1613, 1650], "y": [97.4, 94.8, 92.2, 89.5, 76.4, 73.7, 71.1, 68.5, 63.2, 60.6, 57.9, 55.3, 52.7, 50.0, 44.8, 36.9, 34.3, 31.599999999999994, 29.0, 26.400000000000006, 21.099999999999994, 18.5, 13.200000000000003, 7.900000000000006, 0.0, -2.5999999999999943]}, "histogram": {"x": [1512.0, 1530.0, 1548.0, 1566.0, 1584.0, 1602.0, 1620.0, 1638.0, 1656.0], "y": [2, 0, 7, 6, 4, 11, 8, 0, 1, 0]}}