{"histogram": {"y": [1, 0, 1, 1, 1, 0, 0, 0, 0, 0, 0, 0, 0, 0, 0, 0, 1, 0, 0, 0, 0, 0, 0, 0, 0, 0, 0, 0, 0, 0, 0, 0, 1, 0, 0, 0, 4, 4, 0, 2, 4, 0, 10, 19, 1, 7, 17, 7, 18, 5, 1, 14, 17, 11, 13, 0, 0, 0, 0, 3, 0], "x": [1176.0, 1184.0, 1192.0, 1200.0, 1208.0, 1216.0, 1224.0, 1232.0, 1240.0, 1248.0, 1256.0, 1264.0, 1272.0, 1280.0, 1288.0, 1296.0, 1304.0, 1312.0, 1320.0, 1328.0, 1336.0, 1344.0, 1352.0, 1360.0, 1368.0, 1376.0, 1384.0, 1392.0, 1400.0, 1408.0, 1416.0, 1424.0, 1432.0, 1440.0, 1448.0, 1456.0, 1464.0, 1472.0, 1480.0, 1488.0, 1496.0, 1504.0, 1512.0, 1520.0, 1528.0, 1536.0, 1544.0, 1552.0, 1560.0, 1568.0, 1576.0, 1584.0, 1592.0, 1600.0, 1608.0, 1616.0, 1624.0, 1632.0, 1640.0, 1648.0, 1656.0]}, "percentile": {"y": [99.4, 98.8, 98.2, 97.6, 97.0, 96.3, 95.7, 93.9, 92.6, 91.4, 90.8, 90.2, 89.6, 87.7, 86.5, 83.4, 82.1, 81.5, 80.9, 80.3, 78.4, 76.6, 72.3, 69.8, 69.2, 68.0, 67.3, 66.1, 64.9, 61.2, 57.5, 54.4, 51.3, 50.7, 50.0, 48.2, 46.3, 44.5, 43.3, 38.9, 38.3, 36.5, 35.900000000000006, 35.2, 34.599999999999994, 30.900000000000006, 29.700000000000003, 29.099999999999994, 26.599999999999994, 26.0, 25.400000000000006, 24.700000000000003, 22.299999999999997, 21.0, 17.299999999999997, 16.099999999999994, 14.900000000000006, 11.200000000000003, 10.5, 9.900000000000006, 9.299999999999997, 8.700000000000003, 7.5, 6.799999999999997, 5.599999999999994, 1.2999999999999972, 0.7000000000000028, 0.0, -0.5999999999999943], "x": [1179, 1193, 1200, 1214, 1304, 1435, 1464, 1465, 1477, 1478, 1488, 1489, 1501, 1502, 1513, 1514, 1515, 1518, 1520, 1521, 1524, 1525, 1526, 1527, 1528, 1536, 1537, 1538, 1539, 1549, 1550, 1551, 1552, 1553, 1555, 1560, 1561, 1562, 1563, 1564, 1572, 1573, 1575, 1578, 1585, 1586, 1587, 1588, 1589, 1592, 1593, 1595, 1596, 1597, 1598, 1599, 1600, 1601, 1604, 1606, 1607, 1609, 1610, 1611, 1612, 1613, 1648, 1650, 1655]}}