{"histogram": {"y": [1, 0, 1, 1, 0, 7, 3, 1, 2, 1, 3], "x": [1568.0, 1576.0, 1584.0, 1592.0, 1600.0, 1608.0, 1616.0, 1624.0, 1632.0, 1640.0, 1648.0]}, "percentile": {"y": [94.8, 89.5, 84.3, 79.0, 73.7, 68.5, 47.4, 42.2, 36.9, 31.599999999999994, 26.400000000000006, 21.099999999999994, 15.799999999999997, 10.599999999999994, -5.200000000000003], "x": [1575, 1588, 1596, 1608, 1609, 1612, 1613, 1617, 1620, 1623, 1626, 1633, 1637, 1646, 1650]}}