{"histogram": {"y": [2, 0, 0, 0, 1, 0, 0, 0, 0, 0, 0, 1, 0, 1, 1, 0, 0, 0, 0, 0, 0, 0, 0, 1, 0, 1, 0, 1, 6, 4, 13, 47, 56, 20, 174, 57, 324, 327, 23, 8, 0], "x": [954.0, 972.0, 990.0, 1008.0, 1026.0, 1044.0, 1062.0, 1080.0, 1098.0, 1116.0, 1134.0, 1152.0, 1170.0, 1188.0, 1206.0, 1224.0, 1242.0, 1260.0, 1278.0, 1296.0, 1314.0, 1332.0, 1350.0, 1368.0, 1386.0, 1404.0, 1422.0, 1440.0, 1458.0, 1476.0, 1494.0, 1512.0, 1530.0, 1548.0, 1566.0, 1584.0, 1602.0, 1620.0, 1638.0, 1656.0]}, "percentile": {"y": [100.0, 99.9, 99.8, 99.7, 99.6, 99.5, 99.4, 99.3, 99.2, 99.1, 98.7, 98.6, 98.3, 98.2, 97.5, 97.4, 97.2, 97.1, 97.0, 96.5, 92.6, 92.0, 91.3, 90.7, 90.6, 90.4, 89.6, 88.4, 87.4, 87.0, 86.8, 86.2, 85.5, 85.4, 84.3, 83.0, 80.9, 78.5, 78.3, 78.0, 77.7, 77.7, 76.6, 75.3, 72.8, 71.5, 69.3, 69.2, 69.1, 69.0, 68.7, 67.3, 66.9, 66.2, 64.1, 63.9, 63.7, 61.6, 59.7, 57.0, 54.5, 51.8, 51.4, 51.1, 50.8, 50.7, 50.4, 50.0, 48.1, 45.7, 43.4, 39.8, 37.3, 33.5, 33.0, 32.900000000000006, 32.8, 32.599999999999994, 32.3, 31.900000000000006, 30.400000000000006, 28.0, 24.700000000000003, 21.900000000000006, 18.900000000000006, 3.9000000000000057, 3.200000000000003, 3.0999999999999943, 3.0, 2.9000000000000057, 2.5, 2.4000000000000057, 2.200000000000003, 2.0, 1.7000000000000028, 1.5999999999999943, 1.5, 1.4000000000000057, 1.2999999999999972, 1.2000000000000028, 1.0, 0.7999999999999972, 0.7000000000000028, 0.5999999999999943, 0.09999999999999432, 0.0, 0.0], "x": [938, 949, 1024, 1142, 1187, 1192, 1361, 1401, 1427, 1440, 1441, 1452, 1465, 1477, 1478, 1485, 1489, 1490, 1500, 1501, 1502, 1513, 1514, 1515, 1516, 1524, 1525, 1526, 1527, 1536, 1537, 1538, 1539, 1548, 1549, 1550, 1551, 1552, 1554, 1555, 1557, 1558, 1560, 1561, 1562, 1563, 1564, 1565, 1566, 1570, 1572, 1573, 1574, 1575, 1576, 1577, 1584, 1585, 1586, 1587, 1588, 1589, 1590, 1591, 1592, 1593, 1594, 1595, 1596, 1597, 1598, 1599, 1600, 1601, 1602, 1603, 1604, 1605, 1606, 1607, 1608, 1609, 1610, 1611, 1612, 1613, 1614, 1615, 1616, 1618, 1620, 1621, 1622, 1623, 1624, 1625, 1626, 1629, 1632, 1633, 1635, 1636, 1637, 1647, 1650, 1653, 1655]}}