{"histogram": {"x": [486.0, 504.0, 522.0, 540.0, 558.0, 576.0, 594.0, 612.0, 630.0, 648.0, 666.0, 684.0, 702.0, 720.0, 738.0, 756.0, 774.0, 792.0, 810.0, 828.0, 846.0, 864.0, 882.0, 900.0, 918.0, 936.0, 954.0, 972.0, 990.0, 1008.0, 1026.0, 1044.0, 1062.0, 1080.0, 1098.0, 1116.0, 1134.0, 1152.0, 1170.0, 1188.0, 1206.0, 1224.0, 1242.0, 1260.0, 1278.0, 1296.0, 1314.0, 1332.0, 1350.0, 1368.0, 1386.0, 1404.0, 1422.0, 1440.0, 1458.0, 1476.0, 1494.0, 1512.0, 1530.0, 1548.0, 1566.0, 1584.0, 1602.0, 1620.0, 1638.0, 1656.0], "y": [1, 0, 0, 0, 0, 0, 0, 0, 0, 0, 0, 0, 0, 0, 0, 0, 0, 0, 0, 0, 0, 0, 0, 0, 0, 0, 0, 0, 0, 0, 0, 0, 0, 0, 0, 0, 0, 0, 0, 0, 0, 0, 0, 0, 0, 0, 0, 0, 0, 0, 0, 0, 0, 0, 0, 0, 0, 0, 4, 0, 5, 1, 26, 15, 4, 4, 0]}, "percentile": {"x": [480, 1515, 1519, 1526, 1527, 1552, 1560, 1561, 1562, 1563, 1572, 1585, 1586, 1587, 1588, 1589, 1596, 1597, 1599, 1600, 1601, 1608, 1609, 1610, 1612, 1613, 1614, 1620, 1628, 1634, 1636, 1649, 1650, 1655], "y": [98.4, 96.7, 95.0, 93.3, 91.6, 89.9, 88.2, 86.5, 84.8, 83.1, 81.4, 79.7, 76.3, 71.2, 67.8, 62.8, 57.7, 52.6, 49.2, 40.7, 37.3, 33.900000000000006, 32.3, 30.599999999999994, 27.200000000000003, 15.299999999999997, 11.900000000000006, 10.200000000000003, 8.5, 6.799999999999997, 5.099999999999994, 3.4000000000000057, 0.0, -1.5999999999999943]}}