{"percentile": {"x": [1527, 1549, 1560, 1562, 1572, 1587, 1588, 1589, 1592, 1596, 1597, 1598, 1599, 1600, 1601, 1608, 1609, 1610, 1613, 1620, 1621, 1624, 1631, 1650], "y": [97.3, 94.5, 88.9, 86.2, 83.4, 80.6, 75.0, 72.3, 69.5, 66.7, 55.6, 47.3, 44.5, 38.9, 36.2, 33.400000000000006, 30.599999999999994, 22.299999999999997, 11.200000000000003, 8.400000000000006, 5.599999999999994, 2.799999999999997, 0.0, -2.700000000000003]}, "histogram": {"x": [1520.0, 1528.0, 1536.0, 1544.0, 1552.0, 1560.0, 1568.0, 1576.0, 1584.0, 1592.0, 1600.0, 1608.0, 1616.0, 1624.0, 1632.0, 1640.0, 1648.0], "y": [1, 0, 0, 1, 0, 3, 1, 0, 4, 10, 3, 9, 2, 2, 0, 0, 1]}}