{"percentile": {"x": [1502, 1514, 1515, 1525, 1537, 1538, 1539, 1550, 1551, 1555, 1561, 1562, 1563, 1564, 1572, 1573, 1574, 1575, 1576, 1585, 1586, 1587, 1588, 1589, 1590, 1592, 1593, 1594, 1595, 1596, 1597, 1598, 1599, 1600, 1601, 1602, 1607, 1608, 1609, 1610, 1611, 1612, 1613, 1614, 1617, 1622, 1623, 1625, 1632, 1634, 1635, 1637, 1638, 1647, 1648, 1650], "y": [99.5, 98.9, 98.4, 97.8, 97.2, 96.7, 95.5, 95.0, 92.1, 91.6, 90.4, 89.9, 86.5, 84.8, 84.2, 82.5, 82.0, 81.4, 76.3, 75.8, 75.2, 71.2, 68.4, 65.6, 65.0, 64.5, 63.9, 63.3, 61.6, 61.1, 59.9, 55.4, 52.0, 47.5, 39.6, 37.9, 37.3, 36.8, 34.5, 28.900000000000006, 25.5, 20.400000000000006, 11.900000000000006, 10.799999999999997, 9.700000000000003, 9.099999999999994, 8.5, 8.0, 7.400000000000006, 6.799999999999997, 6.299999999999997, 5.700000000000003, 5.099999999999994, 4.599999999999994, 3.4000000000000057, -0.5]}, "histogram": {"x": [1496.0, 1504.0, 1512.0, 1520.0, 1528.0, 1536.0, 1544.0, 1552.0, 1560.0, 1568.0, 1576.0, 1584.0, 1592.0, 1600.0, 1608.0, 1616.0, 1624.0, 1632.0, 1640.0, 1648.0], "y": [1, 0, 2, 1, 0, 4, 6, 1, 12, 6, 9, 20, 23, 26, 47, 4, 1, 5, 1, 9]}}