{"histogram": {"y": [1, 0, 0, 1, 2, 0, 0, 0, 0, 0, 0, 0, 0, 0, 0, 0, 0, 0, 0, 0, 0, 1, 1, 1, 7, 6, 14, 28, 23, 74, 28, 117, 67, 6, 5, 0], "x": [1044.0, 1062.0, 1080.0, 1098.0, 1116.0, 1134.0, 1152.0, 1170.0, 1188.0, 1206.0, 1224.0, 1242.0, 1260.0, 1278.0, 1296.0, 1314.0, 1332.0, 1350.0, 1368.0, 1386.0, 1404.0, 1422.0, 1440.0, 1458.0, 1476.0, 1494.0, 1512.0, 1530.0, 1548.0, 1566.0, 1584.0, 1602.0, 1620.0, 1638.0, 1656.0]}, "percentile": {"y": [99.8, 99.5, 99.3, 99.0, 98.7, 98.5, 98.2, 96.4, 96.1, 95.9, 95.3, 95.1, 94.8, 94.3, 93.8, 91.1, 90.6, 90.1, 89.6, 88.0, 87.7, 87.5, 86.9, 85.4, 84.0, 83.8, 83.5, 83.3, 83.0, 80.9, 80.1, 78.0, 77.7, 77.5, 75.4, 74.6, 73.0, 69.3, 68.6, 68.3, 68.0, 67.8, 66.7, 65.7, 64.1, 60.9, 58.6, 58.3, 57.8, 57.5, 56.5, 54.9, 54.4, 51.5, 51.2, 51.0, 50.7, 49.1, 46.0, 42.3, 39.4, 36.3, 36.0, 35.2, 32.599999999999994, 31.0, 26.299999999999997, 23.099999999999994, 20.299999999999997, 20.0, 18.900000000000006, 18.700000000000003, 17.900000000000006, 17.599999999999994, 17.099999999999994, 15.0, 14.0, 12.599999999999994, 10.5, 3.200000000000003, 2.700000000000003, 2.4000000000000057, 2.0999999999999943, 1.9000000000000057, 1.4000000000000057, 1.0999999999999943, 0.0, -0.20000000000000284], "x": [1026, 1084, 1101, 1107, 1414, 1429, 1441, 1465, 1477, 1480, 1484, 1489, 1490, 1500, 1501, 1502, 1512, 1513, 1514, 1515, 1518, 1524, 1525, 1526, 1527, 1528, 1531, 1534, 1536, 1537, 1538, 1539, 1547, 1548, 1549, 1550, 1551, 1552, 1554, 1555, 1558, 1559, 1560, 1561, 1562, 1563, 1564, 1565, 1566, 1571, 1573, 1574, 1575, 1576, 1582, 1583, 1584, 1585, 1586, 1587, 1588, 1589, 1595, 1596, 1597, 1598, 1599, 1600, 1601, 1603, 1604, 1605, 1606, 1607, 1608, 1609, 1610, 1611, 1612, 1613, 1614, 1620, 1624, 1625, 1626, 1630, 1650, 1655]}}