{"percentile": {"y": [98.3, 96.6, 94.9, 93.2, 91.4, 89.7, 86.3, 84.5, 82.8, 81.1, 77.6, 70.7, 69.0, 65.6, 48.3, 43.2, 41.4, 39.7, 34.5, 32.8, 31.099999999999994, 29.400000000000006, 27.599999999999994, 25.900000000000006, 24.200000000000003, 0.0, -1.7000000000000028], "x": [1551, 1576, 1585, 1586, 1589, 1591, 1597, 1599, 1601, 1608, 1609, 1610, 1611, 1612, 1613, 1614, 1615, 1619, 1620, 1621, 1626, 1634, 1636, 1645, 1649, 1650, 1655]}, "histogram": {"y": [1, 1, 8, 25, 7, 17, 0], "x": [1566.0, 1584.0, 1602.0, 1620.0, 1638.0, 1656.0]}}