{"histogram": {"x": [1568.0, 1576.0, 1584.0, 1592.0, 1600.0, 1608.0, 1616.0, 1624.0, 1632.0, 1640.0, 1648.0, 1656.0], "y": [1, 1, 1, 1, 3, 28, 6, 5, 8, 5, 10, 0]}, "percentile": {"x": [1574, 1576, 1586, 1597, 1601, 1606, 1610, 1611, 1612, 1613, 1614, 1616, 1617, 1618, 1622, 1624, 1626, 1628, 1632, 1633, 1634, 1635, 1636, 1640, 1641, 1644, 1645, 1649, 1650, 1651, 1655], "y": [98.6, 97.1, 95.6, 94.2, 91.2, 89.8, 86.8, 82.4, 79.5, 50.0, 48.6, 47.1, 42.7, 41.2, 39.8, 38.3, 33.900000000000006, 32.400000000000006, 29.5, 28.0, 25.0, 23.599999999999994, 20.599999999999994, 17.700000000000003, 16.200000000000003, 14.799999999999997, 13.299999999999997, 10.299999999999997, 1.5, 0.0, -1.4000000000000057]}}