{"percentile": {"y": [100.0, 100.0, 99.9, 99.9, 99.7, 99.7, 99.5, 98.9, 98.8, 98.6, 98.5, 98.5, 98.4, 98.3, 98.0, 97.8, 97.7, 97.7, 97.6, 97.4, 97.1, 96.6, 96.5, 96.0, 95.4, 94.5, 94.4, 94.3, 94.2, 94.1, 94.1, 94.0, 93.8, 93.3, 92.3, 90.9, 89.8, 89.7, 89.6, 89.6, 89.5, 89.4, 88.9, 87.7, 86.7, 85.1, 80.9, 80.8, 80.6, 79.7, 78.3, 76.0, 74.1, 71.9, 71.5, 71.1, 70.5, 69.9, 69.3, 68.3, 66.7, 64.4, 61.3, 58.3, 53.5, 49.9, 49.5, 48.8, 48.5, 48.1, 47.8, 47.2, 45.2, 42.1, 38.9, 34.7, 29.599999999999994, 17.299999999999997, 16.200000000000003, 15.700000000000003, 15.099999999999994, 14.599999999999994, 14.099999999999994, 13.799999999999997, 13.0, 12.400000000000006, 11.5, 10.799999999999997, 10.400000000000006, 10.0, 9.200000000000003, 9.200000000000003, 9.0, 8.799999999999997, 8.700000000000003, 8.400000000000006, 8.099999999999994, 7.900000000000006, 7.5, 7.299999999999997, 7.0, 6.700000000000003, 6.400000000000006, 6.299999999999997, 6.299999999999997, 6.200000000000003, 6.099999999999994, 6.099999999999994, 5.900000000000006, 5.799999999999997, 5.299999999999997, 4.799999999999997, 4.299999999999997, 0.4000000000000057, 0.29999999999999716, 0.0], "x": [1465, 1477, 1478, 1483, 1490, 1500, 1501, 1502, 1514, 1515, 1516, 1519, 1522, 1524, 1525, 1526, 1527, 1531, 1533, 1537, 1538, 1539, 1549, 1550, 1551, 1552, 1553, 1554, 1555, 1556, 1557, 1558, 1560, 1561, 1562, 1563, 1564, 1566, 1567, 1568, 1569, 1570, 1572, 1573, 1574, 1575, 1576, 1583, 1584, 1585, 1586, 1587, 1588, 1589, 1590, 1591, 1592, 1593, 1594, 1595, 1596, 1597, 1598, 1599, 1600, 1601, 1602, 1603, 1604, 1605, 1606, 1607, 1608, 1609, 1610, 1611, 1612, 1613, 1614, 1615, 1616, 1617, 1618, 1619, 1620, 1621, 1622, 1623, 1624, 1625, 1626, 1627, 1628, 1629, 1630, 1631, 1632, 1633, 1634, 1635, 1636, 1637, 1638, 1640, 1641, 1642, 1643, 1644, 1645, 1646, 1647, 1648, 1649, 1650, 1653, 1655]}, "histogram": {"y": [1, 6, 17, 25, 22, 143, 187, 646, 753, 148, 140, 0], "x": [1476.0, 1494.0, 1512.0, 1530.0, 1548.0, 1566.0, 1584.0, 1602.0, 1620.0, 1638.0, 1656.0]}}
