{"histogram": {"y": [1, 0, 0, 0, 0, 0, 0, 0, 0, 0, 0, 0, 0, 0, 0, 0, 0, 0, 0, 0, 0, 0, 1, 2, 3, 2, 3, 2, 8, 5, 14, 4, 0], "x": [1062.0, 1080.0, 1098.0, 1116.0, 1134.0, 1152.0, 1170.0, 1188.0, 1206.0, 1224.0, 1242.0, 1260.0, 1278.0, 1296.0, 1314.0, 1332.0, 1350.0, 1368.0, 1386.0, 1404.0, 1422.0, 1440.0, 1458.0, 1476.0, 1494.0, 1512.0, 1530.0, 1548.0, 1566.0, 1584.0, 1602.0, 1620.0]}, "percentile": {"y": [97.8, 95.5, 91.0, 88.7, 86.4, 84.1, 79.6, 77.3, 75.0, 72.8, 70.5, 68.2, 66.0, 63.7, 61.4, 59.1, 54.6, 52.3, 50.0, 47.8, 43.2, 41.0, 38.7, 36.4, 31.900000000000006, 29.599999999999994, 25.0, 18.200000000000003, 16.0, 11.400000000000006, 6.900000000000006, 4.599999999999994, 2.299999999999997, -2.200000000000003], "x": [1045, 1453, 1465, 1478, 1489, 1490, 1502, 1513, 1525, 1526, 1538, 1539, 1549, 1550, 1552, 1560, 1561, 1563, 1564, 1570, 1572, 1573, 1575, 1585, 1586, 1588, 1589, 1596, 1598, 1600, 1601, 1603, 1609, 1613]}}