{"histogram": {"y": [1, 1, 0, 0, 0, 0, 0, 0, 0, 0, 0, 0, 0, 0, 0, 1, 0, 0, 0, 0, 0, 0, 0, 0, 0, 0, 0, 0, 0, 0, 0, 0, 0, 0, 0, 0, 0, 0, 0, 0, 0, 0, 0, 0, 0, 0, 0, 0, 0, 0, 0, 0, 0, 0, 0, 0, 0, 0, 0, 0, 0, 0, 0, 1, 4, 10, 5, 27, 4, 49, 39, 2, 3, 0], "x": [360.0, 378.0, 396.0, 414.0, 432.0, 450.0, 468.0, 486.0, 504.0, 522.0, 540.0, 558.0, 576.0, 594.0, 612.0, 630.0, 648.0, 666.0, 684.0, 702.0, 720.0, 738.0, 756.0, 774.0, 792.0, 810.0, 828.0, 846.0, 864.0, 882.0, 900.0, 918.0, 936.0, 954.0, 972.0, 990.0, 1008.0, 1026.0, 1044.0, 1062.0, 1080.0, 1098.0, 1116.0, 1134.0, 1152.0, 1170.0, 1188.0, 1206.0, 1224.0, 1242.0, 1260.0, 1278.0, 1296.0, 1314.0, 1332.0, 1350.0, 1368.0, 1386.0, 1404.0, 1422.0, 1440.0, 1458.0, 1476.0, 1494.0, 1512.0, 1530.0, 1548.0, 1566.0, 1584.0, 1602.0, 1620.0, 1638.0, 1656.0]}, "percentile": {"y": [99.4, 98.7, 98.0, 97.3, 96.6, 94.6, 93.2, 91.8, 91.1, 90.5, 89.8, 87.7, 87.0, 86.4, 85.7, 84.3, 83.6, 81.6, 77.4, 73.3, 72.7, 70.6, 67.9, 65.8, 65.1, 63.1, 61.0, 56.2, 54.2, 52.1, 47.3, 46.6, 45.9, 45.3, 44.6, 43.2, 38.4, 34.3, 31.599999999999994, 29.5, 28.799999999999997, 26.799999999999997, 23.299999999999997, 18.5, 17.900000000000006, 2.799999999999997, 2.0999999999999943, 1.4000000000000057, 0.7000000000000028, 0.0, -0.5999999999999943], "x": [345, 360, 617, 1490, 1501, 1502, 1514, 1515, 1517, 1524, 1525, 1527, 1532, 1536, 1537, 1538, 1548, 1550, 1551, 1552, 1558, 1560, 1562, 1564, 1572, 1576, 1585, 1586, 1587, 1588, 1589, 1590, 1592, 1593, 1596, 1597, 1598, 1599, 1600, 1601, 1606, 1609, 1610, 1611, 1612, 1613, 1624, 1625, 1638, 1644, 1650]}}