{"percentile": {"x": [1260, 1477, 1502, 1512, 1513, 1514, 1525, 1526, 1527, 1536, 1537, 1538, 1539, 1549, 1550, 1551, 1552, 1554, 1560, 1561, 1562, 1563, 1568, 1570, 1571, 1572, 1573, 1574, 1575, 1576, 1584, 1585, 1586, 1587, 1588, 1589, 1591, 1594, 1596, 1597, 1598, 1599, 1600, 1601, 1602, 1604, 1605, 1606, 1607, 1608, 1609, 1610, 1611, 1612, 1613, 1614, 1617, 1618, 1619, 1620, 1621, 1622, 1623, 1624, 1625, 1626, 1631, 1634, 1637, 1638, 1645, 1649, 1650], "y": [99.8, 99.5, 98.9, 98.7, 98.1, 97.6, 97.3, 97.0, 96.7, 96.5, 95.6, 95.4, 95.1, 94.8, 94.3, 93.4, 92.6, 92.3, 92.1, 91.2, 90.7, 90.1, 89.9, 89.6, 89.3, 89.0, 88.2, 87.7, 86.8, 84.3, 83.5, 82.4, 81.9, 80.5, 79.4, 77.5, 77.2, 76.6, 75.3, 75.0, 71.1, 67.5, 64.8, 62.3, 61.8, 61.2, 60.9, 60.4, 59.8, 58.2, 55.1, 52.1, 48.5, 42.7, 11.299999999999997, 10.200000000000003, 10.0, 9.700000000000003, 9.400000000000006, 7.5, 7.200000000000003, 6.700000000000003, 5.799999999999997, 5.0, 4.5, 3.5999999999999943, 3.4000000000000057, 2.5, 2.0, 1.4000000000000057, 1.2000000000000028, 0.9000000000000057, -0.20000000000000284]}, "histogram": {"x": [1278.0, 1296.0, 1314.0, 1332.0, 1350.0, 1368.0, 1386.0, 1404.0, 1422.0, 1440.0, 1458.0, 1476.0, 1494.0, 1512.0, 1530.0, 1548.0, 1566.0, 1584.0, 1602.0, 1620.0, 1638.0, 1656.0], "y": [1, 0, 0, 0, 0, 0, 0, 0, 0, 0, 0, 0, 1, 2, 8, 6, 18, 21, 80, 192, 27, 8, 0]}}