{"percentile": {"y": [98.8, 97.6, 96.4, 95.2, 94.0, 91.5, 87.9, 84.2, 81.8, 80.5, 79.3, 47.6, 46.4, 45.2, 41.5, 40.3, 37.9, 33.0, 31.799999999999997, 30.5, 29.299999999999997, 26.900000000000006, 25.700000000000003, 22.0, 19.599999999999994, 18.299999999999997, 17.099999999999994, 15.900000000000006, 14.700000000000003, 13.5, 9.799999999999997, 8.599999999999994, 7.400000000000006, 2.5, 1.2999999999999972, 0.0, -1.2000000000000028], "x": [1576, 1585, 1588, 1589, 1598, 1600, 1601, 1609, 1610, 1611, 1612, 1613, 1614, 1615, 1617, 1618, 1619, 1620, 1621, 1622, 1623, 1624, 1627, 1629, 1630, 1631, 1632, 1637, 1638, 1640, 1642, 1644, 1648, 1650, 1652, 1653, 1655]}, "histogram": {"y": [1, 3, 1, 5, 35, 13, 9, 3, 5, 8, 0], "x": [1576.0, 1584.0, 1592.0, 1600.0, 1608.0, 1616.0, 1624.0, 1632.0, 1640.0, 1648.0, 1656.0]}}