{"percentile": {"y": [66.7, 33.400000000000006, 0.0, -33.30000000000001], "x": [1597, 1608, 1613, 1623]}, "histogram": {"y": [1, 2, 1], "x": [1602.0, 1620.0]}}