{"histogram": {"x": [666.0, 684.0, 702.0, 720.0, 738.0, 756.0, 774.0, 792.0, 810.0, 828.0, 846.0, 864.0, 882.0, 900.0, 918.0, 936.0, 954.0, 972.0, 990.0, 1008.0, 1026.0, 1044.0, 1062.0, 1080.0, 1098.0, 1116.0, 1134.0, 1152.0, 1170.0, 1188.0, 1206.0, 1224.0, 1242.0, 1260.0, 1278.0, 1296.0, 1314.0, 1332.0, 1350.0, 1368.0, 1386.0, 1404.0, 1422.0, 1440.0, 1458.0, 1476.0, 1494.0, 1512.0, 1530.0, 1548.0, 1566.0, 1584.0, 1602.0, 1620.0, 1638.0, 1656.0], "y": [1, 0, 0, 0, 1, 0, 0, 0, 0, 0, 0, 0, 0, 0, 0, 0, 1, 0, 0, 0, 1, 0, 0, 0, 0, 0, 1, 0, 0, 2, 1, 1, 0, 0, 0, 1, 0, 4, 1, 0, 1, 1, 0, 3, 4, 7, 13, 10, 37, 8, 64, 12, 63, 16, 0, 4, 0]}, "percentile": {"x": [654, 720, 940, 1013, 1120, 1170, 1190, 1214, 1292, 1319, 1321, 1330, 1333, 1381, 1390, 1426, 1433, 1441, 1453, 1465, 1466, 1477, 1478, 1486, 1488, 1489, 1490, 1492, 1500, 1502, 1513, 1514, 1515, 1517, 1521, 1523, 1524, 1525, 1526, 1536, 1537, 1538, 1539, 1549, 1550, 1551, 1552, 1553, 1554, 1555, 1557, 1560, 1561, 1562, 1563, 1564, 1568, 1569, 1572, 1573, 1575, 1576, 1584, 1585, 1586, 1587, 1588, 1589, 1593, 1594, 1596, 1597, 1598, 1599, 1600, 1601, 1602, 1607, 1608, 1609, 1610, 1611, 1612, 1613, 1614, 1650, 1651], "y": [99.7, 99.3, 98.9, 98.5, 98.1, 97.3, 96.9, 96.5, 96.2, 95.8, 95.4, 94.6, 94.2, 93.8, 93.4, 92.7, 92.3, 91.9, 90.7, 88.4, 88.0, 87.6, 87.2, 86.8, 86.0, 84.5, 83.3, 82.9, 82.2, 79.0, 77.5, 74.4, 72.8, 72.4, 72.0, 71.6, 70.1, 67.8, 64.6, 64.3, 63.9, 62.7, 61.5, 60.8, 58.8, 57.2, 53.7, 53.0, 52.6, 51.8, 50.6, 47.5, 44.8, 40.9, 39.0, 36.6, 36.2, 35.8, 34.3, 33.5, 32.3, 32.0, 31.599999999999994, 30.400000000000006, 26.900000000000006, 24.200000000000003, 19.900000000000006, 17.599999999999994, 17.200000000000003, 16.799999999999997, 15.200000000000003, 14.099999999999994, 12.5, 11.299999999999997, 9.0, 7.400000000000006, 7.099999999999994, 6.700000000000003, 5.900000000000006, 5.5, 4.299999999999997, 3.9000000000000057, 3.200000000000003, 2.4000000000000057, 1.2000000000000028, 0.0, -0.29999999999999716]}}