{"percentile": {"y": [96.8, 93.6, 90.4, 87.1, 83.9, 80.7, 77.5, 67.8, 64.6, 61.3, 42.0, 35.5, 29.099999999999994, 22.599999999999994, 19.400000000000006, 16.200000000000003, 13.0, 9.700000000000003, -3.200000000000003], "x": [1440, 1517, 1538, 1563, 1588, 1589, 1596, 1598, 1601, 1612, 1613, 1620, 1622, 1625, 1635, 1647, 1648, 1649, 1650]}, "histogram": {"y": [1, 0, 0, 0, 1, 1, 1, 0, 7, 7, 7, 7, 0], "x": [1458.0, 1476.0, 1494.0, 1512.0, 1530.0, 1548.0, 1566.0, 1584.0, 1602.0, 1620.0, 1638.0, 1656.0]}}