{"histogram": {"x": [1544.0, 1552.0, 1560.0, 1568.0, 1576.0, 1584.0, 1592.0, 1600.0, 1608.0, 1616.0, 1624.0, 1632.0, 1640.0, 1648.0, 1656.0], "y": [2, 0, 1, 2, 9, 12, 15, 19, 178, 37, 24, 16, 25, 29, 0]}, "percentile": {"x": [1549, 1551, 1560, 1572, 1575, 1576, 1584, 1585, 1587, 1588, 1589, 1591, 1595, 1596, 1597, 1598, 1599, 1600, 1601, 1602, 1603, 1608, 1609, 1610, 1611, 1612, 1613, 1614, 1615, 1616, 1617, 1618, 1619, 1620, 1621, 1622, 1623, 1624, 1625, 1626, 1627, 1628, 1629, 1630, 1631, 1632, 1633, 1635, 1636, 1637, 1638, 1639, 1640, 1641, 1642, 1643, 1644, 1645, 1647, 1648, 1649, 1650, 1651, 1652, 1653, 1654, 1655], "y": [99.8, 99.5, 99.2, 99.0, 98.7, 96.2, 96.0, 95.4, 94.9, 94.3, 94.1, 93.0, 92.7, 91.9, 91.4, 90.5, 88.9, 87.5, 84.6, 84.0, 83.7, 83.2, 81.6, 78.9, 75.9, 72.3, 38.6, 37.3, 35.400000000000006, 33.7, 32.099999999999994, 31.799999999999997, 30.5, 28.0, 27.5, 26.400000000000006, 25.299999999999997, 25.0, 24.5, 23.700000000000003, 22.900000000000006, 21.799999999999997, 21.5, 20.700000000000003, 18.799999999999997, 18.0, 17.400000000000006, 16.900000000000006, 16.400000000000006, 15.799999999999997, 15.5, 14.5, 14.200000000000003, 13.599999999999994, 11.5, 9.799999999999997, 8.5, 7.900000000000006, 7.700000000000003, 7.400000000000006, 6.799999999999997, 3.9000000000000057, 3.5999999999999943, 3.0, 2.799999999999997, 1.0999999999999943, -0.20000000000000284]}}