{"histogram": {"y": [1, 0, 0, 0, 0, 0, 0, 0, 1, 0, 0, 0, 0, 0, 0, 0, 0, 0, 0, 0, 0, 0, 0, 0, 0, 0, 0, 0, 0, 0, 0, 0, 0, 0, 0, 0, 0, 0, 1, 0, 0, 0, 0, 0, 1, 0, 0, 0, 0, 0, 0, 0, 0, 0, 0, 0, 0, 0, 0, 0, 0, 0, 0, 0, 0, 0, 0, 0, 1, 0, 0, 1, 1, 1, 0, 2, 0, 5, 4, 0, 5, 11, 7, 21, 9, 6, 68, 69, 53, 411, 54, 46, 38, 15, 173, 0], "x": [896.0, 904.0, 912.0, 920.0, 928.0, 936.0, 944.0, 952.0, 960.0, 968.0, 976.0, 984.0, 992.0, 1000.0, 1008.0, 1016.0, 1024.0, 1032.0, 1040.0, 1048.0, 1056.0, 1064.0, 1072.0, 1080.0, 1088.0, 1096.0, 1104.0, 1112.0, 1120.0, 1128.0, 1136.0, 1144.0, 1152.0, 1160.0, 1168.0, 1176.0, 1184.0, 1192.0, 1200.0, 1208.0, 1216.0, 1224.0, 1232.0, 1240.0, 1248.0, 1256.0, 1264.0, 1272.0, 1280.0, 1288.0, 1296.0, 1304.0, 1312.0, 1320.0, 1328.0, 1336.0, 1344.0, 1352.0, 1360.0, 1368.0, 1376.0, 1384.0, 1392.0, 1400.0, 1408.0, 1416.0, 1424.0, 1432.0, 1440.0, 1448.0, 1456.0, 1464.0, 1472.0, 1480.0, 1488.0, 1496.0, 1504.0, 1512.0, 1520.0, 1528.0, 1536.0, 1544.0, 1552.0, 1560.0, 1568.0, 1576.0, 1584.0, 1592.0, 1600.0, 1608.0, 1616.0, 1624.0, 1632.0, 1640.0, 1648.0, 1656.0]}, "percentile": {"y": [100.0, 99.9, 99.8, 99.7, 99.6, 99.5, 99.4, 99.3, 99.1, 99.0, 98.9, 98.7, 98.6, 98.4, 98.3, 98.2, 98.1, 97.9, 97.7, 97.5, 97.2, 97.0, 96.6, 96.2, 96.1, 95.9, 95.6, 94.8, 94.7, 94.5, 93.8, 93.6, 93.3, 93.1, 92.9, 92.4, 92.3, 91.8, 91.3, 90.2, 89.2, 88.2, 86.0, 85.8, 85.5, 85.4, 85.3, 85.1, 83.6, 82.5, 80.0, 78.6, 76.3, 74.5, 74.4, 74.3, 74.1, 74.0, 73.5, 73.4, 71.6, 68.9, 65.5, 62.6, 57.4, 35.0, 33.099999999999994, 32.400000000000006, 32.3, 32.2, 31.799999999999997, 29.200000000000003, 28.799999999999997, 28.200000000000003, 27.0, 26.400000000000006, 25.299999999999997, 23.700000000000003, 23.5, 23.099999999999994, 22.900000000000006, 22.599999999999994, 22.5, 22.200000000000003, 21.900000000000006, 21.400000000000006, 20.5, 20.0, 19.5, 18.799999999999997, 18.700000000000003, 18.200000000000003, 18.0, 17.799999999999997, 17.200000000000003, 15.900000000000006, 15.099999999999994, 0.5, 0.4000000000000057, 0.29999999999999716, 0.0], "x": [896, 966, 1202, 1249, 1440, 1465, 1476, 1482, 1502, 1512, 1514, 1515, 1517, 1524, 1525, 1527, 1536, 1538, 1539, 1548, 1549, 1550, 1551, 1552, 1553, 1556, 1560, 1561, 1562, 1563, 1564, 1572, 1573, 1574, 1575, 1576, 1583, 1584, 1585, 1586, 1587, 1588, 1589, 1590, 1591, 1593, 1594, 1595, 1596, 1597, 1598, 1599, 1600, 1601, 1602, 1603, 1604, 1605, 1606, 1607, 1608, 1609, 1610, 1611, 1612, 1613, 1614, 1615, 1616, 1617, 1619, 1620, 1621, 1622, 1623, 1624, 1625, 1626, 1627, 1628, 1629, 1630, 1631, 1632, 1633, 1634, 1635, 1636, 1637, 1638, 1639, 1644, 1645, 1646, 1647, 1648, 1649, 1650, 1653, 1654, 1655]}}