{"percentile": {"x": [1502, 1514, 1525, 1536, 1539, 1571, 1572, 1573, 1585, 1586, 1589, 1596, 1598, 1599, 1600, 1601, 1609, 1611, 1613, 1620, 1624, 1631, 1649], "y": [96.8, 93.6, 90.4, 87.1, 83.9, 80.7, 77.5, 74.2, 71.0, 67.8, 61.3, 58.1, 54.9, 51.7, 45.2, 42.0, 38.8, 32.3, 9.700000000000003, 6.5, 3.299999999999997, 0.0, -3.200000000000003]}, "histogram": {"x": [1496.0, 1504.0, 1512.0, 1520.0, 1528.0, 1536.0, 1544.0, 1552.0, 1560.0, 1568.0, 1576.0, 1584.0, 1592.0, 1600.0, 1608.0, 1616.0, 1624.0, 1632.0, 1640.0, 1648.0], "y": [1, 0, 1, 1, 0, 2, 0, 0, 0, 3, 0, 4, 3, 3, 10, 1, 2, 0, 0, 1]}}