{"histogram": {"y": [3, 1, 4, 1, 21, 87, 169, 487, 174, 120, 0], "x": [1494.0, 1512.0, 1530.0, 1548.0, 1566.0, 1584.0, 1602.0, 1620.0, 1638.0, 1656.0]}, "percentile": {"y": [99.9, 99.8, 99.7, 99.6, 99.5, 99.3, 99.2, 99.1, 99.0, 98.8, 98.7, 98.6, 98.5, 98.5, 98.4, 98.3, 98.0, 97.8, 97.2, 97.0, 97.0, 96.7, 96.5, 95.8, 94.9, 94.2, 89.2, 89.1, 88.4, 87.9, 87.5, 86.7, 85.3, 85.0, 84.8, 84.2, 83.7, 83.4, 82.7, 81.9, 80.9, 79.9, 78.2, 76.5, 73.2, 72.9, 72.0, 71.4, 70.7, 70.4, 69.8, 68.7, 66.9, 64.5, 62.0, 57.6, 34.2, 33.099999999999994, 31.900000000000006, 30.400000000000006, 29.099999999999994, 28.5, 27.5, 26.0, 24.900000000000006, 23.900000000000006, 22.400000000000006, 21.599999999999994, 20.5, 19.5, 18.599999999999994, 17.599999999999994, 16.700000000000003, 16.0, 15.5, 14.599999999999994, 14.0, 13.299999999999997, 12.900000000000006, 12.299999999999997, 11.200000000000003, 10.799999999999997, 10.400000000000006, 10.099999999999994, 9.299999999999997, 8.900000000000006, 8.5, 7.599999999999994, 7.0, 6.700000000000003, 6.400000000000006, 6.299999999999997, 6.200000000000003, 2.700000000000003, 2.200000000000003, 1.9000000000000057, 1.7000000000000028, 1.2999999999999972, 0.0], "x": [1478, 1490, 1502, 1524, 1526, 1527, 1538, 1549, 1550, 1551, 1552, 1553, 1554, 1559, 1560, 1561, 1562, 1563, 1564, 1567, 1568, 1569, 1572, 1573, 1574, 1575, 1576, 1579, 1585, 1586, 1587, 1588, 1589, 1590, 1591, 1592, 1593, 1594, 1595, 1596, 1597, 1598, 1599, 1600, 1601, 1602, 1603, 1604, 1605, 1606, 1607, 1608, 1609, 1610, 1611, 1612, 1613, 1614, 1615, 1616, 1617, 1618, 1619, 1620, 1621, 1622, 1623, 1624, 1625, 1626, 1627, 1628, 1629, 1630, 1631, 1632, 1633, 1634, 1635, 1636, 1637, 1638, 1639, 1640, 1641, 1642, 1643, 1644, 1645, 1646, 1647, 1648, 1649, 1650, 1651, 1652, 1653, 1654, 1655]}}