{"percentile": {"y": [98.6, 97.2, 95.7, 94.3, 92.8, 89.9, 88.5, 87.0, 85.6, 82.7, 76.9, 75.4, 74.0, 72.5, 68.2, 66.7, 65.3, 63.8, 60.9, 59.5, 56.6, 53.7, 50.8, 49.3, 47.9, 45.0, 39.2, 37.7, 33.400000000000006, 26.099999999999994, 23.200000000000003, 21.799999999999997, 18.900000000000006, 17.400000000000006, 14.5, 13.099999999999994, 11.599999999999994, 8.700000000000003, 5.799999999999997, 4.400000000000006, 2.9000000000000057, -1.4000000000000057], "x": [1478, 1502, 1525, 1551, 1560, 1562, 1564, 1569, 1573, 1574, 1576, 1585, 1586, 1587, 1588, 1589, 1593, 1597, 1598, 1599, 1600, 1601, 1602, 1603, 1604, 1609, 1610, 1611, 1612, 1613, 1614, 1615, 1616, 1619, 1620, 1621, 1625, 1626, 1634, 1645, 1647, 1650]}, "histogram": {"y": [1, 0, 0, 1, 0, 0, 1, 0, 0, 1, 0, 4, 4, 4, 7, 5, 8, 18, 6, 3, 2, 2, 3], "x": [1472.0, 1480.0, 1488.0, 1496.0, 1504.0, 1512.0, 1520.0, 1528.0, 1536.0, 1544.0, 1552.0, 1560.0, 1568.0, 1576.0, 1584.0, 1592.0, 1600.0, 1608.0, 1616.0, 1624.0, 1632.0, 1640.0, 1648.0]}}