{"percentile": {"y": [99.9, 99.5, 99.1, 98.9, 98.8, 98.4, 98.0, 97.7, 97.3, 97.1, 96.9, 96.7, 96.2, 95.6, 95.1, 94.1, 94.0, 93.8, 93.0, 92.5, 91.4, 81.6, 81.4, 80.9, 80.5, 79.4, 78.1, 75.5, 75.0, 74.0, 73.5, 72.4, 72.0, 71.6, 70.3, 69.4, 67.8, 65.7, 62.8, 59.8, 58.9, 58.5, 56.9, 56.3, 55.8, 55.0, 53.9, 51.5, 48.0, 45.3, 39.5, 17.900000000000006, 15.900000000000006, 15.200000000000003, 13.900000000000006, 13.700000000000003, 13.0, 11.700000000000003, 10.900000000000006, 10.400000000000006, 8.900000000000006, 8.200000000000003, 7.599999999999994, 7.200000000000003, 6.900000000000006, 6.5, 6.0, 5.799999999999997, 5.400000000000006, 4.799999999999997, 4.5, 4.299999999999997, 3.9000000000000057, 3.700000000000003, 3.4000000000000057, 3.0, 2.799999999999997, 2.5999999999999943, 1.0, 0.7999999999999972, 0.4000000000000057, -0.09999999999999432], "x": [1513, 1515, 1526, 1533, 1537, 1538, 1539, 1550, 1552, 1554, 1556, 1560, 1561, 1562, 1563, 1564, 1565, 1571, 1573, 1574, 1575, 1576, 1580, 1585, 1586, 1587, 1588, 1589, 1590, 1591, 1592, 1593, 1594, 1595, 1596, 1597, 1598, 1599, 1600, 1601, 1602, 1603, 1604, 1605, 1606, 1607, 1608, 1609, 1610, 1611, 1612, 1613, 1615, 1616, 1617, 1618, 1619, 1620, 1621, 1622, 1623, 1624, 1625, 1626, 1627, 1628, 1629, 1630, 1631, 1632, 1633, 1634, 1636, 1637, 1640, 1641, 1645, 1649, 1650, 1651, 1654, 1655]}, "histogram": {"y": [5, 6, 22, 68, 117, 254, 50, 21, 0], "x": [1530.0, 1548.0, 1566.0, 1584.0, 1602.0, 1620.0, 1638.0, 1656.0]}}