{"percentile": {"x": [1563, 1576, 1586, 1588, 1589, 1590, 1597, 1598, 1600, 1605, 1609, 1610, 1611, 1613, 1614, 1618, 1620, 1623, 1625, 1626, 1637, 1650], "y": [97.7, 95.4, 93.1, 90.7, 88.4, 86.1, 83.8, 81.4, 79.1, 76.8, 72.1, 69.8, 65.2, 37.3, 34.900000000000006, 32.599999999999994, 30.299999999999997, 28.0, 25.599999999999994, 23.299999999999997, 21.0, -2.299999999999997]}, "histogram": {"x": [1560.0, 1568.0, 1576.0, 1584.0, 1592.0, 1600.0, 1608.0, 1616.0, 1624.0, 1632.0, 1640.0, 1648.0], "y": [1, 0, 1, 4, 2, 2, 18, 3, 2, 1, 0, 10]}}