{"percentile": {"x": [480, 720, 901, 968, 1002, 1103, 1125, 1150, 1189, 1192, 1195, 1212, 1220, 1223, 1257, 1272, 1296, 1329, 1368, 1386, 1392, 1397, 1407, 1422, 1429, 1437, 1441, 1452, 1453, 1465, 1477, 1478, 1482, 1484, 1489, 1490, 1493, 1500, 1501, 1502, 1512, 1513, 1514, 1515, 1516, 1517, 1518, 1519, 1520, 1521, 1522, 1523, 1524, 1525, 1526, 1527, 1531, 1534, 1536, 1537, 1538, 1539, 1541, 1548, 1549, 1550, 1551, 1552, 1553, 1554, 1555, 1556, 1558, 1559, 1560, 1561, 1562, 1563, 1564, 1566, 1570, 1571, 1572, 1573, 1574, 1575, 1576, 1578, 1581, 1584, 1585, 1586, 1587, 1588, 1589, 1590, 1591, 1592, 1593, 1595, 1596, 1597, 1598, 1599, 1600, 1601, 1603, 1604, 1605, 1607, 1608, 1609, 1610, 1611, 1612, 1613, 1615, 1619, 1620, 1623, 1624, 1625, 1629, 1630, 1631, 1637, 1638, 1650, 1655], "y": [99.9, 99.6, 99.4, 99.3, 99.1, 99.0, 98.8, 98.7, 98.5, 98.4, 98.2, 98.1, 97.9, 97.7, 97.6, 97.4, 97.3, 97.1, 97.0, 96.8, 96.5, 96.4, 96.2, 96.1, 95.9, 95.8, 95.6, 95.4, 94.8, 93.1, 93.0, 91.8, 91.5, 91.3, 90.5, 89.5, 89.2, 89.0, 88.2, 85.9, 85.8, 84.6, 83.3, 81.2, 80.9, 80.7, 80.4, 80.1, 80.0, 79.7, 79.3, 79.0, 78.3, 76.9, 76.0, 74.6, 74.3, 74.1, 73.5, 72.7, 72.1, 70.0, 69.8, 69.5, 68.5, 65.7, 63.4, 60.3, 59.6, 59.4, 59.3, 58.6, 58.2, 57.7, 55.4, 53.1, 51.0, 48.8, 46.2, 46.1, 45.9, 45.6, 45.1, 44.1, 43.0, 42.4, 41.9, 41.8, 41.6, 41.0, 38.9, 35.599999999999994, 33.0, 31.0, 29.0, 28.700000000000003, 28.599999999999994, 28.400000000000006, 28.099999999999994, 27.5, 24.900000000000006, 23.700000000000003, 22.0, 19.799999999999997, 17.200000000000003, 15.700000000000003, 14.900000000000006, 14.5, 14.299999999999997, 13.700000000000003, 12.5, 11.599999999999994, 9.700000000000003, 7.900000000000006, 5.900000000000006, 2.5, 2.200000000000003, 2.0, 1.5999999999999943, 1.4000000000000057, 1.2999999999999972, 1.0999999999999943, 1.0, 0.7999999999999972, 0.7000000000000028, 0.5, 0.4000000000000057, 0.0, -0.09999999999999432]}, "histogram": {"x": [486.0, 504.0, 522.0, 540.0, 558.0, 576.0, 594.0, 612.0, 630.0, 648.0, 666.0, 684.0, 702.0, 720.0, 738.0, 756.0, 774.0, 792.0, 810.0, 828.0, 846.0, 864.0, 882.0, 900.0, 918.0, 936.0, 954.0, 972.0, 990.0, 1008.0, 1026.0, 1044.0, 1062.0, 1080.0, 1098.0, 1116.0, 1134.0, 1152.0, 1170.0, 1188.0, 1206.0, 1224.0, 1242.0, 1260.0, 1278.0, 1296.0, 1314.0, 1332.0, 1350.0, 1368.0, 1386.0, 1404.0, 1422.0, 1440.0, 1458.0, 1476.0, 1494.0, 1512.0, 1530.0, 1548.0, 1566.0, 1584.0, 1602.0, 1620.0, 1638.0, 1656.0], "y": [1, 0, 0, 0, 0, 0, 0, 0, 0, 0, 0, 0, 0, 0, 2, 0, 0, 0, 0, 0, 0, 0, 0, 0, 1, 0, 0, 1, 0, 1, 0, 0, 0, 0, 0, 1, 1, 1, 0, 0, 3, 3, 0, 1, 1, 0, 1, 1, 0, 0, 1, 4, 1, 3, 6, 11, 26, 21, 74, 31, 154, 30, 169, 89, 10, 4, 0]}}