{"histogram": {"y": [1, 1, 1, 2, 1, 0, 7, 5, 6, 47, 6, 6, 1, 7, 3, 0], "x": [1536.0, 1544.0, 1552.0, 1560.0, 1568.0, 1576.0, 1584.0, 1592.0, 1600.0, 1608.0, 1616.0, 1624.0, 1632.0, 1640.0, 1648.0, 1656.0]}, "percentile": {"y": [99.0, 97.9, 96.8, 95.7, 94.7, 93.6, 92.5, 91.4, 88.2, 86.1, 85.0, 83.9, 82.8, 80.7, 78.5, 76.4, 75.3, 74.2, 71.0, 66.7, 64.6, 60.3, 54.9, 25.900000000000006, 23.700000000000003, 21.599999999999994, 19.400000000000006, 18.299999999999997, 17.299999999999997, 15.099999999999994, 14.0, 13.0, 10.799999999999997, 9.700000000000003, 7.599999999999994, 6.5, 3.299999999999997, 2.200000000000003, 0.0, -1.0], "x": [1539, 1549, 1552, 1562, 1563, 1568, 1584, 1588, 1589, 1591, 1592, 1593, 1594, 1598, 1600, 1601, 1602, 1603, 1608, 1609, 1610, 1611, 1612, 1613, 1615, 1616, 1617, 1620, 1621, 1624, 1626, 1629, 1630, 1632, 1640, 1641, 1643, 1646, 1650, 1654]}}