{"percentile": {"x": [967, 1165, 1167, 1198, 1201, 1274, 1332, 1346, 1356, 1390, 1391, 1400, 1441, 1449, 1453, 1465, 1477, 1478, 1481, 1488, 1489, 1490, 1492, 1501, 1502, 1505, 1510, 1513, 1514, 1515, 1517, 1518, 1519, 1520, 1521, 1522, 1523, 1524, 1525, 1526, 1527, 1536, 1537, 1538, 1539, 1548, 1549, 1550, 1551, 1552, 1553, 1554, 1557, 1558, 1559, 1560, 1561, 1562, 1563, 1564, 1567, 1572, 1574, 1575, 1576, 1585, 1586, 1587, 1588, 1589, 1593, 1595, 1596, 1597, 1598, 1599, 1600, 1601, 1603, 1606, 1607, 1608, 1609, 1610, 1611, 1612, 1613, 1614, 1615, 1619, 1620, 1650], "y": [99.7, 99.4, 99.1, 98.8, 98.5, 98.2, 97.8, 97.5, 97.2, 96.9, 96.6, 96.3, 96.0, 95.6, 95.0, 91.2, 90.3, 89.7, 89.4, 89.0, 87.8, 85.6, 85.3, 84.6, 82.8, 82.4, 82.1, 81.5, 78.7, 76.8, 76.2, 75.8, 75.5, 74.9, 74.6, 74.3, 73.6, 70.8, 69.2, 66.1, 64.8, 64.5, 63.9, 63.3, 61.7, 61.1, 58.9, 54.8, 50.7, 46.0, 45.6, 45.3, 45.0, 44.7, 44.4, 43.4, 41.6, 38.4, 37.2, 35.900000000000006, 35.599999999999994, 35.3, 34.599999999999994, 34.0, 31.799999999999997, 30.200000000000003, 29.0, 25.799999999999997, 23.0, 20.200000000000003, 19.900000000000006, 19.5, 18.599999999999994, 17.700000000000003, 17.0, 14.200000000000003, 12.900000000000006, 11.099999999999994, 10.400000000000006, 10.099999999999994, 9.799999999999997, 9.200000000000003, 8.200000000000003, 7.599999999999994, 5.700000000000003, 4.099999999999994, 2.299999999999997, 1.9000000000000057, 1.5999999999999943, 1.2999999999999972, 1.0, -0.29999999999999716]}, "histogram": {"x": [960.0, 968.0, 976.0, 984.0, 992.0, 1000.0, 1008.0, 1016.0, 1024.0, 1032.0, 1040.0, 1048.0, 1056.0, 1064.0, 1072.0, 1080.0, 1088.0, 1096.0, 1104.0, 1112.0, 1120.0, 1128.0, 1136.0, 1144.0, 1152.0, 1160.0, 1168.0, 1176.0, 1184.0, 1192.0, 1200.0, 1208.0, 1216.0, 1224.0, 1232.0, 1240.0, 1248.0, 1256.0, 1264.0, 1272.0, 1280.0, 1288.0, 1296.0, 1304.0, 1312.0, 1320.0, 1328.0, 1336.0, 1344.0, 1352.0, 1360.0, 1368.0, 1376.0, 1384.0, 1392.0, 1400.0, 1408.0, 1416.0, 1424.0, 1432.0, 1440.0, 1448.0, 1456.0, 1464.0, 1472.0, 1480.0, 1488.0, 1496.0, 1504.0, 1512.0, 1520.0, 1528.0, 1536.0, 1544.0, 1552.0, 1560.0, 1568.0, 1576.0, 1584.0, 1592.0, 1600.0, 1608.0, 1616.0, 1624.0, 1632.0, 1640.0, 1648.0], "y": [1, 0, 0, 0, 0, 0, 0, 0, 0, 0, 0, 0, 0, 0, 0, 0, 0, 0, 0, 0, 0, 0, 0, 0, 0, 2, 0, 0, 0, 1, 1, 0, 0, 0, 0, 0, 0, 0, 0, 1, 0, 0, 0, 0, 0, 0, 1, 0, 1, 1, 0, 0, 0, 2, 0, 1, 0, 0, 0, 0, 1, 3, 0, 12, 5, 1, 13, 8, 2, 21, 34, 0, 10, 35, 20, 28, 5, 7, 37, 19, 14, 26, 2, 0, 0, 0, 4]}}