{"percentile": {"x": [1202, 1216, 1502, 1513, 1514, 1515, 1526, 1539, 1549, 1550, 1551, 1552, 1558, 1560, 1563, 1573, 1574, 1576, 1584, 1585, 1586, 1588, 1589, 1593, 1595, 1596, 1598, 1599, 1600, 1608, 1610, 1611, 1612, 1613, 1620, 1621, 1650], "y": [98.2, 96.4, 94.6, 92.8, 91.0, 87.3, 85.5, 81.9, 80.0, 78.2, 76.4, 72.8, 71.0, 69.1, 63.7, 61.9, 56.4, 52.8, 49.1, 45.5, 41.9, 40.0, 34.599999999999994, 32.8, 31.0, 29.099999999999994, 27.299999999999997, 21.900000000000006, 18.200000000000003, 14.599999999999994, 12.799999999999997, 11.0, 5.5, 3.700000000000003, 1.9000000000000057, 0.0, -1.7999999999999972]}, "histogram": {"x": [1200.0, 1208.0, 1216.0, 1224.0, 1232.0, 1240.0, 1248.0, 1256.0, 1264.0, 1272.0, 1280.0, 1288.0, 1296.0, 1304.0, 1312.0, 1320.0, 1328.0, 1336.0, 1344.0, 1352.0, 1360.0, 1368.0, 1376.0, 1384.0, 1392.0, 1400.0, 1408.0, 1416.0, 1424.0, 1432.0, 1440.0, 1448.0, 1456.0, 1464.0, 1472.0, 1480.0, 1488.0, 1496.0, 1504.0, 1512.0, 1520.0, 1528.0, 1536.0, 1544.0, 1552.0, 1560.0, 1568.0, 1576.0, 1584.0, 1592.0, 1600.0, 1608.0, 1616.0, 1624.0, 1632.0, 1640.0, 1648.0, 1656.0], "y": [1, 0, 1, 0, 0, 0, 0, 0, 0, 0, 0, 0, 0, 0, 0, 0, 0, 0, 0, 0, 0, 0, 0, 0, 0, 0, 0, 0, 0, 0, 0, 0, 0, 0, 0, 0, 0, 1, 0, 4, 1, 0, 2, 3, 3, 4, 4, 2, 10, 7, 2, 8, 2, 0, 0, 0, 1, 0]}}