{"histogram": {"x": [1448.0, 1456.0, 1464.0, 1472.0, 1480.0, 1488.0, 1496.0, 1504.0, 1512.0, 1520.0, 1528.0, 1536.0, 1544.0, 1552.0, 1560.0, 1568.0, 1576.0, 1584.0, 1592.0, 1600.0, 1608.0, 1616.0, 1624.0, 1632.0, 1640.0, 1648.0], "y": [1, 0, 0, 0, 0, 1, 0, 0, 2, 3, 0, 0, 7, 3, 5, 2, 2, 12, 14, 11, 48, 4, 3, 3, 3, 8]}, "percentile": {"x": [1455, 1490, 1513, 1516, 1526, 1527, 1549, 1550, 1551, 1552, 1558, 1561, 1562, 1563, 1564, 1570, 1575, 1576, 1584, 1585, 1586, 1587, 1588, 1589, 1596, 1597, 1598, 1599, 1600, 1601, 1602, 1605, 1607, 1608, 1609, 1610, 1611, 1612, 1613, 1614, 1620, 1622, 1623, 1625, 1626, 1628, 1633, 1646, 1647, 1648, 1650], "y": [99.3, 98.5, 97.8, 97.0, 96.2, 94.7, 92.4, 90.1, 89.4, 87.8, 87.1, 85.5, 84.8, 84.0, 83.3, 82.5, 81.7, 80.2, 79.4, 78.7, 76.4, 74.1, 73.3, 71.0, 70.3, 69.5, 64.2, 60.4, 59.6, 54.2, 53.5, 52.7, 52.0, 48.9, 47.4, 45.9, 41.3, 35.900000000000006, 16.799999999999997, 15.299999999999997, 13.799999999999997, 13.0, 12.299999999999997, 11.5, 10.700000000000003, 10.0, 7.700000000000003, 6.900000000000006, 5.400000000000006, 4.599999999999994, -0.7000000000000028]}}