{"percentile": {"x": [234, 258, 479, 480, 719, 720, 927, 956, 960, 985, 1002, 1012, 1016, 1026, 1042, 1073, 1074, 1084, 1101, 1107, 1112, 1125, 1150, 1180, 1192, 1193, 1199, 1214, 1230, 1237, 1258, 1265, 1275, 1276, 1284, 1287, 1295, 1307, 1308, 1332, 1338, 1350, 1357, 1358, 1362, 1377, 1398, 1399, 1400, 1410, 1413, 1414, 1418, 1420, 1422, 1428, 1429, 1433, 1440, 1441, 1447, 1453, 1462, 1464, 1465, 1477, 1478, 1479, 1480, 1481, 1482, 1483, 1484, 1488, 1489, 1490, 1492, 1499, 1500, 1501, 1502, 1503, 1512, 1513, 1514, 1515, 1516, 1517, 1518, 1520, 1521, 1522, 1523, 1524, 1525, 1526, 1527, 1528, 1529, 1530, 1531, 1533, 1534, 1535, 1536, 1537, 1538, 1539, 1540, 1541, 1542, 1543, 1544, 1545, 1546, 1547, 1548, 1549, 1550, 1551, 1552, 1553, 1554, 1555, 1556, 1557, 1558, 1559, 1560, 1561, 1562, 1563, 1564, 1565, 1566, 1567, 1568, 1569, 1570, 1571, 1572, 1573, 1574, 1575, 1576, 1578, 1582, 1583, 1584, 1585, 1586, 1587, 1588, 1589, 1590, 1591, 1592, 1593, 1594, 1595, 1596, 1597, 1598, 1599, 1600, 1601, 1602, 1603, 1604, 1605, 1606, 1607, 1608, 1609, 1610, 1611, 1612, 1613, 1614, 1615, 1617, 1618, 1619, 1620, 1621, 1622, 1623, 1624, 1625, 1626, 1630, 1632, 1634, 1635, 1636, 1646, 1649, 1650, 1653, 1655], "y": [100.0, 100.0, 99.9, 99.8, 99.8, 99.7, 99.7, 99.7, 99.6, 99.6, 99.5, 99.5, 99.5, 99.4, 99.4, 99.3, 99.3, 99.3, 99.2, 99.2, 99.2, 99.1, 99.1, 99.1, 99.0, 99.0, 99.0, 98.9, 98.9, 98.9, 98.8, 98.8, 98.8, 98.7, 98.7, 98.7, 98.6, 98.6, 98.6, 98.5, 98.5, 98.4, 98.4, 98.3, 98.3, 98.2, 98.2, 98.2, 98.1, 98.1, 98.1, 98.0, 98.0, 98.0, 97.9, 97.9, 97.8, 97.8, 97.8, 97.6, 97.6, 97.4, 97.3, 97.3, 95.7, 94.8, 93.9, 93.8, 93.7, 93.6, 93.6, 93.5, 93.5, 93.3, 92.6, 91.9, 91.8, 91.8, 91.5, 90.7, 88.5, 88.4, 88.3, 87.3, 85.3, 83.8, 83.5, 83.4, 83.2, 83.1, 83.1, 83.0, 82.9, 82.0, 80.6, 79.0, 77.5, 77.5, 77.4, 77.4, 77.3, 77.3, 77.2, 77.2, 76.9, 75.6, 74.3, 72.5, 72.4, 72.3, 72.3, 72.3, 72.2, 72.2, 72.2, 72.1, 71.9, 70.0, 67.7, 65.2, 61.8, 61.6, 61.2, 60.7, 60.5, 60.3, 59.9, 59.5, 57.8, 55.8, 53.0, 50.8, 47.8, 47.7, 47.5, 47.4, 47.3, 47.3, 47.2, 47.1, 46.6, 45.6, 44.4, 43.6, 42.1, 42.1, 42.0, 41.9, 41.4, 39.5, 37.4, 34.599999999999994, 32.0, 28.400000000000006, 28.099999999999994, 27.900000000000006, 27.700000000000003, 27.400000000000006, 27.099999999999994, 26.900000000000006, 25.200000000000003, 23.599999999999994, 21.700000000000003, 19.400000000000006, 17.599999999999994, 15.900000000000006, 15.700000000000003, 15.5, 15.299999999999997, 15.0, 14.799999999999997, 14.599999999999994, 13.400000000000006, 12.299999999999997, 10.900000000000006, 9.299999999999997, 7.700000000000003, 3.0999999999999943, 2.799999999999997, 2.799999999999997, 2.700000000000003, 2.5999999999999943, 2.5999999999999943, 2.200000000000003, 2.200000000000003, 2.0999999999999943, 2.0, 1.7999999999999972, 1.7000000000000028, 1.5, 1.5, 1.4000000000000057, 1.4000000000000057, 1.4000000000000057, 1.2999999999999972, 1.2999999999999972, 1.2000000000000028, 0.20000000000000284, 0.20000000000000284, 0.0]}, "histogram": {"x": [252.0, 270.0, 288.0, 306.0, 324.0, 342.0, 360.0, 378.0, 396.0, 414.0, 432.0, 450.0, 468.0, 486.0, 504.0, 522.0, 540.0, 558.0, 576.0, 594.0, 612.0, 630.0, 648.0, 666.0, 684.0, 702.0, 720.0, 738.0, 756.0, 774.0, 792.0, 810.0, 828.0, 846.0, 864.0, 882.0, 900.0, 918.0, 936.0, 954.0, 972.0, 990.0, 1008.0, 1026.0, 1044.0, 1062.0, 1080.0, 1098.0, 1116.0, 1134.0, 1152.0, 1170.0, 1188.0, 1206.0, 1224.0, 1242.0, 1260.0, 1278.0, 1296.0, 1314.0, 1332.0, 1350.0, 1368.0, 1386.0, 1404.0, 1422.0, 1440.0, 1458.0, 1476.0, 1494.0, 1512.0, 1530.0, 1548.0, 1566.0, 1584.0, 1602.0, 1620.0, 1638.0, 1656.0], "y": [1, 1, 0, 0, 0, 0, 0, 0, 0, 0, 0, 0, 0, 4, 0, 0, 0, 0, 0, 0, 0, 0, 0, 0, 0, 0, 1, 2, 0, 0, 0, 0, 0, 0, 0, 0, 0, 0, 1, 0, 3, 1, 1, 2, 2, 0, 3, 1, 3, 1, 1, 0, 1, 3, 1, 2, 1, 3, 3, 2, 0, 3, 5, 1, 3, 5, 5, 13, 50, 114, 99, 325, 155, 720, 169, 765, 394, 37, 38, 0]}}