{"histogram": {"x": [738.0, 756.0, 774.0, 792.0, 810.0, 828.0, 846.0, 864.0, 882.0, 900.0, 918.0, 936.0, 954.0, 972.0, 990.0, 1008.0, 1026.0, 1044.0, 1062.0, 1080.0, 1098.0, 1116.0, 1134.0, 1152.0, 1170.0, 1188.0, 1206.0, 1224.0, 1242.0, 1260.0, 1278.0, 1296.0, 1314.0, 1332.0, 1350.0, 1368.0, 1386.0, 1404.0, 1422.0, 1440.0, 1458.0, 1476.0, 1494.0, 1512.0, 1530.0, 1548.0, 1566.0, 1584.0, 1602.0, 1620.0, 1638.0, 1656.0], "y": [2, 0, 1, 0, 0, 0, 0, 0, 0, 0, 0, 0, 0, 0, 0, 1, 2, 0, 1, 1, 0, 0, 1, 0, 1, 1, 1, 0, 0, 1, 1, 2, 1, 0, 2, 2, 1, 1, 0, 2, 7, 6, 22, 11, 38, 13, 89, 20, 79, 29, 4, 4, 0]}, "percentile": {"x": [720, 773, 996, 1011, 1022, 1050, 1074, 1126, 1153, 1170, 1193, 1250, 1272, 1290, 1292, 1302, 1348, 1349, 1355, 1367, 1384, 1399, 1423, 1428, 1441, 1453, 1465, 1476, 1477, 1478, 1480, 1482, 1487, 1489, 1490, 1500, 1501, 1502, 1513, 1514, 1515, 1516, 1523, 1524, 1525, 1526, 1527, 1531, 1535, 1537, 1538, 1539, 1540, 1549, 1550, 1551, 1552, 1554, 1555, 1558, 1560, 1561, 1562, 1563, 1564, 1566, 1568, 1570, 1573, 1574, 1575, 1576, 1584, 1585, 1586, 1587, 1588, 1589, 1590, 1591, 1593, 1594, 1595, 1596, 1597, 1598, 1599, 1600, 1601, 1602, 1603, 1606, 1607, 1608, 1609, 1610, 1611, 1613, 1620, 1625, 1645, 1650], "y": [99.5, 99.2, 98.9, 98.6, 98.3, 98.0, 97.7, 97.4, 97.2, 96.9, 96.6, 96.3, 96.0, 95.7, 95.4, 95.1, 94.8, 94.6, 94.3, 94.0, 93.7, 93.4, 93.1, 92.8, 92.0, 90.8, 89.1, 88.8, 88.2, 86.8, 86.5, 86.2, 85.9, 85.0, 82.7, 82.1, 80.7, 79.5, 79.2, 77.2, 76.1, 75.5, 75.2, 74.3, 73.2, 70.9, 68.5, 68.3, 68.0, 66.8, 65.9, 65.1, 64.8, 61.6, 59.0, 55.8, 51.2, 50.9, 50.3, 49.8, 47.4, 45.7, 44.0, 40.2, 39.1, 38.5, 38.2, 37.6, 35.0, 34.7, 34.400000000000006, 33.3, 33.0, 31.0, 29.0, 27.200000000000003, 25.200000000000003, 22.599999999999994, 22.299999999999997, 21.700000000000003, 21.400000000000006, 20.599999999999994, 20.0, 17.099999999999994, 15.900000000000006, 13.599999999999994, 12.200000000000003, 11.299999999999997, 10.5, 10.200000000000003, 9.599999999999994, 9.0, 8.700000000000003, 7.599999999999994, 7.0, 5.299999999999997, 4.099999999999994, 2.0999999999999943, 1.2000000000000028, 0.9000000000000057, 0.5999999999999943, -0.20000000000000284]}}