{"histogram": {"x": [1206.0, 1224.0, 1242.0, 1260.0, 1278.0, 1296.0, 1314.0, 1332.0, 1350.0, 1368.0, 1386.0, 1404.0, 1422.0, 1440.0, 1458.0, 1476.0, 1494.0, 1512.0, 1530.0, 1548.0, 1566.0, 1584.0, 1602.0, 1620.0, 1638.0], "y": [1, 1, 1, 0, 0, 0, 0, 0, 0, 0, 0, 0, 0, 0, 3, 2, 3, 7, 24, 7, 58, 3, 68, 35, 6, 4]}, "percentile": {"x": [1204, 1210, 1231, 1453, 1465, 1478, 1482, 1490, 1500, 1501, 1502, 1513, 1514, 1515, 1521, 1524, 1525, 1526, 1527, 1533, 1537, 1539, 1549, 1550, 1551, 1552, 1554, 1557, 1558, 1559, 1560, 1561, 1562, 1563, 1564, 1573, 1575, 1576, 1584, 1585, 1586, 1587, 1588, 1589, 1590, 1593, 1595, 1596, 1597, 1598, 1599, 1600, 1601, 1602, 1604, 1606, 1607, 1608, 1609, 1610, 1611, 1612, 1613, 1614, 1618, 1620, 1623, 1625, 1633, 1638, 1650], "y": [99.6, 99.1, 98.7, 97.3, 96.4, 96.0, 95.5, 95.1, 94.2, 93.7, 91.9, 91.5, 89.7, 88.8, 88.3, 86.5, 85.2, 82.0, 81.1, 80.7, 80.2, 78.0, 77.1, 74.4, 71.7, 69.9, 69.4, 69.0, 68.5, 68.1, 65.4, 60.9, 57.7, 55.5, 51.9, 51.4, 51.0, 50.5, 49.6, 46.9, 45.1, 41.0, 37.0, 33.8, 33.400000000000006, 32.5, 32.0, 30.700000000000003, 28.0, 25.700000000000003, 23.0, 21.200000000000003, 19.900000000000006, 19.400000000000006, 19.0, 18.5, 18.099999999999994, 16.700000000000003, 14.900000000000006, 12.700000000000003, 12.200000000000003, 10.400000000000006, 5.5, 4.599999999999994, 4.099999999999994, 2.799999999999997, 2.299999999999997, 1.9000000000000057, 1.4000000000000057, 1.0, -0.4000000000000057]}}