{"percentile": {"x": [1294, 1338, 1439, 1525, 1539, 1549, 1550, 1552, 1560, 1561, 1562, 1564, 1575, 1576, 1583, 1584, 1585, 1586, 1587, 1588, 1589, 1595, 1596, 1597, 1598, 1599, 1600, 1601, 1603, 1609, 1610, 1611, 1612, 1613, 1619, 1620, 1622, 1623, 1632, 1634, 1635, 1647, 1650], "y": [99.0, 98.0, 96.9, 95.9, 92.8, 90.7, 89.6, 87.5, 86.5, 84.4, 83.4, 82.3, 81.3, 79.2, 78.2, 77.1, 75.0, 74.0, 73.0, 67.8, 66.7, 65.7, 63.6, 62.5, 56.3, 53.2, 52.1, 51.1, 50.0, 49.0, 45.9, 44.8, 39.6, 16.700000000000003, 15.700000000000003, 14.599999999999994, 13.599999999999994, 12.5, 11.5, 10.5, 9.400000000000006, 8.400000000000006, -1.0]}, "histogram": {"x": [1288.0, 1296.0, 1304.0, 1312.0, 1320.0, 1328.0, 1336.0, 1344.0, 1352.0, 1360.0, 1368.0, 1376.0, 1384.0, 1392.0, 1400.0, 1408.0, 1416.0, 1424.0, 1432.0, 1440.0, 1448.0, 1456.0, 1464.0, 1472.0, 1480.0, 1488.0, 1496.0, 1504.0, 1512.0, 1520.0, 1528.0, 1536.0, 1544.0, 1552.0, 1560.0, 1568.0, 1576.0, 1584.0, 1592.0, 1600.0, 1608.0, 1616.0, 1624.0, 1632.0, 1640.0, 1648.0], "y": [1, 0, 0, 0, 0, 0, 1, 0, 0, 0, 0, 0, 0, 0, 0, 0, 0, 0, 1, 0, 0, 0, 0, 0, 0, 0, 0, 0, 0, 1, 0, 3, 3, 2, 5, 1, 3, 11, 13, 3, 32, 4, 0, 3, 1, 9]}}