{"percentile": {"x": [1502, 1525, 1561, 1562, 1563, 1564, 1573, 1575, 1576, 1585, 1586, 1587, 1592, 1594, 1595, 1596, 1597, 1598, 1599, 1600, 1601, 1609, 1610, 1611, 1612, 1613, 1621, 1622, 1625, 1626, 1629, 1647, 1650], "y": [97.2, 95.8, 94.3, 92.9, 91.5, 90.0, 88.6, 87.2, 80.0, 78.6, 75.8, 74.3, 72.9, 71.5, 70.0, 67.2, 64.3, 62.9, 60.0, 55.8, 52.9, 51.5, 41.5, 38.6, 32.900000000000006, 17.200000000000003, 15.799999999999997, 14.299999999999997, 12.900000000000006, 11.5, 10.0, 8.599999999999994, -1.4000000000000057]}, "histogram": {"x": [1512.0, 1530.0, 1548.0, 1566.0, 1584.0, 1602.0, 1620.0, 1638.0, 1656.0], "y": [2, 1, 0, 4, 7, 19, 25, 5, 8, 0]}}