{"percentile": {"x": [1453, 1465, 1478, 1513, 1515, 1516, 1518, 1521, 1524, 1525, 1527, 1536, 1537, 1549, 1551, 1552, 1554, 1559, 1560, 1562, 1563, 1574, 1576, 1580, 1584, 1585, 1586, 1587, 1588, 1589, 1597, 1598, 1599, 1600, 1601, 1602, 1608, 1609, 1610, 1611, 1612, 1613, 1622, 1634, 1645, 1649], "y": [99.1, 98.2, 97.3, 96.4, 95.5, 94.6, 93.7, 92.8, 91.9, 91.0, 90.0, 89.1, 88.2, 87.3, 84.6, 83.7, 82.8, 81.0, 80.0, 78.2, 75.5, 72.8, 71.0, 70.0, 68.2, 67.3, 63.7, 56.4, 50.0, 46.4, 42.8, 41.0, 39.1, 32.8, 29.099999999999994, 28.200000000000003, 26.400000000000006, 25.5, 21.0, 17.299999999999997, 13.700000000000003, 2.799999999999997, 1.9000000000000057, 1.0, 0.0, -0.9000000000000057]}, "histogram": {"x": [1448.0, 1456.0, 1464.0, 1472.0, 1480.0, 1488.0, 1496.0, 1504.0, 1512.0, 1520.0, 1528.0, 1536.0, 1544.0, 1552.0, 1560.0, 1568.0, 1576.0, 1584.0, 1592.0, 1600.0, 1608.0, 1616.0, 1624.0, 1632.0, 1640.0, 1648.0], "y": [1, 0, 1, 1, 0, 0, 0, 0, 4, 4, 0, 2, 4, 4, 6, 3, 3, 26, 8, 12, 28, 1, 0, 1, 1, 1]}}