{"percentile": {"y": [98.6, 97.1, 95.6, 94.1, 89.6, 88.1, 85.1, 83.6, 80.6, 77.7, 76.2, 70.2, 67.2, 65.7, 64.2, 59.8, 53.8, 44.8, 41.8, 40.3, 38.9, 37.4, 32.900000000000006, 31.400000000000006, 28.400000000000006, 25.400000000000006, 23.900000000000006, 19.5, 18.0, 15.0, 13.5, 10.5, 9.0, 7.5, 4.5, 3.0, 1.5, -1.4000000000000057], "x": [1465, 1488, 1489, 1502, 1515, 1524, 1525, 1526, 1537, 1538, 1539, 1549, 1551, 1552, 1556, 1560, 1561, 1562, 1564, 1572, 1581, 1585, 1586, 1587, 1588, 1589, 1592, 1596, 1598, 1600, 1601, 1608, 1610, 1611, 1613, 1614, 1620, 1650]}, "histogram": {"y": [1, 0, 0, 2, 1, 0, 3, 4, 0, 5, 6, 2, 15, 1, 1, 9, 5, 3, 7, 1, 0, 0, 0, 2, 0], "x": [1464.0, 1472.0, 1480.0, 1488.0, 1496.0, 1504.0, 1512.0, 1520.0, 1528.0, 1536.0, 1544.0, 1552.0, 1560.0, 1568.0, 1576.0, 1584.0, 1592.0, 1600.0, 1608.0, 1616.0, 1624.0, 1632.0, 1640.0, 1648.0, 1656.0]}}