{"percentile": {"y": [99.7, 99.3, 98.9, 98.5, 98.1, 97.8, 97.4, 97.0, 96.6, 96.2, 95.8, 95.5, 93.2, 90.1, 89.7, 88.6, 86.6, 85.9, 83.2, 82.8, 81.7, 79.0, 77.1, 76.3, 75.9, 74.8, 73.2, 71.3, 70.2, 69.8, 69.4, 68.2, 64.8, 63.7, 62.9, 61.0, 59.4, 55.6, 54.8, 54.5, 53.3, 52.9, 52.2, 49.9, 47.9, 45.3, 41.4, 39.5, 38.7, 36.4, 34.900000000000006, 34.5, 33.0, 31.900000000000006, 29.200000000000003, 26.5, 24.599999999999994, 22.299999999999997, 21.099999999999994, 20.700000000000003, 18.799999999999997, 16.900000000000006, 15.400000000000006, 12.700000000000003, 11.900000000000006, 10.799999999999997, 10.400000000000006, 10.0, 9.599999999999994, 9.200000000000003, 8.5, 7.299999999999997, 6.900000000000006, 5.0, 2.0, 1.5999999999999943, 1.2000000000000028, 0.7999999999999972, -0.29999999999999716], "x": [456, 814, 1007, 1119, 1139, 1149, 1240, 1270, 1392, 1394, 1416, 1439, 1453, 1465, 1478, 1489, 1490, 1501, 1502, 1512, 1513, 1514, 1515, 1517, 1519, 1524, 1525, 1526, 1527, 1536, 1537, 1538, 1539, 1548, 1549, 1550, 1551, 1552, 1554, 1555, 1556, 1558, 1559, 1560, 1561, 1562, 1563, 1564, 1572, 1573, 1574, 1575, 1576, 1585, 1586, 1587, 1588, 1589, 1590, 1593, 1596, 1597, 1598, 1599, 1600, 1601, 1602, 1605, 1607, 1608, 1609, 1610, 1611, 1612, 1613, 1614, 1616, 1638, 1650]}, "histogram": {"y": [1, 0, 0, 0, 0, 0, 0, 0, 0, 0, 0, 0, 0, 0, 0, 0, 0, 0, 0, 0, 0, 0, 0, 0, 0, 0, 0, 0, 0, 0, 0, 0, 0, 0, 0, 0, 0, 0, 0, 0, 0, 0, 0, 0, 1, 0, 0, 0, 0, 0, 0, 0, 0, 0, 0, 0, 0, 0, 0, 0, 0, 0, 0, 0, 0, 0, 0, 0, 1, 0, 0, 0, 0, 0, 0, 0, 0, 0, 0, 0, 0, 0, 1, 0, 0, 1, 1, 0, 0, 0, 0, 0, 0, 0, 0, 0, 0, 0, 1, 0, 0, 1, 0, 0, 0, 0, 0, 0, 0, 0, 0, 0, 0, 0, 0, 0, 0, 2, 0, 0, 1, 0, 1, 0, 6, 0, 8, 1, 0, 8, 9, 0, 19, 15, 0, 14, 14, 19, 33, 13, 4, 31, 22, 8, 21, 1, 0, 1, 0, 3, 0], "x": [456.0, 464.0, 472.0, 480.0, 488.0, 496.0, 504.0, 512.0, 520.0, 528.0, 536.0, 544.0, 552.0, 560.0, 568.0, 576.0, 584.0, 592.0, 600.0, 608.0, 616.0, 624.0, 632.0, 640.0, 648.0, 656.0, 664.0, 672.0, 680.0, 688.0, 696.0, 704.0, 712.0, 720.0, 728.0, 736.0, 744.0, 752.0, 760.0, 768.0, 776.0, 784.0, 792.0, 800.0, 808.0, 816.0, 824.0, 832.0, 840.0, 848.0, 856.0, 864.0, 872.0, 880.0, 888.0, 896.0, 904.0, 912.0, 920.0, 928.0, 936.0, 944.0, 952.0, 960.0, 968.0, 976.0, 984.0, 992.0, 1000.0, 1008.0, 1016.0, 1024.0, 1032.0, 1040.0, 1048.0, 1056.0, 1064.0, 1072.0, 1080.0, 1088.0, 1096.0, 1104.0, 1112.0, 1120.0, 1128.0, 1136.0, 1144.0, 1152.0, 1160.0, 1168.0, 1176.0, 1184.0, 1192.0, 1200.0, 1208.0, 1216.0, 1224.0, 1232.0, 1240.0, 1248.0, 1256.0, 1264.0, 1272.0, 1280.0, 1288.0, 1296.0, 1304.0, 1312.0, 1320.0, 1328.0, 1336.0, 1344.0, 1352.0, 1360.0, 1368.0, 1376.0, 1384.0, 1392.0, 1400.0, 1408.0, 1416.0, 1424.0, 1432.0, 1440.0, 1448.0, 1456.0, 1464.0, 1472.0, 1480.0, 1488.0, 1496.0, 1504.0, 1512.0, 1520.0, 1528.0, 1536.0, 1544.0, 1552.0, 1560.0, 1568.0, 1576.0, 1584.0, 1592.0, 1600.0, 1608.0, 1616.0, 1624.0, 1632.0, 1640.0, 1648.0, 1656.0]}}