{"histogram": {"x": [1448.0, 1456.0, 1464.0, 1472.0, 1480.0, 1488.0, 1496.0, 1504.0, 1512.0, 1520.0, 1528.0, 1536.0, 1544.0, 1552.0, 1560.0, 1568.0, 1576.0, 1584.0, 1592.0, 1600.0, 1608.0, 1616.0, 1624.0, 1632.0, 1640.0, 1648.0, 1656.0], "y": [1, 0, 2, 1, 2, 3, 6, 0, 13, 4, 1, 9, 14, 7, 20, 5, 1, 40, 26, 16, 74, 10, 4, 2, 1, 7, 0]}, "percentile": {"x": [1453, 1464, 1465, 1478, 1485, 1487, 1489, 1490, 1501, 1502, 1513, 1514, 1515, 1524, 1525, 1526, 1530, 1537, 1538, 1539, 1545, 1549, 1550, 1551, 1552, 1557, 1559, 1560, 1561, 1562, 1563, 1564, 1571, 1572, 1574, 1575, 1576, 1584, 1585, 1586, 1587, 1588, 1589, 1590, 1591, 1593, 1594, 1596, 1597, 1598, 1599, 1600, 1601, 1602, 1604, 1605, 1606, 1608, 1609, 1610, 1611, 1612, 1613, 1614, 1617, 1618, 1620, 1625, 1626, 1636, 1644, 1648, 1649, 1650, 1655], "y": [99.7, 99.3, 98.9, 98.6, 98.2, 97.8, 97.4, 96.7, 96.3, 94.5, 91.8, 90.0, 89.6, 89.2, 88.9, 88.1, 87.7, 86.6, 85.1, 84.4, 84.0, 82.1, 80.3, 79.2, 77.7, 76.9, 76.5, 74.3, 73.2, 71.3, 70.2, 69.1, 68.7, 68.3, 68.0, 67.2, 66.8, 66.1, 62.4, 60.9, 58.6, 57.5, 53.4, 52.7, 51.9, 51.2, 50.8, 49.7, 48.2, 43.7, 42.2, 40.3, 37.7, 37.4, 37.0, 36.6, 36.2, 33.599999999999994, 31.400000000000006, 28.799999999999997, 26.200000000000003, 22.799999999999997, 9.799999999999997, 8.599999999999994, 7.900000000000006, 7.5, 4.900000000000006, 3.799999999999997, 3.4000000000000057, 2.700000000000003, 2.299999999999997, 1.9000000000000057, 1.2000000000000028, 0.0, -0.29999999999999716]}}