{"percentile": {"y": [88.9, 77.8, 66.7, 55.6, 44.5, 33.400000000000006, 22.299999999999997, -11.099999999999994], "x": [1093, 1502, 1560, 1563, 1596, 1602, 1608, 1613]}, "histogram": {"y": [1, 0, 0, 0, 0, 0, 0, 0, 0, 0, 0, 0, 0, 0, 0, 0, 0, 0, 0, 0, 0, 0, 0, 1, 0, 0, 2, 0, 1, 5], "x": [1098.0, 1116.0, 1134.0, 1152.0, 1170.0, 1188.0, 1206.0, 1224.0, 1242.0, 1260.0, 1278.0, 1296.0, 1314.0, 1332.0, 1350.0, 1368.0, 1386.0, 1404.0, 1422.0, 1440.0, 1458.0, 1476.0, 1494.0, 1512.0, 1530.0, 1548.0, 1566.0, 1584.0, 1602.0]}}