{"percentile": {"x": [1201, 1397, 1401, 1453, 1465, 1478, 1489, 1490, 1497, 1500, 1501, 1502, 1513, 1514, 1515, 1523, 1524, 1525, 1526, 1527, 1537, 1538, 1539, 1548, 1549, 1550, 1551, 1552, 1553, 1554, 1555, 1556, 1557, 1560, 1561, 1562, 1563, 1564, 1571, 1572, 1573, 1574, 1575, 1576, 1584, 1585, 1586, 1587, 1588, 1589, 1590, 1591, 1592, 1594, 1596, 1597, 1598, 1600, 1601, 1604, 1607, 1608, 1609, 1610, 1611, 1612, 1613, 1620, 1621, 1635, 1636, 1650], "y": [99.6, 99.2, 98.7, 97.4, 95.6, 95.2, 94.7, 94.3, 93.8, 93.4, 92.9, 89.4, 88.9, 88.5, 87.2, 86.7, 84.9, 83.2, 81.8, 79.6, 79.2, 76.5, 75.6, 75.2, 74.3, 72.9, 67.6, 64.9, 64.5, 64.0, 63.6, 62.7, 62.3, 60.0, 57.8, 54.7, 50.7, 48.0, 47.6, 46.3, 44.9, 42.3, 41.4, 40.5, 39.6, 36.9, 36.0, 33.400000000000006, 32.0, 28.5, 28.0, 27.599999999999994, 27.200000000000003, 26.700000000000003, 24.0, 23.200000000000003, 20.900000000000006, 17.799999999999997, 16.0, 15.599999999999994, 15.200000000000003, 13.400000000000006, 11.599999999999994, 11.200000000000003, 10.700000000000003, 9.400000000000006, 3.5999999999999943, 2.700000000000003, 2.299999999999997, 1.7999999999999972, 1.4000000000000057, -0.4000000000000057]}, "histogram": {"x": [1200.0, 1208.0, 1216.0, 1224.0, 1232.0, 1240.0, 1248.0, 1256.0, 1264.0, 1272.0, 1280.0, 1288.0, 1296.0, 1304.0, 1312.0, 1320.0, 1328.0, 1336.0, 1344.0, 1352.0, 1360.0, 1368.0, 1376.0, 1384.0, 1392.0, 1400.0, 1408.0, 1416.0, 1424.0, 1432.0, 1440.0, 1448.0, 1456.0, 1464.0, 1472.0, 1480.0, 1488.0, 1496.0, 1504.0, 1512.0, 1520.0, 1528.0, 1536.0, 1544.0, 1552.0, 1560.0, 1568.0, 1576.0, 1584.0, 1592.0, 1600.0, 1608.0, 1616.0, 1624.0, 1632.0, 1640.0, 1648.0, 1656.0], "y": [1, 0, 0, 0, 0, 0, 0, 0, 0, 0, 0, 0, 0, 0, 0, 0, 0, 0, 0, 0, 0, 0, 0, 0, 1, 1, 0, 0, 0, 0, 0, 3, 0, 4, 1, 0, 2, 11, 0, 5, 17, 0, 9, 18, 12, 32, 15, 2, 29, 15, 13, 26, 3, 0, 2, 0, 4, 0]}}