{"percentile": {"x": [1115, 1176, 1223, 1265, 1316, 1324, 1361, 1376, 1392, 1436, 1441, 1442, 1444, 1453, 1464, 1465, 1477, 1478, 1485, 1489, 1490, 1491, 1501, 1502, 1513, 1514, 1515, 1516, 1518, 1519, 1520, 1521, 1522, 1524, 1525, 1526, 1527, 1528, 1532, 1534, 1535, 1536, 1537, 1538, 1539, 1549, 1550, 1551, 1552, 1553, 1554, 1555, 1556, 1557, 1558, 1559, 1560, 1561, 1562, 1563, 1564, 1565, 1566, 1567, 1568, 1569, 1570, 1571, 1572, 1573, 1574, 1575, 1576, 1577, 1582, 1584, 1585, 1586, 1587, 1588, 1589, 1590, 1591, 1592, 1593, 1594, 1595, 1596, 1597, 1598, 1599, 1600, 1601, 1602, 1603, 1604, 1605, 1606, 1607, 1608, 1609, 1610, 1611, 1612, 1613, 1614, 1615, 1616, 1617, 1618, 1619, 1620, 1621, 1622, 1623, 1624, 1625, 1626, 1627, 1628, 1629, 1630, 1631, 1632, 1633, 1634, 1635, 1636, 1637, 1638, 1639, 1640, 1641, 1642, 1643, 1644, 1645, 1646, 1647, 1649, 1650, 1652, 1653, 1654, 1655], "y": [100.0, 100.0, 100.0, 100.0, 99.9, 99.9, 99.9, 99.9, 99.9, 99.8, 99.7, 99.6, 99.6, 99.5, 99.5, 99.3, 99.2, 99.1, 99.1, 98.9, 98.7, 98.7, 98.6, 98.5, 98.4, 98.1, 97.7, 97.7, 97.6, 97.6, 97.5, 97.5, 97.5, 97.3, 97.0, 96.7, 95.8, 95.8, 95.8, 95.7, 95.7, 95.6, 95.2, 94.5, 92.4, 92.1, 91.7, 90.7, 89.3, 89.2, 89.1, 88.9, 88.8, 88.8, 88.7, 88.6, 88.2, 87.4, 86.2, 84.7, 83.1, 83.0, 82.8, 82.7, 82.7, 82.6, 82.6, 82.5, 82.1, 80.6, 78.5, 76.4, 67.1, 67.1, 67.1, 67.0, 66.1, 64.4, 62.4, 60.3, 57.6, 57.2, 56.6, 55.9, 55.4, 55.1, 54.6, 53.2, 50.9, 48.8, 46.0, 43.2, 39.9, 39.5, 39.1, 38.6, 38.0, 37.8, 37.5, 36.5, 34.3, 31.5, 28.099999999999994, 23.599999999999994, 10.200000000000003, 9.599999999999994, 9.099999999999994, 8.799999999999997, 8.5, 8.200000000000003, 7.900000000000006, 7.299999999999997, 6.799999999999997, 6.299999999999997, 6.0, 5.5, 5.200000000000003, 4.900000000000006, 4.700000000000003, 4.599999999999994, 4.5, 4.5, 4.299999999999997, 4.099999999999994, 3.9000000000000057, 3.799999999999997, 3.5, 3.200000000000003, 2.9000000000000057, 2.700000000000003, 2.5999999999999943, 2.5, 2.5, 2.5, 2.4000000000000057, 2.4000000000000057, 2.299999999999997, 2.200000000000003, 2.0999999999999943, 2.0, 0.4000000000000057, 0.4000000000000057, 0.29999999999999716, 0.29999999999999716, 0.0]}, "histogram": {"x": [1112.0, 1120.0, 1128.0, 1136.0, 1144.0, 1152.0, 1160.0, 1168.0, 1176.0, 1184.0, 1192.0, 1200.0, 1208.0, 1216.0, 1224.0, 1232.0, 1240.0, 1248.0, 1256.0, 1264.0, 1272.0, 1280.0, 1288.0, 1296.0, 1304.0, 1312.0, 1320.0, 1328.0, 1336.0, 1344.0, 1352.0, 1360.0, 1368.0, 1376.0, 1384.0, 1392.0, 1400.0, 1408.0, 1416.0, 1424.0, 1432.0, 1440.0, 1448.0, 1456.0, 1464.0, 1472.0, 1480.0, 1488.0, 1496.0, 1504.0, 1512.0, 1520.0, 1528.0, 1536.0, 1544.0, 1552.0, 1560.0, 1568.0, 1576.0, 1584.0, 1592.0, 1600.0, 1608.0, 1616.0, 1624.0, 1632.0, 1640.0, 1648.0, 1656.0], "y": [1, 0, 0, 0, 0, 0, 0, 0, 1, 0, 0, 0, 0, 1, 0, 0, 0, 0, 0, 1, 0, 0, 0, 0, 0, 1, 1, 0, 0, 0, 0, 1, 0, 1, 0, 1, 0, 0, 0, 0, 1, 10, 5, 0, 8, 11, 1, 18, 8, 0, 40, 83, 4, 153, 75, 98, 266, 291, 424, 481, 482, 389, 1297, 142, 74, 79, 23, 95, 0]}}