{"percentile": {"x": [171, 174, 267, 481, 484, 1376, 1465, 1489, 1490, 1500, 1501, 1502, 1512, 1513, 1514, 1515, 1522, 1524, 1525, 1526, 1527, 1528, 1530, 1537, 1539, 1549, 1550, 1551, 1552, 1553, 1556, 1557, 1560, 1561, 1562, 1563, 1564, 1572, 1573, 1574, 1575, 1576, 1585, 1586, 1587, 1588, 1589, 1590, 1594, 1595, 1596, 1597, 1598, 1599, 1600, 1601, 1604, 1608, 1609, 1610, 1611, 1612, 1613, 1614, 1617, 1620, 1623, 1624, 1626, 1633, 1634, 1636, 1637, 1638, 1648, 1649, 1650, 1655], "y": [99.8, 99.5, 99.2, 98.9, 98.6, 98.3, 98.0, 97.7, 97.4, 97.1, 96.8, 93.9, 93.3, 92.4, 91.3, 90.4, 90.1, 89.5, 88.4, 88.1, 86.9, 86.6, 86.3, 86.0, 84.0, 82.8, 80.5, 79.0, 77.8, 77.5, 77.2, 77.0, 76.4, 75.2, 73.4, 71.4, 70.5, 69.9, 69.3, 68.2, 67.9, 66.4, 64.7, 62.0, 59.7, 57.7, 55.9, 55.6, 55.3, 55.0, 51.2, 48.3, 46.0, 43.9, 39.5, 35.400000000000006, 34.8, 33.400000000000006, 32.2, 29.900000000000006, 27.200000000000003, 22.900000000000006, 10.299999999999997, 9.099999999999994, 8.799999999999997, 7.700000000000003, 7.400000000000006, 7.099999999999994, 6.799999999999997, 6.5, 5.599999999999994, 5.0, 4.400000000000006, 4.099999999999994, 3.9000000000000057, 3.0, 0.29999999999999716, -0.20000000000000284]}, "histogram": {"x": [168.0, 176.0, 184.0, 192.0, 200.0, 208.0, 216.0, 224.0, 232.0, 240.0, 248.0, 256.0, 264.0, 272.0, 280.0, 288.0, 296.0, 304.0, 312.0, 320.0, 328.0, 336.0, 344.0, 352.0, 360.0, 368.0, 376.0, 384.0, 392.0, 400.0, 408.0, 416.0, 424.0, 432.0, 440.0, 448.0, 456.0, 464.0, 472.0, 480.0, 488.0, 496.0, 504.0, 512.0, 520.0, 528.0, 536.0, 544.0, 552.0, 560.0, 568.0, 576.0, 584.0, 592.0, 600.0, 608.0, 616.0, 624.0, 632.0, 640.0, 648.0, 656.0, 664.0, 672.0, 680.0, 688.0, 696.0, 704.0, 712.0, 720.0, 728.0, 736.0, 744.0, 752.0, 760.0, 768.0, 776.0, 784.0, 792.0, 800.0, 808.0, 816.0, 824.0, 832.0, 840.0, 848.0, 856.0, 864.0, 872.0, 880.0, 888.0, 896.0, 904.0, 912.0, 920.0, 928.0, 936.0, 944.0, 952.0, 960.0, 968.0, 976.0, 984.0, 992.0, 1000.0, 1008.0, 1016.0, 1024.0, 1032.0, 1040.0, 1048.0, 1056.0, 1064.0, 1072.0, 1080.0, 1088.0, 1096.0, 1104.0, 1112.0, 1120.0, 1128.0, 1136.0, 1144.0, 1152.0, 1160.0, 1168.0, 1176.0, 1184.0, 1192.0, 1200.0, 1208.0, 1216.0, 1224.0, 1232.0, 1240.0, 1248.0, 1256.0, 1264.0, 1272.0, 1280.0, 1288.0, 1296.0, 1304.0, 1312.0, 1320.0, 1328.0, 1336.0, 1344.0, 1352.0, 1360.0, 1368.0, 1376.0, 1384.0, 1392.0, 1400.0, 1408.0, 1416.0, 1424.0, 1432.0, 1440.0, 1448.0, 1456.0, 1464.0, 1472.0, 1480.0, 1488.0, 1496.0, 1504.0, 1512.0, 1520.0, 1528.0, 1536.0, 1544.0, 1552.0, 1560.0, 1568.0, 1576.0, 1584.0, 1592.0, 1600.0, 1608.0, 1616.0, 1624.0, 1632.0, 1640.0, 1648.0, 1656.0], "y": [2, 0, 0, 0, 0, 0, 0, 0, 0, 0, 0, 0, 1, 0, 0, 0, 0, 0, 0, 0, 0, 0, 0, 0, 0, 0, 0, 0, 0, 0, 0, 0, 0, 0, 0, 0, 0, 0, 0, 2, 0, 0, 0, 0, 0, 0, 0, 0, 0, 0, 0, 0, 0, 0, 0, 0, 0, 0, 0, 0, 0, 0, 0, 0, 0, 0, 0, 0, 0, 0, 0, 0, 0, 0, 0, 0, 0, 0, 0, 0, 0, 0, 0, 0, 0, 0, 0, 0, 0, 0, 0, 0, 0, 0, 0, 0, 0, 0, 0, 0, 0, 0, 0, 0, 0, 0, 0, 0, 0, 0, 0, 0, 0, 0, 0, 0, 0, 0, 0, 0, 0, 0, 0, 0, 0, 0, 0, 0, 0, 0, 0, 0, 0, 0, 0, 0, 0, 0, 0, 0, 0, 0, 0, 0, 0, 0, 0, 0, 0, 0, 0, 1, 0, 0, 0, 0, 0, 0, 0, 0, 0, 0, 1, 0, 0, 2, 12, 0, 12, 12, 2, 8, 17, 7, 22, 9, 5, 37, 40, 31, 88, 6, 2, 9, 0, 15, 0]}}