{"percentile": {"x": [1576, 1588, 1596, 1598, 1599, 1600, 1601, 1609, 1610, 1611, 1612, 1613, 1615, 1616, 1617, 1618, 1619, 1621, 1626, 1627, 1631, 1633, 1634, 1635, 1636, 1637, 1638, 1640, 1642, 1645, 1646, 1647, 1648, 1649, 1650, 1652, 1653, 1654], "y": [95.6, 94.5, 93.4, 92.3, 91.2, 90.0, 87.8, 86.7, 85.6, 82.3, 80.0, 56.7, 55.6, 54.5, 52.3, 48.9, 45.6, 44.5, 43.4, 42.3, 41.2, 38.9, 36.7, 35.599999999999994, 34.5, 32.3, 31.200000000000003, 30.0, 27.799999999999997, 25.599999999999994, 24.5, 22.299999999999997, 18.900000000000006, 14.5, 3.4000000000000057, 2.299999999999997, 1.2000000000000028, -1.0999999999999943]}, "histogram": {"x": [1576.0, 1584.0, 1592.0, 1600.0, 1608.0, 1616.0, 1624.0, 1632.0, 1640.0, 1648.0, 1656.0], "y": [4, 1, 3, 3, 29, 10, 3, 9, 8, 21, 0]}}