{"histogram": {"x": [270.0, 288.0, 306.0, 324.0, 342.0, 360.0, 378.0, 396.0, 414.0, 432.0, 450.0, 468.0, 486.0, 504.0, 522.0, 540.0, 558.0, 576.0, 594.0, 612.0, 630.0, 648.0, 666.0, 684.0, 702.0, 720.0, 738.0, 756.0, 774.0, 792.0, 810.0, 828.0, 846.0, 864.0, 882.0, 900.0, 918.0, 936.0, 954.0, 972.0, 990.0, 1008.0, 1026.0, 1044.0, 1062.0, 1080.0, 1098.0, 1116.0, 1134.0, 1152.0, 1170.0, 1188.0, 1206.0, 1224.0, 1242.0, 1260.0, 1278.0, 1296.0, 1314.0, 1332.0, 1350.0, 1368.0, 1386.0, 1404.0, 1422.0, 1440.0, 1458.0, 1476.0, 1494.0, 1512.0, 1530.0, 1548.0, 1566.0, 1584.0, 1602.0, 1620.0, 1638.0, 1656.0], "y": [1, 0, 0, 0, 0, 0, 0, 0, 0, 0, 0, 0, 0, 0, 0, 0, 0, 0, 0, 0, 0, 0, 0, 0, 0, 0, 0, 0, 0, 0, 0, 0, 0, 0, 1, 0, 0, 0, 0, 0, 0, 0, 0, 0, 0, 0, 0, 0, 0, 0, 0, 0, 0, 0, 0, 0, 0, 0, 1, 0, 1, 0, 1, 0, 0, 0, 2, 4, 11, 25, 34, 5, 61, 9, 142, 60, 9, 9, 0]}, "percentile": {"x": [263, 865, 1303, 1338, 1378, 1441, 1465, 1477, 1478, 1488, 1489, 1490, 1495, 1497, 1501, 1502, 1512, 1513, 1514, 1515, 1518, 1524, 1525, 1526, 1527, 1537, 1539, 1549, 1550, 1551, 1552, 1553, 1554, 1555, 1558, 1560, 1561, 1562, 1563, 1564, 1566, 1573, 1574, 1575, 1576, 1579, 1582, 1585, 1586, 1587, 1588, 1589, 1590, 1591, 1593, 1594, 1595, 1596, 1597, 1598, 1599, 1600, 1601, 1604, 1605, 1606, 1608, 1609, 1610, 1611, 1612, 1613, 1614, 1619, 1620, 1624, 1626, 1629, 1634, 1638, 1649, 1650], "y": [99.8, 99.5, 99.2, 99.0, 98.7, 98.2, 97.1, 96.6, 96.3, 95.5, 95.2, 94.2, 93.9, 93.6, 92.8, 87.5, 87.2, 85.6, 84.3, 82.7, 82.2, 81.6, 80.3, 79.0, 78.4, 78.2, 77.1, 75.2, 72.3, 71.8, 69.9, 69.6, 69.4, 68.8, 68.6, 67.0, 65.4, 63.2, 61.4, 60.8, 60.3, 60.0, 59.5, 59.2, 59.0, 58.7, 58.4, 56.0, 54.7, 50.7, 45.9, 44.0, 43.8, 43.5, 42.7, 42.4, 41.6, 35.5, 32.8, 29.900000000000006, 26.200000000000003, 24.0, 20.599999999999994, 20.299999999999997, 19.799999999999997, 19.5, 17.599999999999994, 16.299999999999997, 14.400000000000006, 12.799999999999997, 9.900000000000006, 5.599999999999994, 4.799999999999997, 4.599999999999994, 3.5, 3.200000000000003, 2.700000000000003, 2.4000000000000057, 2.200000000000003, 1.5999999999999943, 1.4000000000000057, -0.20000000000000284]}}