{"percentile": {"x": [473, 1172, 1187, 1234, 1327, 1330, 1342, 1346, 1347, 1352, 1371, 1378, 1400, 1429, 1441, 1447, 1453, 1464, 1465, 1476, 1477, 1478, 1481, 1488, 1489, 1490, 1501, 1502, 1513, 1514, 1515, 1516, 1517, 1518, 1520, 1521, 1522, 1523, 1524, 1525, 1526, 1527, 1529, 1531, 1532, 1534, 1535, 1536, 1537, 1538, 1539, 1547, 1549, 1550, 1551, 1552, 1553, 1554, 1555, 1556, 1557, 1558, 1559, 1560, 1561, 1562, 1563, 1564, 1565, 1566, 1567, 1568, 1569, 1570, 1571, 1572, 1573, 1574, 1575, 1576, 1578, 1579, 1581, 1584, 1585, 1586, 1587, 1588, 1589, 1590, 1591, 1592, 1593, 1594, 1595, 1596, 1597, 1598, 1599, 1600, 1601, 1602, 1603, 1604, 1605, 1606, 1607, 1608, 1609, 1610, 1611, 1612, 1613, 1614, 1615, 1616, 1617, 1618, 1619, 1620, 1621, 1622, 1623, 1624, 1625, 1626, 1627, 1628, 1629, 1630, 1631, 1632, 1633, 1634, 1635, 1636, 1637, 1638, 1639, 1640, 1641, 1642, 1643, 1644, 1645, 1646, 1647, 1648, 1649, 1650, 1651, 1652, 1653, 1654, 1655], "y": [100.0, 100.0, 100.0, 100.0, 100.0, 100.0, 100.0, 100.0, 99.9, 99.9, 99.9, 99.9, 99.9, 99.9, 99.8, 99.8, 99.7, 99.7, 99.7, 99.7, 99.6, 99.6, 99.5, 99.5, 99.4, 99.3, 99.2, 99.2, 99.0, 98.9, 98.6, 98.6, 98.5, 98.5, 98.5, 98.5, 98.4, 98.4, 98.4, 98.0, 97.6, 97.1, 97.1, 97.1, 97.0, 97.0, 97.0, 97.0, 96.6, 95.9, 94.3, 94.3, 93.9, 93.3, 92.6, 91.6, 91.6, 91.4, 91.4, 91.2, 91.1, 91.0, 90.9, 90.6, 89.9, 88.8, 87.6, 86.1, 86.0, 85.8, 85.6, 85.5, 85.4, 85.3, 85.3, 85.0, 83.7, 82.2, 79.9, 73.3, 73.3, 73.2, 73.2, 73.2, 72.2, 70.8, 69.1, 67.0, 64.5, 64.1, 63.6, 63.1, 62.5, 61.9, 61.3, 60.1, 58.1, 55.5, 52.9, 50.2, 47.3, 46.8, 46.4, 46.0, 45.6, 45.2, 44.8, 43.5, 41.0, 37.8, 34.099999999999994, 29.5, 14.700000000000003, 14.099999999999994, 13.599999999999994, 13.200000000000003, 12.799999999999997, 12.5, 12.099999999999994, 11.200000000000003, 10.700000000000003, 9.900000000000006, 9.200000000000003, 8.5, 7.799999999999997, 7.099999999999994, 7.0, 6.799999999999997, 6.700000000000003, 6.599999999999994, 6.400000000000006, 6.099999999999994, 5.799999999999997, 5.400000000000006, 5.099999999999994, 4.799999999999997, 4.400000000000006, 4.200000000000003, 4.099999999999994, 4.099999999999994, 4.0, 3.9000000000000057, 3.799999999999997, 3.700000000000003, 3.5, 3.299999999999997, 3.200000000000003, 3.0, 2.799999999999997, 0.5, 0.5, 0.4000000000000057, 0.4000000000000057, 0.29999999999999716, 0.0]}, "histogram": {"x": [472.0, 480.0, 488.0, 496.0, 504.0, 512.0, 520.0, 528.0, 536.0, 544.0, 552.0, 560.0, 568.0, 576.0, 584.0, 592.0, 600.0, 608.0, 616.0, 624.0, 632.0, 640.0, 648.0, 656.0, 664.0, 672.0, 680.0, 688.0, 696.0, 704.0, 712.0, 720.0, 728.0, 736.0, 744.0, 752.0, 760.0, 768.0, 776.0, 784.0, 792.0, 800.0, 808.0, 816.0, 824.0, 832.0, 840.0, 848.0, 856.0, 864.0, 872.0, 880.0, 888.0, 896.0, 904.0, 912.0, 920.0, 928.0, 936.0, 944.0, 952.0, 960.0, 968.0, 976.0, 984.0, 992.0, 1000.0, 1008.0, 1016.0, 1024.0, 1032.0, 1040.0, 1048.0, 1056.0, 1064.0, 1072.0, 1080.0, 1088.0, 1096.0, 1104.0, 1112.0, 1120.0, 1128.0, 1136.0, 1144.0, 1152.0, 1160.0, 1168.0, 1176.0, 1184.0, 1192.0, 1200.0, 1208.0, 1216.0, 1224.0, 1232.0, 1240.0, 1248.0, 1256.0, 1264.0, 1272.0, 1280.0, 1288.0, 1296.0, 1304.0, 1312.0, 1320.0, 1328.0, 1336.0, 1344.0, 1352.0, 1360.0, 1368.0, 1376.0, 1384.0, 1392.0, 1400.0, 1408.0, 1416.0, 1424.0, 1432.0, 1440.0, 1448.0, 1456.0, 1464.0, 1472.0, 1480.0, 1488.0, 1496.0, 1504.0, 1512.0, 1520.0, 1528.0, 1536.0, 1544.0, 1552.0, 1560.0, 1568.0, 1576.0, 1584.0, 1592.0, 1600.0, 1608.0, 1616.0, 1624.0, 1632.0, 1640.0, 1648.0, 1656.0], "y": [1, 0, 0, 0, 0, 0, 0, 0, 0, 0, 0, 0, 0, 0, 0, 0, 0, 0, 0, 0, 0, 0, 0, 0, 0, 0, 0, 0, 0, 0, 0, 0, 0, 0, 0, 0, 0, 0, 0, 0, 0, 0, 0, 0, 0, 0, 0, 0, 0, 0, 0, 0, 0, 0, 0, 0, 0, 0, 0, 0, 0, 0, 0, 0, 0, 0, 0, 0, 0, 0, 0, 0, 0, 0, 0, 0, 0, 0, 0, 0, 0, 0, 0, 0, 0, 0, 0, 1, 0, 1, 0, 0, 0, 0, 0, 1, 0, 0, 0, 0, 0, 0, 0, 0, 0, 0, 1, 1, 1, 2, 1, 0, 1, 1, 0, 0, 1, 0, 0, 1, 0, 5, 6, 0, 6, 9, 1, 22, 9, 0, 54, 117, 7, 222, 141, 136, 429, 467, 547, 785, 874, 666, 2553, 355, 230, 187, 75, 258, 0]}}