{"histogram": {"y": [1, 0, 0, 0, 0, 0, 0, 0, 0, 0, 0, 0, 0, 4, 1, 1, 3, 2, 1, 5, 9, 0, 8, 6, 9, 12, 5, 2, 22, 11, 7, 12, 1], "x": [1360.0, 1368.0, 1376.0, 1384.0, 1392.0, 1400.0, 1408.0, 1416.0, 1424.0, 1432.0, 1440.0, 1448.0, 1456.0, 1464.0, 1472.0, 1480.0, 1488.0, 1496.0, 1504.0, 1512.0, 1520.0, 1528.0, 1536.0, 1544.0, 1552.0, 1560.0, 1568.0, 1576.0, 1584.0, 1592.0, 1600.0, 1608.0, 1616.0]}, "percentile": {"y": [99.2, 95.9, 95.1, 94.3, 93.4, 91.8, 91.0, 90.1, 89.3, 88.5, 86.8, 85.2, 84.3, 81.0, 78.6, 77.7, 76.9, 74.4, 71.1, 70.3, 68.6, 66.2, 61.2, 60.4, 59.6, 58.7, 57.9, 57.1, 53.8, 51.3, 48.8, 47.2, 45.5, 44.7, 43.0, 42.2, 38.9, 33.099999999999994, 29.799999999999997, 25.700000000000003, 24.799999999999997, 22.400000000000006, 19.099999999999994, 16.599999999999994, 15.799999999999997, 12.400000000000006, 10.799999999999997, 10.0, 8.299999999999997, 7.5, 6.700000000000003, 5.799999999999997, 3.4000000000000057, 0.0, -0.7999999999999972], "x": [1363, 1465, 1477, 1485, 1489, 1490, 1501, 1502, 1511, 1513, 1514, 1515, 1524, 1525, 1526, 1527, 1537, 1538, 1539, 1549, 1550, 1551, 1552, 1555, 1556, 1559, 1560, 1561, 1562, 1563, 1564, 1573, 1574, 1575, 1576, 1584, 1586, 1587, 1588, 1589, 1590, 1596, 1597, 1598, 1599, 1600, 1601, 1606, 1608, 1609, 1610, 1611, 1612, 1613, 1616]}}