{"percentile": {"x": [720, 1170, 1188, 1366, 1441, 1453, 1459, 1464, 1465, 1475, 1477, 1478, 1488, 1489, 1490, 1501, 1502, 1512, 1513, 1514, 1515, 1520, 1524, 1525, 1526, 1527, 1534, 1536, 1537, 1538, 1539, 1541, 1549, 1550, 1551, 1552, 1554, 1555, 1557, 1560, 1561, 1562, 1563, 1564, 1567, 1571, 1573, 1574, 1575, 1576, 1586, 1587, 1588, 1589, 1591, 1593, 1595, 1596, 1597, 1598, 1599, 1600, 1607, 1608, 1609, 1610, 1611, 1613, 1620, 1622, 1625, 1650], "y": [99.6, 99.2, 98.8, 98.4, 98.0, 97.6, 97.2, 96.8, 93.9, 93.5, 92.2, 91.0, 90.2, 89.8, 88.5, 88.1, 85.6, 85.2, 84.0, 81.5, 79.9, 79.5, 77.8, 75.4, 74.5, 73.3, 72.9, 72.5, 70.8, 69.2, 67.5, 67.1, 63.8, 61.8, 58.5, 51.9, 50.7, 50.3, 49.8, 47.8, 44.9, 40.8, 37.9, 36.7, 35.900000000000006, 35.400000000000006, 33.400000000000006, 31.700000000000003, 30.5, 27.599999999999994, 25.599999999999994, 24.299999999999997, 22.299999999999997, 19.0, 18.599999999999994, 18.200000000000003, 17.700000000000003, 15.299999999999997, 12.799999999999997, 10.299999999999997, 9.099999999999994, 8.299999999999997, 7.900000000000006, 6.599999999999994, 6.200000000000003, 5.0, 3.299999999999997, 1.7000000000000028, 0.9000000000000057, 0.5, 0.0, -0.4000000000000057]}, "histogram": {"x": [720.0, 728.0, 736.0, 744.0, 752.0, 760.0, 768.0, 776.0, 784.0, 792.0, 800.0, 808.0, 816.0, 824.0, 832.0, 840.0, 848.0, 856.0, 864.0, 872.0, 880.0, 888.0, 896.0, 904.0, 912.0, 920.0, 928.0, 936.0, 944.0, 952.0, 960.0, 968.0, 976.0, 984.0, 992.0, 1000.0, 1008.0, 1016.0, 1024.0, 1032.0, 1040.0, 1048.0, 1056.0, 1064.0, 1072.0, 1080.0, 1088.0, 1096.0, 1104.0, 1112.0, 1120.0, 1128.0, 1136.0, 1144.0, 1152.0, 1160.0, 1168.0, 1176.0, 1184.0, 1192.0, 1200.0, 1208.0, 1216.0, 1224.0, 1232.0, 1240.0, 1248.0, 1256.0, 1264.0, 1272.0, 1280.0, 1288.0, 1296.0, 1304.0, 1312.0, 1320.0, 1328.0, 1336.0, 1344.0, 1352.0, 1360.0, 1368.0, 1376.0, 1384.0, 1392.0, 1400.0, 1408.0, 1416.0, 1424.0, 1432.0, 1440.0, 1448.0, 1456.0, 1464.0, 1472.0, 1480.0, 1488.0, 1496.0, 1504.0, 1512.0, 1520.0, 1528.0, 1536.0, 1544.0, 1552.0, 1560.0, 1568.0, 1576.0, 1584.0, 1592.0, 1600.0, 1608.0, 1616.0, 1624.0, 1632.0, 1640.0, 1648.0, 1656.0], "y": [1, 0, 0, 0, 0, 0, 0, 0, 0, 0, 0, 0, 0, 0, 0, 0, 0, 0, 0, 0, 0, 0, 0, 0, 0, 0, 0, 0, 0, 0, 0, 0, 0, 0, 0, 0, 0, 0, 0, 0, 0, 0, 0, 0, 0, 0, 0, 0, 0, 0, 0, 0, 0, 0, 0, 0, 1, 0, 1, 0, 0, 0, 0, 0, 0, 0, 0, 0, 0, 0, 0, 0, 0, 0, 0, 0, 0, 0, 0, 0, 1, 0, 0, 0, 0, 0, 0, 0, 0, 0, 1, 1, 1, 8, 7, 0, 6, 7, 0, 14, 16, 1, 14, 21, 21, 34, 13, 7, 22, 23, 3, 15, 3, 1, 0, 0, 1, 0]}}