{"histogram": {"y": [1, 1, 0, 2, 10, 14, 53, 68, 12, 11, 0], "x": [1494.0, 1512.0, 1530.0, 1548.0, 1566.0, 1584.0, 1602.0, 1620.0, 1638.0, 1656.0]}, "percentile": {"y": [99.5, 98.9, 98.3, 97.7, 97.1, 96.5, 95.4, 93.6, 91.9, 91.3, 90.1, 88.4, 87.2, 83.7, 83.1, 82.5, 81.3, 77.8, 77.2, 72.6, 71.4, 69.6, 67.3, 62.6, 59.7, 53.9, 52.7, 51.5, 50.9, 49.8, 49.2, 46.8, 43.3, 42.2, 37.5, 28.700000000000003, 15.799999999999997, 14.700000000000003, 14.099999999999994, 13.5, 12.900000000000006, 12.299999999999997, 11.200000000000003, 10.0, 8.799999999999997, 7.700000000000003, 7.099999999999994, 5.900000000000006, 5.299999999999997, 4.099999999999994, 3.0, -0.5], "x": [1478, 1502, 1537, 1539, 1560, 1561, 1562, 1563, 1564, 1570, 1573, 1574, 1575, 1576, 1584, 1585, 1586, 1587, 1588, 1589, 1595, 1596, 1597, 1598, 1599, 1600, 1601, 1603, 1605, 1606, 1607, 1608, 1609, 1610, 1611, 1612, 1613, 1614, 1615, 1616, 1617, 1620, 1621, 1622, 1623, 1625, 1628, 1637, 1647, 1648, 1649, 1650]}}