{"percentile": {"x": [1515, 1518, 1527, 1537, 1552, 1561, 1562, 1564, 1573, 1574, 1575, 1576, 1585, 1586, 1587, 1588, 1589, 1591, 1592, 1593, 1594, 1595, 1596, 1597, 1598, 1599, 1600, 1601, 1602, 1603, 1605, 1606, 1608, 1609, 1610, 1611, 1612, 1613, 1614, 1615, 1616, 1617, 1618, 1619, 1620, 1621, 1622, 1623, 1624, 1625, 1626, 1627, 1628, 1629, 1630, 1631, 1632, 1633, 1634, 1635, 1636, 1637, 1638, 1639, 1640, 1641, 1642, 1643, 1644, 1646, 1647, 1649, 1650, 1651, 1652, 1653, 1654, 1655], "y": [99.9, 99.7, 99.5, 99.3, 99.2, 98.8, 98.5, 98.3, 97.9, 97.2, 96.9, 93.7, 93.3, 92.8, 91.9, 90.5, 89.2, 88.3, 88.1, 88.0, 87.6, 87.4, 86.6, 85.3, 84.2, 82.5, 81.9, 79.6, 78.9, 78.4, 77.7, 77.1, 76.6, 74.8, 73.2, 70.7, 66.5, 39.3, 38.6, 37.7, 36.5, 34.5, 32.7, 32.400000000000006, 28.5, 27.900000000000006, 26.700000000000003, 25.599999999999994, 24.700000000000003, 24.0, 21.700000000000003, 21.0, 20.299999999999997, 18.700000000000003, 18.299999999999997, 18.0, 17.099999999999994, 16.599999999999994, 15.700000000000003, 15.0, 13.400000000000006, 12.299999999999997, 11.799999999999997, 11.599999999999994, 11.400000000000006, 10.400000000000006, 9.599999999999994, 9.299999999999997, 8.900000000000006, 8.200000000000003, 8.0, 7.5, 3.0999999999999943, 2.700000000000003, 2.200000000000003, 1.5999999999999943, 1.5, -0.09999999999999432]}, "histogram": {"x": [1512.0, 1520.0, 1528.0, 1536.0, 1544.0, 1552.0, 1560.0, 1568.0, 1576.0, 1584.0, 1592.0, 1600.0, 1608.0, 1616.0, 1624.0, 1632.0, 1640.0, 1648.0, 1656.0], "y": [2, 1, 0, 1, 0, 1, 5, 8, 18, 30, 33, 30, 222, 68, 43, 36, 20, 46, 0]}}