{"histogram": {"y": [1, 0, 0, 0, 5, 0, 2, 0, 1, 6, 4, 5, 9, 1, 5, 35, 24, 19, 79, 13, 2, 5, 0, 9, 0], "x": [1464.0, 1472.0, 1480.0, 1488.0, 1496.0, 1504.0, 1512.0, 1520.0, 1528.0, 1536.0, 1544.0, 1552.0, 1560.0, 1568.0, 1576.0, 1584.0, 1592.0, 1600.0, 1608.0, 1616.0, 1624.0, 1632.0, 1640.0, 1648.0, 1656.0]}, "percentile": {"y": [99.6, 99.2, 97.4, 96.9, 96.5, 96.0, 95.6, 95.1, 93.4, 92.5, 92.0, 91.6, 90.2, 89.8, 89.3, 88.9, 87.5, 85.3, 84.9, 82.6, 81.7, 79.5, 76.8, 73.7, 71.5, 67.9, 67.5, 67.0, 66.6, 66.1, 65.7, 63.0, 61.2, 58.1, 56.3, 53.2, 49.2, 48.3, 47.8, 46.0, 41.6, 39.8, 37.5, 34.400000000000006, 15.700000000000003, 12.5, 11.700000000000003, 11.200000000000003, 8.099999999999994, 7.599999999999994, 7.200000000000003, 6.700000000000003, 6.299999999999997, 5.900000000000006, 4.5, 4.099999999999994, 3.5999999999999943, -0.4000000000000057], "x": [1465, 1501, 1502, 1513, 1515, 1533, 1536, 1538, 1539, 1549, 1550, 1551, 1552, 1555, 1556, 1562, 1563, 1564, 1575, 1576, 1584, 1585, 1586, 1587, 1588, 1589, 1590, 1591, 1593, 1594, 1595, 1596, 1597, 1598, 1599, 1600, 1601, 1602, 1604, 1608, 1609, 1610, 1611, 1612, 1613, 1614, 1618, 1619, 1620, 1621, 1622, 1623, 1624, 1626, 1634, 1637, 1639, 1650]}}