{"percentile": {"x": [1111, 1440, 1451, 1453, 1463, 1478, 1486, 1489, 1490, 1493, 1501, 1502, 1513, 1514, 1515, 1516, 1517, 1518, 1519, 1523, 1524, 1525, 1526, 1527, 1531, 1534, 1536, 1537, 1538, 1539, 1543, 1549, 1550, 1551, 1552, 1553, 1554, 1555, 1556, 1557, 1558, 1559, 1560, 1561, 1562, 1563, 1564, 1576, 1584, 1585, 1586, 1587, 1588, 1589, 1590, 1592, 1593, 1595, 1596, 1597, 1598, 1599, 1600, 1601, 1603, 1604, 1606, 1607, 1608, 1609, 1610, 1611, 1612, 1613, 1614, 1620, 1624, 1625, 1630, 1633, 1635, 1650, 1655], "y": [99.8, 99.5, 99.2, 98.3, 98.0, 97.7, 97.4, 96.8, 96.2, 95.9, 94.8, 88.6, 87.4, 87.1, 85.3, 85.0, 84.5, 84.2, 83.9, 83.6, 83.0, 82.1, 79.2, 78.0, 77.7, 77.1, 76.8, 76.2, 75.6, 75.0, 74.8, 72.1, 69.5, 68.6, 63.9, 63.6, 63.3, 63.0, 62.7, 62.4, 62.1, 61.5, 58.3, 56.5, 53.3, 50.9, 49.5, 48.9, 48.3, 45.9, 45.3, 43.0, 40.0, 37.7, 37.1, 35.900000000000006, 35.3, 35.0, 33.0, 30.599999999999994, 27.400000000000006, 24.799999999999997, 21.200000000000003, 19.5, 19.200000000000003, 18.900000000000006, 18.299999999999997, 18.0, 15.900000000000006, 14.5, 12.700000000000003, 12.099999999999994, 10.299999999999997, 7.099999999999994, 6.200000000000003, 5.0, 4.799999999999997, 4.5, 4.200000000000003, 3.9000000000000057, 3.5999999999999943, 0.9000000000000057, -0.20000000000000284]}, "histogram": {"x": [1116.0, 1134.0, 1152.0, 1170.0, 1188.0, 1206.0, 1224.0, 1242.0, 1260.0, 1278.0, 1296.0, 1314.0, 1332.0, 1350.0, 1368.0, 1386.0, 1404.0, 1422.0, 1440.0, 1458.0, 1476.0, 1494.0, 1512.0, 1530.0, 1548.0, 1566.0, 1584.0, 1602.0, 1620.0, 1638.0, 1656.0], "y": [1, 0, 0, 0, 0, 0, 0, 0, 0, 0, 0, 0, 0, 0, 0, 0, 0, 0, 0, 5, 1, 7, 25, 36, 11, 86, 2, 100, 45, 9, 13, 0]}}