{"histogram": {"y": [1, 0, 0, 0, 0, 0, 2, 5, 10, 2, 36, 10, 75, 79, 18, 11, 0], "x": [1386.0, 1404.0, 1422.0, 1440.0, 1458.0, 1476.0, 1494.0, 1512.0, 1530.0, 1548.0, 1566.0, 1584.0, 1602.0, 1620.0, 1638.0, 1656.0]}, "percentile": {"y": [99.6, 99.2, 98.8, 98.4, 96.8, 95.6, 94.8, 94.4, 94.0, 93.6, 93.2, 92.8, 92.4, 92.0, 90.8, 89.6, 87.5, 85.5, 85.1, 84.3, 82.3, 79.9, 78.7, 77.9, 77.5, 77.1, 76.3, 75.5, 74.6, 74.2, 73.4, 72.6, 71.8, 69.8, 68.6, 67.0, 63.0, 62.5, 61.7, 58.5, 55.3, 52.9, 50.5, 46.4, 43.2, 42.4, 41.6, 39.6, 36.7, 34.3, 30.299999999999997, 25.900000000000006, 13.0, 12.099999999999994, 11.700000000000003, 11.299999999999997, 8.5, 8.099999999999994, 7.700000000000003, 7.299999999999997, 6.900000000000006, 6.5, 5.700000000000003, 4.900000000000006, 4.5, 4.099999999999994, 3.700000000000003, 3.299999999999997, 2.5, 2.0999999999999943, -0.4000000000000057], "x": [1380, 1478, 1489, 1495, 1502, 1513, 1514, 1515, 1517, 1524, 1525, 1527, 1538, 1539, 1549, 1550, 1551, 1552, 1557, 1560, 1561, 1562, 1563, 1564, 1565, 1570, 1572, 1573, 1574, 1575, 1576, 1584, 1585, 1586, 1587, 1588, 1589, 1592, 1595, 1596, 1597, 1598, 1599, 1600, 1601, 1604, 1607, 1608, 1609, 1610, 1611, 1612, 1613, 1614, 1615, 1618, 1620, 1622, 1624, 1625, 1626, 1631, 1632, 1634, 1635, 1637, 1646, 1647, 1648, 1649, 1650]}}