{"histogram": {"x": [1056.0, 1064.0, 1072.0, 1080.0, 1088.0, 1096.0, 1104.0, 1112.0, 1120.0, 1128.0, 1136.0, 1144.0, 1152.0, 1160.0, 1168.0, 1176.0, 1184.0, 1192.0, 1200.0, 1208.0, 1216.0, 1224.0, 1232.0, 1240.0, 1248.0, 1256.0, 1264.0, 1272.0, 1280.0, 1288.0, 1296.0, 1304.0, 1312.0, 1320.0, 1328.0, 1336.0, 1344.0, 1352.0, 1360.0, 1368.0, 1376.0, 1384.0, 1392.0, 1400.0, 1408.0, 1416.0, 1424.0, 1432.0, 1440.0, 1448.0, 1456.0, 1464.0, 1472.0, 1480.0, 1488.0, 1496.0, 1504.0, 1512.0, 1520.0, 1528.0, 1536.0, 1544.0, 1552.0, 1560.0, 1568.0, 1576.0, 1584.0, 1592.0, 1600.0, 1608.0, 1616.0, 1624.0, 1632.0, 1640.0, 1648.0], "y": [1, 0, 0, 0, 0, 0, 0, 0, 0, 0, 0, 0, 0, 0, 0, 0, 0, 0, 0, 0, 0, 0, 0, 0, 0, 0, 0, 0, 1, 0, 0, 0, 0, 0, 0, 0, 0, 0, 1, 1, 0, 2, 0, 0, 0, 0, 0, 0, 3, 0, 0, 5, 3, 1, 8, 22, 0, 15, 19, 1, 10, 22, 17, 20, 4, 3, 37, 23, 23, 39, 3, 0, 1, 0, 1]}, "percentile": {"x": [1060, 1285, 1361, 1371, 1388, 1390, 1441, 1465, 1476, 1477, 1480, 1488, 1489, 1490, 1498, 1500, 1501, 1502, 1513, 1514, 1515, 1524, 1525, 1526, 1527, 1530, 1536, 1538, 1539, 1548, 1549, 1550, 1551, 1552, 1553, 1554, 1555, 1557, 1559, 1560, 1561, 1562, 1564, 1566, 1567, 1573, 1574, 1576, 1579, 1585, 1586, 1587, 1588, 1589, 1590, 1592, 1593, 1596, 1597, 1598, 1599, 1600, 1601, 1605, 1606, 1608, 1609, 1610, 1611, 1612, 1613, 1614, 1620, 1621, 1632, 1649], "y": [99.7, 99.3, 99.0, 98.6, 98.3, 97.9, 96.9, 95.1, 94.8, 94.1, 93.7, 93.4, 92.0, 90.9, 90.6, 89.9, 88.8, 83.2, 81.5, 79.3, 77.9, 76.2, 74.4, 72.3, 71.3, 70.9, 70.2, 69.5, 67.4, 67.1, 65.3, 63.2, 59.7, 56.2, 55.8, 54.8, 54.4, 54.1, 53.7, 52.7, 50.9, 49.5, 47.4, 47.1, 46.7, 46.0, 45.3, 45.0, 44.3, 42.5, 40.8, 37.2, 34.400000000000006, 31.599999999999994, 31.299999999999997, 30.900000000000006, 30.599999999999994, 28.799999999999997, 27.799999999999997, 26.400000000000006, 23.200000000000003, 19.0, 15.799999999999997, 15.5, 15.099999999999994, 13.700000000000003, 12.700000000000003, 11.299999999999997, 8.5, 7.799999999999997, 2.200000000000003, 1.5, 0.7999999999999972, 0.4000000000000057, 0.0, -0.29999999999999716]}}