{"percentile": {"y": [98.4, 96.8, 95.1, 93.5, 90.2, 88.6, 86.9, 85.3, 83.7, 80.4, 73.8, 72.2, 70.5, 67.3, 65.6, 60.7, 59.1, 57.4, 55.8, 54.1, 49.2, 47.6, 46.0, 44.3, 37.8, 16.400000000000006, 14.799999999999997, 13.200000000000003, 11.5, 9.900000000000006, 6.599999999999994, -1.5999999999999943], "x": [1515, 1525, 1549, 1550, 1552, 1561, 1563, 1564, 1586, 1588, 1589, 1591, 1596, 1598, 1599, 1600, 1601, 1603, 1604, 1607, 1608, 1609, 1610, 1611, 1612, 1613, 1620, 1621, 1626, 1637, 1649, 1650]}, "histogram": {"y": [1, 1, 0, 0, 2, 2, 3, 0, 0, 8, 4, 7, 23, 2, 1, 1, 0, 7], "x": [1512.0, 1520.0, 1528.0, 1536.0, 1544.0, 1552.0, 1560.0, 1568.0, 1576.0, 1584.0, 1592.0, 1600.0, 1608.0, 1616.0, 1624.0, 1632.0, 1640.0, 1648.0]}}