{"histogram": {"y": [1, 0, 1, 1, 0, 1, 2, 0, 3, 2, 2, 13, 7, 29, 37, 46, 39, 153, 27, 14, 12, 4, 13, 0], "x": [1472.0, 1480.0, 1488.0, 1496.0, 1504.0, 1512.0, 1520.0, 1528.0, 1536.0, 1544.0, 1552.0, 1560.0, 1568.0, 1576.0, 1584.0, 1592.0, 1600.0, 1608.0, 1616.0, 1624.0, 1632.0, 1640.0, 1648.0, 1656.0]}, "percentile": {"y": [99.8, 99.6, 99.3, 99.1, 98.8, 98.6, 98.3, 98.1, 97.8, 97.3, 97.1, 96.8, 96.6, 96.1, 95.9, 95.4, 94.4, 94.1, 93.6, 93.2, 92.7, 91.9, 84.8, 84.5, 83.1, 82.3, 81.1, 78.9, 77.6, 77.1, 75.7, 74.9, 73.7, 73.4, 72.5, 71.0, 70.0, 68.3, 64.3, 61.4, 59.4, 58.9, 58.4, 56.9, 56.2, 55.5, 54.7, 54.0, 51.8, 48.3, 44.4, 40.2, 20.700000000000003, 18.299999999999997, 17.0, 16.299999999999997, 15.099999999999994, 14.599999999999994, 14.299999999999997, 12.400000000000006, 12.099999999999994, 11.400000000000006, 10.400000000000006, 9.900000000000006, 9.700000000000003, 8.700000000000003, 7.900000000000006, 7.400000000000006, 7.200000000000003, 6.900000000000006, 6.200000000000003, 5.700000000000003, 5.5, 4.700000000000003, 4.0, 3.5, 3.0, 2.799999999999997, 1.2999999999999972, 0.29999999999999716, -0.20000000000000284], "x": [1478, 1491, 1502, 1514, 1525, 1526, 1536, 1538, 1539, 1551, 1552, 1559, 1560, 1561, 1562, 1563, 1564, 1566, 1567, 1573, 1574, 1575, 1576, 1584, 1585, 1586, 1587, 1588, 1589, 1590, 1591, 1592, 1593, 1594, 1595, 1596, 1597, 1598, 1599, 1600, 1601, 1602, 1603, 1604, 1605, 1606, 1607, 1608, 1609, 1610, 1611, 1612, 1613, 1614, 1615, 1616, 1617, 1618, 1619, 1620, 1621, 1622, 1623, 1624, 1625, 1626, 1627, 1628, 1629, 1631, 1632, 1633, 1634, 1635, 1639, 1640, 1642, 1649, 1650, 1654, 1655]}}