{"percentile": {"x": [1490, 1514, 1525, 1526, 1527, 1536, 1538, 1539, 1548, 1550, 1551, 1559, 1560, 1561, 1562, 1574, 1576, 1587, 1588, 1589, 1594, 1609, 1612, 1613, 1614], "y": [97.0, 94.0, 91.0, 84.9, 81.9, 78.8, 75.8, 72.8, 69.7, 63.7, 60.7, 57.6, 51.6, 48.5, 45.5, 42.5, 39.4, 33.400000000000006, 27.299999999999997, 18.200000000000003, 15.200000000000003, 12.200000000000003, 6.099999999999994, 0.0, -3.0]}, "histogram": {"x": [1488.0, 1496.0, 1504.0, 1512.0, 1520.0, 1528.0, 1536.0, 1544.0, 1552.0, 1560.0, 1568.0, 1576.0, 1584.0, 1592.0, 1600.0, 1608.0, 1616.0], "y": [1, 0, 0, 1, 4, 0, 3, 4, 1, 4, 1, 1, 7, 1, 0, 6, 0]}}