{"percentile": {"y": [98.0, 96.0, 91.9, 89.8, 87.8, 83.7, 81.7, 79.6, 77.6, 71.5, 69.4, 67.4, 63.3, 59.2, 57.2, 53.1, 51.1, 49.0, 44.9, 40.9, 36.8, 34.7, 28.599999999999994, 26.599999999999994, 22.5, 18.400000000000006, 14.299999999999997, 10.299999999999997, 8.200000000000003, 4.099999999999994, -2.0], "x": [1286, 1465, 1477, 1501, 1502, 1515, 1528, 1537, 1538, 1539, 1541, 1549, 1551, 1552, 1553, 1555, 1560, 1562, 1563, 1576, 1585, 1587, 1589, 1595, 1597, 1598, 1599, 1600, 1605, 1612, 1613]}, "histogram": {"y": [1, 0, 0, 0, 0, 0, 0, 0, 0, 0, 0, 0, 0, 0, 0, 0, 0, 0, 0, 0, 0, 0, 0, 1, 2, 0, 0, 2, 0, 2, 0, 1, 6, 3, 5, 4, 0, 2, 6, 7, 3, 5], "x": [1280.0, 1288.0, 1296.0, 1304.0, 1312.0, 1320.0, 1328.0, 1336.0, 1344.0, 1352.0, 1360.0, 1368.0, 1376.0, 1384.0, 1392.0, 1400.0, 1408.0, 1416.0, 1424.0, 1432.0, 1440.0, 1448.0, 1456.0, 1464.0, 1472.0, 1480.0, 1488.0, 1496.0, 1504.0, 1512.0, 1520.0, 1528.0, 1536.0, 1544.0, 1552.0, 1560.0, 1568.0, 1576.0, 1584.0, 1592.0, 1600.0, 1608.0]}}