{"histogram": {"x": [378.0, 396.0, 414.0, 432.0, 450.0, 468.0, 486.0, 504.0, 522.0, 540.0, 558.0, 576.0, 594.0, 612.0, 630.0, 648.0, 666.0, 684.0, 702.0, 720.0, 738.0, 756.0, 774.0, 792.0, 810.0, 828.0, 846.0, 864.0, 882.0, 900.0, 918.0, 936.0, 954.0, 972.0, 990.0, 1008.0, 1026.0, 1044.0, 1062.0, 1080.0, 1098.0, 1116.0, 1134.0, 1152.0, 1170.0, 1188.0, 1206.0, 1224.0, 1242.0, 1260.0, 1278.0, 1296.0, 1314.0, 1332.0, 1350.0, 1368.0, 1386.0, 1404.0, 1422.0, 1440.0, 1458.0, 1476.0, 1494.0, 1512.0, 1530.0, 1548.0, 1566.0, 1584.0, 1602.0, 1620.0, 1638.0, 1656.0], "y": [1, 0, 0, 0, 0, 0, 0, 0, 0, 0, 0, 0, 0, 0, 0, 0, 0, 0, 0, 0, 0, 0, 0, 0, 0, 0, 0, 0, 0, 0, 0, 0, 0, 0, 0, 0, 0, 0, 0, 0, 0, 0, 0, 0, 0, 0, 0, 0, 0, 0, 0, 0, 0, 0, 0, 0, 0, 0, 0, 0, 2, 0, 3, 3, 16, 8, 31, 8, 36, 18, 2, 5, 0]}, "percentile": {"x": [360, 1441, 1452, 1477, 1490, 1494, 1501, 1502, 1513, 1514, 1515, 1516, 1518, 1521, 1524, 1525, 1526, 1527, 1535, 1536, 1539, 1549, 1550, 1551, 1552, 1555, 1557, 1559, 1560, 1561, 1562, 1563, 1564, 1565, 1567, 1573, 1574, 1575, 1576, 1582, 1586, 1587, 1588, 1589, 1596, 1597, 1598, 1600, 1601, 1602, 1605, 1608, 1609, 1610, 1611, 1612, 1613, 1614, 1620, 1638, 1648, 1650], "y": [99.3, 98.5, 97.8, 96.3, 95.5, 94.7, 94.0, 93.2, 92.5, 90.2, 88.7, 87.9, 87.2, 86.4, 85.7, 83.4, 81.9, 81.1, 80.4, 79.6, 75.0, 72.8, 70.5, 69.7, 65.2, 64.4, 63.7, 62.9, 60.7, 57.6, 56.1, 54.6, 52.3, 51.6, 50.8, 49.3, 48.5, 47.0, 46.3, 45.5, 41.7, 39.4, 37.9, 30.400000000000006, 26.599999999999994, 25.0, 22.799999999999997, 22.0, 18.200000000000003, 17.5, 16.700000000000003, 16.0, 15.200000000000003, 13.700000000000003, 12.200000000000003, 10.700000000000003, 5.400000000000006, 4.599999999999994, 3.0999999999999943, 2.299999999999997, 1.5999999999999943, -0.7000000000000028]}}