{"histogram": {"x": [162.0, 180.0, 198.0, 216.0, 234.0, 252.0, 270.0, 288.0, 306.0, 324.0, 342.0, 360.0, 378.0, 396.0, 414.0, 432.0, 450.0, 468.0, 486.0, 504.0, 522.0, 540.0, 558.0, 576.0, 594.0, 612.0, 630.0, 648.0, 666.0, 684.0, 702.0, 720.0, 738.0, 756.0, 774.0, 792.0, 810.0, 828.0, 846.0, 864.0, 882.0, 900.0, 918.0, 936.0, 954.0, 972.0, 990.0, 1008.0, 1026.0, 1044.0, 1062.0, 1080.0, 1098.0, 1116.0, 1134.0, 1152.0, 1170.0, 1188.0, 1206.0, 1224.0, 1242.0, 1260.0, 1278.0, 1296.0, 1314.0, 1332.0, 1350.0, 1368.0, 1386.0, 1404.0, 1422.0, 1440.0, 1458.0, 1476.0, 1494.0, 1512.0, 1530.0, 1548.0, 1566.0, 1584.0, 1602.0, 1620.0, 1638.0], "y": [1, 0, 0, 0, 0, 0, 0, 0, 0, 0, 0, 0, 0, 0, 0, 0, 1, 0, 0, 0, 0, 0, 0, 0, 0, 0, 0, 0, 0, 0, 0, 0, 0, 0, 0, 0, 0, 0, 0, 0, 0, 0, 0, 0, 0, 0, 0, 0, 0, 0, 0, 0, 0, 0, 0, 0, 0, 0, 0, 0, 0, 0, 0, 0, 0, 0, 1, 0, 0, 0, 1, 0, 3, 2, 4, 25, 33, 16, 66, 21, 119, 67, 6, 0]}, "percentile": {"x": [149, 448, 1344, 1415, 1441, 1453, 1464, 1465, 1478, 1489, 1490, 1501, 1502, 1512, 1513, 1514, 1515, 1524, 1525, 1526, 1527, 1528, 1538, 1539, 1546, 1549, 1550, 1551, 1552, 1556, 1557, 1558, 1560, 1561, 1562, 1563, 1564, 1568, 1570, 1572, 1573, 1574, 1575, 1576, 1577, 1578, 1583, 1585, 1586, 1587, 1588, 1589, 1591, 1594, 1596, 1597, 1598, 1599, 1600, 1601, 1602, 1603, 1606, 1608, 1609, 1610, 1611, 1612, 1613, 1615, 1616, 1619, 1620, 1621, 1632, 1636], "y": [99.8, 99.5, 99.2, 99.0, 98.4, 98.1, 97.9, 97.6, 97.3, 97.0, 96.5, 96.2, 89.6, 89.4, 88.8, 87.4, 86.6, 85.8, 84.2, 83.3, 80.9, 80.6, 79.5, 76.5, 76.2, 74.8, 72.9, 72.4, 68.5, 68.0, 67.7, 67.4, 65.5, 63.9, 61.7, 60.6, 58.1, 57.9, 57.6, 57.3, 57.0, 56.2, 55.4, 53.5, 52.9, 52.7, 52.4, 49.1, 46.9, 43.3, 41.1, 37.6, 37.0, 36.5, 35.099999999999994, 32.400000000000006, 30.700000000000003, 28.0, 23.299999999999997, 19.799999999999997, 19.5, 18.700000000000003, 18.400000000000006, 16.200000000000003, 14.0, 12.700000000000003, 10.200000000000003, 7.700000000000003, 2.200000000000003, 2.0, 1.7000000000000028, 1.4000000000000057, 0.5999999999999943, 0.29999999999999716, 0.0, -0.20000000000000284]}}