{"percentile": {"x": [1478, 1538, 1539, 1550, 1551, 1558, 1559, 1562, 1574, 1576, 1584, 1585, 1586, 1587, 1596, 1597, 1598, 1599, 1600, 1604, 1608, 1609, 1611, 1612, 1613, 1614, 1615, 1620, 1649, 1650], "y": [98.5, 96.9, 93.8, 92.2, 89.1, 87.5, 86.0, 84.4, 79.7, 71.9, 70.4, 68.8, 65.7, 64.1, 57.9, 54.7, 53.2, 51.6, 45.4, 43.8, 42.2, 40.7, 39.1, 32.900000000000006, 18.799999999999997, 15.700000000000003, 14.099999999999994, 7.900000000000006, 6.299999999999997, -1.5]}, "histogram": {"x": [1472.0, 1480.0, 1488.0, 1496.0, 1504.0, 1512.0, 1520.0, 1528.0, 1536.0, 1544.0, 1552.0, 1560.0, 1568.0, 1576.0, 1584.0, 1592.0, 1600.0, 1608.0, 1616.0, 1624.0, 1632.0, 1640.0, 1648.0], "y": [1, 0, 0, 0, 0, 0, 0, 0, 3, 3, 2, 1, 3, 5, 5, 8, 5, 19, 4, 0, 0, 0, 6]}}