{"percentile": {"y": [99.2, 98.4, 97.5, 93.3, 92.5, 91.6, 84.9, 84.1, 83.2, 81.6, 79.9, 78.2, 75.7, 74.0, 71.5, 68.1, 67.3, 65.6, 63.1, 58.9, 55.5, 54.7, 53.8, 52.2, 47.9, 46.3, 42.1, 41.2, 40.4, 37.0, 36.2, 34.5, 31.099999999999994, 30.299999999999997, 28.599999999999994, 27.799999999999997, 25.299999999999997, 22.700000000000003, 21.900000000000006, 20.200000000000003, 16.900000000000006, 15.200000000000003, 12.700000000000003, 9.299999999999997, 7.599999999999994, 5.900000000000006, 5.099999999999994, 0.9000000000000057, 0.0, -0.7999999999999972], "x": [1397, 1453, 1488, 1490, 1500, 1501, 1502, 1512, 1513, 1515, 1524, 1525, 1527, 1537, 1538, 1539, 1548, 1549, 1550, 1551, 1552, 1557, 1559, 1561, 1562, 1563, 1564, 1570, 1571, 1572, 1573, 1574, 1576, 1585, 1586, 1587, 1588, 1589, 1596, 1597, 1598, 1599, 1600, 1601, 1608, 1611, 1612, 1613, 1620, 1623]}, "histogram": {"y": [1, 0, 0, 0, 0, 0, 0, 1, 0, 0, 0, 0, 6, 10, 0, 4, 7, 0, 9, 11, 6, 14, 9, 4, 10, 9, 7, 10, 2, 0], "x": [1392.0, 1400.0, 1408.0, 1416.0, 1424.0, 1432.0, 1440.0, 1448.0, 1456.0, 1464.0, 1472.0, 1480.0, 1488.0, 1496.0, 1504.0, 1512.0, 1520.0, 1528.0, 1536.0, 1544.0, 1552.0, 1560.0, 1568.0, 1576.0, 1584.0, 1592.0, 1600.0, 1608.0, 1616.0, 1624.0]}}