{"percentile": {"y": [99.3, 98.5, 97.7, 97.0, 96.2, 95.4, 94.7, 93.9, 93.1, 92.4, 90.8, 89.3, 87.7, 84.7, 83.9, 83.1, 81.6, 79.3, 77.7, 77.0, 74.7, 73.1, 71.6, 70.8, 70.0, 67.7, 66.2, 65.4, 64.7, 63.9, 63.1, 62.4, 60.0, 57.7, 55.4, 54.7, 53.1, 52.4, 51.6, 50.8, 49.3, 47.7, 45.4, 44.7, 43.9, 40.0, 33.900000000000006, 30.0, 29.299999999999997, 25.400000000000006, 24.700000000000003, 19.299999999999997, 15.400000000000006, 14.700000000000003, 12.400000000000006, 11.599999999999994, 10.799999999999997, 10.0, 6.200000000000003, 5.400000000000006, 3.0999999999999943, 0.0, -0.7000000000000028], "x": [1357, 1362, 1399, 1428, 1453, 1465, 1477, 1478, 1481, 1489, 1501, 1502, 1514, 1515, 1516, 1523, 1525, 1526, 1527, 1536, 1537, 1538, 1539, 1548, 1549, 1550, 1551, 1552, 1553, 1555, 1558, 1559, 1560, 1561, 1562, 1563, 1564, 1570, 1571, 1572, 1573, 1574, 1576, 1584, 1585, 1586, 1587, 1588, 1593, 1596, 1597, 1598, 1599, 1600, 1601, 1607, 1608, 1609, 1610, 1611, 1612, 1613, 1620]}, "histogram": {"y": [1, 1, 0, 0, 0, 1, 0, 0, 0, 1, 0, 0, 1, 0, 1, 2, 1, 1, 4, 0, 7, 8, 0, 8, 7, 5, 12, 7, 3, 20, 19, 5, 15, 1], "x": [1352.0, 1360.0, 1368.0, 1376.0, 1384.0, 1392.0, 1400.0, 1408.0, 1416.0, 1424.0, 1432.0, 1440.0, 1448.0, 1456.0, 1464.0, 1472.0, 1480.0, 1488.0, 1496.0, 1504.0, 1512.0, 1520.0, 1528.0, 1536.0, 1544.0, 1552.0, 1560.0, 1568.0, 1576.0, 1584.0, 1592.0, 1600.0, 1608.0, 1616.0]}}