{"histogram": {"y": [1, 1, 3, 5, 11, 7, 26, 4, 63, 70, 13, 7, 0], "x": [1458.0, 1476.0, 1494.0, 1512.0, 1530.0, 1548.0, 1566.0, 1584.0, 1602.0, 1620.0, 1638.0, 1656.0]}, "percentile": {"y": [99.6, 99.1, 98.6, 98.1, 97.7, 97.2, 95.3, 92.4, 91.0, 90.5, 90.0, 89.6, 87.7, 87.2, 86.7, 85.3, 82.9, 82.4, 81.0, 80.5, 80.0, 78.6, 78.1, 76.2, 75.3, 74.3, 73.9, 73.4, 72.9, 72.4, 71.5, 68.1, 66.7, 64.8, 63.9, 59.6, 58.6, 57.7, 56.7, 56.2, 55.3, 54.3, 49.1, 47.2, 44.8, 42.4, 42.0, 41.5, 41.0, 40.5, 37.7, 35.3, 32.0, 28.599999999999994, 24.799999999999997, 11.5, 10.0, 9.599999999999994, 9.099999999999994, 5.799999999999997, 4.299999999999997, 3.9000000000000057, 2.9000000000000057, 2.4000000000000057, 2.0, 1.5, 0.0, -0.4000000000000057], "x": [1453, 1464, 1478, 1489, 1490, 1501, 1502, 1513, 1514, 1525, 1526, 1537, 1538, 1539, 1545, 1549, 1550, 1551, 1552, 1557, 1559, 1560, 1561, 1562, 1563, 1564, 1571, 1572, 1575, 1576, 1584, 1585, 1586, 1587, 1588, 1589, 1590, 1591, 1593, 1594, 1596, 1597, 1598, 1599, 1600, 1601, 1602, 1604, 1605, 1606, 1608, 1609, 1610, 1611, 1612, 1613, 1614, 1617, 1618, 1620, 1625, 1626, 1636, 1644, 1648, 1649, 1650, 1655]}}