{"percentile": {"y": [99.6, 99.2, 98.8, 98.4, 97.5, 96.7, 95.8, 95.0, 94.6, 85.3, 84.9, 83.2, 81.1, 80.7, 80.3, 78.6, 76.9, 76.5, 76.1, 75.7, 74.8, 73.2, 72.7, 71.1, 69.8, 69.0, 67.3, 66.9, 64.8, 64.3, 61.8, 60.1, 59.7, 59.3, 58.9, 58.5, 57.6, 56.8, 55.5, 52.2, 50.0, 46.3, 42.1, 41.6, 41.2, 40.8, 40.0, 36.6, 31.599999999999994, 30.299999999999997, 28.599999999999994, 25.299999999999997, 24.400000000000006, 24.0, 22.700000000000003, 22.299999999999997, 19.0, 16.400000000000006, 14.299999999999997, 3.799999999999997, 3.4000000000000057, 3.0, 2.200000000000003, 1.7000000000000028, 0.5, -0.4000000000000057], "x": [979, 1252, 1316, 1441, 1465, 1478, 1489, 1490, 1500, 1502, 1513, 1514, 1515, 1519, 1524, 1525, 1526, 1527, 1532, 1536, 1538, 1539, 1545, 1549, 1550, 1551, 1552, 1558, 1560, 1561, 1562, 1563, 1564, 1572, 1573, 1574, 1576, 1584, 1585, 1586, 1587, 1588, 1589, 1590, 1593, 1595, 1596, 1597, 1598, 1599, 1600, 1601, 1606, 1607, 1608, 1609, 1610, 1611, 1612, 1613, 1614, 1620, 1635, 1647, 1650, 1655]}, "histogram": {"y": [1, 0, 0, 0, 0, 0, 0, 0, 0, 0, 0, 0, 0, 0, 0, 0, 0, 0, 0, 0, 0, 0, 0, 0, 0, 0, 0, 0, 0, 0, 0, 0, 0, 0, 1, 0, 0, 0, 0, 0, 0, 0, 1, 0, 0, 0, 0, 0, 0, 0, 0, 0, 0, 0, 0, 0, 0, 0, 1, 0, 0, 2, 2, 0, 4, 23, 0, 11, 10, 1, 7, 10, 5, 17, 3, 2, 38, 27, 15, 49, 1, 0, 2, 1, 5, 0], "x": [976.0, 984.0, 992.0, 1000.0, 1008.0, 1016.0, 1024.0, 1032.0, 1040.0, 1048.0, 1056.0, 1064.0, 1072.0, 1080.0, 1088.0, 1096.0, 1104.0, 1112.0, 1120.0, 1128.0, 1136.0, 1144.0, 1152.0, 1160.0, 1168.0, 1176.0, 1184.0, 1192.0, 1200.0, 1208.0, 1216.0, 1224.0, 1232.0, 1240.0, 1248.0, 1256.0, 1264.0, 1272.0, 1280.0, 1288.0, 1296.0, 1304.0, 1312.0, 1320.0, 1328.0, 1336.0, 1344.0, 1352.0, 1360.0, 1368.0, 1376.0, 1384.0, 1392.0, 1400.0, 1408.0, 1416.0, 1424.0, 1432.0, 1440.0, 1448.0, 1456.0, 1464.0, 1472.0, 1480.0, 1488.0, 1496.0, 1504.0, 1512.0, 1520.0, 1528.0, 1536.0, 1544.0, 1552.0, 1560.0, 1568.0, 1576.0, 1584.0, 1592.0, 1600.0, 1608.0, 1616.0, 1624.0, 1632.0, 1640.0, 1648.0, 1656.0]}}