{"percentile": {"y": [100.0, 99.9, 99.9, 99.8, 99.8, 99.7, 99.7, 99.6, 99.6, 99.5, 99.4, 99.4, 99.3, 99.3, 99.2, 99.2, 99.1, 99.1, 99.0, 99.0, 98.9, 98.8, 98.8, 98.7, 98.7, 98.5, 98.2, 96.9, 96.6, 96.1, 96.0, 95.9, 95.6, 94.8, 94.8, 94.7, 94.6, 94.6, 93.7, 91.5, 91.5, 91.4, 90.7, 89.5, 87.5, 87.3, 87.2, 86.9, 86.8, 86.7, 86.5, 86.3, 85.1, 83.8, 82.3, 80.7, 80.7, 80.6, 80.2, 79.5, 78.4, 76.2, 76.1, 75.5, 74.0, 71.9, 69.2, 67.0, 66.8, 66.6, 66.4, 66.2, 65.8, 65.6, 65.2, 63.3, 61.2, 58.8, 56.0, 54.0, 53.8, 53.7, 53.6, 53.5, 53.4, 52.9, 52.1, 50.4, 49.5, 48.1, 48.0, 48.0, 47.5, 45.3, 43.1, 40.4, 37.6, 34.400000000000006, 34.400000000000006, 34.3, 33.8, 33.2, 32.8, 32.400000000000006, 30.5, 28.900000000000006, 26.799999999999997, 25.299999999999997, 23.099999999999994, 20.5, 20.200000000000003, 20.0, 19.700000000000003, 19.599999999999994, 19.400000000000006, 18.099999999999994, 17.200000000000003, 15.5, 13.700000000000003, 11.599999999999994, 4.900000000000006, 4.799999999999997, 4.799999999999997, 4.700000000000003, 3.799999999999997, 3.5, 3.299999999999997, 3.200000000000003, 3.200000000000003, 3.0999999999999943, 3.0999999999999943, 3.0, 3.0, 2.9000000000000057, 2.700000000000003, 2.5999999999999943, 2.5, 2.5, 2.200000000000003, 0.20000000000000284, 0.20000000000000284, 0.09999999999999432, 0.0], "x": [60, 250, 360, 441, 480, 660, 795, 960, 1021, 1065, 1103, 1124, 1201, 1202, 1216, 1279, 1334, 1343, 1386, 1397, 1401, 1411, 1434, 1438, 1441, 1452, 1453, 1465, 1477, 1478, 1482, 1488, 1489, 1490, 1494, 1497, 1498, 1500, 1501, 1502, 1504, 1512, 1513, 1514, 1515, 1516, 1517, 1518, 1519, 1520, 1521, 1523, 1524, 1525, 1526, 1527, 1529, 1535, 1536, 1537, 1538, 1539, 1540, 1548, 1549, 1550, 1551, 1552, 1553, 1554, 1555, 1556, 1557, 1558, 1559, 1560, 1561, 1562, 1563, 1564, 1565, 1567, 1568, 1570, 1571, 1572, 1573, 1574, 1575, 1576, 1581, 1582, 1584, 1585, 1586, 1587, 1588, 1589, 1590, 1591, 1592, 1593, 1594, 1595, 1596, 1597, 1598, 1599, 1600, 1601, 1602, 1603, 1604, 1605, 1607, 1608, 1609, 1610, 1611, 1612, 1613, 1614, 1616, 1618, 1620, 1621, 1622, 1623, 1624, 1625, 1626, 1627, 1634, 1635, 1636, 1637, 1638, 1645, 1648, 1650, 1651, 1653, 1655]}, "histogram": {"y": [1, 0, 0, 0, 0, 0, 0, 0, 0, 0, 0, 0, 0, 0, 0, 0, 0, 0, 0, 0, 0, 0, 0, 0, 1, 0, 0, 0, 0, 0, 0, 0, 0, 0, 0, 0, 0, 0, 1, 0, 0, 0, 0, 0, 0, 0, 0, 0, 1, 0, 0, 0, 0, 1, 0, 0, 0, 0, 0, 0, 0, 0, 0, 0, 0, 0, 0, 0, 0, 0, 0, 0, 0, 0, 0, 1, 0, 0, 0, 0, 0, 0, 0, 0, 0, 0, 0, 0, 0, 0, 0, 0, 1, 0, 0, 0, 0, 0, 0, 0, 0, 0, 0, 0, 0, 0, 0, 0, 0, 0, 0, 0, 0, 1, 0, 0, 0, 0, 0, 0, 1, 0, 0, 0, 0, 0, 1, 0, 0, 0, 1, 0, 0, 1, 0, 0, 0, 0, 0, 0, 0, 0, 0, 2, 0, 1, 0, 0, 0, 0, 0, 0, 1, 0, 0, 0, 0, 0, 0, 1, 1, 0, 0, 0, 0, 0, 1, 1, 1, 1, 0, 0, 2, 1, 9, 0, 24, 14, 1, 23, 59, 1, 85, 111, 3, 81, 125, 74, 209, 77, 27, 250, 164, 107, 265, 29, 4, 9, 1, 45, 0], "x": [56.0, 64.0, 72.0, 80.0, 88.0, 96.0, 104.0, 112.0, 120.0, 128.0, 136.0, 144.0, 152.0, 160.0, 168.0, 176.0, 184.0, 192.0, 200.0, 208.0, 216.0, 224.0, 232.0, 240.0, 248.0, 256.0, 264.0, 272.0, 280.0, 288.0, 296.0, 304.0, 312.0, 320.0, 328.0, 336.0, 344.0, 352.0, 360.0, 368.0, 376.0, 384.0, 392.0, 400.0, 408.0, 416.0, 424.0, 432.0, 440.0, 448.0, 456.0, 464.0, 472.0, 480.0, 488.0, 496.0, 504.0, 512.0, 520.0, 528.0, 536.0, 544.0, 552.0, 560.0, 568.0, 576.0, 584.0, 592.0, 600.0, 608.0, 616.0, 624.0, 632.0, 640.0, 648.0, 656.0, 664.0, 672.0, 680.0, 688.0, 696.0, 704.0, 712.0, 720.0, 728.0, 736.0, 744.0, 752.0, 760.0, 768.0, 776.0, 784.0, 792.0, 800.0, 808.0, 816.0, 824.0, 832.0, 840.0, 848.0, 856.0, 864.0, 872.0, 880.0, 888.0, 896.0, 904.0, 912.0, 920.0, 928.0, 936.0, 944.0, 952.0, 960.0, 968.0, 976.0, 984.0, 992.0, 1000.0, 1008.0, 1016.0, 1024.0, 1032.0, 1040.0, 1048.0, 1056.0, 1064.0, 1072.0, 1080.0, 1088.0, 1096.0, 1104.0, 1112.0, 1120.0, 1128.0, 1136.0, 1144.0, 1152.0, 1160.0, 1168.0, 1176.0, 1184.0, 1192.0, 1200.0, 1208.0, 1216.0, 1224.0, 1232.0, 1240.0, 1248.0, 1256.0, 1264.0, 1272.0, 1280.0, 1288.0, 1296.0, 1304.0, 1312.0, 1320.0, 1328.0, 1336.0, 1344.0, 1352.0, 1360.0, 1368.0, 1376.0, 1384.0, 1392.0, 1400.0, 1408.0, 1416.0, 1424.0, 1432.0, 1440.0, 1448.0, 1456.0, 1464.0, 1472.0, 1480.0, 1488.0, 1496.0, 1504.0, 1512.0, 1520.0, 1528.0, 1536.0, 1544.0, 1552.0, 1560.0, 1568.0, 1576.0, 1584.0, 1592.0, 1600.0, 1608.0, 1616.0, 1624.0, 1632.0, 1640.0, 1648.0, 1656.0]}}