{"histogram": {"y": [2, 0, 6, 1, 0, 2, 0, 3, 0], "x": [1592.0, 1600.0, 1608.0, 1616.0, 1624.0, 1632.0, 1640.0, 1648.0, 1656.0]}, "percentile": {"y": [92.4, 84.7, 69.3, 38.5, 30.799999999999997, 23.099999999999994, 15.400000000000006, -7.599999999999994], "x": [1593, 1598, 1611, 1613, 1622, 1634, 1637, 1650]}}