{"histogram": {"y": [6, 24, 71, 23, 12, 0], "x": [1584.0, 1602.0, 1620.0, 1638.0, 1656.0]}, "percentile": {"y": [99.3, 98.6, 95.6, 94.9, 93.4, 92.6, 91.2, 90.4, 89.7, 86.7, 83.8, 77.8, 76.3, 73.4, 71.2, 70.4, 67.5, 62.3, 33.400000000000006, 32.599999999999994, 31.200000000000003, 30.400000000000006, 28.900000000000006, 26.700000000000003, 25.200000000000003, 21.5, 20.0, 19.299999999999997, 15.599999999999994, 14.900000000000006, 13.400000000000006, 12.599999999999994, 11.900000000000006, 11.200000000000003, 10.400000000000006, 9.700000000000003, 8.200000000000003, 5.200000000000003, 4.5, 3.799999999999997, 2.299999999999997, 1.5, 0.0, -0.7000000000000028], "x": [1574, 1575, 1576, 1585, 1586, 1588, 1589, 1593, 1595, 1599, 1600, 1601, 1607, 1608, 1609, 1610, 1611, 1612, 1613, 1614, 1615, 1616, 1617, 1618, 1619, 1620, 1621, 1622, 1624, 1626, 1627, 1628, 1629, 1632, 1633, 1636, 1637, 1641, 1643, 1644, 1650, 1653, 1654, 1655]}}