{"histogram": {"y": [2, 1, 0, 1], "x": [1608.0, 1616.0, 1624.0, 1632.0]}, "percentile": {"y": [33.400000000000006, 0.0, -33.30000000000001], "x": [1613, 1620, 1634]}}