{"percentile": {"x": [1403, 1478, 1489, 1501, 1502, 1515, 1525, 1526, 1538, 1551, 1552, 1555, 1559, 1561, 1562, 1563, 1564, 1565, 1567, 1568, 1570, 1572, 1573, 1574, 1575, 1576, 1577, 1578, 1585, 1586, 1587, 1588, 1589, 1590, 1591, 1592, 1593, 1594, 1595, 1596, 1597, 1598, 1599, 1600, 1601, 1602, 1603, 1604, 1605, 1606, 1607, 1608, 1609, 1610, 1611, 1612, 1613, 1614, 1615, 1616, 1617, 1618, 1619, 1620, 1621, 1622, 1623, 1624, 1625, 1626, 1627, 1628, 1629, 1630, 1631, 1632, 1633, 1634, 1635, 1636, 1637, 1638, 1639, 1640, 1641, 1642, 1643, 1645, 1646, 1648, 1649, 1650, 1652, 1654, 1655], "y": [99.9, 99.8, 99.7, 99.5, 99.4, 99.3, 99.1, 99.0, 98.9, 98.5, 98.3, 98.2, 98.1, 97.8, 97.6, 97.4, 97.0, 96.9, 96.8, 96.6, 96.5, 96.4, 96.0, 95.1, 93.6, 87.2, 87.1, 87.0, 86.4, 85.7, 84.7, 83.6, 81.3, 80.7, 79.8, 79.1, 78.8, 78.1, 77.4, 76.2, 75.0, 73.2, 70.3, 67.1, 64.4, 63.8, 63.0, 62.6, 61.7, 61.2, 60.3, 58.3, 55.0, 52.3, 48.2, 43.4, 21.099999999999994, 19.400000000000006, 18.5, 17.900000000000006, 17.200000000000003, 16.099999999999994, 15.5, 13.099999999999994, 12.400000000000006, 12.0, 11.599999999999994, 10.900000000000006, 10.400000000000006, 9.700000000000003, 9.299999999999997, 9.099999999999994, 8.599999999999994, 8.299999999999997, 7.599999999999994, 7.099999999999994, 6.900000000000006, 6.299999999999997, 5.799999999999997, 5.400000000000006, 5.299999999999997, 5.0, 4.900000000000006, 4.599999999999994, 4.5, 3.700000000000003, 3.299999999999997, 3.200000000000003, 2.799999999999997, 2.700000000000003, 2.5, 0.7999999999999972, 0.7000000000000028, 0.4000000000000057, -0.09999999999999432]}, "histogram": {"x": [1404.0, 1422.0, 1440.0, 1458.0, 1476.0, 1494.0, 1512.0, 1530.0, 1548.0, 1566.0, 1584.0, 1602.0, 1620.0, 1638.0, 1656.0], "y": [1, 0, 0, 0, 0, 2, 2, 3, 1, 15, 76, 172, 374, 78, 41, 0]}}