{"percentile": {"x": [1465, 1477, 1478, 1483, 1490, 1500, 1501, 1502, 1513, 1514, 1515, 1516, 1519, 1522, 1524, 1525, 1526, 1527, 1531, 1533, 1537, 1538, 1539, 1549, 1550, 1551, 1552, 1553, 1554, 1555, 1556, 1557, 1558, 1560, 1561, 1562, 1563, 1564, 1566, 1567, 1568, 1569, 1570, 1572, 1573, 1574, 1575, 1576, 1584, 1585, 1586, 1587, 1588, 1589, 1590, 1591, 1592, 1593, 1594, 1595, 1596, 1597, 1598, 1599, 1600, 1601, 1602, 1603, 1604, 1605, 1606, 1607, 1608, 1609, 1610, 1611, 1612, 1613, 1614, 1615, 1616, 1617, 1618, 1619, 1620, 1621, 1622, 1623, 1624, 1625, 1626, 1627, 1628, 1629, 1630, 1631, 1632, 1633, 1634, 1635, 1636, 1637, 1638, 1640, 1641, 1642, 1643, 1644, 1645, 1646, 1647, 1648, 1649, 1650, 1653, 1655], "y": [100.0, 100.0, 99.9, 99.9, 99.7, 99.7, 99.5, 98.9, 98.9, 98.8, 98.6, 98.6, 98.5, 98.5, 98.4, 98.1, 97.9, 97.7, 97.7, 97.6, 97.4, 97.0, 96.6, 96.4, 96.0, 95.3, 94.5, 94.4, 94.2, 94.1, 94.1, 94.1, 94.0, 93.8, 93.3, 92.3, 90.9, 89.8, 89.6, 89.6, 89.5, 89.5, 89.4, 88.9, 87.8, 86.7, 85.0, 80.7, 80.5, 79.5, 77.9, 75.6, 73.6, 71.2, 70.8, 70.4, 69.7, 69.1, 68.6, 67.7, 66.0, 63.8, 60.6, 57.5, 52.8, 49.2, 48.8, 48.1, 47.8, 47.4, 47.1, 46.5, 44.6, 41.4, 38.2, 34.2, 29.0, 16.799999999999997, 15.700000000000003, 15.200000000000003, 14.599999999999994, 14.200000000000003, 13.799999999999997, 13.5, 12.799999999999997, 12.200000000000003, 11.200000000000003, 10.400000000000006, 10.0, 9.599999999999994, 8.900000000000006, 8.799999999999997, 8.700000000000003, 8.5, 8.400000000000006, 8.099999999999994, 7.900000000000006, 7.700000000000003, 7.299999999999997, 7.200000000000003, 6.900000000000006, 6.599999999999994, 6.299999999999997, 6.200000000000003, 6.200000000000003, 6.099999999999994, 6.0, 6.0, 5.900000000000006, 5.799999999999997, 5.200000000000003, 4.700000000000003, 4.299999999999997, 0.4000000000000057, 0.29999999999999716, 0.0]}, "histogram": {"x": [1464.0, 1472.0, 1480.0, 1488.0, 1496.0, 1504.0, 1512.0, 1520.0, 1528.0, 1536.0, 1544.0, 1552.0, 1560.0, 1568.0, 1576.0, 1584.0, 1592.0, 1600.0, 1608.0, 1616.0, 1624.0, 1632.0, 1640.0, 1648.0, 1656.0], "y": [1, 2, 1, 3, 17, 0, 9, 17, 2, 22, 28, 28, 95, 99, 93, 222, 276, 237, 674, 103, 49, 39, 24, 112, 0]}}