{"percentile": {"y": [98.9, 97.8, 96.6, 95.5, 94.4, 93.2, 91.0, 87.5, 86.4, 85.3, 83.0, 80.7, 78.5, 77.3, 75.0, 72.8, 71.6, 70.5, 64.8, 63.7, 62.5, 61.4, 59.1, 56.9, 55.7, 54.6, 53.5, 52.3, 50.0, 46.6, 44.4, 41.0, 38.7, 37.5, 36.4, 31.900000000000006, 26.200000000000003, 25.0, 21.599999999999994, 20.5, 18.200000000000003, 17.099999999999994, 10.299999999999997, 4.599999999999994, 3.5, 2.299999999999997, 1.2000000000000028, 0.0, -1.0999999999999943], "x": [960, 1190, 1489, 1501, 1502, 1512, 1514, 1515, 1521, 1524, 1525, 1526, 1536, 1538, 1539, 1549, 1550, 1551, 1552, 1555, 1560, 1562, 1563, 1564, 1572, 1574, 1576, 1584, 1585, 1586, 1587, 1588, 1589, 1596, 1597, 1600, 1601, 1605, 1608, 1609, 1610, 1611, 1612, 1613, 1615, 1633, 1634, 1650, 1655]}, "histogram": {"y": [1, 0, 0, 0, 0, 0, 0, 0, 0, 0, 0, 0, 0, 0, 0, 0, 0, 0, 0, 0, 0, 0, 0, 0, 0, 0, 0, 0, 1, 0, 0, 0, 0, 0, 0, 0, 0, 0, 0, 0, 0, 0, 0, 0, 0, 0, 0, 0, 0, 0, 0, 0, 0, 0, 0, 0, 0, 0, 0, 0, 0, 0, 0, 0, 0, 0, 1, 2, 0, 6, 6, 0, 5, 4, 6, 6, 2, 1, 13, 2, 10, 19, 0, 0, 2, 0, 2, 0], "x": [960.0, 968.0, 976.0, 984.0, 992.0, 1000.0, 1008.0, 1016.0, 1024.0, 1032.0, 1040.0, 1048.0, 1056.0, 1064.0, 1072.0, 1080.0, 1088.0, 1096.0, 1104.0, 1112.0, 1120.0, 1128.0, 1136.0, 1144.0, 1152.0, 1160.0, 1168.0, 1176.0, 1184.0, 1192.0, 1200.0, 1208.0, 1216.0, 1224.0, 1232.0, 1240.0, 1248.0, 1256.0, 1264.0, 1272.0, 1280.0, 1288.0, 1296.0, 1304.0, 1312.0, 1320.0, 1328.0, 1336.0, 1344.0, 1352.0, 1360.0, 1368.0, 1376.0, 1384.0, 1392.0, 1400.0, 1408.0, 1416.0, 1424.0, 1432.0, 1440.0, 1448.0, 1456.0, 1464.0, 1472.0, 1480.0, 1488.0, 1496.0, 1504.0, 1512.0, 1520.0, 1528.0, 1536.0, 1544.0, 1552.0, 1560.0, 1568.0, 1576.0, 1584.0, 1592.0, 1600.0, 1608.0, 1616.0, 1624.0, 1632.0, 1640.0, 1648.0, 1656.0]}}