{"percentile": {"y": [98.4, 96.7, 95.0, 91.6, 89.9, 88.2, 83.1, 81.4, 79.7, 78.0, 76.3, 74.6, 69.5, 67.8, 62.8, 61.1, 59.4, 56.0, 54.3, 50.9, 49.2, 45.8, 44.1, 40.7, 37.3, 35.599999999999994, 32.3, 28.900000000000006, 27.200000000000003, 25.5, 20.400000000000006, 18.700000000000003, 17.0, 13.599999999999994, 11.900000000000006, 3.4000000000000057, 0.0, -1.5999999999999943], "x": [1328, 1465, 1477, 1489, 1497, 1501, 1502, 1514, 1515, 1524, 1525, 1539, 1549, 1550, 1551, 1552, 1556, 1560, 1563, 1564, 1572, 1584, 1587, 1588, 1589, 1591, 1596, 1597, 1598, 1599, 1601, 1605, 1607, 1609, 1612, 1613, 1620, 1632]}, "histogram": {"y": [1, 0, 0, 0, 0, 0, 0, 0, 0, 0, 0, 0, 0, 0, 0, 0, 0, 1, 1, 0, 2, 5, 0, 2, 2, 0, 1, 7, 2, 5, 1, 0, 8, 6, 5, 8, 2, 0, 1, 0], "x": [1328.0, 1336.0, 1344.0, 1352.0, 1360.0, 1368.0, 1376.0, 1384.0, 1392.0, 1400.0, 1408.0, 1416.0, 1424.0, 1432.0, 1440.0, 1448.0, 1456.0, 1464.0, 1472.0, 1480.0, 1488.0, 1496.0, 1504.0, 1512.0, 1520.0, 1528.0, 1536.0, 1544.0, 1552.0, 1560.0, 1568.0, 1576.0, 1584.0, 1592.0, 1600.0, 1608.0, 1616.0, 1624.0, 1632.0, 1640.0]}}