{"histogram": {"x": [720.0, 728.0, 736.0, 744.0, 752.0, 760.0, 768.0, 776.0, 784.0, 792.0, 800.0, 808.0, 816.0, 824.0, 832.0, 840.0, 848.0, 856.0, 864.0, 872.0, 880.0, 888.0, 896.0, 904.0, 912.0, 920.0, 928.0, 936.0, 944.0, 952.0, 960.0, 968.0, 976.0, 984.0, 992.0, 1000.0, 1008.0, 1016.0, 1024.0, 1032.0, 1040.0, 1048.0, 1056.0, 1064.0, 1072.0, 1080.0, 1088.0, 1096.0, 1104.0, 1112.0, 1120.0, 1128.0, 1136.0, 1144.0, 1152.0, 1160.0, 1168.0, 1176.0, 1184.0, 1192.0, 1200.0, 1208.0, 1216.0, 1224.0, 1232.0, 1240.0, 1248.0, 1256.0, 1264.0, 1272.0, 1280.0, 1288.0, 1296.0, 1304.0, 1312.0, 1320.0, 1328.0, 1336.0, 1344.0, 1352.0, 1360.0, 1368.0, 1376.0, 1384.0, 1392.0, 1400.0, 1408.0, 1416.0, 1424.0, 1432.0, 1440.0, 1448.0, 1456.0, 1464.0, 1472.0, 1480.0, 1488.0, 1496.0, 1504.0, 1512.0, 1520.0, 1528.0, 1536.0, 1544.0, 1552.0, 1560.0, 1568.0, 1576.0, 1584.0, 1592.0, 1600.0, 1608.0, 1616.0, 1624.0, 1632.0, 1640.0, 1648.0, 1656.0], "y": [2, 0, 0, 0, 0, 0, 0, 0, 1, 0, 0, 0, 0, 0, 0, 0, 0, 0, 0, 0, 0, 0, 0, 0, 0, 0, 0, 0, 0, 0, 0, 0, 0, 0, 0, 0, 0, 0, 0, 0, 0, 0, 0, 0, 0, 0, 0, 0, 0, 0, 0, 0, 0, 0, 0, 0, 0, 0, 0, 0, 0, 0, 0, 0, 0, 0, 0, 0, 0, 0, 0, 0, 0, 0, 0, 0, 0, 0, 0, 0, 0, 0, 0, 0, 0, 0, 0, 0, 0, 1, 0, 0, 1, 1, 2, 0, 5, 15, 0, 22, 9, 0, 10, 22, 18, 26, 5, 4, 47, 55, 31, 61, 8, 5, 5, 0, 12, 0]}, "percentile": {"x": [720, 785, 1439, 1459, 1465, 1477, 1489, 1490, 1501, 1502, 1513, 1514, 1515, 1517, 1518, 1524, 1525, 1526, 1527, 1536, 1537, 1539, 1549, 1550, 1551, 1552, 1553, 1556, 1557, 1559, 1560, 1561, 1562, 1563, 1564, 1573, 1574, 1575, 1576, 1581, 1585, 1586, 1587, 1588, 1589, 1590, 1591, 1592, 1593, 1594, 1596, 1597, 1598, 1599, 1600, 1601, 1604, 1605, 1606, 1607, 1608, 1609, 1610, 1611, 1612, 1613, 1615, 1620, 1621, 1622, 1623, 1624, 1625, 1626, 1632, 1633, 1638, 1650, 1655], "y": [99.5, 99.2, 99.0, 98.7, 98.4, 97.9, 97.1, 96.5, 96.0, 92.4, 91.9, 89.7, 87.2, 86.7, 86.4, 86.2, 85.3, 84.8, 84.0, 83.7, 82.6, 81.2, 80.4, 79.3, 75.3, 72.3, 72.0, 71.4, 70.6, 70.3, 69.5, 68.4, 66.0, 64.9, 63.3, 63.0, 62.2, 61.9, 61.1, 60.8, 59.2, 56.5, 52.6, 51.8, 48.8, 48.3, 48.0, 47.5, 46.4, 46.1, 43.6, 41.2, 36.0, 33.0, 30.0, 26.200000000000003, 25.700000000000003, 25.400000000000006, 24.799999999999997, 24.599999999999994, 23.5, 21.299999999999997, 20.200000000000003, 18.900000000000006, 16.900000000000006, 8.5, 8.0, 6.900000000000006, 6.599999999999994, 6.0, 5.799999999999997, 5.5, 5.200000000000003, 4.400000000000006, 4.099999999999994, 3.5999999999999943, 3.0, 0.5999999999999943, -0.20000000000000284]}}