{"histogram": {"y": [1, 0, 0, 0, 0, 0, 2, 4, 3, 1, 1, 0, 8, 4, 5, 28, 4, 2, 4, 0, 9, 0], "x": [1488.0, 1496.0, 1504.0, 1512.0, 1520.0, 1528.0, 1536.0, 1544.0, 1552.0, 1560.0, 1568.0, 1576.0, 1584.0, 1592.0, 1600.0, 1608.0, 1616.0, 1624.0, 1632.0, 1640.0, 1648.0, 1656.0]}, "percentile": {"y": [98.7, 97.4, 96.0, 94.7, 93.4, 90.7, 86.7, 85.4, 84.0, 82.7, 81.4, 77.4, 73.4, 72.0, 68.0, 64.0, 61.4, 57.4, 56.0, 54.7, 50.7, 25.400000000000006, 24.0, 22.700000000000003, 20.0, 18.700000000000003, 16.0, 14.700000000000003, 12.0, 10.700000000000003, 9.400000000000006, 0.0, -1.2999999999999972], "x": [1489, 1538, 1539, 1548, 1549, 1551, 1552, 1561, 1574, 1585, 1586, 1588, 1589, 1596, 1598, 1600, 1601, 1608, 1609, 1610, 1612, 1613, 1614, 1616, 1620, 1621, 1626, 1632, 1634, 1636, 1648, 1650, 1655]}}