{"percentile": {"y": [99.7, 99.4, 99.0, 98.7, 98.4, 98.0, 97.7, 96.7, 95.7, 94.7, 92.7, 89.7, 87.3, 79.3, 79.0, 78.3, 76.3, 75.3, 74.6, 72.6, 72.3, 71.6, 71.3, 70.6, 69.9, 69.3, 67.9, 64.9, 63.3, 59.9, 55.9, 55.2, 54.2, 53.9, 53.2, 52.2, 51.9, 50.9, 48.2, 43.9, 38.2, 32.8, 18.400000000000006, 17.400000000000006, 17.099999999999994, 16.799999999999997, 16.400000000000006, 15.799999999999997, 15.400000000000006, 13.400000000000006, 12.799999999999997, 12.099999999999994, 10.099999999999994, 8.700000000000003, 6.700000000000003, 5.099999999999994, 4.700000000000003, 4.400000000000006, 4.099999999999994, 2.700000000000003, 2.4000000000000057, 2.0999999999999943, 1.7000000000000028, 1.4000000000000057, -0.29999999999999716], "x": [1515, 1529, 1538, 1539, 1550, 1551, 1556, 1561, 1562, 1563, 1564, 1574, 1575, 1576, 1584, 1585, 1586, 1587, 1588, 1589, 1590, 1591, 1592, 1593, 1594, 1596, 1597, 1598, 1599, 1600, 1601, 1602, 1603, 1604, 1605, 1606, 1607, 1608, 1609, 1610, 1611, 1612, 1613, 1614, 1615, 1616, 1617, 1618, 1619, 1620, 1621, 1622, 1623, 1624, 1625, 1626, 1631, 1632, 1633, 1634, 1635, 1636, 1639, 1646, 1650]}, "histogram": {"y": [1, 0, 1, 2, 2, 1, 15, 16, 24, 23, 25, 34, 104, 21, 16, 9, 1, 5], "x": [1512.0, 1520.0, 1528.0, 1536.0, 1544.0, 1552.0, 1560.0, 1568.0, 1576.0, 1584.0, 1592.0, 1600.0, 1608.0, 1616.0, 1624.0, 1632.0, 1640.0, 1648.0]}}