{"percentile": {"y": [100.0, 100.0, 100.0, 100.0, 100.0, 100.0, 99.9, 99.9, 99.9, 99.9, 99.9, 99.9, 99.8, 99.8, 99.8, 99.8, 99.8, 99.8, 99.7, 99.7, 99.7, 99.7, 99.7, 99.6, 99.6, 99.6, 99.6, 99.6, 99.5, 99.5, 99.5, 99.5, 99.5, 99.5, 99.4, 99.4, 99.4, 99.4, 99.4, 99.4, 99.3, 99.3, 99.3, 99.3, 99.3, 99.3, 99.2, 99.2, 99.2, 99.1, 99.1, 99.1, 99.1, 99.1, 99.1, 99.0, 99.0, 99.0, 99.0, 99.0, 98.9, 98.9, 98.9, 98.9, 98.8, 98.8, 98.8, 98.8, 98.8, 98.8, 98.7, 98.7, 98.7, 98.7, 98.7, 98.7, 98.6, 98.6, 98.6, 98.6, 98.6, 98.5, 98.5, 98.5, 98.5, 98.5, 98.5, 98.4, 98.4, 98.4, 98.3, 98.3, 98.3, 98.3, 98.3, 98.3, 98.2, 98.2, 98.2, 98.1, 98.1, 98.1, 98.1, 98.1, 98.1, 98.0, 98.0, 98.0, 98.0, 98.0, 97.9, 97.9, 97.9, 97.9, 97.9, 97.8, 97.8, 97.8, 97.8, 97.5, 97.4, 97.4, 97.4, 97.4, 97.4, 96.9, 96.9, 96.9, 96.2, 96.2, 96.2, 96.1, 95.8, 95.2, 95.1, 95.1, 95.1, 95.0, 95.0, 95.0, 94.9, 94.2, 93.3, 93.3, 93.3, 93.2, 93.2, 93.2, 93.2, 93.0, 92.1, 85.9, 85.9, 85.9, 85.9, 85.8, 85.6, 85.0, 83.5, 81.4, 81.4, 81.3, 81.1, 81.0, 80.9, 80.8, 80.8, 80.7, 79.9, 78.5, 77.2, 75.6, 75.5, 75.5, 75.5, 75.4, 75.4, 75.4, 75.3, 75.0, 74.1, 73.1, 71.3, 71.3, 71.3, 71.2, 71.2, 71.2, 71.1, 71.1, 70.9, 69.2, 67.0, 64.6, 61.4, 61.3, 61.0, 60.7, 60.3, 60.1, 59.8, 59.7, 57.9, 55.9, 53.4, 51.7, 49.8, 49.7, 49.6, 49.6, 49.5, 49.5, 49.4, 49.3, 48.9, 48.4, 47.8, 47.4, 46.1, 46.1, 46.0, 46.0, 46.0, 45.9, 45.9, 45.7, 43.3, 40.7, 38.1, 35.599999999999994, 32.400000000000006, 32.099999999999994, 31.599999999999994, 31.400000000000006, 30.900000000000006, 30.599999999999994, 30.400000000000006, 28.200000000000003, 26.0, 23.599999999999994, 21.099999999999994, 18.900000000000006, 16.299999999999997, 16.0, 15.799999999999997, 15.700000000000003, 15.5, 15.400000000000006, 15.200000000000003, 14.099999999999994, 12.700000000000003, 10.799999999999997, 9.0, 7.299999999999997, 2.200000000000003, 2.0999999999999943, 2.0999999999999943, 1.9000000000000057, 1.7999999999999972, 1.7999999999999972, 1.7000000000000028, 1.2999999999999972, 1.0999999999999943, 1.0, 1.0, 0.9000000000000057, 0.9000000000000057, 0.7000000000000028, 0.7000000000000028, 0.5999999999999943, 0.5999999999999943, 0.5999999999999943, 0.5999999999999943, 0.5, 0.5, 0.5, 0.4000000000000057, 0.4000000000000057, 0.4000000000000057, 0.29999999999999716, 0.09999999999999432, 0.09999999999999432, 0.0], "x": [782, 803, 806, 834, 836, 857, 858, 875, 884, 917, 924, 927, 945, 946, 958, 960, 961, 968, 987, 992, 999, 1031, 1042, 1068, 1070, 1078, 1083, 1091, 1093, 1100, 1110, 1115, 1121, 1139, 1143, 1146, 1149, 1159, 1160, 1163, 1166, 1169, 1170, 1180, 1186, 1192, 1196, 1200, 1211, 1212, 1214, 1218, 1226, 1227, 1229, 1234, 1242, 1247, 1251, 1254, 1255, 1260, 1265, 1269, 1273, 1276, 1286, 1288, 1290, 1291, 1293, 1299, 1303, 1308, 1317, 1318, 1319, 1320, 1322, 1326, 1328, 1330, 1331, 1335, 1336, 1342, 1343, 1344, 1346, 1348, 1351, 1353, 1356, 1363, 1373, 1379, 1384, 1386, 1391, 1392, 1395, 1396, 1397, 1399, 1404, 1406, 1408, 1410, 1412, 1415, 1418, 1420, 1421, 1422, 1427, 1429, 1437, 1438, 1440, 1441, 1444, 1445, 1446, 1447, 1451, 1453, 1459, 1464, 1465, 1466, 1470, 1476, 1477, 1478, 1481, 1482, 1483, 1484, 1485, 1487, 1488, 1489, 1490, 1491, 1492, 1494, 1496, 1497, 1499, 1500, 1501, 1502, 1506, 1507, 1510, 1511, 1512, 1513, 1514, 1515, 1516, 1517, 1518, 1519, 1520, 1521, 1522, 1523, 1524, 1525, 1526, 1527, 1528, 1529, 1530, 1531, 1532, 1533, 1535, 1536, 1537, 1538, 1539, 1540, 1542, 1543, 1544, 1545, 1546, 1547, 1548, 1549, 1550, 1551, 1552, 1553, 1554, 1555, 1556, 1557, 1558, 1559, 1560, 1561, 1562, 1563, 1564, 1565, 1566, 1567, 1568, 1569, 1570, 1571, 1572, 1573, 1574, 1575, 1576, 1577, 1578, 1579, 1581, 1582, 1583, 1584, 1585, 1586, 1587, 1588, 1589, 1590, 1591, 1592, 1593, 1594, 1595, 1596, 1597, 1598, 1599, 1600, 1601, 1602, 1603, 1604, 1605, 1606, 1607, 1608, 1609, 1610, 1611, 1612, 1613, 1614, 1615, 1616, 1617, 1618, 1619, 1620, 1621, 1622, 1623, 1624, 1625, 1626, 1627, 1630, 1631, 1632, 1634, 1635, 1636, 1637, 1638, 1641, 1644, 1648, 1650, 1653, 1655]}, "histogram": {"y": [1, 0, 0, 2, 0, 0, 0, 2, 0, 0, 2, 0, 1, 1, 0, 0, 0, 1, 2, 0, 0, 2, 1, 2, 1, 0, 1, 2, 0, 0, 0, 2, 0, 1, 0, 0, 3, 1, 1, 2, 1, 1, 1, 1, 0, 2, 2, 1, 3, 2, 1, 1, 3, 4, 3, 1, 3, 1, 2, 4, 2, 3, 2, 1, 4, 2, 1, 3, 4, 5, 3, 7, 2, 1, 1, 1, 6, 5, 3, 4, 4, 3, 3, 25, 27, 1, 46, 63, 10, 108, 449, 4, 295, 333, 15, 251, 406, 304, 617, 137, 90, 873, 644, 364, 803, 65, 25, 13, 3, 20, 0], "x": [776.0, 784.0, 792.0, 800.0, 808.0, 816.0, 824.0, 832.0, 840.0, 848.0, 856.0, 864.0, 872.0, 880.0, 888.0, 896.0, 904.0, 912.0, 920.0, 928.0, 936.0, 944.0, 952.0, 960.0, 968.0, 976.0, 984.0, 992.0, 1000.0, 1008.0, 1016.0, 1024.0, 1032.0, 1040.0, 1048.0, 1056.0, 1064.0, 1072.0, 1080.0, 1088.0, 1096.0, 1104.0, 1112.0, 1120.0, 1128.0, 1136.0, 1144.0, 1152.0, 1160.0, 1168.0, 1176.0, 1184.0, 1192.0, 1200.0, 1208.0, 1216.0, 1224.0, 1232.0, 1240.0, 1248.0, 1256.0, 1264.0, 1272.0, 1280.0, 1288.0, 1296.0, 1304.0, 1312.0, 1320.0, 1328.0, 1336.0, 1344.0, 1352.0, 1360.0, 1368.0, 1376.0, 1384.0, 1392.0, 1400.0, 1408.0, 1416.0, 1424.0, 1432.0, 1440.0, 1448.0, 1456.0, 1464.0, 1472.0, 1480.0, 1488.0, 1496.0, 1504.0, 1512.0, 1520.0, 1528.0, 1536.0, 1544.0, 1552.0, 1560.0, 1568.0, 1576.0, 1584.0, 1592.0, 1600.0, 1608.0, 1616.0, 1624.0, 1632.0, 1640.0, 1648.0, 1656.0]}}