{"histogram": {"x": [1448.0, 1456.0, 1464.0, 1472.0, 1480.0, 1488.0, 1496.0, 1504.0, 1512.0, 1520.0, 1528.0, 1536.0, 1544.0, 1552.0, 1560.0, 1568.0, 1576.0, 1584.0, 1592.0, 1600.0, 1608.0, 1616.0, 1624.0, 1632.0, 1640.0, 1648.0], "y": [1, 0, 0, 0, 0, 0, 0, 0, 0, 2, 0, 1, 0, 2, 1, 0, 0, 0, 1, 0, 5, 1, 0, 1, 0, 1]}, "percentile": {"x": [1453, 1527, 1539, 1556, 1558, 1561, 1594, 1612, 1613, 1618, 1633, 1650], "y": [93.4, 80.0, 73.4, 66.7, 60.0, 53.4, 46.7, 33.400000000000006, 13.400000000000006, 6.700000000000003, 0.0, -6.599999999999994]}}