{"histogram": {"x": [1560.0, 1568.0, 1576.0, 1584.0, 1592.0, 1600.0, 1608.0, 1616.0, 1624.0, 1632.0, 1640.0, 1648.0, 1656.0], "y": [1, 0, 2, 0, 3, 3, 24, 13, 6, 7, 0, 7, 0]}, "percentile": {"x": [1561, 1576, 1598, 1599, 1600, 1601, 1606, 1611, 1612, 1613, 1614, 1615, 1616, 1617, 1619, 1621, 1622, 1624, 1625, 1626, 1629, 1630, 1631, 1633, 1634, 1635, 1638, 1648, 1649, 1650, 1653, 1655], "y": [98.5, 95.4, 92.4, 90.8, 89.3, 87.7, 86.2, 84.7, 73.9, 55.4, 50.8, 49.3, 43.1, 41.6, 37.0, 30.799999999999997, 29.299999999999997, 27.700000000000003, 26.200000000000003, 24.700000000000003, 23.099999999999994, 21.599999999999994, 20.0, 18.5, 17.0, 13.900000000000006, 9.299999999999997, 6.200000000000003, 4.700000000000003, 1.5999999999999943, 0.0, -1.5]}}