{"percentile": {"x": [1083, 1102, 1298, 1414, 1441, 1453, 1465, 1477, 1478, 1479, 1485, 1488, 1489, 1490, 1491, 1493, 1499, 1501, 1502, 1513, 1514, 1515, 1517, 1518, 1523, 1524, 1525, 1526, 1527, 1536, 1537, 1538, 1539, 1549, 1550, 1551, 1552, 1555, 1557, 1558, 1559, 1560, 1561, 1562, 1563, 1564, 1566, 1567, 1568, 1569, 1570, 1571, 1572, 1573, 1574, 1575, 1576, 1578, 1584, 1585, 1586, 1587, 1588, 1589, 1590, 1591, 1592, 1593, 1594, 1595, 1596, 1597, 1598, 1599, 1600, 1601, 1602, 1603, 1604, 1605, 1606, 1607, 1608, 1609, 1610, 1611, 1612, 1613, 1614, 1615, 1616, 1617, 1618, 1619, 1620, 1621, 1622, 1623, 1624, 1625, 1626, 1627, 1628, 1629, 1630, 1631, 1632, 1633, 1634, 1635, 1636, 1638, 1639, 1640, 1641, 1642, 1643, 1644, 1645, 1646, 1647, 1648, 1649, 1650, 1651, 1652, 1653, 1654, 1655], "y": [100.0, 100.0, 99.9, 99.9, 99.8, 99.8, 99.8, 99.6, 99.6, 99.6, 99.5, 99.5, 99.3, 99.2, 99.2, 99.1, 99.1, 99.1, 98.8, 98.7, 98.5, 98.2, 98.2, 98.1, 98.0, 98.0, 97.8, 97.5, 96.9, 96.9, 96.6, 96.3, 95.9, 95.6, 95.2, 94.6, 94.0, 93.9, 93.8, 93.7, 93.4, 93.2, 92.7, 92.1, 91.6, 90.7, 90.4, 90.2, 90.1, 90.1, 90.0, 90.0, 89.8, 89.0, 87.8, 86.2, 77.7, 77.6, 77.5, 76.8, 76.1, 74.6, 72.7, 71.0, 70.6, 70.0, 69.7, 69.0, 68.3, 67.8, 66.2, 64.3, 63.0, 60.2, 57.5, 54.8, 54.1, 53.2, 52.1, 51.6, 51.1, 50.4, 48.9, 46.9, 44.3, 41.3, 36.9, 17.900000000000006, 16.700000000000003, 15.799999999999997, 15.200000000000003, 14.299999999999997, 13.5, 13.0, 11.799999999999997, 11.5, 10.900000000000006, 10.099999999999994, 9.599999999999994, 9.0, 8.400000000000006, 7.799999999999997, 7.400000000000006, 7.0, 6.700000000000003, 6.400000000000006, 5.900000000000006, 5.700000000000003, 5.400000000000006, 5.099999999999994, 4.900000000000006, 4.599999999999994, 4.400000000000006, 4.0, 3.799999999999997, 3.5999999999999943, 3.5, 3.0999999999999943, 3.0, 2.9000000000000057, 2.9000000000000057, 2.700000000000003, 2.5, 1.2999999999999972, 1.2000000000000028, 1.0, 0.7999999999999972, 0.4000000000000057, 0.0]}, "histogram": {"x": [1098.0, 1116.0, 1134.0, 1152.0, 1170.0, 1188.0, 1206.0, 1224.0, 1242.0, 1260.0, 1278.0, 1296.0, 1314.0, 1332.0, 1350.0, 1368.0, 1386.0, 1404.0, 1422.0, 1440.0, 1458.0, 1476.0, 1494.0, 1512.0, 1530.0, 1548.0, 1566.0, 1584.0, 1602.0, 1620.0, 1638.0, 1656.0], "y": [1, 1, 0, 0, 0, 0, 0, 0, 0, 0, 0, 0, 1, 0, 0, 0, 0, 0, 1, 0, 2, 1, 15, 7, 47, 25, 124, 315, 551, 1006, 196, 117, 0]}}