{"histogram": {"y": [1, 0, 0, 0, 0, 0, 1, 0, 0, 0, 0, 0, 0, 0, 3, 1, 0, 6, 1, 0, 1, 4, 0, 5, 9, 1, 4, 11, 11, 19, 11, 1, 23, 13, 8, 26, 3, 0, 0, 0, 2], "x": [1328.0, 1336.0, 1344.0, 1352.0, 1360.0, 1368.0, 1376.0, 1384.0, 1392.0, 1400.0, 1408.0, 1416.0, 1424.0, 1432.0, 1440.0, 1448.0, 1456.0, 1464.0, 1472.0, 1480.0, 1488.0, 1496.0, 1504.0, 1512.0, 1520.0, 1528.0, 1536.0, 1544.0, 1552.0, 1560.0, 1568.0, 1576.0, 1584.0, 1592.0, 1600.0, 1608.0, 1616.0, 1624.0, 1632.0, 1640.0, 1648.0]}, "percentile": {"y": [99.4, 98.8, 97.0, 96.4, 92.7, 92.1, 91.5, 90.9, 89.1, 88.5, 87.9, 86.0, 84.2, 83.0, 80.5, 79.9, 79.3, 78.1, 77.5, 76.3, 73.8, 70.8, 65.3, 64.7, 64.1, 63.5, 60.4, 56.1, 53.7, 52.5, 51.9, 50.7, 48.2, 47.6, 45.8, 45.2, 43.3, 41.5, 34.8, 33.599999999999994, 31.099999999999994, 30.5, 29.299999999999997, 28.099999999999994, 25.700000000000003, 23.200000000000003, 20.799999999999997, 19.599999999999994, 18.299999999999997, 17.700000000000003, 11.599999999999994, 9.799999999999997, 9.200000000000003, 6.799999999999997, 3.0999999999999943, 2.5, 1.9000000000000057, 1.2999999999999972, 0.7000000000000028, 0.0, -0.5999999999999943], "x": [1333, 1378, 1441, 1453, 1465, 1478, 1489, 1501, 1502, 1513, 1514, 1515, 1524, 1526, 1527, 1532, 1537, 1539, 1542, 1549, 1550, 1551, 1552, 1554, 1557, 1560, 1561, 1562, 1563, 1564, 1569, 1572, 1573, 1574, 1575, 1576, 1585, 1586, 1587, 1588, 1589, 1595, 1596, 1597, 1598, 1599, 1600, 1601, 1607, 1608, 1609, 1610, 1611, 1612, 1613, 1614, 1620, 1622, 1623, 1649, 1650]}}