{"histogram": {"x": [1536.0, 1544.0, 1552.0, 1560.0, 1568.0, 1576.0, 1584.0, 1592.0, 1600.0, 1608.0, 1616.0, 1624.0, 1632.0, 1640.0, 1648.0, 1656.0], "y": [1, 0, 1, 2, 8, 29, 43, 46, 40, 180, 35, 18, 16, 7, 23, 0]}, "percentile": {"x": [1539, 1552, 1561, 1563, 1573, 1574, 1575, 1576, 1585, 1586, 1587, 1588, 1589, 1590, 1591, 1592, 1593, 1594, 1595, 1596, 1597, 1598, 1599, 1600, 1601, 1602, 1603, 1604, 1605, 1606, 1607, 1608, 1609, 1610, 1611, 1612, 1613, 1614, 1615, 1616, 1617, 1618, 1619, 1620, 1621, 1622, 1623, 1624, 1625, 1626, 1627, 1631, 1632, 1633, 1634, 1635, 1636, 1637, 1638, 1639, 1643, 1644, 1645, 1647, 1648, 1649, 1650, 1652], "y": [99.8, 99.6, 99.4, 99.2, 98.7, 98.5, 97.4, 90.9, 89.8, 88.9, 86.7, 84.2, 82.2, 82.0, 81.3, 80.9, 80.4, 80.2, 79.7, 78.6, 75.5, 72.8, 71.0, 68.6, 65.5, 65.2, 64.1, 63.2, 62.8, 62.5, 62.1, 60.5, 56.5, 53.4, 49.8, 44.5, 24.200000000000003, 22.799999999999997, 21.900000000000006, 20.400000000000006, 19.0, 18.599999999999994, 18.099999999999994, 17.200000000000003, 16.799999999999997, 15.5, 14.099999999999994, 13.0, 11.400000000000006, 10.799999999999997, 10.299999999999997, 10.099999999999994, 9.599999999999994, 9.200000000000003, 8.799999999999997, 8.299999999999997, 7.900000000000006, 7.200000000000003, 6.700000000000003, 6.5, 6.099999999999994, 5.900000000000006, 5.400000000000006, 5.0, 4.700000000000003, 4.299999999999997, 0.29999999999999716, -0.20000000000000284]}}