{"histogram": {"x": [1008.0, 1026.0, 1044.0, 1062.0, 1080.0, 1098.0, 1116.0, 1134.0, 1152.0, 1170.0, 1188.0, 1206.0, 1224.0, 1242.0, 1260.0, 1278.0, 1296.0, 1314.0, 1332.0, 1350.0, 1368.0, 1386.0, 1404.0, 1422.0, 1440.0, 1458.0, 1476.0, 1494.0, 1512.0, 1530.0, 1548.0, 1566.0, 1584.0, 1602.0, 1620.0, 1638.0], "y": [1, 0, 0, 0, 0, 0, 0, 1, 0, 0, 0, 0, 0, 0, 0, 1, 1, 2, 0, 0, 2, 0, 1, 0, 3, 6, 2, 14, 7, 38, 22, 89, 13, 81, 31, 2, 0]}, "percentile": {"x": [990, 1128, 1267, 1278, 1297, 1300, 1354, 1365, 1396, 1430, 1432, 1433, 1441, 1453, 1457, 1464, 1465, 1477, 1478, 1483, 1487, 1488, 1489, 1490, 1501, 1502, 1512, 1513, 1514, 1515, 1518, 1522, 1524, 1525, 1526, 1527, 1532, 1536, 1537, 1538, 1539, 1548, 1549, 1550, 1551, 1552, 1554, 1556, 1558, 1559, 1560, 1561, 1562, 1563, 1564, 1569, 1573, 1574, 1575, 1576, 1585, 1586, 1587, 1588, 1589, 1590, 1591, 1592, 1593, 1594, 1596, 1597, 1598, 1599, 1600, 1601, 1602, 1605, 1606, 1608, 1610, 1611, 1612, 1613, 1619, 1620, 1623], "y": [99.7, 99.4, 99.1, 98.8, 98.5, 98.2, 97.8, 97.5, 97.2, 96.9, 96.6, 96.3, 95.6, 94.7, 94.4, 94.0, 93.7, 93.1, 92.1, 91.8, 91.5, 91.2, 90.2, 89.3, 88.7, 87.1, 86.8, 85.8, 83.9, 81.7, 81.4, 81.1, 80.7, 77.9, 76.6, 75.0, 74.7, 72.8, 71.6, 70.3, 68.1, 67.8, 66.2, 63.0, 60.2, 55.7, 55.1, 54.8, 54.5, 54.2, 51.3, 48.2, 45.9, 44.0, 39.9, 39.6, 38.7, 37.4, 36.1, 35.8, 33.599999999999994, 33.0, 31.099999999999994, 28.5, 26.599999999999994, 26.0, 25.700000000000003, 25.400000000000006, 25.0, 24.400000000000006, 22.799999999999997, 20.599999999999994, 16.5, 13.299999999999997, 11.099999999999994, 10.200000000000003, 9.5, 9.200000000000003, 8.900000000000006, 8.0, 6.099999999999994, 4.799999999999997, 3.799999999999997, 0.7000000000000028, 0.4000000000000057, 0.0, -0.29999999999999716]}}