{"histogram": {"y": [1, 0, 4, 4, 50, 104, 263, 375, 68, 35, 0], "x": [1494.0, 1512.0, 1530.0, 1548.0, 1566.0, 1584.0, 1602.0, 1620.0, 1638.0, 1656.0]}, "percentile": {"y": [99.9, 99.8, 99.5, 99.2, 99.1, 98.9, 98.6, 98.5, 97.7, 97.6, 97.5, 97.2, 96.4, 95.6, 94.6, 93.5, 93.4, 93.3, 93.1, 92.9, 92.1, 91.2, 89.8, 82.1, 82.0, 80.6, 79.6, 78.3, 76.1, 74.2, 74.1, 72.8, 72.0, 71.6, 70.8, 70.6, 68.9, 67.4, 64.9, 61.3, 57.9, 52.9, 52.2, 52.0, 51.0, 50.1, 49.6, 48.7, 47.3, 44.2, 39.7, 35.599999999999994, 29.700000000000003, 14.200000000000003, 13.799999999999997, 13.0, 12.200000000000003, 11.799999999999997, 11.599999999999994, 11.299999999999997, 10.299999999999997, 9.900000000000006, 9.099999999999994, 8.0, 7.599999999999994, 6.700000000000003, 6.299999999999997, 6.0, 5.900000000000006, 5.799999999999997, 5.5, 5.400000000000006, 5.099999999999994, 4.700000000000003, 4.5, 3.799999999999997, 3.700000000000003, 3.5999999999999943, 3.5, 3.4000000000000057, 3.0, 2.9000000000000057, 2.700000000000003, 2.5999999999999943, 2.5, 0.5, 0.4000000000000057, 0.29999999999999716, 0.20000000000000284, 0.0, -0.09999999999999432], "x": [1478, 1525, 1527, 1539, 1540, 1549, 1550, 1551, 1552, 1556, 1558, 1560, 1561, 1562, 1563, 1564, 1566, 1567, 1570, 1572, 1573, 1574, 1575, 1576, 1582, 1585, 1586, 1587, 1588, 1589, 1590, 1591, 1592, 1593, 1594, 1595, 1596, 1597, 1598, 1599, 1600, 1601, 1602, 1603, 1604, 1605, 1606, 1607, 1608, 1609, 1610, 1611, 1612, 1613, 1614, 1615, 1616, 1617, 1618, 1619, 1620, 1621, 1622, 1623, 1624, 1625, 1626, 1627, 1630, 1631, 1632, 1633, 1634, 1635, 1636, 1637, 1640, 1641, 1642, 1643, 1645, 1646, 1647, 1648, 1649, 1650, 1651, 1652, 1653, 1654, 1655]}}