{"percentile": {"x": [1513, 1551, 1552, 1560, 1563, 1564, 1573, 1574, 1576, 1585, 1586, 1587, 1588, 1589, 1592, 1593, 1594, 1595, 1596, 1597, 1598, 1599, 1600, 1601, 1603, 1604, 1605, 1606, 1607, 1608, 1609, 1610, 1611, 1612, 1613, 1614, 1615, 1616, 1617, 1618, 1619, 1620, 1621, 1622, 1623, 1624, 1625, 1626, 1627, 1628, 1629, 1630, 1631, 1632, 1633, 1634, 1635, 1636, 1637, 1638, 1639, 1640, 1641, 1642, 1643, 1644, 1647, 1648, 1649, 1650, 1651, 1652, 1653, 1655], "y": [99.8, 99.6, 98.9, 98.7, 98.2, 97.7, 97.5, 97.3, 91.0, 90.5, 90.3, 89.8, 88.7, 88.4, 88.2, 87.8, 87.1, 86.8, 85.4, 84.5, 82.9, 82.0, 80.3, 77.3, 76.2, 75.2, 74.1, 73.6, 72.9, 72.2, 69.4, 66.2, 62.7, 60.1, 33.900000000000006, 32.8, 31.400000000000006, 30.200000000000003, 28.799999999999997, 27.900000000000006, 27.700000000000003, 23.5, 22.799999999999997, 21.599999999999994, 20.700000000000003, 20.200000000000003, 18.400000000000006, 17.200000000000003, 16.799999999999997, 16.099999999999994, 15.599999999999994, 14.900000000000006, 14.200000000000003, 13.0, 12.799999999999997, 12.299999999999997, 11.700000000000003, 10.5, 10.299999999999997, 9.299999999999997, 8.900000000000006, 8.599999999999994, 7.900000000000006, 7.5, 6.799999999999997, 6.5, 6.299999999999997, 5.900000000000006, 5.400000000000006, 1.4000000000000057, 1.0, 0.7000000000000028, 0.29999999999999716, -0.20000000000000284]}, "histogram": {"x": [1512.0, 1520.0, 1528.0, 1536.0, 1544.0, 1552.0, 1560.0, 1568.0, 1576.0, 1584.0, 1592.0, 1600.0, 1608.0, 1616.0, 1624.0, 1632.0, 1640.0, 1648.0, 1656.0], "y": [1, 0, 0, 0, 1, 3, 5, 2, 27, 11, 28, 39, 179, 46, 28, 23, 11, 28, 0]}}