{"histogram": {"y": [1, 1, 1, 3, 1, 2, 0, 2, 0, 4, 2, 0, 0, 2, 3, 1, 1, 3, 3, 3, 4, 3, 2, 7, 7, 2, 4, 5, 9, 6, 32, 26, 114, 299, 397, 180, 961, 188, 1523, 814, 72, 23, 0], "x": [918.0, 936.0, 954.0, 972.0, 990.0, 1008.0, 1026.0, 1044.0, 1062.0, 1080.0, 1098.0, 1116.0, 1134.0, 1152.0, 1170.0, 1188.0, 1206.0, 1224.0, 1242.0, 1260.0, 1278.0, 1296.0, 1314.0, 1332.0, 1350.0, 1368.0, 1386.0, 1404.0, 1422.0, 1440.0, 1458.0, 1476.0, 1494.0, 1512.0, 1530.0, 1548.0, 1566.0, 1584.0, 1602.0, 1620.0, 1638.0, 1656.0]}, "percentile": {"y": [100.0, 100.0, 100.0, 100.0, 99.9, 99.9, 99.9, 99.9, 99.9, 99.8, 99.8, 99.8, 99.8, 99.7, 99.7, 99.7, 99.7, 99.6, 99.6, 99.6, 99.6, 99.6, 99.5, 99.5, 99.5, 99.5, 99.5, 99.4, 99.4, 99.4, 99.4, 99.3, 99.3, 99.3, 99.2, 99.2, 99.2, 99.2, 99.2, 99.1, 99.1, 99.1, 99.1, 99.0, 99.0, 99.0, 98.9, 98.9, 98.9, 98.8, 98.8, 98.8, 98.8, 98.7, 98.7, 98.7, 98.7, 98.6, 98.6, 98.6, 98.6, 98.5, 98.5, 98.5, 98.5, 98.5, 98.4, 98.4, 98.4, 98.3, 98.3, 98.3, 98.1, 98.1, 98.0, 98.0, 98.0, 97.6, 97.6, 97.6, 97.1, 97.0, 96.7, 96.3, 96.3, 96.2, 96.2, 96.2, 96.2, 96.1, 96.0, 95.4, 94.7, 94.7, 94.7, 94.6, 94.6, 94.4, 93.7, 88.4, 88.4, 88.3, 88.3, 88.1, 87.7, 86.4, 84.8, 84.7, 84.6, 84.5, 84.5, 84.4, 84.3, 84.3, 84.2, 83.5, 82.3, 81.4, 80.0, 79.9, 79.9, 79.9, 79.8, 79.8, 79.8, 79.5, 78.7, 77.8, 76.2, 76.2, 76.2, 76.2, 76.1, 76.1, 76.1, 75.8, 74.3, 72.2, 70.2, 67.0, 66.9, 66.6, 66.4, 66.1, 65.9, 65.6, 65.5, 63.8, 61.9, 59.5, 57.7, 55.7, 55.7, 55.6, 55.6, 55.5, 55.5, 55.4, 55.3, 54.9, 54.3, 53.8, 53.3, 51.9, 51.9, 51.8, 51.7, 51.7, 51.7, 51.4, 49.0, 46.2, 43.7, 41.1, 37.6, 37.2, 36.8, 36.5, 36.1, 35.900000000000006, 35.7, 33.099999999999994, 30.599999999999994, 27.799999999999997, 25.0, 22.400000000000006, 19.299999999999997, 19.099999999999994, 18.900000000000006, 18.700000000000003, 18.5, 18.299999999999997, 18.099999999999994, 16.799999999999997, 15.200000000000003, 13.0, 10.799999999999997, 8.799999999999997, 2.5999999999999943, 2.4000000000000057, 2.4000000000000057, 2.299999999999997, 2.200000000000003, 2.0999999999999943, 2.0, 1.5, 1.4000000000000057, 1.2000000000000028, 1.2000000000000028, 1.0999999999999943, 1.0, 0.7999999999999972, 0.7999999999999972, 0.7000000000000028, 0.7000000000000028, 0.5999999999999943, 0.5999999999999943, 0.5999999999999943, 0.5, 0.4000000000000057, 0.4000000000000057, 0.4000000000000057, 0.29999999999999716, 0.20000000000000284, 0.09999999999999432, 0.0], "x": [917, 927, 946, 960, 961, 968, 987, 992, 999, 1031, 1042, 1068, 1070, 1078, 1091, 1093, 1139, 1146, 1159, 1163, 1169, 1180, 1200, 1211, 1212, 1214, 1226, 1229, 1234, 1251, 1254, 1255, 1260, 1269, 1286, 1288, 1293, 1299, 1308, 1317, 1319, 1320, 1322, 1328, 1330, 1335, 1336, 1344, 1348, 1351, 1353, 1373, 1379, 1384, 1386, 1392, 1395, 1396, 1399, 1404, 1406, 1408, 1410, 1415, 1418, 1420, 1421, 1422, 1427, 1437, 1438, 1440, 1441, 1445, 1446, 1447, 1451, 1453, 1459, 1464, 1465, 1476, 1477, 1478, 1481, 1482, 1483, 1484, 1485, 1487, 1488, 1489, 1490, 1491, 1492, 1494, 1497, 1500, 1501, 1502, 1506, 1507, 1510, 1512, 1513, 1514, 1515, 1516, 1517, 1518, 1519, 1520, 1521, 1522, 1523, 1524, 1525, 1526, 1527, 1528, 1529, 1530, 1531, 1532, 1535, 1536, 1537, 1538, 1539, 1540, 1542, 1543, 1544, 1545, 1546, 1548, 1549, 1550, 1551, 1552, 1553, 1554, 1555, 1556, 1557, 1558, 1559, 1560, 1561, 1562, 1563, 1564, 1565, 1566, 1567, 1568, 1569, 1570, 1571, 1572, 1573, 1574, 1575, 1576, 1577, 1578, 1581, 1582, 1583, 1584, 1585, 1586, 1587, 1588, 1589, 1590, 1591, 1592, 1593, 1594, 1595, 1596, 1597, 1598, 1599, 1600, 1601, 1602, 1603, 1604, 1605, 1606, 1607, 1608, 1609, 1610, 1611, 1612, 1613, 1614, 1615, 1616, 1617, 1618, 1619, 1620, 1621, 1622, 1623, 1624, 1625, 1626, 1627, 1630, 1631, 1632, 1634, 1635, 1636, 1638, 1641, 1644, 1648, 1650, 1653, 1655]}}