{"percentile": {"y": [99.8, 99.5, 99.2, 99.0, 98.7, 98.4, 98.2, 97.9, 97.6, 97.4, 97.1, 96.6, 96.3, 95.7, 95.2, 94.9, 94.7, 94.4, 94.1, 93.3, 93.1, 92.8, 92.5, 92.0, 91.2, 90.4, 90.1, 89.8, 89.0, 88.5, 88.0, 87.7, 87.4, 87.1, 86.9, 86.1, 85.5, 84.7, 82.3, 81.5, 80.4, 79.9, 78.5, 77.5, 75.6, 75.3, 74.8, 73.4, 73.2, 69.4, 65.9, 63.2, 60.8, 60.3, 59.7, 59.5, 58.9, 58.4, 56.8, 53.8, 50.9, 47.4, 41.7, 11.099999999999994, 10.0, 9.700000000000003, 9.5, 9.200000000000003, 7.299999999999997, 7.0, 6.5, 5.700000000000003, 4.900000000000006, 4.400000000000006, 3.5, 3.299999999999997, 2.5, 1.9000000000000057, 1.4000000000000057, 1.0999999999999943, 0.9000000000000057, -0.20000000000000284], "x": [186, 248, 250, 287, 455, 467, 480, 631, 653, 1260, 1477, 1502, 1512, 1513, 1514, 1525, 1526, 1527, 1536, 1537, 1538, 1539, 1549, 1550, 1551, 1552, 1554, 1560, 1561, 1562, 1563, 1568, 1570, 1571, 1572, 1573, 1574, 1575, 1576, 1584, 1585, 1586, 1587, 1588, 1589, 1591, 1594, 1596, 1597, 1598, 1599, 1600, 1601, 1602, 1604, 1605, 1606, 1607, 1608, 1609, 1610, 1611, 1612, 1613, 1614, 1617, 1618, 1619, 1620, 1621, 1622, 1623, 1624, 1625, 1626, 1631, 1634, 1637, 1638, 1645, 1649, 1650]}, "histogram": {"y": [1, 0, 0, 2, 0, 1, 0, 0, 0, 0, 0, 0, 0, 0, 0, 2, 1, 0, 0, 0, 0, 0, 0, 0, 0, 1, 1, 0, 0, 0, 0, 0, 0, 0, 0, 0, 0, 0, 0, 0, 0, 0, 0, 0, 0, 0, 0, 0, 0, 0, 0, 0, 0, 0, 0, 0, 0, 0, 0, 0, 1, 0, 0, 0, 0, 0, 0, 0, 0, 0, 0, 0, 1, 2, 8, 6, 18, 21, 80, 192, 27, 8, 0], "x": [198.0, 216.0, 234.0, 252.0, 270.0, 288.0, 306.0, 324.0, 342.0, 360.0, 378.0, 396.0, 414.0, 432.0, 450.0, 468.0, 486.0, 504.0, 522.0, 540.0, 558.0, 576.0, 594.0, 612.0, 630.0, 648.0, 666.0, 684.0, 702.0, 720.0, 738.0, 756.0, 774.0, 792.0, 810.0, 828.0, 846.0, 864.0, 882.0, 900.0, 918.0, 936.0, 954.0, 972.0, 990.0, 1008.0, 1026.0, 1044.0, 1062.0, 1080.0, 1098.0, 1116.0, 1134.0, 1152.0, 1170.0, 1188.0, 1206.0, 1224.0, 1242.0, 1260.0, 1278.0, 1296.0, 1314.0, 1332.0, 1350.0, 1368.0, 1386.0, 1404.0, 1422.0, 1440.0, 1458.0, 1476.0, 1494.0, 1512.0, 1530.0, 1548.0, 1566.0, 1584.0, 1602.0, 1620.0, 1638.0, 1656.0]}}