{"percentile": {"x": [1073, 1465, 1477, 1478, 1490, 1500, 1501, 1502, 1513, 1514, 1515, 1518, 1524, 1525, 1527, 1535, 1537, 1538, 1539, 1540, 1549, 1550, 1551, 1552, 1554, 1559, 1560, 1561, 1562, 1563, 1564, 1575, 1576, 1585, 1586, 1587, 1588, 1589, 1597, 1598, 1599, 1600, 1601, 1603, 1606, 1608, 1609, 1610, 1611, 1612, 1613, 1614, 1650, 1653], "y": [99.2, 98.4, 96.7, 95.1, 94.3, 93.4, 92.6, 91.0, 89.3, 88.5, 87.7, 86.8, 85.2, 82.7, 81.0, 80.2, 79.4, 76.1, 73.6, 72.8, 72.0, 69.5, 68.6, 64.5, 63.7, 62.9, 62.0, 59.6, 56.2, 53.8, 48.8, 48.0, 46.3, 45.5, 43.9, 36.4, 30.599999999999994, 29.799999999999997, 27.299999999999997, 24.0, 21.5, 19.099999999999994, 18.200000000000003, 17.400000000000006, 16.599999999999994, 15.799999999999997, 14.900000000000006, 14.099999999999994, 11.599999999999994, 10.0, 4.200000000000003, 3.4000000000000057, 0.0, -0.7999999999999972]}, "histogram": {"x": [1072.0, 1080.0, 1088.0, 1096.0, 1104.0, 1112.0, 1120.0, 1128.0, 1136.0, 1144.0, 1152.0, 1160.0, 1168.0, 1176.0, 1184.0, 1192.0, 1200.0, 1208.0, 1216.0, 1224.0, 1232.0, 1240.0, 1248.0, 1256.0, 1264.0, 1272.0, 1280.0, 1288.0, 1296.0, 1304.0, 1312.0, 1320.0, 1328.0, 1336.0, 1344.0, 1352.0, 1360.0, 1368.0, 1376.0, 1384.0, 1392.0, 1400.0, 1408.0, 1416.0, 1424.0, 1432.0, 1440.0, 1448.0, 1456.0, 1464.0, 1472.0, 1480.0, 1488.0, 1496.0, 1504.0, 1512.0, 1520.0, 1528.0, 1536.0, 1544.0, 1552.0, 1560.0, 1568.0, 1576.0, 1584.0, 1592.0, 1600.0, 1608.0, 1616.0, 1624.0, 1632.0, 1640.0, 1648.0, 1656.0], "y": [1, 0, 0, 0, 0, 0, 0, 0, 0, 0, 0, 0, 0, 0, 0, 0, 0, 0, 0, 0, 0, 0, 0, 0, 0, 0, 0, 0, 0, 0, 0, 0, 0, 0, 0, 0, 0, 0, 0, 0, 0, 0, 0, 0, 0, 0, 0, 0, 0, 1, 4, 0, 1, 4, 0, 5, 7, 1, 9, 5, 7, 17, 1, 2, 20, 10, 6, 16, 0, 0, 0, 0, 5, 0]}}