{"histogram": {"y": [1, 0, 0, 5, 6, 5, 33, 1, 2, 4, 1, 23, 0], "x": [1560.0, 1568.0, 1576.0, 1584.0, 1592.0, 1600.0, 1608.0, 1616.0, 1624.0, 1632.0, 1640.0, 1648.0, 1656.0]}, "percentile": {"y": [98.8, 97.5, 96.3, 95.0, 93.8, 92.5, 88.8, 87.5, 85.0, 82.5, 80.0, 78.8, 77.5, 73.8, 70.0, 42.5, 38.8, 37.5, 36.3, 35.0, 33.8, 31.299999999999997, 30.0, 28.799999999999997, 27.5, 25.0, 22.5, 0.0, -1.2000000000000028], "x": [1563, 1584, 1585, 1586, 1588, 1589, 1596, 1597, 1599, 1600, 1601, 1606, 1609, 1611, 1612, 1613, 1614, 1615, 1623, 1624, 1626, 1633, 1638, 1639, 1645, 1648, 1649, 1650, 1653]}}