{"percentile": {"y": [88.9, 77.8, 66.7, 55.6, 44.5, 33.400000000000006, 22.299999999999997, 11.200000000000003, 0.0, -11.099999999999994], "x": [1525, 1539, 1566, 1587, 1597, 1598, 1608, 1612, 1613, 1648]}, "histogram": {"y": [1, 0, 1, 0, 0, 1, 0, 0, 1, 2, 0, 3, 0, 0, 0, 0, 1], "x": [1520.0, 1528.0, 1536.0, 1544.0, 1552.0, 1560.0, 1568.0, 1576.0, 1584.0, 1592.0, 1600.0, 1608.0, 1616.0, 1624.0, 1632.0, 1640.0, 1648.0]}}