{"percentile": {"y": [99.2, 98.4, 97.5, 96.7, 94.1, 93.3, 89.9, 84.8, 83.9, 82.3, 81.4, 80.6, 78.9, 76.3, 74.6, 72.9, 71.2, 69.5, 66.2, 63.6, 62.8, 61.9, 61.1, 60.2, 58.5, 56.8, 56.0, 55.1, 54.3, 52.6, 51.7, 49.2, 43.3, 40.7, 39.9, 38.2, 37.3, 36.5, 34.8, 30.599999999999994, 29.700000000000003, 27.200000000000003, 25.5, 22.099999999999994, 20.400000000000006, 15.299999999999997, 11.900000000000006, 10.200000000000003, 9.400000000000006, 2.5999999999999943, -0.7999999999999972], "x": [1077, 1321, 1358, 1477, 1478, 1489, 1501, 1502, 1513, 1515, 1524, 1525, 1526, 1527, 1538, 1539, 1549, 1550, 1551, 1552, 1554, 1555, 1558, 1560, 1561, 1562, 1563, 1564, 1565, 1574, 1576, 1586, 1587, 1589, 1591, 1592, 1593, 1594, 1596, 1597, 1598, 1599, 1600, 1601, 1608, 1609, 1610, 1611, 1612, 1613, 1620]}, "histogram": {"y": [1, 0, 0, 0, 0, 0, 0, 0, 0, 0, 0, 0, 0, 0, 0, 0, 0, 0, 0, 0, 0, 0, 0, 0, 0, 0, 0, 0, 0, 0, 0, 1, 0, 0, 0, 1, 0, 0, 0, 0, 0, 0, 0, 0, 0, 0, 0, 0, 0, 0, 4, 0, 1, 10, 0, 3, 7, 0, 4, 8, 6, 8, 2, 1, 14, 15, 6, 23, 4], "x": [1072.0, 1080.0, 1088.0, 1096.0, 1104.0, 1112.0, 1120.0, 1128.0, 1136.0, 1144.0, 1152.0, 1160.0, 1168.0, 1176.0, 1184.0, 1192.0, 1200.0, 1208.0, 1216.0, 1224.0, 1232.0, 1240.0, 1248.0, 1256.0, 1264.0, 1272.0, 1280.0, 1288.0, 1296.0, 1304.0, 1312.0, 1320.0, 1328.0, 1336.0, 1344.0, 1352.0, 1360.0, 1368.0, 1376.0, 1384.0, 1392.0, 1400.0, 1408.0, 1416.0, 1424.0, 1432.0, 1440.0, 1448.0, 1456.0, 1464.0, 1472.0, 1480.0, 1488.0, 1496.0, 1504.0, 1512.0, 1520.0, 1528.0, 1536.0, 1544.0, 1552.0, 1560.0, 1568.0, 1576.0, 1584.0, 1592.0, 1600.0, 1608.0, 1616.0]}}