{"histogram": {"x": [1520.0, 1528.0, 1536.0, 1544.0, 1552.0, 1560.0, 1568.0, 1576.0, 1584.0, 1592.0, 1600.0, 1608.0, 1616.0, 1624.0, 1632.0, 1640.0, 1648.0], "y": [1, 0, 1, 0, 0, 1, 0, 1, 3, 2, 3, 23, 1, 3, 1, 0, 5]}, "percentile": {"x": [1526, 1539, 1562, 1576, 1585, 1587, 1591, 1594, 1598, 1601, 1604, 1607, 1608, 1609, 1610, 1611, 1612, 1613, 1614, 1615, 1623, 1624, 1626, 1636, 1648, 1650], "y": [97.8, 95.5, 93.2, 91.0, 88.7, 86.4, 84.1, 81.9, 79.6, 77.3, 75.0, 72.8, 70.5, 68.2, 59.1, 52.3, 47.8, 25.0, 22.799999999999997, 20.5, 18.200000000000003, 16.0, 11.400000000000006, 9.099999999999994, 6.900000000000006, -2.200000000000003]}}