{"histogram": {"x": [1512.0, 1520.0, 1528.0, 1536.0, 1544.0, 1552.0, 1560.0, 1568.0, 1576.0, 1584.0, 1592.0, 1600.0, 1608.0, 1616.0, 1624.0, 1632.0, 1640.0, 1648.0, 1656.0], "y": [2, 4, 0, 7, 5, 7, 31, 46, 94, 126, 130, 136, 386, 40, 28, 18, 9, 33, 0]}, "percentile": {"x": [1515, 1525, 1527, 1539, 1549, 1550, 1551, 1552, 1553, 1555, 1556, 1559, 1560, 1561, 1562, 1563, 1564, 1566, 1567, 1569, 1573, 1574, 1575, 1576, 1585, 1586, 1587, 1588, 1589, 1590, 1591, 1592, 1593, 1594, 1595, 1596, 1597, 1598, 1599, 1600, 1601, 1602, 1603, 1604, 1605, 1606, 1607, 1608, 1609, 1610, 1611, 1612, 1613, 1614, 1615, 1616, 1617, 1618, 1619, 1620, 1621, 1622, 1623, 1624, 1625, 1626, 1627, 1628, 1629, 1630, 1631, 1632, 1634, 1635, 1636, 1637, 1638, 1639, 1641, 1642, 1644, 1645, 1646, 1647, 1648, 1649, 1650, 1655], "y": [99.9, 99.8, 99.5, 98.9, 98.8, 98.6, 98.4, 98.1, 98.1, 98.0, 97.9, 97.8, 97.4, 96.9, 96.4, 96.1, 95.2, 95.1, 95.0, 94.9, 93.9, 92.4, 90.8, 82.2, 81.2, 79.6, 77.4, 75.3, 72.3, 72.1, 70.8, 70.1, 69.4, 68.2, 67.7, 66.5, 64.9, 62.4, 59.0, 54.8, 50.5, 50.0, 49.2, 48.1, 47.6, 46.8, 46.6, 45.7, 43.4, 38.9, 35.0, 28.099999999999994, 12.900000000000006, 12.400000000000006, 11.599999999999994, 11.200000000000003, 10.5, 10.0, 9.799999999999997, 9.0, 8.700000000000003, 8.0, 8.0, 7.200000000000003, 6.599999999999994, 6.200000000000003, 6.099999999999994, 6.0, 5.900000000000006, 5.5, 5.400000000000006, 5.200000000000003, 4.799999999999997, 4.400000000000006, 4.200000000000003, 4.099999999999994, 4.0, 3.799999999999997, 3.700000000000003, 3.5, 3.4000000000000057, 3.0999999999999943, 3.0, 3.0, 2.799999999999997, 2.700000000000003, 0.0, 0.0]}}