{"histogram": {"x": [1566.0, 1584.0, 1602.0, 1620.0, 1638.0], "y": [1, 5, 4, 29, 9, 12]}, "percentile": {"x": [1564, 1576, 1587, 1589, 1598, 1609, 1611, 1612, 1613, 1615, 1617, 1618, 1620, 1622, 1623, 1626, 1631, 1632, 1633, 1634, 1640, 1641, 1644, 1645, 1646, 1649, 1650, 1652], "y": [98.4, 89.9, 88.2, 86.5, 83.1, 81.4, 76.3, 69.5, 40.7, 39.0, 35.599999999999994, 33.900000000000006, 30.599999999999994, 28.900000000000006, 27.200000000000003, 25.5, 23.799999999999997, 22.099999999999994, 20.400000000000006, 18.700000000000003, 17.0, 13.599999999999994, 11.900000000000006, 10.200000000000003, 8.5, 6.799999999999997, 0.0, -1.5999999999999943]}}