{"percentile": {"y": [100.0, 100.0, 99.9, 99.9, 99.8, 99.8, 99.8, 99.7, 99.7, 99.6, 99.6, 99.6, 99.5, 99.5, 99.4, 99.4, 99.4, 99.3, 99.3, 99.2, 99.2, 99.1, 99.1, 99.0, 99.0, 98.9, 98.9, 98.9, 98.8, 98.7, 98.7, 98.7, 98.6, 98.6, 98.5, 98.5, 98.4, 98.3, 98.3, 98.3, 98.2, 98.2, 98.1, 98.0, 98.0, 98.0, 97.9, 97.9, 97.8, 97.8, 97.8, 97.7, 97.6, 97.6, 97.6, 97.5, 97.5, 97.4, 97.4, 97.3, 97.3, 97.2, 97.2, 97.2, 97.1, 97.1, 97.0, 97.0, 96.9, 96.9, 96.9, 96.8, 96.8, 96.7, 96.7, 96.6, 96.6, 96.5, 96.5, 96.5, 96.4, 96.3, 96.3, 96.3, 96.2, 96.2, 96.1, 96.0, 96.0, 96.0, 95.9, 95.9, 95.8, 95.8, 95.7, 95.6, 95.5, 95.5, 95.4, 95.4, 95.4, 95.3, 95.2, 94.9, 94.8, 94.8, 94.7, 94.7, 94.7, 94.6, 93.8, 93.7, 93.7, 93.6, 90.9, 90.9, 89.8, 88.9, 88.8, 88.7, 88.7, 88.6, 88.6, 88.5, 88.4, 87.8, 86.9, 85.4, 85.4, 85.3, 85.3, 85.1, 84.0, 82.0, 82.0, 81.9, 81.7, 80.6, 77.9, 75.0, 74.9, 74.7, 74.5, 74.4, 74.2, 74.0, 74.0, 72.6, 70.7, 69.3, 67.0, 67.0, 66.9, 66.8, 66.6, 66.6, 66.5, 66.4, 66.2, 65.5, 64.4, 62.4, 62.3, 62.3, 61.9, 59.5, 57.0, 53.6, 50.2, 49.9, 49.3, 49.1, 48.8, 48.4, 48.2, 47.7, 45.7, 43.1, 40.1, 37.4, 35.2, 35.0, 34.900000000000006, 34.8, 34.7, 34.599999999999994, 34.400000000000006, 34.2, 33.599999999999994, 32.599999999999994, 31.599999999999994, 31.0, 29.900000000000006, 29.799999999999997, 29.5, 28.200000000000003, 26.5, 24.400000000000006, 22.5, 19.900000000000006, 19.599999999999994, 19.299999999999997, 19.099999999999994, 18.5, 18.299999999999997, 18.099999999999994, 16.700000000000003, 15.099999999999994, 13.200000000000003, 11.5, 10.299999999999997, 9.200000000000003, 9.099999999999994, 8.900000000000006, 8.799999999999997, 8.599999999999994, 8.5, 8.099999999999994, 7.599999999999994, 6.799999999999997, 5.900000000000006, 5.200000000000003, 4.299999999999997, 2.0, 1.9000000000000057, 1.9000000000000057, 1.7999999999999972, 1.7999999999999972, 1.7000000000000028, 1.5, 1.4000000000000057, 1.4000000000000057, 1.2999999999999972, 1.2000000000000028, 1.2000000000000028, 1.0999999999999943, 1.0999999999999943, 1.0, 1.0, 0.9000000000000057, 0.20000000000000284, 0.0], "x": [800, 814, 894, 902, 905, 950, 953, 954, 958, 976, 978, 994, 1007, 1012, 1018, 1036, 1037, 1060, 1065, 1076, 1086, 1112, 1119, 1127, 1128, 1133, 1139, 1141, 1147, 1149, 1159, 1170, 1172, 1175, 1179, 1188, 1197, 1200, 1201, 1216, 1221, 1222, 1239, 1240, 1242, 1244, 1247, 1256, 1260, 1270, 1271, 1286, 1287, 1290, 1295, 1296, 1299, 1300, 1304, 1308, 1312, 1318, 1325, 1326, 1328, 1334, 1339, 1348, 1349, 1352, 1354, 1357, 1358, 1360, 1362, 1363, 1366, 1369, 1371, 1372, 1376, 1382, 1384, 1386, 1387, 1392, 1394, 1395, 1396, 1397, 1401, 1404, 1411, 1416, 1420, 1421, 1426, 1428, 1430, 1434, 1435, 1439, 1440, 1441, 1442, 1443, 1444, 1447, 1448, 1452, 1453, 1457, 1459, 1464, 1465, 1475, 1477, 1478, 1480, 1481, 1482, 1483, 1485, 1486, 1487, 1488, 1489, 1490, 1491, 1494, 1499, 1500, 1501, 1502, 1505, 1510, 1512, 1513, 1514, 1515, 1516, 1517, 1518, 1519, 1520, 1521, 1523, 1524, 1525, 1526, 1527, 1528, 1529, 1530, 1531, 1532, 1534, 1535, 1536, 1537, 1538, 1539, 1541, 1544, 1548, 1549, 1550, 1551, 1552, 1553, 1554, 1555, 1556, 1557, 1558, 1559, 1560, 1561, 1562, 1563, 1564, 1565, 1566, 1567, 1568, 1569, 1570, 1571, 1572, 1573, 1574, 1575, 1576, 1578, 1584, 1585, 1586, 1587, 1588, 1589, 1590, 1591, 1592, 1593, 1594, 1595, 1596, 1597, 1598, 1599, 1600, 1601, 1602, 1603, 1604, 1605, 1606, 1607, 1608, 1609, 1610, 1611, 1612, 1613, 1614, 1616, 1617, 1618, 1619, 1620, 1621, 1622, 1623, 1624, 1625, 1626, 1632, 1635, 1638, 1645, 1650, 1655]}, "histogram": {"y": [1, 1, 0, 0, 0, 0, 0, 0, 0, 0, 0, 1, 1, 1, 0, 0, 0, 0, 1, 3, 0, 0, 2, 0, 1, 1, 1, 1, 0, 2, 0, 0, 1, 1, 2, 1, 0, 0, 0, 2, 1, 2, 2, 3, 1, 0, 3, 2, 1, 1, 3, 0, 3, 0, 2, 4, 0, 2, 2, 0, 3, 2, 3, 3, 2, 2, 2, 1, 2, 4, 5, 3, 3, 3, 6, 2, 1, 6, 4, 4, 14, 23, 2, 68, 48, 14, 75, 80, 3, 184, 181, 16, 99, 214, 143, 317, 92, 30, 258, 190, 85, 150, 15, 5, 3, 1, 23, 0], "x": [800.0, 808.0, 816.0, 824.0, 832.0, 840.0, 848.0, 856.0, 864.0, 872.0, 880.0, 888.0, 896.0, 904.0, 912.0, 920.0, 928.0, 936.0, 944.0, 952.0, 960.0, 968.0, 976.0, 984.0, 992.0, 1000.0, 1008.0, 1016.0, 1024.0, 1032.0, 1040.0, 1048.0, 1056.0, 1064.0, 1072.0, 1080.0, 1088.0, 1096.0, 1104.0, 1112.0, 1120.0, 1128.0, 1136.0, 1144.0, 1152.0, 1160.0, 1168.0, 1176.0, 1184.0, 1192.0, 1200.0, 1208.0, 1216.0, 1224.0, 1232.0, 1240.0, 1248.0, 1256.0, 1264.0, 1272.0, 1280.0, 1288.0, 1296.0, 1304.0, 1312.0, 1320.0, 1328.0, 1336.0, 1344.0, 1352.0, 1360.0, 1368.0, 1376.0, 1384.0, 1392.0, 1400.0, 1408.0, 1416.0, 1424.0, 1432.0, 1440.0, 1448.0, 1456.0, 1464.0, 1472.0, 1480.0, 1488.0, 1496.0, 1504.0, 1512.0, 1520.0, 1528.0, 1536.0, 1544.0, 1552.0, 1560.0, 1568.0, 1576.0, 1584.0, 1592.0, 1600.0, 1608.0, 1616.0, 1624.0, 1632.0, 1640.0, 1648.0, 1656.0]}}