{"percentile": {"y": [98.8, 97.6, 96.4, 95.2, 94.0, 92.8, 91.6, 90.4, 89.2, 88.0, 86.8, 85.6, 84.4, 83.2, 82.0, 80.8, 79.6, 78.4, 77.2, 76.0, 74.7, 73.5, 72.3, 71.1, 69.9, 68.7, 67.5, 66.3, 65.1, 63.9, 62.7, 61.5, 60.3, 59.1, 57.9, 56.7, 55.5, 54.3, 51.9, 50.7, 49.4, 48.2, 47.0, 45.8, 44.6, 43.4, 42.2, 41.0, 39.8, 38.6, 37.4, 36.2, 35.0, 33.8, 32.599999999999994, 31.400000000000006, 30.200000000000003, 29.0, 27.799999999999997, 26.599999999999994, 25.400000000000006, 24.099999999999994, 22.900000000000006, 21.700000000000003, 20.5, 19.299999999999997, 18.099999999999994, 16.900000000000006, 15.700000000000003, 14.5, 13.299999999999997, 12.099999999999994, 10.900000000000006, 9.700000000000003, 8.5, 7.299999999999997, 6.099999999999994, 4.900000000000006, 3.700000000000003, 2.5, 1.2999999999999972, 0.0, -1.2000000000000028], "x": [467, 532, 550, 592, 595, 600, 619, 623, 632, 655, 658, 675, 692, 696, 698, 699, 702, 715, 732, 736, 739, 743, 751, 755, 765, 769, 771, 780, 805, 816, 819, 820, 822, 837, 839, 854, 860, 870, 891, 893, 896, 918, 931, 939, 947, 951, 970, 983, 991, 1057, 1082, 1092, 1140, 1208, 1217, 1225, 1240, 1249, 1423, 1435, 1508, 1512, 1667, 1679, 1713, 1844, 2001, 2160, 2277, 2290, 2364, 2377, 2393, 2428, 2435, 2465, 2486, 2490, 2513, 2550, 2617, 2664, 2705]}, "histogram": {"y": [1, 0, 0, 0, 1, 1, 0, 0, 2, 1, 2, 1, 2, 0, 1, 5, 1, 1, 3, 2, 3, 1, 1, 4, 2, 1, 1, 1, 4, 0, 1, 2, 2, 1, 1, 1, 0, 0, 0, 1, 0, 2, 0, 0, 0, 1, 0, 0, 0, 1, 2, 1, 1, 0, 0, 0, 0, 0, 0, 0, 0, 0, 0, 1, 1, 0, 0, 0, 0, 2, 0, 0, 0, 0, 0, 0, 0, 0, 0, 0, 2, 0, 0, 1, 0, 0, 0, 0, 0, 0, 0, 1, 0, 0, 0, 0, 0, 0, 0, 0, 0, 0, 1, 0, 0, 0, 0, 0, 0, 0, 0, 0, 0, 1, 0, 0, 0, 0, 0, 0, 1, 1, 0, 0, 0, 0, 1, 1, 1, 0, 1, 1, 0, 1, 1, 1, 1, 0, 0, 1, 0, 0, 0, 1, 0, 0, 1, 0, 0, 1, 0], "x": [465.0, 480.0, 495.0, 510.0, 525.0, 540.0, 555.0, 570.0, 585.0, 600.0, 615.0, 630.0, 645.0, 660.0, 675.0, 690.0, 705.0, 720.0, 735.0, 750.0, 765.0, 780.0, 795.0, 810.0, 825.0, 840.0, 855.0, 870.0, 885.0, 900.0, 915.0, 930.0, 945.0, 960.0, 975.0, 990.0, 1005.0, 1020.0, 1035.0, 1050.0, 1065.0, 1080.0, 1095.0, 1110.0, 1125.0, 1140.0, 1155.0, 1170.0, 1185.0, 1200.0, 1215.0, 1230.0, 1245.0, 1260.0, 1275.0, 1290.0, 1305.0, 1320.0, 1335.0, 1350.0, 1365.0, 1380.0, 1395.0, 1410.0, 1425.0, 1440.0, 1455.0, 1470.0, 1485.0, 1500.0, 1515.0, 1530.0, 1545.0, 1560.0, 1575.0, 1590.0, 1605.0, 1620.0, 1635.0, 1650.0, 1665.0, 1680.0, 1695.0, 1710.0, 1725.0, 1740.0, 1755.0, 1770.0, 1785.0, 1800.0, 1815.0, 1830.0, 1845.0, 1860.0, 1875.0, 1890.0, 1905.0, 1920.0, 1935.0, 1950.0, 1965.0, 1980.0, 1995.0, 2010.0, 2025.0, 2040.0, 2055.0, 2070.0, 2085.0, 2100.0, 2115.0, 2130.0, 2145.0, 2160.0, 2175.0, 2190.0, 2205.0, 2220.0, 2235.0, 2250.0, 2265.0, 2280.0, 2295.0, 2310.0, 2325.0, 2340.0, 2355.0, 2370.0, 2385.0, 2400.0, 2415.0, 2430.0, 2445.0, 2460.0, 2475.0, 2490.0, 2505.0, 2520.0, 2535.0, 2550.0, 2565.0, 2580.0, 2595.0, 2610.0, 2625.0, 2640.0, 2655.0, 2670.0, 2685.0, 2700.0, 2715.0]}}