{"percentile": {"x": [721, 734, 736, 752, 759, 770, 783, 789, 809, 825, 870, 872, 894, 956, 968, 986, 991, 1011, 1034, 1036, 1040, 1085, 1102, 1108, 1127, 1131, 1153, 1156, 1170, 1182, 1191, 1194, 1197, 1202, 1211, 1213, 1214, 1215, 1216, 1313, 1368, 1369, 1379, 1386, 1396, 1420, 1432, 1436, 1444, 1447, 1450, 1458, 1466, 1484, 1491, 1492, 1515, 1522, 1559, 1560, 1562, 1564, 1587, 1604, 1620, 1627, 1674, 1695, 1703, 1704, 1709, 1721, 1722, 1744, 1751, 1766, 1769, 1791, 1792, 1800, 1804, 1851, 1910, 1919, 1920, 1951, 1975, 1978, 1990, 1994, 2013, 2023, 2044, 2060, 2075, 2085, 2127, 2158, 2185, 2195, 2199, 2223, 2230, 2245, 2268, 2316, 2370, 2404, 2409, 2412, 2431, 2433, 2436, 2439, 2444, 2447, 2468, 2469, 2479, 2483, 2489, 2620, 2632, 2652, 2796, 2826, 2827], "y": [99.3, 98.5, 97.8, 97.0, 96.2, 95.5, 94.7, 93.9, 93.2, 92.4, 91.7, 90.9, 90.1, 89.4, 88.6, 87.8, 87.1, 86.3, 85.5, 84.8, 84.0, 83.3, 82.5, 81.7, 81.0, 80.2, 79.4, 78.7, 77.9, 77.1, 76.4, 75.6, 74.9, 74.1, 73.3, 72.6, 71.8, 71.0, 69.5, 68.8, 68.0, 67.2, 66.5, 65.7, 64.2, 63.4, 62.6, 61.9, 61.1, 60.4, 59.6, 58.8, 57.3, 56.5, 55.8, 55.0, 54.2, 53.5, 52.7, 52.0, 51.2, 50.4, 49.7, 48.9, 48.1, 47.4, 46.6, 45.9, 45.1, 44.3, 43.6, 42.8, 42.0, 41.3, 40.5, 39.7, 39.0, 37.5, 36.7, 35.900000000000006, 35.2, 34.400000000000006, 33.599999999999994, 32.900000000000006, 32.099999999999994, 31.299999999999997, 30.599999999999994, 29.799999999999997, 29.099999999999994, 28.299999999999997, 27.5, 26.799999999999997, 26.0, 25.200000000000003, 24.5, 23.700000000000003, 23.0, 22.200000000000003, 21.400000000000006, 20.700000000000003, 19.900000000000006, 19.099999999999994, 18.400000000000006, 17.599999999999994, 16.799999999999997, 16.099999999999994, 15.299999999999997, 14.599999999999994, 13.799999999999997, 13.0, 12.299999999999997, 11.5, 10.700000000000003, 10.0, 9.200000000000003, 8.400000000000006, 7.700000000000003, 6.900000000000006, 6.200000000000003, 5.400000000000006, 4.599999999999994, 3.0999999999999943, 2.299999999999997, 1.5999999999999943, 0.7999999999999972, 0.0, -0.7000000000000028]}, "histogram": {"x": [720.0, 735.0, 750.0, 765.0, 780.0, 795.0, 810.0, 825.0, 840.0, 855.0, 870.0, 885.0, 900.0, 915.0, 930.0, 945.0, 960.0, 975.0, 990.0, 1005.0, 1020.0, 1035.0, 1050.0, 1065.0, 1080.0, 1095.0, 1110.0, 1125.0, 1140.0, 1155.0, 1170.0, 1185.0, 1200.0, 1215.0, 1230.0, 1245.0, 1260.0, 1275.0, 1290.0, 1305.0, 1320.0, 1335.0, 1350.0, 1365.0, 1380.0, 1395.0, 1410.0, 1425.0, 1440.0, 1455.0, 1470.0, 1485.0, 1500.0, 1515.0, 1530.0, 1545.0, 1560.0, 1575.0, 1590.0, 1605.0, 1620.0, 1635.0, 1650.0, 1665.0, 1680.0, 1695.0, 1710.0, 1725.0, 1740.0, 1755.0, 1770.0, 1785.0, 1800.0, 1815.0, 1830.0, 1845.0, 1860.0, 1875.0, 1890.0, 1905.0, 1920.0, 1935.0, 1950.0, 1965.0, 1980.0, 1995.0, 2010.0, 2025.0, 2040.0, 2055.0, 2070.0, 2085.0, 2100.0, 2115.0, 2130.0, 2145.0, 2160.0, 2175.0, 2190.0, 2205.0, 2220.0, 2235.0, 2250.0, 2265.0, 2280.0, 2295.0, 2310.0, 2325.0, 2340.0, 2355.0, 2370.0, 2385.0, 2400.0, 2415.0, 2430.0, 2445.0, 2460.0, 2475.0, 2490.0, 2505.0, 2520.0, 2535.0, 2550.0, 2565.0, 2580.0, 2595.0, 2610.0, 2625.0, 2640.0, 2655.0, 2670.0, 2685.0, 2700.0, 2715.0, 2730.0, 2745.0, 2760.0, 2775.0, 2790.0, 2805.0, 2820.0, 2835.0], "y": [2, 1, 2, 1, 2, 1, 0, 1, 0, 0, 2, 1, 0, 0, 0, 1, 1, 1, 1, 1, 1, 2, 0, 0, 1, 2, 0, 2, 1, 1, 2, 3, 4, 3, 0, 0, 0, 0, 0, 1, 0, 0, 0, 3, 1, 2, 1, 2, 3, 3, 1, 2, 0, 2, 0, 1, 3, 1, 1, 0, 2, 0, 0, 1, 0, 4, 2, 0, 2, 2, 0, 3, 2, 0, 0, 1, 0, 0, 0, 2, 1, 0, 1, 2, 2, 0, 2, 0, 1, 1, 1, 1, 0, 1, 0, 1, 0, 1, 2, 0, 2, 1, 0, 1, 0, 0, 1, 0, 0, 0, 1, 0, 3, 0, 5, 1, 2, 3, 0, 0, 0, 0, 0, 0, 0, 0, 2, 1, 1, 0, 0, 0, 0, 0, 0, 0, 0, 0, 1, 0, 2, 0]}}