{"percentile": {"x": [598, 617, 645, 741, 771, 785, 790, 793, 812, 832, 844, 881, 894, 907, 939, 986, 989, 993, 1001, 1021, 1047, 1070, 1078, 1083, 1110, 1120, 1127, 1141, 1143, 1164, 1179, 1180, 1189, 1204, 1226, 1231, 1238, 1250, 1269, 1279, 1304, 1316, 1353, 1376, 1391, 1411, 1423, 1434, 1455, 1459, 1466, 1473, 1488, 1505, 1520, 1523, 1557, 1566, 1573, 1584, 1617, 1624, 1641, 1663, 1665, 1670, 1713, 1739, 1761, 1768, 1778, 1784, 1785, 1789, 1790, 1798, 1822, 1861, 1912, 1922, 1956, 2011, 2012, 2016, 2033, 2094, 2171, 2206, 2288, 2304, 2314, 2353, 2370, 2389, 2410, 2417, 2418, 2420, 2425, 2436, 2440, 2458, 2479, 2481, 2506, 2523, 2528, 2530, 2541, 2550, 2565, 2584, 2585, 2614, 2664, 2694, 2729, 2767, 2827, 2831], "y": [99.2, 98.4, 97.6, 96.8, 96.0, 95.2, 94.4, 93.6, 92.8, 92.0, 91.2, 90.4, 89.6, 88.8, 88.0, 87.2, 86.4, 85.6, 84.8, 84.0, 83.2, 82.4, 81.6, 80.8, 80.0, 79.2, 78.4, 77.6, 76.8, 76.0, 75.2, 74.4, 73.6, 72.8, 72.0, 71.2, 70.4, 69.6, 68.8, 68.0, 67.2, 65.6, 64.8, 64.0, 63.2, 62.4, 61.6, 60.8, 60.0, 59.2, 58.4, 57.6, 56.8, 56.0, 55.2, 54.4, 53.6, 52.8, 52.0, 51.2, 50.4, 49.6, 48.8, 48.0, 47.2, 46.4, 45.6, 44.8, 44.0, 43.2, 42.4, 41.6, 40.8, 40.0, 39.2, 38.4, 37.6, 36.8, 36.0, 35.2, 34.400000000000006, 33.599999999999994, 32.8, 32.0, 31.200000000000003, 30.400000000000006, 29.599999999999994, 28.799999999999997, 28.0, 27.200000000000003, 26.400000000000006, 25.599999999999994, 24.799999999999997, 24.0, 23.200000000000003, 22.400000000000006, 21.599999999999994, 20.799999999999997, 20.0, 19.200000000000003, 18.400000000000006, 17.599999999999994, 16.799999999999997, 16.0, 15.200000000000003, 14.400000000000006, 13.599999999999994, 12.799999999999997, 11.200000000000003, 10.400000000000006, 9.599999999999994, 8.799999999999997, 8.0, 6.400000000000006, 5.599999999999994, 4.799999999999997, 4.0, 3.200000000000003, 2.4000000000000057, -0.7999999999999972]}, "histogram": {"x": [585.0, 600.0, 615.0, 630.0, 645.0, 660.0, 675.0, 690.0, 705.0, 720.0, 735.0, 750.0, 765.0, 780.0, 795.0, 810.0, 825.0, 840.0, 855.0, 870.0, 885.0, 900.0, 915.0, 930.0, 945.0, 960.0, 975.0, 990.0, 1005.0, 1020.0, 1035.0, 1050.0, 1065.0, 1080.0, 1095.0, 1110.0, 1125.0, 1140.0, 1155.0, 1170.0, 1185.0, 1200.0, 1215.0, 1230.0, 1245.0, 1260.0, 1275.0, 1290.0, 1305.0, 1320.0, 1335.0, 1350.0, 1365.0, 1380.0, 1395.0, 1410.0, 1425.0, 1440.0, 1455.0, 1470.0, 1485.0, 1500.0, 1515.0, 1530.0, 1545.0, 1560.0, 1575.0, 1590.0, 1605.0, 1620.0, 1635.0, 1650.0, 1665.0, 1680.0, 1695.0, 1710.0, 1725.0, 1740.0, 1755.0, 1770.0, 1785.0, 1800.0, 1815.0, 1830.0, 1845.0, 1860.0, 1875.0, 1890.0, 1905.0, 1920.0, 1935.0, 1950.0, 1965.0, 1980.0, 1995.0, 2010.0, 2025.0, 2040.0, 2055.0, 2070.0, 2085.0, 2100.0, 2115.0, 2130.0, 2145.0, 2160.0, 2175.0, 2190.0, 2205.0, 2220.0, 2235.0, 2250.0, 2265.0, 2280.0, 2295.0, 2310.0, 2325.0, 2340.0, 2355.0, 2370.0, 2385.0, 2400.0, 2415.0, 2430.0, 2445.0, 2460.0, 2475.0, 2490.0, 2505.0, 2520.0, 2535.0, 2550.0, 2565.0, 2580.0, 2595.0, 2610.0, 2625.0, 2640.0, 2655.0, 2670.0, 2685.0, 2700.0, 2715.0, 2730.0, 2745.0, 2760.0, 2775.0, 2790.0, 2805.0, 2820.0], "y": [1, 0, 1, 0, 1, 0, 0, 0, 0, 0, 1, 0, 1, 3, 0, 1, 1, 1, 0, 1, 1, 1, 0, 1, 0, 0, 2, 2, 0, 1, 1, 0, 2, 1, 0, 2, 1, 2, 1, 2, 1, 1, 1, 2, 1, 1, 1, 1, 2, 0, 0, 1, 1, 1, 0, 2, 1, 0, 3, 1, 1, 1, 2, 0, 1, 2, 1, 0, 1, 1, 1, 1, 2, 0, 0, 1, 1, 0, 2, 2, 4, 0, 1, 0, 0, 1, 0, 0, 1, 1, 0, 1, 0, 0, 0, 3, 1, 0, 0, 0, 1, 0, 0, 0, 0, 1, 0, 0, 1, 0, 0, 0, 0, 1, 1, 1, 0, 1, 0, 1, 1, 1, 4, 2, 1, 0, 2, 0, 1, 3, 2, 1, 1, 2, 0, 2, 0, 0, 1, 0, 1, 0, 1, 0, 0, 1, 0, 0, 0, 5]}}