{"histogram": {"y": [1, 1, 1, 4, 2, 4, 1, 5, 5, 8, 4, 8, 6, 7, 8, 7, 7, 5, 6, 8, 5, 3, 4, 6, 5, 3, 8, 1, 2, 4, 6, 4, 1, 1, 3, 3, 2, 3, 2, 3, 0, 2, 1, 1, 2, 0, 2, 1, 1, 0, 1, 1, 1, 0, 0, 1, 0, 1, 1, 1, 0, 0, 1, 0, 0, 0, 0, 0, 0, 0, 1, 1, 0, 0, 0, 0, 0, 1, 0, 1, 0, 0, 0, 0, 0, 0, 0, 0, 0, 0, 0, 0, 0, 0, 0, 1, 0, 0, 0, 0, 0, 0, 0, 0, 0, 0, 0, 0, 0, 0, 0, 0, 0, 0, 0, 0, 0, 0, 0, 0, 0, 0, 1, 0, 0, 0, 0, 0, 0, 0, 0, 0, 0, 0, 0, 0, 0, 0, 0, 0, 0, 0, 0, 0, 0, 0, 1], "x": [420.0, 435.0, 450.0, 465.0, 480.0, 495.0, 510.0, 525.0, 540.0, 555.0, 570.0, 585.0, 600.0, 615.0, 630.0, 645.0, 660.0, 675.0, 690.0, 705.0, 720.0, 735.0, 750.0, 765.0, 780.0, 795.0, 810.0, 825.0, 840.0, 855.0, 870.0, 885.0, 900.0, 915.0, 930.0, 945.0, 960.0, 975.0, 990.0, 1005.0, 1020.0, 1035.0, 1050.0, 1065.0, 1080.0, 1095.0, 1110.0, 1125.0, 1140.0, 1155.0, 1170.0, 1185.0, 1200.0, 1215.0, 1230.0, 1245.0, 1260.0, 1275.0, 1290.0, 1305.0, 1320.0, 1335.0, 1350.0, 1365.0, 1380.0, 1395.0, 1410.0, 1425.0, 1440.0, 1455.0, 1470.0, 1485.0, 1500.0, 1515.0, 1530.0, 1545.0, 1560.0, 1575.0, 1590.0, 1605.0, 1620.0, 1635.0, 1650.0, 1665.0, 1680.0, 1695.0, 1710.0, 1725.0, 1740.0, 1755.0, 1770.0, 1785.0, 1800.0, 1815.0, 1830.0, 1845.0, 1860.0, 1875.0, 1890.0, 1905.0, 1920.0, 1935.0, 1950.0, 1965.0, 1980.0, 1995.0, 2010.0, 2025.0, 2040.0, 2055.0, 2070.0, 2085.0, 2100.0, 2115.0, 2130.0, 2145.0, 2160.0, 2175.0, 2190.0, 2205.0, 2220.0, 2235.0, 2250.0, 2265.0, 2280.0, 2295.0, 2310.0, 2325.0, 2340.0, 2355.0, 2370.0, 2385.0, 2400.0, 2415.0, 2430.0, 2445.0, 2460.0, 2475.0, 2490.0, 2505.0, 2520.0, 2535.0, 2550.0, 2565.0, 2580.0, 2595.0, 2610.0]}, "percentile": {"y": [99.5, 99.0, 98.5, 98.0, 97.4, 96.9, 96.4, 95.9, 95.3, 94.8, 94.3, 93.8, 93.2, 92.7, 92.2, 91.1, 90.6, 90.1, 89.6, 89.1, 88.5, 88.0, 87.5, 87.0, 86.4, 85.4, 84.3, 83.8, 83.3, 82.8, 81.7, 81.2, 80.7, 79.6, 79.1, 78.6, 77.5, 77.0, 76.5, 76.0, 75.4, 74.9, 74.4, 73.9, 73.3, 72.8, 72.3, 71.3, 70.7, 70.2, 69.7, 69.2, 67.6, 67.1, 66.5, 66.0, 65.5, 65.0, 64.4, 63.9, 63.4, 62.9, 62.4, 61.8, 61.3, 60.8, 59.7, 58.7, 57.6, 56.6, 56.1, 55.5, 55.0, 54.5, 53.5, 52.9, 52.4, 51.9, 51.4, 50.8, 50.3, 49.8, 49.3, 48.7, 47.7, 46.6, 46.1, 45.6, 45.1, 44.6, 44.0, 43.5, 43.0, 42.5, 41.9, 40.9, 40.4, 39.8, 39.3, 38.8, 37.7, 37.2, 36.7, 36.2, 35.099999999999994, 34.599999999999994, 34.099999999999994, 33.0, 32.0, 30.900000000000006, 30.400000000000006, 29.900000000000006, 29.400000000000006, 28.799999999999997, 28.299999999999997, 27.299999999999997, 26.799999999999997, 25.700000000000003, 25.200000000000003, 24.700000000000003, 24.099999999999994, 23.599999999999994, 22.599999999999994, 22.0, 21.5, 21.0, 19.900000000000006, 19.400000000000006, 18.400000000000006, 17.900000000000006, 17.299999999999997, 16.799999999999997, 16.299999999999997, 15.799999999999997, 15.200000000000003, 14.700000000000003, 14.200000000000003, 13.700000000000003, 12.599999999999994, 12.099999999999994, 11.599999999999994, 11.0, 10.5, 10.0, 9.5, 9.0, 8.400000000000006, 7.900000000000006, 7.400000000000006, 6.900000000000006, 6.299999999999997, 5.799999999999997, 5.299999999999997, 4.799999999999997, 4.200000000000003, 3.700000000000003, 3.200000000000003, 2.700000000000003, 2.0999999999999943, 1.5999999999999943, 1.0999999999999943, 0.5999999999999943, 0.0, -0.5], "x": [426, 444, 456, 465, 468, 474, 479, 483, 490, 503, 504, 508, 509, 522, 530, 532, 534, 535, 541, 546, 551, 552, 554, 556, 558, 559, 560, 564, 565, 573, 574, 576, 585, 590, 592, 593, 594, 596, 606, 607, 610, 611, 613, 614, 615, 617, 620, 624, 625, 626, 631, 632, 640, 641, 642, 644, 645, 646, 647, 649, 650, 652, 658, 661, 666, 669, 671, 674, 676, 677, 683, 693, 694, 695, 697, 698, 706, 707, 709, 714, 715, 716, 718, 719, 723, 727, 734, 736, 740, 742, 755, 756, 759, 762, 765, 767, 770, 773, 775, 782, 789, 791, 793, 802, 809, 814, 816, 820, 821, 824, 825, 845, 853, 861, 867, 868, 871, 873, 877, 879, 884, 890, 892, 898, 902, 915, 937, 944, 948, 956, 963, 970, 978, 985, 989, 990, 993, 1005, 1018, 1038, 1048, 1055, 1067, 1085, 1086, 1123, 1124, 1126, 1154, 1178, 1197, 1207, 1256, 1285, 1291, 1316, 1357, 1480, 1495, 1584, 1619, 1848, 2263, 2614]}}