{"percentile": {"x": [507, 510, 522, 531, 542, 543, 555, 575, 596, 605, 618, 628, 638, 640, 646, 649, 653, 654, 661, 664, 666, 670, 674, 698, 703, 704, 710, 712, 720, 723, 724, 734, 735, 745, 750, 753, 756, 759, 769, 772, 773, 775, 778, 785, 788, 795, 800, 817, 819, 826, 841, 848, 855, 881, 883, 888, 910, 911, 916, 918, 933, 942, 948, 958, 993, 1002, 1023, 1026, 1027, 1076, 1080, 1085, 1115, 1138, 1140, 1150, 1175, 1192, 1207, 1232, 1245, 1256, 1305, 1329, 1380, 1434, 1523, 1540, 1578, 1585, 1871, 1971, 2532, 2620], "y": [99.1, 98.1, 97.1, 96.1, 95.1, 94.2, 93.2, 92.2, 90.2, 89.3, 88.3, 87.3, 85.3, 84.4, 83.4, 81.4, 80.4, 79.5, 78.5, 77.5, 76.5, 75.5, 74.6, 73.6, 71.6, 70.6, 69.7, 67.7, 66.7, 65.7, 64.8, 63.8, 62.8, 61.8, 60.8, 59.9, 58.9, 56.9, 55.9, 55.0, 54.0, 51.0, 50.0, 49.1, 48.1, 47.1, 46.1, 45.1, 44.2, 43.2, 42.2, 40.2, 39.3, 38.3, 37.3, 36.3, 35.3, 34.400000000000006, 33.400000000000006, 32.400000000000006, 31.400000000000006, 30.400000000000006, 29.5, 28.5, 27.5, 26.5, 25.5, 24.599999999999994, 23.599999999999994, 22.599999999999994, 21.599999999999994, 20.599999999999994, 19.700000000000003, 18.700000000000003, 17.700000000000003, 16.700000000000003, 15.700000000000003, 14.799999999999997, 13.799999999999997, 12.799999999999997, 11.799999999999997, 10.799999999999997, 9.900000000000006, 8.900000000000006, 7.900000000000006, 6.900000000000006, 5.900000000000006, 5.0, 4.0, 3.0, 2.0, 1.0, 0.0, -0.9000000000000057]}, "histogram": {"x": [495.0, 510.0, 525.0, 540.0, 555.0, 570.0, 585.0, 600.0, 615.0, 630.0, 645.0, 660.0, 675.0, 690.0, 705.0, 720.0, 735.0, 750.0, 765.0, 780.0, 795.0, 810.0, 825.0, 840.0, 855.0, 870.0, 885.0, 900.0, 915.0, 930.0, 945.0, 960.0, 975.0, 990.0, 1005.0, 1020.0, 1035.0, 1050.0, 1065.0, 1080.0, 1095.0, 1110.0, 1125.0, 1140.0, 1155.0, 1170.0, 1185.0, 1200.0, 1215.0, 1230.0, 1245.0, 1260.0, 1275.0, 1290.0, 1305.0, 1320.0, 1335.0, 1350.0, 1365.0, 1380.0, 1395.0, 1410.0, 1425.0, 1440.0, 1455.0, 1470.0, 1485.0, 1500.0, 1515.0, 1530.0, 1545.0, 1560.0, 1575.0, 1590.0, 1605.0, 1620.0, 1635.0, 1650.0, 1665.0, 1680.0, 1695.0, 1710.0, 1725.0, 1740.0, 1755.0, 1770.0, 1785.0, 1800.0, 1815.0, 1830.0, 1845.0, 1860.0, 1875.0, 1890.0, 1905.0, 1920.0, 1935.0, 1950.0, 1965.0, 1980.0, 1995.0, 2010.0, 2025.0, 2040.0, 2055.0, 2070.0, 2085.0, 2100.0, 2115.0, 2130.0, 2145.0, 2160.0, 2175.0, 2190.0, 2205.0, 2220.0, 2235.0, 2250.0, 2265.0, 2280.0, 2295.0, 2310.0, 2325.0, 2340.0, 2355.0, 2370.0, 2385.0, 2400.0, 2415.0, 2430.0, 2445.0, 2460.0, 2475.0, 2490.0, 2505.0, 2520.0, 2535.0, 2550.0, 2565.0, 2580.0, 2595.0, 2610.0], "y": [1, 2, 1, 2, 1, 1, 2, 1, 2, 3, 5, 5, 0, 4, 3, 4, 2, 5, 7, 2, 2, 2, 1, 3, 1, 2, 1, 2, 2, 2, 2, 0, 0, 2, 0, 3, 0, 0, 1, 2, 0, 1, 1, 2, 0, 1, 1, 1, 0, 1, 2, 0, 0, 0, 1, 1, 0, 0, 0, 1, 0, 0, 1, 0, 0, 0, 0, 0, 1, 1, 0, 0, 2, 0, 0, 0, 0, 0, 0, 0, 0, 0, 0, 0, 0, 0, 0, 0, 0, 0, 0, 1, 0, 0, 0, 0, 0, 0, 1, 0, 0, 0, 0, 0, 0, 0, 0, 0, 0, 0, 0, 0, 0, 0, 0, 0, 0, 0, 0, 0, 0, 0, 0, 0, 0, 0, 0, 0, 0, 0, 0, 0, 0, 0, 0, 1, 0, 0, 0, 0, 0, 1]}}