{"percentile": {"x": [438, 474, 481, 483, 508, 515, 527, 537, 550, 554, 560, 563, 567, 569, 570, 578, 581, 582, 591, 597, 602, 613, 615, 617, 628, 636, 638, 650, 651, 653, 659, 661, 667, 668, 673, 677, 680, 681, 683, 686, 689, 697, 700, 704, 717, 724, 725, 729, 734, 738, 752, 764, 766, 771, 776, 789, 792, 797, 801, 806, 815, 818, 819, 827, 830, 834, 846, 848, 852, 863, 867, 869, 878, 880, 882, 899, 900, 904, 907, 919, 934, 942, 987, 995, 1017, 1037, 1117, 1159, 1166, 1168, 1196, 1217, 1267, 1275, 1460, 1514, 1525, 1980, 2488, 2532, 2567], "y": [99.1, 98.2, 97.3, 96.4, 95.5, 94.6, 93.7, 92.8, 91.9, 91.0, 89.2, 88.3, 87.4, 86.5, 85.6, 84.7, 83.8, 82.9, 82.0, 81.1, 80.2, 79.3, 77.5, 76.6, 75.7, 73.0, 72.1, 71.2, 70.3, 68.5, 67.6, 66.7, 65.8, 64.9, 64.0, 62.2, 61.3, 60.4, 59.5, 58.6, 57.7, 56.8, 55.0, 54.1, 53.2, 52.3, 51.4, 50.5, 49.6, 48.7, 47.8, 46.9, 46.0, 44.2, 42.4, 41.5, 40.6, 39.7, 38.8, 37.9, 37.0, 36.1, 35.2, 34.3, 32.5, 31.599999999999994, 30.700000000000003, 29.799999999999997, 28.900000000000006, 28.0, 27.099999999999994, 26.200000000000003, 25.299999999999997, 24.400000000000006, 23.5, 22.599999999999994, 21.700000000000003, 20.799999999999997, 19.900000000000006, 19.0, 18.099999999999994, 17.200000000000003, 16.299999999999997, 15.400000000000006, 14.5, 13.599999999999994, 12.700000000000003, 11.799999999999997, 10.900000000000006, 10.0, 9.099999999999994, 8.200000000000003, 7.299999999999997, 6.400000000000006, 5.5, 4.599999999999994, 3.700000000000003, 2.799999999999997, 1.0, 0.0, -0.9000000000000057]}, "histogram": {"x": [435.0, 450.0, 465.0, 480.0, 495.0, 510.0, 525.0, 540.0, 555.0, 570.0, 585.0, 600.0, 615.0, 630.0, 645.0, 660.0, 675.0, 690.0, 705.0, 720.0, 735.0, 750.0, 765.0, 780.0, 795.0, 810.0, 825.0, 840.0, 855.0, 870.0, 885.0, 900.0, 915.0, 930.0, 945.0, 960.0, 975.0, 990.0, 1005.0, 1020.0, 1035.0, 1050.0, 1065.0, 1080.0, 1095.0, 1110.0, 1125.0, 1140.0, 1155.0, 1170.0, 1185.0, 1200.0, 1215.0, 1230.0, 1245.0, 1260.0, 1275.0, 1290.0, 1305.0, 1320.0, 1335.0, 1350.0, 1365.0, 1380.0, 1395.0, 1410.0, 1425.0, 1440.0, 1455.0, 1470.0, 1485.0, 1500.0, 1515.0, 1530.0, 1545.0, 1560.0, 1575.0, 1590.0, 1605.0, 1620.0, 1635.0, 1650.0, 1665.0, 1680.0, 1695.0, 1710.0, 1725.0, 1740.0, 1755.0, 1770.0, 1785.0, 1800.0, 1815.0, 1830.0, 1845.0, 1860.0, 1875.0, 1890.0, 1905.0, 1920.0, 1935.0, 1950.0, 1965.0, 1980.0, 1995.0, 2010.0, 2025.0, 2040.0, 2055.0, 2070.0, 2085.0, 2100.0, 2115.0, 2130.0, 2145.0, 2160.0, 2175.0, 2190.0, 2205.0, 2220.0, 2235.0, 2250.0, 2265.0, 2280.0, 2295.0, 2310.0, 2325.0, 2340.0, 2355.0, 2370.0, 2385.0, 2400.0, 2415.0, 2430.0, 2445.0, 2460.0, 2475.0, 2490.0, 2505.0, 2520.0, 2535.0, 2550.0, 2565.0], "y": [1, 0, 1, 2, 1, 1, 2, 2, 5, 4, 2, 2, 4, 4, 5, 4, 7, 4, 1, 4, 1, 2, 5, 2, 3, 3, 4, 3, 3, 3, 1, 3, 1, 2, 0, 0, 1, 1, 1, 0, 1, 0, 0, 0, 0, 1, 0, 0, 3, 0, 1, 0, 1, 0, 0, 1, 1, 0, 0, 0, 0, 0, 0, 0, 0, 0, 0, 0, 1, 0, 0, 1, 1, 0, 0, 0, 0, 0, 0, 0, 0, 0, 0, 0, 0, 0, 0, 0, 0, 0, 0, 0, 0, 0, 0, 0, 0, 0, 0, 0, 0, 0, 0, 1, 0, 0, 0, 0, 0, 0, 0, 0, 0, 0, 0, 0, 0, 0, 0, 0, 0, 0, 0, 0, 0, 0, 0, 0, 0, 0, 0, 0, 0, 0, 0, 0, 2, 0, 0, 1, 0, 0, 1]}}