{"percentile": {"x": [476, 477, 479, 485, 500, 507, 514, 517, 525, 528, 533, 542, 543, 544, 545, 546, 547, 550, 554, 557, 559, 567, 576, 577, 580, 584, 591, 604, 610, 616, 617, 623, 627, 630, 635, 637, 640, 645, 651, 655, 658, 661, 664, 670, 676, 680, 681, 691, 695, 702, 706, 712, 715, 723, 734, 735, 740, 743, 744, 755, 756, 758, 762, 769, 774, 778, 792, 800, 806, 808, 810, 820, 828, 830, 839, 841, 863, 868, 870, 877, 891, 899, 905, 907, 911, 918, 934, 940, 941, 943, 946, 954, 955, 963, 974, 979, 997, 999, 1027, 1032, 1035, 1047, 1048, 1052, 1078, 1087, 1093, 1109, 1130, 1136, 1148, 1149, 1158, 1168, 1189, 1227, 1330, 1391, 1454, 1534, 1552, 1646, 1760, 1769, 1776, 1904, 1910, 1936, 2835], "y": [99.3, 98.6, 97.9, 97.2, 95.7, 95.0, 94.3, 93.6, 92.9, 92.1, 91.4, 90.7, 90.0, 89.3, 88.5, 87.8, 87.1, 86.4, 85.7, 84.9, 83.5, 82.8, 81.3, 80.6, 79.9, 79.2, 78.5, 77.7, 77.0, 76.3, 75.6, 74.9, 74.2, 73.4, 72.7, 72.0, 71.3, 70.6, 69.8, 69.1, 67.7, 67.0, 65.5, 64.8, 64.1, 63.4, 62.6, 61.9, 61.2, 60.5, 59.8, 59.0, 58.3, 57.6, 56.9, 56.2, 54.7, 54.0, 53.3, 52.6, 51.1, 50.4, 49.7, 48.3, 47.5, 46.8, 46.1, 44.7, 43.9, 42.5, 41.8, 41.1, 40.3, 39.6, 38.9, 38.2, 37.5, 36.7, 36.0, 35.3, 34.599999999999994, 33.900000000000006, 33.099999999999994, 32.400000000000006, 31.700000000000003, 31.0, 30.299999999999997, 29.5, 28.799999999999997, 28.099999999999994, 27.400000000000006, 26.700000000000003, 25.900000000000006, 25.200000000000003, 24.5, 23.799999999999997, 23.099999999999994, 22.400000000000006, 21.599999999999994, 20.900000000000006, 20.200000000000003, 19.5, 18.799999999999997, 18.0, 17.299999999999997, 16.599999999999994, 15.900000000000006, 15.200000000000003, 13.700000000000003, 13.0, 12.299999999999997, 11.599999999999994, 10.799999999999997, 10.099999999999994, 9.400000000000006, 8.700000000000003, 8.0, 7.200000000000003, 6.5, 5.799999999999997, 5.099999999999994, 4.400000000000006, 3.5999999999999943, 2.9000000000000057, 2.200000000000003, 1.5, 0.7999999999999972, 0.0, -0.7000000000000028]}, "histogram": {"x": [465.0, 480.0, 495.0, 510.0, 525.0, 540.0, 555.0, 570.0, 585.0, 600.0, 615.0, 630.0, 645.0, 660.0, 675.0, 690.0, 705.0, 720.0, 735.0, 750.0, 765.0, 780.0, 795.0, 810.0, 825.0, 840.0, 855.0, 870.0, 885.0, 900.0, 915.0, 930.0, 945.0, 960.0, 975.0, 990.0, 1005.0, 1020.0, 1035.0, 1050.0, 1065.0, 1080.0, 1095.0, 1110.0, 1125.0, 1140.0, 1155.0, 1170.0, 1185.0, 1200.0, 1215.0, 1230.0, 1245.0, 1260.0, 1275.0, 1290.0, 1305.0, 1320.0, 1335.0, 1350.0, 1365.0, 1380.0, 1395.0, 1410.0, 1425.0, 1440.0, 1455.0, 1470.0, 1485.0, 1500.0, 1515.0, 1530.0, 1545.0, 1560.0, 1575.0, 1590.0, 1605.0, 1620.0, 1635.0, 1650.0, 1665.0, 1680.0, 1695.0, 1710.0, 1725.0, 1740.0, 1755.0, 1770.0, 1785.0, 1800.0, 1815.0, 1830.0, 1845.0, 1860.0, 1875.0, 1890.0, 1905.0, 1920.0, 1935.0, 1950.0, 1965.0, 1980.0, 1995.0, 2010.0, 2025.0, 2040.0, 2055.0, 2070.0, 2085.0, 2100.0, 2115.0, 2130.0, 2145.0, 2160.0, 2175.0, 2190.0, 2205.0, 2220.0, 2235.0, 2250.0, 2265.0, 2280.0, 2295.0, 2310.0, 2325.0, 2340.0, 2355.0, 2370.0, 2385.0, 2400.0, 2415.0, 2430.0, 2445.0, 2460.0, 2475.0, 2490.0, 2505.0, 2520.0, 2535.0, 2550.0, 2565.0, 2580.0, 2595.0, 2610.0, 2625.0, 2640.0, 2655.0, 2670.0, 2685.0, 2700.0, 2715.0, 2730.0, 2745.0, 2760.0, 2775.0, 2790.0, 2805.0, 2820.0, 2835.0], "y": [3, 1, 3, 2, 3, 8, 4, 5, 1, 2, 4, 4, 5, 4, 3, 3, 3, 2, 5, 5, 4, 1, 5, 2, 3, 1, 2, 2, 2, 3, 1, 4, 3, 2, 1, 2, 0, 2, 3, 1, 1, 2, 1, 0, 3, 2, 2, 0, 1, 0, 1, 0, 0, 0, 0, 0, 0, 1, 0, 0, 0, 1, 0, 0, 0, 1, 0, 0, 0, 0, 0, 1, 1, 0, 0, 0, 0, 0, 1, 0, 0, 0, 0, 0, 0, 0, 2, 1, 0, 0, 0, 0, 0, 0, 0, 1, 1, 0, 1, 0, 0, 0, 0, 0, 0, 0, 0, 0, 0, 0, 0, 0, 0, 0, 0, 0, 0, 0, 0, 0, 0, 0, 0, 0, 0, 0, 0, 0, 0, 0, 0, 0, 0, 0, 0, 0, 0, 0, 0, 0, 0, 0, 0, 0, 0, 0, 0, 0, 0, 0, 0, 0, 0, 0, 0, 0, 0, 0, 1]}}