{"percentile": {"x": [587, 651, 684, 705, 707, 722, 751, 772, 775, 809, 818, 824, 833, 839, 851, 854, 864, 871, 873, 874, 876, 884, 888, 890, 894, 905, 915, 929, 932, 941, 942, 950, 953, 955, 964, 965, 976, 982, 988, 989, 999, 1000, 1003, 1007, 1011, 1012, 1018, 1022, 1023, 1026, 1038, 1046, 1051, 1052, 1056, 1057, 1058, 1062, 1065, 1067, 1074, 1083, 1090, 1092, 1098, 1099, 1105, 1122, 1124, 1125, 1137, 1146, 1147, 1157, 1159, 1161, 1163, 1167, 1170, 1172, 1184, 1187, 1188, 1189, 1192, 1193, 1195, 1197, 1199, 1219, 1220, 1225, 1226, 1247, 1249, 1251, 1254, 1257, 1258, 1263, 1273, 1276, 1280, 1284, 1294, 1296, 1313, 1322, 1335, 1346, 1348, 1349, 1351, 1369, 1372, 1375, 1377, 1383, 1389, 1421, 1426, 1429, 1440, 1441, 1448, 1450, 1451, 1459, 1483, 1486, 1497, 1520, 1541, 1564, 1572, 1595, 1625, 1634, 1642, 1652, 1655, 1659, 1664, 1678, 1688, 1708, 1715, 1724, 1725, 1736, 1739, 1754, 1760, 1763, 1782, 1784, 1785, 1800, 1826, 1850, 1857, 1887, 1888, 1892, 1912, 1918, 1932, 1940, 1953, 1977, 1978, 1979, 2015, 2019, 2030, 2038, 2040, 2069, 2084, 2093, 2108, 2115, 2129, 2138, 2141, 2144, 2160, 2168, 2179, 2198, 2203, 2215, 2246, 2276, 2280, 2323, 2328, 2370, 2398, 2420, 2433, 2435, 2449, 2454, 2456, 2461, 2463, 2471, 2475, 2481, 2485, 2487, 2511, 2512, 2513, 2517, 2518, 2527, 2532, 2542, 2547, 2557, 2570, 2576, 2613, 2620, 2796, 2818, 2831, 2839], "y": [99.6, 99.2, 98.8, 98.4, 97.9, 97.5, 97.1, 96.7, 96.3, 95.8, 95.4, 95.0, 94.6, 94.1, 93.7, 93.3, 92.9, 92.5, 92.0, 91.6, 91.2, 90.8, 90.3, 89.9, 89.5, 88.7, 88.2, 87.8, 87.4, 87.0, 86.5, 85.7, 85.3, 84.9, 84.4, 84.0, 83.6, 83.2, 82.8, 82.3, 81.9, 81.5, 81.1, 80.6, 80.2, 79.8, 79.4, 79.0, 78.5, 78.1, 77.7, 77.3, 76.4, 76.0, 75.6, 75.2, 74.7, 74.3, 73.9, 73.5, 73.0, 72.6, 72.2, 71.8, 71.4, 70.9, 70.5, 70.1, 69.7, 69.2, 68.8, 68.4, 68.0, 67.6, 67.1, 66.7, 66.3, 65.9, 65.5, 65.0, 64.6, 64.2, 63.8, 63.3, 62.9, 62.5, 62.1, 61.7, 61.2, 60.8, 60.4, 60.0, 59.5, 59.1, 58.7, 58.3, 57.4, 57.0, 56.6, 56.2, 55.7, 55.3, 54.9, 54.5, 54.1, 53.6, 53.2, 52.8, 52.4, 51.9, 51.5, 50.7, 50.3, 49.8, 49.4, 49.0, 48.6, 48.2, 47.7, 47.3, 46.9, 46.5, 46.0, 45.2, 44.8, 44.4, 43.9, 43.5, 43.1, 42.7, 42.2, 41.8, 41.4, 41.0, 40.6, 40.1, 39.7, 39.3, 38.9, 38.4, 38.0, 37.6, 37.2, 36.8, 36.3, 35.900000000000006, 35.5, 35.099999999999994, 34.599999999999994, 34.2, 33.8, 33.400000000000006, 33.0, 32.5, 32.099999999999994, 31.700000000000003, 31.299999999999997, 30.900000000000006, 30.400000000000006, 30.0, 29.599999999999994, 29.200000000000003, 28.700000000000003, 28.299999999999997, 27.900000000000006, 27.5, 27.099999999999994, 26.599999999999994, 26.200000000000003, 25.799999999999997, 25.400000000000006, 24.900000000000006, 24.5, 24.099999999999994, 23.700000000000003, 23.299999999999997, 22.799999999999997, 22.400000000000006, 22.0, 21.599999999999994, 21.099999999999994, 20.700000000000003, 20.299999999999997, 19.900000000000006, 19.5, 19.0, 18.599999999999994, 18.200000000000003, 17.799999999999997, 17.299999999999997, 16.900000000000006, 16.5, 16.099999999999994, 15.700000000000003, 15.200000000000003, 14.799999999999997, 14.400000000000006, 14.0, 13.599999999999994, 13.099999999999994, 12.700000000000003, 12.299999999999997, 11.900000000000006, 11.400000000000006, 11.0, 10.599999999999994, 10.200000000000003, 9.799999999999997, 9.299999999999997, 8.900000000000006, 8.5, 8.099999999999994, 7.599999999999994, 7.200000000000003, 6.799999999999997, 6.400000000000006, 6.0, 5.5, 5.099999999999994, 4.700000000000003, 4.299999999999997, 3.799999999999997, 3.4000000000000057, 3.0, 2.5999999999999943, 1.7000000000000028, 1.2999999999999972, 0.9000000000000057, 0.5, -0.4000000000000057]}, "histogram": {"x": [585.0, 600.0, 615.0, 630.0, 645.0, 660.0, 675.0, 690.0, 705.0, 720.0, 735.0, 750.0, 765.0, 780.0, 795.0, 810.0, 825.0, 840.0, 855.0, 870.0, 885.0, 900.0, 915.0, 930.0, 945.0, 960.0, 975.0, 990.0, 1005.0, 1020.0, 1035.0, 1050.0, 1065.0, 1080.0, 1095.0, 1110.0, 1125.0, 1140.0, 1155.0, 1170.0, 1185.0, 1200.0, 1215.0, 1230.0, 1245.0, 1260.0, 1275.0, 1290.0, 1305.0, 1320.0, 1335.0, 1350.0, 1365.0, 1380.0, 1395.0, 1410.0, 1425.0, 1440.0, 1455.0, 1470.0, 1485.0, 1500.0, 1515.0, 1530.0, 1545.0, 1560.0, 1575.0, 1590.0, 1605.0, 1620.0, 1635.0, 1650.0, 1665.0, 1680.0, 1695.0, 1710.0, 1725.0, 1740.0, 1755.0, 1770.0, 1785.0, 1800.0, 1815.0, 1830.0, 1845.0, 1860.0, 1875.0, 1890.0, 1905.0, 1920.0, 1935.0, 1950.0, 1965.0, 1980.0, 1995.0, 2010.0, 2025.0, 2040.0, 2055.0, 2070.0, 2085.0, 2100.0, 2115.0, 2130.0, 2145.0, 2160.0, 2175.0, 2190.0, 2205.0, 2220.0, 2235.0, 2250.0, 2265.0, 2280.0, 2295.0, 2310.0, 2325.0, 2340.0, 2355.0, 2370.0, 2385.0, 2400.0, 2415.0, 2430.0, 2445.0, 2460.0, 2475.0, 2490.0, 2505.0, 2520.0, 2535.0, 2550.0, 2565.0, 2580.0, 2595.0, 2610.0, 2625.0, 2640.0, 2655.0, 2670.0, 2685.0, 2700.0, 2715.0, 2730.0, 2745.0, 2760.0, 2775.0, 2790.0, 2805.0, 2820.0, 2835.0, 2850.0], "y": [1, 0, 0, 0, 1, 0, 1, 0, 2, 1, 0, 1, 2, 0, 1, 2, 2, 2, 1, 5, 3, 2, 2, 3, 4, 2, 4, 3, 4, 3, 2, 7, 3, 3, 3, 2, 2, 2, 5, 3, 8, 0, 4, 0, 7, 2, 3, 2, 1, 1, 5, 1, 4, 2, 0, 1, 2, 6, 1, 1, 2, 0, 1, 1, 0, 2, 0, 1, 0, 2, 1, 4, 1, 1, 1, 2, 3, 1, 2, 2, 1, 1, 1, 0, 2, 0, 2, 1, 2, 1, 1, 1, 3, 0, 0, 2, 2, 1, 1, 1, 1, 1, 2, 3, 0, 2, 1, 2, 1, 0, 1, 0, 1, 1, 0, 1, 1, 0, 0, 1, 1, 0, 1, 2, 3, 3, 4, 0, 5, 2, 2, 1, 2, 0, 0, 3, 0, 0, 0, 0, 0, 0, 0, 0, 0, 0, 0, 1, 1, 1, 2, 0]}}