{"histogram": {"y": [1, 0, 3, 0, 2, 3, 3, 3, 3, 2, 2, 5, 4, 0, 3, 2, 2, 4, 2, 4, 3, 3, 0, 2, 2, 3, 3, 1, 2, 2, 0, 0, 1, 0, 2, 0, 0, 0, 1, 0, 0, 1, 1, 1, 1, 0, 0, 1, 0, 0, 1, 1, 0, 1, 1, 0, 1, 0, 0, 0, 0, 1, 0, 0, 0, 1, 0, 0, 0, 0, 0, 0, 0, 0, 0, 0, 0, 0, 0, 0, 0, 0, 0, 0, 0, 0, 1, 0, 0, 0, 0, 0, 0, 0, 0, 0, 0, 0, 0, 0, 0, 0, 0, 0, 0, 0, 0, 0, 0, 0, 0, 0, 0, 0, 0, 0, 0, 0, 0, 0, 0, 0, 0, 0, 0, 0, 0, 0, 0, 0, 0, 0, 0, 0, 0, 0, 0, 0, 0, 0, 0, 1, 0, 0, 2, 0, 0, 1, 0, 0, 0, 0, 0, 1], "x": [450.0, 465.0, 480.0, 495.0, 510.0, 525.0, 540.0, 555.0, 570.0, 585.0, 600.0, 615.0, 630.0, 645.0, 660.0, 675.0, 690.0, 705.0, 720.0, 735.0, 750.0, 765.0, 780.0, 795.0, 810.0, 825.0, 840.0, 855.0, 870.0, 885.0, 900.0, 915.0, 930.0, 945.0, 960.0, 975.0, 990.0, 1005.0, 1020.0, 1035.0, 1050.0, 1065.0, 1080.0, 1095.0, 1110.0, 1125.0, 1140.0, 1155.0, 1170.0, 1185.0, 1200.0, 1215.0, 1230.0, 1245.0, 1260.0, 1275.0, 1290.0, 1305.0, 1320.0, 1335.0, 1350.0, 1365.0, 1380.0, 1395.0, 1410.0, 1425.0, 1440.0, 1455.0, 1470.0, 1485.0, 1500.0, 1515.0, 1530.0, 1545.0, 1560.0, 1575.0, 1590.0, 1605.0, 1620.0, 1635.0, 1650.0, 1665.0, 1680.0, 1695.0, 1710.0, 1725.0, 1740.0, 1755.0, 1770.0, 1785.0, 1800.0, 1815.0, 1830.0, 1845.0, 1860.0, 1875.0, 1890.0, 1905.0, 1920.0, 1935.0, 1950.0, 1965.0, 1980.0, 1995.0, 2010.0, 2025.0, 2040.0, 2055.0, 2070.0, 2085.0, 2100.0, 2115.0, 2130.0, 2145.0, 2160.0, 2175.0, 2190.0, 2205.0, 2220.0, 2235.0, 2250.0, 2265.0, 2280.0, 2295.0, 2310.0, 2325.0, 2340.0, 2355.0, 2370.0, 2385.0, 2400.0, 2415.0, 2430.0, 2445.0, 2460.0, 2475.0, 2490.0, 2505.0, 2520.0, 2535.0, 2550.0, 2565.0, 2580.0, 2595.0, 2610.0, 2625.0, 2640.0, 2655.0, 2670.0, 2685.0, 2700.0, 2715.0, 2730.0, 2745.0]}, "percentile": {"y": [98.9, 97.8, 95.6, 94.5, 93.4, 92.3, 91.2, 90.0, 87.8, 86.7, 85.6, 84.5, 83.4, 82.3, 81.2, 80.0, 77.8, 76.7, 75.6, 73.4, 71.2, 70.0, 67.8, 66.7, 65.6, 64.5, 63.4, 62.3, 61.2, 60.0, 58.9, 57.8, 56.7, 55.6, 54.5, 53.4, 52.3, 51.2, 50.0, 48.9, 47.8, 46.7, 45.6, 44.5, 43.4, 42.3, 41.2, 40.0, 38.9, 37.8, 36.7, 35.599999999999994, 33.400000000000006, 32.3, 31.200000000000003, 30.0, 28.900000000000006, 27.799999999999997, 26.700000000000003, 25.599999999999994, 24.5, 23.400000000000006, 22.299999999999997, 21.200000000000003, 20.0, 18.900000000000006, 17.799999999999997, 16.700000000000003, 15.599999999999994, 14.5, 13.400000000000006, 12.299999999999997, 11.200000000000003, 10.0, 8.900000000000006, 7.799999999999997, 6.700000000000003, 5.599999999999994, 4.5, 3.4000000000000057, 2.299999999999997, 1.2000000000000028, 0.0, -1.0999999999999943], "x": [464, 486, 487, 511, 523, 525, 531, 539, 540, 546, 559, 560, 565, 570, 576, 583, 596, 601, 603, 620, 623, 624, 630, 638, 641, 660, 661, 671, 681, 687, 700, 701, 705, 711, 714, 716, 728, 733, 735, 737, 740, 747, 755, 757, 760, 766, 770, 775, 797, 808, 810, 824, 836, 837, 843, 844, 846, 866, 875, 880, 891, 895, 933, 972, 973, 1029, 1077, 1088, 1100, 1112, 1163, 1201, 1218, 1248, 1263, 1300, 1372, 1425, 1749, 2571, 2615, 2620, 2664, 2745]}}