{"histogram": {"y": [1, 1, 0, 1, 2, 3, 3, 3, 3, 4, 4, 4, 9, 9, 5, 9, 6, 10, 7, 7, 13, 7, 6, 4, 6, 9, 5, 6, 3, 5, 3, 8, 2, 2, 2, 2, 5, 3, 3, 2, 4, 1, 1, 0, 4, 1, 3, 4, 1, 1, 0, 0, 3, 1, 2, 3, 0, 0, 1, 0, 0, 0, 0, 0, 0, 1, 0, 1, 0, 1, 1, 0, 0, 0, 0, 0, 1, 0, 0, 0, 0, 0, 0, 0, 0, 0, 0, 0, 0, 0, 0, 1, 0, 0, 0, 0, 1, 0, 0, 0, 0, 0, 0, 0, 0, 1, 0, 0, 0, 0, 0, 0, 0, 0, 0, 0, 0, 0, 0, 0, 0, 0, 0, 0, 0, 0, 0, 0, 0, 0, 0, 0, 0, 0, 0, 0, 0, 0, 0, 0, 0, 0, 0, 0, 1, 0, 0, 0, 0, 0, 0, 0, 0, 0, 0, 0, 1], "x": [405.0, 420.0, 435.0, 450.0, 465.0, 480.0, 495.0, 510.0, 525.0, 540.0, 555.0, 570.0, 585.0, 600.0, 615.0, 630.0, 645.0, 660.0, 675.0, 690.0, 705.0, 720.0, 735.0, 750.0, 765.0, 780.0, 795.0, 810.0, 825.0, 840.0, 855.0, 870.0, 885.0, 900.0, 915.0, 930.0, 945.0, 960.0, 975.0, 990.0, 1005.0, 1020.0, 1035.0, 1050.0, 1065.0, 1080.0, 1095.0, 1110.0, 1125.0, 1140.0, 1155.0, 1170.0, 1185.0, 1200.0, 1215.0, 1230.0, 1245.0, 1260.0, 1275.0, 1290.0, 1305.0, 1320.0, 1335.0, 1350.0, 1365.0, 1380.0, 1395.0, 1410.0, 1425.0, 1440.0, 1455.0, 1470.0, 1485.0, 1500.0, 1515.0, 1530.0, 1545.0, 1560.0, 1575.0, 1590.0, 1605.0, 1620.0, 1635.0, 1650.0, 1665.0, 1680.0, 1695.0, 1710.0, 1725.0, 1740.0, 1755.0, 1770.0, 1785.0, 1800.0, 1815.0, 1830.0, 1845.0, 1860.0, 1875.0, 1890.0, 1905.0, 1920.0, 1935.0, 1950.0, 1965.0, 1980.0, 1995.0, 2010.0, 2025.0, 2040.0, 2055.0, 2070.0, 2085.0, 2100.0, 2115.0, 2130.0, 2145.0, 2160.0, 2175.0, 2190.0, 2205.0, 2220.0, 2235.0, 2250.0, 2265.0, 2280.0, 2295.0, 2310.0, 2325.0, 2340.0, 2355.0, 2370.0, 2385.0, 2400.0, 2415.0, 2430.0, 2445.0, 2460.0, 2475.0, 2490.0, 2505.0, 2520.0, 2535.0, 2550.0, 2565.0, 2580.0, 2595.0, 2610.0, 2625.0, 2640.0, 2655.0, 2670.0, 2685.0, 2700.0, 2715.0, 2730.0, 2745.0]}, "percentile": {"y": [99.6, 99.2, 98.7, 98.3, 97.8, 97.0, 96.5, 96.1, 95.6, 95.2, 94.7, 94.3, 93.9, 93.4, 93.0, 92.5, 92.1, 91.6, 91.2, 90.8, 90.3, 89.4, 89.0, 88.5, 88.1, 87.7, 87.2, 85.9, 85.4, 85.0, 84.6, 83.2, 82.8, 82.4, 79.7, 79.3, 78.8, 78.4, 77.9, 77.5, 77.0, 76.6, 76.2, 74.8, 74.4, 73.9, 73.5, 73.1, 72.6, 72.2, 71.7, 71.3, 70.4, 69.5, 69.1, 68.2, 67.3, 66.9, 66.0, 65.5, 65.1, 64.7, 63.8, 62.9, 62.4, 61.6, 61.1, 60.7, 60.2, 59.8, 59.3, 58.5, 57.6, 57.1, 56.2, 55.8, 55.4, 54.9, 54.0, 53.6, 53.1, 52.7, 51.8, 51.4, 50.9, 50.5, 50.0, 48.7, 48.3, 47.8, 47.4, 47.0, 46.5, 46.1, 45.2, 44.7, 44.3, 43.9, 43.4, 43.0, 42.5, 42.1, 41.6, 41.2, 40.8, 39.9, 39.4, 39.0, 38.1, 37.7, 37.2, 36.3, 35.900000000000006, 35.0, 34.099999999999994, 33.7, 33.2, 32.8, 32.400000000000006, 31.900000000000006, 31.5, 31.0, 30.599999999999994, 30.099999999999994, 29.700000000000003, 28.400000000000006, 27.900000000000006, 27.5, 27.0, 26.599999999999994, 26.200000000000003, 25.700000000000003, 25.299999999999997, 24.799999999999997, 24.400000000000006, 23.900000000000006, 23.5, 23.099999999999994, 22.599999999999994, 22.200000000000003, 21.700000000000003, 21.299999999999997, 20.799999999999997, 20.400000000000006, 20.0, 19.5, 19.099999999999994, 18.599999999999994, 18.200000000000003, 17.700000000000003, 17.299999999999997, 16.900000000000006, 16.400000000000006, 16.0, 15.5, 15.099999999999994, 14.700000000000003, 14.200000000000003, 13.799999999999997, 12.900000000000006, 12.400000000000006, 12.0, 11.599999999999994, 11.099999999999994, 10.700000000000003, 10.200000000000003, 9.799999999999997, 9.299999999999997, 8.900000000000006, 8.5, 8.0, 7.599999999999994, 7.099999999999994, 6.700000000000003, 5.799999999999997, 5.400000000000006, 4.5, 4.0, 3.5999999999999943, 3.0999999999999943, 2.700000000000003, 2.299999999999997, 1.7999999999999972, 1.4000000000000057, 0.9000000000000057, 0.5, 0.0, -0.4000000000000057], "x": [414, 427, 459, 465, 466, 486, 491, 495, 503, 508, 510, 514, 523, 525, 535, 539, 545, 548, 552, 553, 556, 559, 566, 571, 579, 582, 583, 585, 589, 590, 592, 598, 603, 611, 612, 614, 618, 619, 620, 623, 629, 630, 631, 632, 633, 641, 642, 643, 649, 652, 653, 654, 657, 665, 667, 668, 671, 673, 674, 676, 680, 681, 686, 687, 690, 693, 696, 697, 700, 701, 706, 708, 711, 712, 713, 715, 717, 718, 719, 720, 722, 727, 729, 730, 733, 735, 743, 745, 749, 751, 754, 756, 760, 766, 770, 771, 775, 776, 780, 784, 785, 788, 790, 791, 792, 793, 800, 801, 807, 809, 814, 818, 821, 822, 825, 830, 841, 842, 845, 846, 849, 856, 860, 866, 874, 876, 877, 879, 882, 883, 886, 896, 901, 903, 915, 928, 933, 936, 945, 948, 950, 956, 959, 962, 963, 968, 978, 981, 987, 996, 998, 1006, 1008, 1010, 1011, 1034, 1040, 1069, 1078, 1079, 1089, 1100, 1101, 1106, 1115, 1118, 1120, 1122, 1134, 1147, 1185, 1194, 1198, 1201, 1222, 1241, 1244, 1279, 1392, 1410, 1449, 1464, 1551, 1772, 1854, 1990, 2573, 2752]}}