{"histogram": {"y": [1, 0, 0, 0, 0, 0, 0, 1, 1, 2, 1, 0, 0, 2, 1, 1, 2, 1, 2, 2, 0, 0, 2, 2, 1, 2, 2, 3, 1, 2, 2, 0, 0, 1, 3, 2, 0, 1, 1, 0, 1, 1, 0, 2, 2, 0, 3, 1, 0, 0, 0, 0, 1, 3, 1, 1, 0, 1, 1, 1, 1, 0, 0, 1, 0, 0, 0, 0, 0, 0, 0, 0, 0, 0, 0, 0, 0, 0, 0, 1, 0, 0, 0, 0, 0, 0, 0, 0, 0, 0, 0, 0, 0, 2, 0, 0, 0, 0, 0, 0, 0, 0, 0, 0, 0, 0, 0, 0, 0, 0, 0, 0, 0, 0, 0, 0, 0, 0, 0, 0, 0, 0, 0, 0, 0, 0, 0, 0, 0, 0, 0, 0, 0, 0, 0, 0, 0, 0, 0, 0, 0, 1], "x": [420.0, 435.0, 450.0, 465.0, 480.0, 495.0, 510.0, 525.0, 540.0, 555.0, 570.0, 585.0, 600.0, 615.0, 630.0, 645.0, 660.0, 675.0, 690.0, 705.0, 720.0, 735.0, 750.0, 765.0, 780.0, 795.0, 810.0, 825.0, 840.0, 855.0, 870.0, 885.0, 900.0, 915.0, 930.0, 945.0, 960.0, 975.0, 990.0, 1005.0, 1020.0, 1035.0, 1050.0, 1065.0, 1080.0, 1095.0, 1110.0, 1125.0, 1140.0, 1155.0, 1170.0, 1185.0, 1200.0, 1215.0, 1230.0, 1245.0, 1260.0, 1275.0, 1290.0, 1305.0, 1320.0, 1335.0, 1350.0, 1365.0, 1380.0, 1395.0, 1410.0, 1425.0, 1440.0, 1455.0, 1470.0, 1485.0, 1500.0, 1515.0, 1530.0, 1545.0, 1560.0, 1575.0, 1590.0, 1605.0, 1620.0, 1635.0, 1650.0, 1665.0, 1680.0, 1695.0, 1710.0, 1725.0, 1740.0, 1755.0, 1770.0, 1785.0, 1800.0, 1815.0, 1830.0, 1845.0, 1860.0, 1875.0, 1890.0, 1905.0, 1920.0, 1935.0, 1950.0, 1965.0, 1980.0, 1995.0, 2010.0, 2025.0, 2040.0, 2055.0, 2070.0, 2085.0, 2100.0, 2115.0, 2130.0, 2145.0, 2160.0, 2175.0, 2190.0, 2205.0, 2220.0, 2235.0, 2250.0, 2265.0, 2280.0, 2295.0, 2310.0, 2325.0, 2340.0, 2355.0, 2370.0, 2385.0, 2400.0, 2415.0, 2430.0, 2445.0, 2460.0, 2475.0, 2490.0, 2505.0, 2520.0, 2535.0]}, "percentile": {"y": [98.5, 97.0, 95.5, 94.0, 92.5, 91.0, 89.4, 87.9, 86.4, 84.9, 83.4, 81.9, 80.4, 78.8, 77.3, 75.8, 74.3, 72.8, 71.3, 69.7, 68.2, 66.7, 65.2, 63.7, 62.2, 60.7, 59.1, 57.6, 56.1, 54.6, 53.1, 51.6, 50.0, 48.5, 47.0, 45.5, 44.0, 42.5, 41.0, 39.4, 37.9, 36.4, 34.900000000000006, 33.400000000000006, 31.900000000000006, 30.400000000000006, 28.799999999999997, 27.299999999999997, 25.799999999999997, 24.299999999999997, 22.799999999999997, 21.299999999999997, 19.700000000000003, 18.200000000000003, 16.700000000000003, 15.200000000000003, 13.700000000000003, 12.200000000000003, 10.700000000000003, 9.099999999999994, 7.599999999999994, 6.099999999999994, 4.599999999999994, 3.0999999999999943, 1.5999999999999943, 0.0, -1.5], "x": [423, 530, 552, 555, 556, 575, 619, 624, 644, 647, 661, 666, 688, 691, 700, 708, 716, 758, 764, 772, 779, 790, 795, 798, 815, 823, 825, 830, 837, 852, 857, 869, 876, 879, 928, 933, 941, 942, 950, 956, 976, 990, 1022, 1035, 1070, 1075, 1088, 1092, 1116, 1118, 1120, 1125, 1214, 1223, 1226, 1229, 1241, 1252, 1280, 1299, 1310, 1321, 1370, 1615, 1817, 1821, 2536]}}