{"histogram": {"x": [360.0, 375.0, 390.0, 405.0, 420.0, 435.0, 450.0, 465.0, 480.0, 495.0, 510.0, 525.0, 540.0, 555.0, 570.0, 585.0, 600.0, 615.0, 630.0, 645.0, 660.0, 675.0, 690.0, 705.0, 720.0, 735.0, 750.0, 765.0, 780.0, 795.0, 810.0, 825.0, 840.0, 855.0, 870.0, 885.0, 900.0, 915.0, 930.0, 945.0, 960.0, 975.0, 990.0, 1005.0, 1020.0, 1035.0, 1050.0, 1065.0, 1080.0, 1095.0, 1110.0, 1125.0, 1140.0, 1155.0, 1170.0, 1185.0, 1200.0, 1215.0, 1230.0, 1245.0, 1260.0, 1275.0, 1290.0, 1305.0, 1320.0, 1335.0, 1350.0, 1365.0, 1380.0, 1395.0, 1410.0], "y": [1, 0, 0, 0, 1, 1, 0, 3, 3, 2, 1, 2, 3, 1, 5, 4, 4, 2, 4, 2, 1, 3, 1, 5, 1, 1, 3, 3, 3, 1, 4, 4, 1, 2, 4, 2, 3, 1, 1, 1, 2, 0, 0, 0, 1, 0, 1, 0, 1, 1, 1, 0, 2, 0, 1, 0, 0, 0, 2, 0, 0, 0, 0, 0, 0, 0, 0, 0, 0, 0, 1]}, "percentile": {"x": [370, 433, 448, 466, 470, 477, 481, 484, 487, 496, 501, 524, 527, 532, 543, 549, 551, 563, 573, 575, 578, 581, 584, 587, 592, 594, 598, 600, 601, 609, 625, 628, 631, 639, 642, 654, 659, 668, 681, 687, 701, 710, 715, 716, 718, 733, 744, 752, 754, 756, 765, 768, 769, 785, 789, 803, 820, 821, 824, 827, 829, 834, 837, 842, 860, 867, 870, 877, 880, 881, 895, 898, 904, 906, 907, 926, 932, 950, 964, 966, 1020, 1057, 1094, 1102, 1118, 1141, 1149, 1179, 1232, 1237, 1410], "y": [99.0, 98.0, 96.9, 95.9, 94.8, 93.8, 92.8, 91.7, 90.7, 89.6, 88.6, 87.5, 86.5, 85.5, 84.4, 83.4, 82.3, 81.3, 80.3, 79.2, 78.2, 77.1, 76.1, 75.0, 74.0, 73.0, 71.9, 70.9, 68.8, 67.8, 66.7, 65.7, 63.6, 62.5, 61.5, 60.5, 59.4, 58.4, 57.3, 55.3, 54.2, 52.1, 51.1, 50.0, 49.0, 48.0, 46.9, 45.9, 44.8, 43.8, 42.8, 41.7, 40.7, 39.6, 37.5, 36.5, 35.5, 33.400000000000006, 32.3, 31.299999999999997, 30.299999999999997, 29.200000000000003, 28.200000000000003, 27.099999999999994, 26.099999999999994, 25.0, 24.0, 23.0, 21.900000000000006, 20.900000000000006, 19.799999999999997, 18.799999999999997, 17.799999999999997, 16.700000000000003, 15.700000000000003, 14.599999999999994, 13.599999999999994, 12.5, 11.5, 10.5, 9.400000000000006, 8.400000000000006, 7.299999999999997, 6.299999999999997, 5.299999999999997, 4.200000000000003, 3.200000000000003, 2.0999999999999943, 1.0999999999999943, 0.0, -1.0]}}