{"histogram": {"y": [1, 1, 1, 0, 2, 2, 1, 3, 4, 2, 2, 3, 1, 4, 4, 4, 5, 7, 6, 9, 6, 7, 6, 7, 2, 5, 4, 3, 1, 4, 4, 4, 4, 4, 3, 1, 6, 4, 3, 4, 2, 1, 1, 2, 0, 2, 1, 2, 1, 0, 6, 1, 1, 1, 1, 0, 1, 0, 0, 2, 2, 0, 1, 0, 0, 1, 0, 0, 0, 0, 1, 0, 0, 0, 0, 0, 0, 0, 0, 1, 0, 0, 0, 0, 0, 0, 0, 0, 0, 1, 1, 0, 0, 0, 0, 0, 0, 0, 0, 0, 0, 0, 0, 0, 0, 0, 0, 0, 0, 0, 0, 0, 0, 0, 0, 0, 0, 0, 0, 0, 0, 0, 0, 0, 0, 0, 0, 0, 0, 0, 0, 0, 0, 0, 0, 1], "x": [360.0, 375.0, 390.0, 405.0, 420.0, 435.0, 450.0, 465.0, 480.0, 495.0, 510.0, 525.0, 540.0, 555.0, 570.0, 585.0, 600.0, 615.0, 630.0, 645.0, 660.0, 675.0, 690.0, 705.0, 720.0, 735.0, 750.0, 765.0, 780.0, 795.0, 810.0, 825.0, 840.0, 855.0, 870.0, 885.0, 900.0, 915.0, 930.0, 945.0, 960.0, 975.0, 990.0, 1005.0, 1020.0, 1035.0, 1050.0, 1065.0, 1080.0, 1095.0, 1110.0, 1125.0, 1140.0, 1155.0, 1170.0, 1185.0, 1200.0, 1215.0, 1230.0, 1245.0, 1260.0, 1275.0, 1290.0, 1305.0, 1320.0, 1335.0, 1350.0, 1365.0, 1380.0, 1395.0, 1410.0, 1425.0, 1440.0, 1455.0, 1470.0, 1485.0, 1500.0, 1515.0, 1530.0, 1545.0, 1560.0, 1575.0, 1590.0, 1605.0, 1620.0, 1635.0, 1650.0, 1665.0, 1680.0, 1695.0, 1710.0, 1725.0, 1740.0, 1755.0, 1770.0, 1785.0, 1800.0, 1815.0, 1830.0, 1845.0, 1860.0, 1875.0, 1890.0, 1905.0, 1920.0, 1935.0, 1950.0, 1965.0, 1980.0, 1995.0, 2010.0, 2025.0, 2040.0, 2055.0, 2070.0, 2085.0, 2100.0, 2115.0, 2130.0, 2145.0, 2160.0, 2175.0, 2190.0, 2205.0, 2220.0, 2235.0, 2250.0, 2265.0, 2280.0, 2295.0, 2310.0, 2325.0, 2340.0, 2355.0, 2370.0, 2385.0]}, "percentile": {"y": [99.5, 98.9, 98.4, 97.8, 97.2, 96.7, 96.1, 95.5, 95.0, 94.4, 93.8, 93.3, 92.7, 92.1, 91.6, 91.0, 90.4, 89.9, 89.3, 88.8, 88.2, 87.6, 87.1, 86.5, 85.9, 85.4, 84.8, 84.2, 83.7, 83.1, 82.5, 82.0, 80.8, 80.3, 79.7, 79.1, 78.6, 78.0, 77.5, 76.9, 76.3, 75.8, 75.2, 74.6, 74.1, 73.5, 72.9, 72.4, 71.2, 70.7, 70.1, 69.5, 69.0, 68.4, 67.3, 66.7, 66.2, 65.0, 64.5, 63.9, 63.3, 62.2, 61.6, 60.5, 59.9, 59.4, 58.8, 58.2, 57.7, 57.1, 56.5, 56.0, 55.4, 54.9, 54.3, 53.7, 52.6, 52.0, 51.5, 50.3, 49.8, 49.2, 48.6, 48.1, 47.5, 46.4, 45.2, 44.7, 44.1, 43.6, 43.0, 42.4, 41.9, 41.3, 40.2, 39.6, 39.0, 37.9, 37.3, 36.8, 35.599999999999994, 35.099999999999994, 34.5, 33.900000000000006, 33.400000000000006, 32.8, 32.3, 31.700000000000003, 30.599999999999994, 30.0, 29.400000000000006, 28.900000000000006, 28.299999999999997, 27.700000000000003, 27.200000000000003, 26.599999999999994, 26.0, 25.5, 24.900000000000006, 24.299999999999997, 23.799999999999997, 23.200000000000003, 22.599999999999994, 22.099999999999994, 21.5, 21.0, 20.400000000000006, 19.799999999999997, 19.299999999999997, 18.700000000000003, 17.599999999999994, 17.0, 16.400000000000006, 15.900000000000006, 15.299999999999997, 14.700000000000003, 14.200000000000003, 13.599999999999994, 13.0, 12.5, 11.900000000000006, 11.299999999999997, 10.200000000000003, 9.099999999999994, 8.5, 8.0, 7.400000000000006, 6.799999999999997, 6.299999999999997, 5.700000000000003, 5.099999999999994, 4.599999999999994, 4.0, 3.4000000000000057, 2.9000000000000057, 2.299999999999997, 1.7000000000000028, 1.2000000000000028, 0.5999999999999943, 0.0, -0.5], "x": [367, 389, 395, 430, 432, 439, 448, 460, 466, 470, 479, 484, 490, 492, 494, 501, 503, 513, 518, 532, 536, 537, 552, 555, 565, 567, 569, 573, 575, 581, 584, 594, 596, 599, 601, 605, 608, 610, 613, 615, 619, 620, 623, 626, 627, 628, 631, 635, 636, 637, 643, 645, 649, 650, 652, 654, 655, 659, 660, 664, 665, 666, 674, 675, 679, 682, 683, 684, 689, 690, 694, 695, 697, 703, 704, 707, 710, 711, 714, 718, 727, 731, 741, 743, 746, 748, 757, 762, 764, 766, 773, 775, 788, 796, 798, 801, 811, 814, 822, 826, 834, 837, 842, 847, 850, 854, 859, 860, 869, 879, 882, 883, 890, 900, 902, 906, 907, 908, 912, 915, 916, 919, 920, 933, 939, 940, 949, 950, 951, 954, 964, 985, 999, 1005, 1006, 1037, 1049, 1060, 1069, 1075, 1080, 1111, 1114, 1119, 1123, 1136, 1149, 1158, 1170, 1212, 1245, 1255, 1266, 1268, 1299, 1346, 1416, 1559, 1706, 1714, 2387]}}