{"histogram": {"y": [2, 0, 0, 2, 0, 0, 1, 0, 0, 0, 1, 0, 1, 1, 2, 1, 0, 1, 1, 3, 2, 0, 1, 5, 0, 0, 2, 0, 0, 0, 1, 0, 0, 0, 0, 1, 1, 2, 0, 1, 0, 2, 0, 0, 0, 0, 0, 0, 1, 0, 0, 0, 0, 2, 1, 0, 0, 0, 0, 0, 0, 0, 0, 0, 0, 1, 0, 0, 0, 0, 0, 0, 0, 0, 0, 1, 0, 0, 0, 0, 0, 0, 0, 0, 0, 0, 0, 0, 0, 0, 0, 0, 0, 0, 0, 1, 0, 1, 0, 0, 0, 0, 1, 0, 0, 0, 0, 0, 0, 0, 0, 0, 0, 0, 0, 0, 0, 0, 0, 0, 0, 0, 0, 0, 0, 0, 0, 0, 0, 0, 0, 0, 0, 0, 0, 0, 0, 0, 1, 0], "x": [465.0, 480.0, 495.0, 510.0, 525.0, 540.0, 555.0, 570.0, 585.0, 600.0, 615.0, 630.0, 645.0, 660.0, 675.0, 690.0, 705.0, 720.0, 735.0, 750.0, 765.0, 780.0, 795.0, 810.0, 825.0, 840.0, 855.0, 870.0, 885.0, 900.0, 915.0, 930.0, 945.0, 960.0, 975.0, 990.0, 1005.0, 1020.0, 1035.0, 1050.0, 1065.0, 1080.0, 1095.0, 1110.0, 1125.0, 1140.0, 1155.0, 1170.0, 1185.0, 1200.0, 1215.0, 1230.0, 1245.0, 1260.0, 1275.0, 1290.0, 1305.0, 1320.0, 1335.0, 1350.0, 1365.0, 1380.0, 1395.0, 1410.0, 1425.0, 1440.0, 1455.0, 1470.0, 1485.0, 1500.0, 1515.0, 1530.0, 1545.0, 1560.0, 1575.0, 1590.0, 1605.0, 1620.0, 1635.0, 1650.0, 1665.0, 1680.0, 1695.0, 1710.0, 1725.0, 1740.0, 1755.0, 1770.0, 1785.0, 1800.0, 1815.0, 1830.0, 1845.0, 1860.0, 1875.0, 1890.0, 1905.0, 1920.0, 1935.0, 1950.0, 1965.0, 1980.0, 1995.0, 2010.0, 2025.0, 2040.0, 2055.0, 2070.0, 2085.0, 2100.0, 2115.0, 2130.0, 2145.0, 2160.0, 2175.0, 2190.0, 2205.0, 2220.0, 2235.0, 2250.0, 2265.0, 2280.0, 2295.0, 2310.0, 2325.0, 2340.0, 2355.0, 2370.0, 2385.0, 2400.0, 2415.0, 2430.0, 2445.0, 2460.0, 2475.0, 2490.0, 2505.0, 2520.0, 2535.0, 2550.0]}, "percentile": {"y": [95.4, 93.1, 90.7, 88.4, 86.1, 83.8, 81.4, 79.1, 76.8, 74.5, 72.1, 69.8, 67.5, 65.2, 62.8, 60.5, 58.2, 55.9, 53.5, 51.2, 48.9, 46.6, 44.2, 41.9, 39.6, 37.3, 34.900000000000006, 32.599999999999994, 30.299999999999997, 28.0, 25.599999999999994, 23.299999999999997, 21.0, 18.700000000000003, 16.299999999999997, 14.0, 11.700000000000003, 9.400000000000006, 7.0, 4.700000000000003, 2.4000000000000057, 0.0, -2.299999999999997], "x": [472, 515, 517, 566, 616, 652, 669, 681, 684, 692, 734, 745, 750, 752, 758, 770, 771, 802, 810, 813, 816, 822, 823, 861, 862, 919, 992, 1007, 1020, 1023, 1061, 1084, 1089, 1188, 1262, 1273, 1285, 1445, 1591, 1902, 1932, 1997, 2543]}}