{"percentile": {"y": [99.0, 98.0, 97.0, 96.0, 93.9, 92.9, 91.9, 90.9, 89.8, 88.8, 87.8, 86.8, 85.8, 84.7, 83.7, 82.7, 81.7, 80.7, 79.6, 78.6, 76.6, 75.6, 74.5, 73.5, 72.5, 71.5, 70.5, 69.4, 68.4, 66.4, 65.4, 64.3, 63.3, 62.3, 58.2, 57.2, 56.2, 55.2, 54.1, 53.1, 52.1, 50.0, 48.0, 47.0, 46.0, 44.9, 43.9, 42.9, 41.9, 40.9, 39.8, 38.8, 37.8, 35.8, 34.7, 33.7, 32.7, 31.700000000000003, 30.700000000000003, 29.599999999999994, 28.599999999999994, 27.599999999999994, 26.599999999999994, 25.599999999999994, 24.5, 23.5, 22.5, 21.5, 20.5, 19.400000000000006, 17.400000000000006, 16.400000000000006, 15.400000000000006, 14.299999999999997, 13.299999999999997, 12.299999999999997, 11.299999999999997, 10.299999999999997, 9.200000000000003, 8.200000000000003, 7.200000000000003, 6.200000000000003, 5.200000000000003, 4.099999999999994, 3.0999999999999943, 2.0999999999999943, 1.0999999999999943, 0.0, -1.0], "x": [451, 480, 500, 511, 525, 544, 552, 555, 559, 564, 569, 572, 577, 580, 592, 605, 612, 615, 619, 620, 622, 627, 628, 636, 637, 641, 642, 645, 654, 655, 656, 659, 660, 662, 665, 690, 694, 705, 712, 714, 719, 722, 724, 728, 729, 735, 736, 739, 740, 743, 758, 760, 765, 769, 770, 774, 796, 806, 807, 811, 816, 821, 855, 860, 864, 883, 885, 898, 908, 910, 912, 919, 934, 981, 983, 996, 1025, 1061, 1065, 1067, 1069, 1077, 1078, 1159, 1272, 1293, 1301, 1365, 2205]}, "histogram": {"y": [1, 0, 1, 1, 1, 2, 2, 4, 3, 1, 2, 7, 4, 6, 6, 0, 2, 4, 6, 5, 2, 5, 0, 3, 3, 0, 0, 3, 1, 2, 4, 1, 1, 0, 0, 2, 1, 0, 1, 0, 1, 5, 0, 0, 0, 0, 0, 1, 0, 0, 0, 0, 0, 0, 1, 0, 2, 0, 0, 0, 0, 1, 0, 0, 0, 0, 0, 0, 0, 0, 0, 0, 0, 0, 0, 0, 0, 0, 0, 0, 0, 0, 0, 0, 0, 0, 0, 0, 0, 0, 0, 0, 0, 0, 0, 0, 0, 0, 0, 0, 0, 0, 0, 0, 0, 0, 0, 0, 0, 0, 0, 0, 0, 0, 0, 0, 0, 1], "x": [450.0, 465.0, 480.0, 495.0, 510.0, 525.0, 540.0, 555.0, 570.0, 585.0, 600.0, 615.0, 630.0, 645.0, 660.0, 675.0, 690.0, 705.0, 720.0, 735.0, 750.0, 765.0, 780.0, 795.0, 810.0, 825.0, 840.0, 855.0, 870.0, 885.0, 900.0, 915.0, 930.0, 945.0, 960.0, 975.0, 990.0, 1005.0, 1020.0, 1035.0, 1050.0, 1065.0, 1080.0, 1095.0, 1110.0, 1125.0, 1140.0, 1155.0, 1170.0, 1185.0, 1200.0, 1215.0, 1230.0, 1245.0, 1260.0, 1275.0, 1290.0, 1305.0, 1320.0, 1335.0, 1350.0, 1365.0, 1380.0, 1395.0, 1410.0, 1425.0, 1440.0, 1455.0, 1470.0, 1485.0, 1500.0, 1515.0, 1530.0, 1545.0, 1560.0, 1575.0, 1590.0, 1605.0, 1620.0, 1635.0, 1650.0, 1665.0, 1680.0, 1695.0, 1710.0, 1725.0, 1740.0, 1755.0, 1770.0, 1785.0, 1800.0, 1815.0, 1830.0, 1845.0, 1860.0, 1875.0, 1890.0, 1905.0, 1920.0, 1935.0, 1950.0, 1965.0, 1980.0, 1995.0, 2010.0, 2025.0, 2040.0, 2055.0, 2070.0, 2085.0, 2100.0, 2115.0, 2130.0, 2145.0, 2160.0, 2175.0, 2190.0, 2205.0]}}