{"histogram": {"x": [435.0, 450.0, 465.0, 480.0, 495.0, 510.0, 525.0, 540.0, 555.0, 570.0, 585.0, 600.0, 615.0, 630.0, 645.0, 660.0, 675.0, 690.0, 705.0, 720.0, 735.0, 750.0, 765.0, 780.0, 795.0, 810.0, 825.0, 840.0, 855.0, 870.0, 885.0, 900.0, 915.0, 930.0, 945.0, 960.0, 975.0, 990.0, 1005.0, 1020.0, 1035.0, 1050.0, 1065.0, 1080.0, 1095.0, 1110.0, 1125.0, 1140.0, 1155.0, 1170.0, 1185.0, 1200.0, 1215.0, 1230.0, 1245.0, 1260.0, 1275.0, 1290.0, 1305.0, 1320.0, 1335.0, 1350.0, 1365.0, 1380.0, 1395.0, 1410.0, 1425.0, 1440.0, 1455.0, 1470.0, 1485.0, 1500.0, 1515.0, 1530.0, 1545.0, 1560.0, 1575.0, 1590.0, 1605.0, 1620.0, 1635.0, 1650.0, 1665.0, 1680.0, 1695.0, 1710.0, 1725.0, 1740.0], "y": [2, 1, 0, 2, 4, 1, 0, 4, 4, 4, 5, 5, 6, 3, 5, 2, 1, 7, 3, 6, 1, 6, 8, 3, 5, 1, 3, 3, 1, 1, 4, 0, 2, 3, 1, 1, 1, 1, 1, 0, 0, 0, 1, 1, 1, 1, 1, 1, 0, 2, 1, 0, 0, 2, 0, 0, 0, 1, 2, 0, 0, 0, 0, 0, 0, 0, 0, 0, 0, 0, 0, 0, 1, 0, 0, 0, 0, 0, 0, 0, 0, 0, 0, 0, 0, 0, 1, 0]}, "percentile": {"x": [436, 444, 452, 490, 494, 498, 499, 501, 509, 510, 543, 544, 552, 554, 555, 566, 569, 570, 575, 577, 584, 588, 589, 597, 598, 605, 607, 609, 610, 614, 616, 617, 618, 626, 628, 639, 640, 652, 653, 655, 656, 664, 669, 687, 690, 695, 699, 700, 703, 713, 717, 720, 721, 723, 725, 729, 731, 746, 751, 757, 760, 763, 764, 766, 769, 770, 775, 776, 777, 780, 786, 788, 795, 796, 800, 802, 824, 829, 835, 839, 840, 851, 869, 877, 890, 892, 895, 897, 918, 925, 932, 936, 938, 945, 966, 983, 1000, 1014, 1073, 1089, 1096, 1113, 1128, 1148, 1174, 1175, 1196, 1231, 1240, 1294, 1309, 1315, 1518, 1737], "y": [99.3, 98.5, 97.7, 96.9, 96.1, 95.3, 94.5, 93.7, 92.9, 92.1, 91.3, 90.5, 89.7, 88.9, 87.4, 86.6, 85.8, 85.0, 84.2, 83.4, 82.6, 81.8, 80.2, 79.4, 78.6, 77.8, 77.0, 76.2, 75.4, 74.7, 73.9, 73.1, 72.3, 71.5, 69.9, 69.1, 67.5, 66.7, 65.9, 65.1, 63.5, 62.7, 62.0, 61.2, 60.4, 58.8, 57.2, 56.4, 55.6, 54.8, 53.2, 52.4, 51.6, 50.8, 50.0, 49.3, 48.5, 47.7, 46.9, 46.1, 45.3, 43.7, 42.9, 42.1, 41.3, 40.5, 39.7, 38.9, 36.6, 35.8, 35.0, 34.2, 33.400000000000006, 32.599999999999994, 31.0, 30.200000000000003, 29.400000000000006, 28.599999999999994, 27.799999999999997, 27.0, 26.200000000000003, 24.700000000000003, 23.900000000000006, 23.099999999999994, 22.299999999999997, 21.5, 20.700000000000003, 19.900000000000006, 19.099999999999994, 18.299999999999997, 17.5, 16.700000000000003, 15.900000000000006, 15.099999999999994, 14.299999999999997, 13.5, 12.700000000000003, 12.0, 11.200000000000003, 10.400000000000006, 9.599999999999994, 8.799999999999997, 8.0, 7.200000000000003, 6.400000000000006, 5.599999999999994, 4.799999999999997, 4.0, 3.200000000000003, 2.4000000000000057, 1.5999999999999943, 0.7999999999999972, 0.0, -0.7000000000000028]}}