{"percentile": {"x": [596, 668, 804, 821, 830, 882, 888, 898, 900, 911, 943, 950, 954, 956, 959, 963, 972, 999, 1003, 1010, 1012, 1013, 1034, 1043, 1051, 1067, 1083, 1119, 1120, 1124, 1129, 1141, 1147, 1162, 1168, 1170, 1187, 1200, 1202, 1208, 1214, 1217, 1220, 1223, 1224, 1238, 1241, 1256, 1271, 1275, 1330, 1340, 1345, 1377, 1392, 1396, 1406, 1419, 1424, 1441, 1456, 1457, 1461, 1462, 1476, 1498, 1505, 1519, 1562, 1567, 1575, 1578, 1591, 1603, 1612, 1619, 1630, 1653, 1657, 1672, 1676, 1718, 1758, 1764, 1775, 1798, 1830, 1861, 1902, 1972, 1986, 2020, 2074, 2117, 2123, 2129, 2157, 2158, 2176, 2235, 2242, 2270, 2271, 2290, 2295, 2322, 2361, 2418, 2425, 2443, 2472, 2475, 2488, 2509, 2522, 2532, 2542, 2556, 2564, 2567, 2576, 2577, 2594, 2597, 2605, 2611, 2616, 2620, 2752, 2796, 2831], "y": [99.3, 98.6, 97.9, 97.1, 96.4, 95.7, 94.9, 94.2, 93.5, 92.8, 92.0, 91.3, 89.8, 89.1, 88.4, 87.6, 86.9, 86.2, 85.5, 84.7, 84.0, 83.3, 82.5, 81.8, 81.1, 80.3, 79.6, 78.9, 78.2, 77.4, 76.7, 76.0, 75.2, 74.5, 73.8, 73.0, 72.3, 71.6, 70.9, 70.1, 69.4, 68.7, 67.9, 67.2, 66.5, 65.7, 65.0, 64.3, 63.6, 62.1, 61.4, 60.6, 59.9, 59.2, 58.4, 57.7, 57.0, 56.3, 55.5, 54.8, 54.1, 53.3, 52.6, 51.9, 51.1, 50.4, 49.7, 49.0, 48.2, 47.5, 46.8, 46.0, 45.3, 44.6, 43.8, 43.1, 42.4, 41.7, 40.9, 40.2, 39.5, 38.7, 38.0, 37.3, 36.5, 35.8, 35.099999999999994, 34.400000000000006, 33.599999999999994, 32.900000000000006, 32.2, 31.400000000000006, 30.700000000000003, 30.0, 29.200000000000003, 28.5, 27.799999999999997, 27.099999999999994, 26.299999999999997, 25.599999999999994, 24.900000000000006, 24.099999999999994, 23.400000000000006, 22.700000000000003, 21.900000000000006, 21.200000000000003, 19.799999999999997, 19.0, 18.299999999999997, 17.599999999999994, 16.799999999999997, 16.099999999999994, 15.400000000000006, 14.599999999999994, 13.900000000000006, 12.5, 11.700000000000003, 11.0, 10.299999999999997, 8.799999999999997, 8.099999999999994, 7.299999999999997, 6.599999999999994, 5.900000000000006, 5.200000000000003, 4.400000000000006, 3.700000000000003, 2.200000000000003, 1.5, 0.7999999999999972, -0.7000000000000028]}, "histogram": {"x": [585.0, 600.0, 615.0, 630.0, 645.0, 660.0, 675.0, 690.0, 705.0, 720.0, 735.0, 750.0, 765.0, 780.0, 795.0, 810.0, 825.0, 840.0, 855.0, 870.0, 885.0, 900.0, 915.0, 930.0, 945.0, 960.0, 975.0, 990.0, 1005.0, 1020.0, 1035.0, 1050.0, 1065.0, 1080.0, 1095.0, 1110.0, 1125.0, 1140.0, 1155.0, 1170.0, 1185.0, 1200.0, 1215.0, 1230.0, 1245.0, 1260.0, 1275.0, 1290.0, 1305.0, 1320.0, 1335.0, 1350.0, 1365.0, 1380.0, 1395.0, 1410.0, 1425.0, 1440.0, 1455.0, 1470.0, 1485.0, 1500.0, 1515.0, 1530.0, 1545.0, 1560.0, 1575.0, 1590.0, 1605.0, 1620.0, 1635.0, 1650.0, 1665.0, 1680.0, 1695.0, 1710.0, 1725.0, 1740.0, 1755.0, 1770.0, 1785.0, 1800.0, 1815.0, 1830.0, 1845.0, 1860.0, 1875.0, 1890.0, 1905.0, 1920.0, 1935.0, 1950.0, 1965.0, 1980.0, 1995.0, 2010.0, 2025.0, 2040.0, 2055.0, 2070.0, 2085.0, 2100.0, 2115.0, 2130.0, 2145.0, 2160.0, 2175.0, 2190.0, 2205.0, 2220.0, 2235.0, 2250.0, 2265.0, 2280.0, 2295.0, 2310.0, 2325.0, 2340.0, 2355.0, 2370.0, 2385.0, 2400.0, 2415.0, 2430.0, 2445.0, 2460.0, 2475.0, 2490.0, 2505.0, 2520.0, 2535.0, 2550.0, 2565.0, 2580.0, 2595.0, 2610.0, 2625.0, 2640.0, 2655.0, 2670.0, 2685.0, 2700.0, 2715.0, 2730.0, 2745.0, 2760.0, 2775.0, 2790.0, 2805.0, 2820.0, 2835.0], "y": [1, 0, 0, 0, 0, 1, 0, 0, 0, 0, 0, 0, 0, 0, 1, 1, 1, 0, 0, 1, 2, 2, 0, 1, 5, 2, 0, 2, 3, 1, 1, 1, 1, 1, 0, 3, 1, 2, 2, 1, 1, 4, 4, 2, 1, 1, 2, 0, 0, 1, 2, 0, 1, 1, 2, 2, 0, 1, 4, 1, 1, 1, 1, 0, 0, 2, 2, 2, 2, 1, 0, 2, 2, 0, 0, 1, 0, 0, 2, 1, 1, 0, 0, 1, 0, 1, 0, 1, 0, 0, 0, 0, 1, 1, 0, 1, 0, 0, 0, 1, 0, 0, 3, 0, 2, 0, 1, 0, 0, 0, 2, 0, 2, 1, 1, 1, 0, 0, 2, 0, 0, 0, 2, 1, 0, 1, 2, 0, 1, 3, 1, 2, 4, 1, 2, 4, 0, 0, 0, 0, 0, 0, 0, 0, 1, 0, 0, 1, 0, 2, 0]}}