{"percentile": {"y": [97.4, 94.8, 92.2, 89.5, 86.9, 84.3, 81.6, 79.0, 76.4, 73.7, 71.1, 68.5, 65.8, 63.2, 60.6, 57.9, 55.3, 52.7, 50.0, 47.4, 44.8, 42.2, 39.5, 36.9, 34.3, 31.599999999999994, 29.0, 26.400000000000006, 23.700000000000003, 21.099999999999994, 18.5, 15.799999999999997, 13.200000000000003, 10.599999999999994, 7.900000000000006, 5.299999999999997, 2.700000000000003, 0.0, -2.5999999999999943], "x": [403, 429, 436, 506, 522, 564, 588, 620, 638, 671, 677, 687, 688, 695, 696, 702, 747, 784, 816, 818, 855, 887, 915, 926, 947, 965, 997, 1027, 1066, 1105, 1118, 1138, 1202, 1213, 1297, 1443, 1512, 1615, 1835]}, "histogram": {"y": [1, 0, 1, 1, 0, 0, 0, 1, 1, 0, 0, 1, 0, 1, 0, 1, 1, 0, 1, 3, 3, 0, 0, 1, 0, 0, 1, 0, 2, 0, 0, 1, 0, 1, 0, 2, 0, 1, 1, 0, 1, 0, 1, 0, 0, 1, 0, 1, 1, 1, 0, 0, 0, 0, 2, 0, 0, 0, 0, 0, 1, 0, 0, 0, 0, 0, 0, 0, 0, 0, 1, 0, 0, 0, 1, 0, 0, 0, 0, 0, 0, 1, 0, 0, 0, 0, 0, 0, 0, 0, 0, 0, 0, 0, 0, 0, 1], "x": [390.0, 405.0, 420.0, 435.0, 450.0, 465.0, 480.0, 495.0, 510.0, 525.0, 540.0, 555.0, 570.0, 585.0, 600.0, 615.0, 630.0, 645.0, 660.0, 675.0, 690.0, 705.0, 720.0, 735.0, 750.0, 765.0, 780.0, 795.0, 810.0, 825.0, 840.0, 855.0, 870.0, 885.0, 900.0, 915.0, 930.0, 945.0, 960.0, 975.0, 990.0, 1005.0, 1020.0, 1035.0, 1050.0, 1065.0, 1080.0, 1095.0, 1110.0, 1125.0, 1140.0, 1155.0, 1170.0, 1185.0, 1200.0, 1215.0, 1230.0, 1245.0, 1260.0, 1275.0, 1290.0, 1305.0, 1320.0, 1335.0, 1350.0, 1365.0, 1380.0, 1395.0, 1410.0, 1425.0, 1440.0, 1455.0, 1470.0, 1485.0, 1500.0, 1515.0, 1530.0, 1545.0, 1560.0, 1575.0, 1590.0, 1605.0, 1620.0, 1635.0, 1650.0, 1665.0, 1680.0, 1695.0, 1710.0, 1725.0, 1740.0, 1755.0, 1770.0, 1785.0, 1800.0, 1815.0, 1830.0]}}