{"histogram": {"y": [1, 1, 0, 2, 2, 0, 2, 1, 4, 5, 2, 5, 4, 2, 12, 2, 6, 5, 1, 2, 6, 2, 2, 6, 2, 5, 1, 4, 3, 2, 2, 3, 0, 4, 3, 5, 2, 2, 3, 3, 3, 1, 5, 3, 3, 0, 2, 2, 0, 2, 1, 0, 2, 0, 0, 1, 0, 1, 1, 0, 0, 1, 0, 0, 0, 0, 1, 1, 0, 0, 1, 0, 1, 0, 0, 0, 0, 0, 0, 0, 0, 2, 0, 0, 0, 0, 0, 1, 0, 0, 0, 0, 0, 0, 0, 0, 0, 0, 0, 0, 0, 0, 0, 0, 0, 0, 0, 0, 0, 0, 0, 0, 0, 0, 0, 0, 0, 0, 0, 0, 0, 0, 0, 0, 0, 0, 0, 0, 0, 0, 0, 0, 0, 0, 0, 0, 0, 0, 0, 0, 0, 0, 0, 0, 0, 0, 0, 0, 0, 0, 0, 0, 0, 0, 0, 0, 0, 0, 0, 0, 0, 1], "x": [420.0, 435.0, 450.0, 465.0, 480.0, 495.0, 510.0, 525.0, 540.0, 555.0, 570.0, 585.0, 600.0, 615.0, 630.0, 645.0, 660.0, 675.0, 690.0, 705.0, 720.0, 735.0, 750.0, 765.0, 780.0, 795.0, 810.0, 825.0, 840.0, 855.0, 870.0, 885.0, 900.0, 915.0, 930.0, 945.0, 960.0, 975.0, 990.0, 1005.0, 1020.0, 1035.0, 1050.0, 1065.0, 1080.0, 1095.0, 1110.0, 1125.0, 1140.0, 1155.0, 1170.0, 1185.0, 1200.0, 1215.0, 1230.0, 1245.0, 1260.0, 1275.0, 1290.0, 1305.0, 1320.0, 1335.0, 1350.0, 1365.0, 1380.0, 1395.0, 1410.0, 1425.0, 1440.0, 1455.0, 1470.0, 1485.0, 1500.0, 1515.0, 1530.0, 1545.0, 1560.0, 1575.0, 1590.0, 1605.0, 1620.0, 1635.0, 1650.0, 1665.0, 1680.0, 1695.0, 1710.0, 1725.0, 1740.0, 1755.0, 1770.0, 1785.0, 1800.0, 1815.0, 1830.0, 1845.0, 1860.0, 1875.0, 1890.0, 1905.0, 1920.0, 1935.0, 1950.0, 1965.0, 1980.0, 1995.0, 2010.0, 2025.0, 2040.0, 2055.0, 2070.0, 2085.0, 2100.0, 2115.0, 2130.0, 2145.0, 2160.0, 2175.0, 2190.0, 2205.0, 2220.0, 2235.0, 2250.0, 2265.0, 2280.0, 2295.0, 2310.0, 2325.0, 2340.0, 2355.0, 2370.0, 2385.0, 2400.0, 2415.0, 2430.0, 2445.0, 2460.0, 2475.0, 2490.0, 2505.0, 2520.0, 2535.0, 2550.0, 2565.0, 2580.0, 2595.0, 2610.0, 2625.0, 2640.0, 2655.0, 2670.0, 2685.0, 2700.0, 2715.0, 2730.0, 2745.0, 2760.0, 2775.0, 2790.0, 2805.0, 2820.0, 2835.0]}, "percentile": {"y": [99.4, 98.8, 98.1, 97.5, 96.8, 96.2, 95.5, 94.9, 94.2, 92.9, 92.3, 91.6, 91.0, 90.3, 89.7, 89.0, 88.4, 87.7, 87.1, 86.4, 85.8, 85.1, 83.8, 82.5, 81.9, 81.2, 80.6, 79.9, 78.6, 78.0, 77.3, 76.7, 75.4, 74.7, 73.4, 72.1, 71.5, 70.8, 70.2, 69.5, 68.2, 67.6, 66.9, 66.3, 65.6, 65.0, 63.7, 63.0, 62.4, 61.7, 61.1, 60.4, 59.8, 59.1, 58.5, 57.8, 57.2, 56.5, 55.9, 55.2, 53.9, 53.3, 52.0, 51.3, 50.7, 50.0, 49.4, 48.8, 48.1, 47.5, 46.8, 46.2, 45.5, 44.9, 44.2, 43.6, 42.3, 41.6, 41.0, 40.3, 39.7, 39.0, 38.4, 37.7, 37.1, 36.4, 35.8, 35.099999999999994, 34.5, 33.8, 33.2, 32.5, 31.900000000000006, 30.599999999999994, 29.900000000000006, 29.299999999999997, 28.599999999999994, 28.0, 27.299999999999997, 26.700000000000003, 26.0, 24.700000000000003, 24.099999999999994, 23.400000000000006, 22.799999999999997, 22.099999999999994, 21.5, 20.799999999999997, 20.200000000000003, 19.5, 18.900000000000006, 18.200000000000003, 17.599999999999994, 16.900000000000006, 16.299999999999997, 15.599999999999994, 15.0, 14.299999999999997, 13.700000000000003, 13.0, 12.400000000000006, 11.700000000000003, 11.099999999999994, 10.400000000000006, 9.799999999999997, 9.099999999999994, 8.5, 7.799999999999997, 7.200000000000003, 6.5, 5.900000000000006, 5.200000000000003, 4.599999999999994, 3.9000000000000057, 3.299999999999997, 2.5999999999999943, 2.0, 1.2999999999999972, 0.7000000000000028, 0.0, -0.5999999999999943], "x": [431, 435, 472, 476, 484, 489, 512, 513, 538, 544, 549, 554, 558, 561, 562, 564, 566, 571, 572, 585, 586, 591, 595, 602, 603, 614, 622, 623, 630, 631, 633, 634, 635, 637, 639, 644, 645, 652, 660, 661, 663, 671, 674, 676, 678, 679, 683, 700, 705, 719, 720, 725, 726, 730, 731, 734, 741, 747, 753, 756, 767, 768, 772, 778, 781, 789, 796, 797, 800, 801, 803, 814, 829, 831, 832, 839, 840, 852, 863, 866, 874, 883, 885, 890, 892, 919, 920, 923, 928, 935, 936, 939, 945, 947, 948, 952, 962, 966, 978, 982, 991, 994, 1010, 1014, 1017, 1021, 1028, 1031, 1045, 1050, 1051, 1054, 1061, 1064, 1068, 1072, 1073, 1084, 1091, 1094, 1120, 1122, 1133, 1137, 1162, 1167, 1174, 1201, 1202, 1245, 1276, 1293, 1342, 1418, 1434, 1480, 1513, 1646, 1647, 1733, 2839]}}