{"percentile": {"x": [475, 524, 544, 599, 609, 621, 624, 632, 638, 653, 656, 659, 688, 692, 694, 696, 700, 723, 727, 736, 742, 745, 756, 757, 764, 766, 810, 824, 825, 832, 833, 834, 835, 840, 850, 859, 860, 883, 891, 894, 898, 900, 901, 903, 918, 922, 924, 930, 944, 949, 950, 952, 953, 955, 960, 969, 975, 979, 1001, 1002, 1003, 1005, 1010, 1013, 1020, 1027, 1031, 1036, 1040, 1045, 1052, 1054, 1056, 1060, 1074, 1079, 1082, 1092, 1095, 1103, 1117, 1120, 1127, 1145, 1146, 1153, 1162, 1164, 1166, 1175, 1177, 1179, 1203, 1218, 1223, 1224, 1230, 1236, 1240, 1244, 1246, 1250, 1264, 1273, 1274, 1294, 1321, 1334, 1340, 1342, 1345, 1372, 1373, 1397, 1401, 1455, 1465, 1466, 1473, 1485, 1489, 1500, 1505, 1510, 1521, 1528, 1530, 1535, 1579, 1580, 1593, 1595, 1597, 1600, 1617, 1618, 1620, 1646, 1652, 1660, 1668, 1677, 1683, 1696, 1698, 1705, 1716, 1736, 1740, 1748, 1775, 1862, 1898, 1900, 1904, 1920, 1922, 1923, 1935, 1944, 1971, 1982, 1984, 2022, 2042, 2090, 2091, 2100, 2115, 2160, 2168, 2173, 2180, 2185, 2224, 2227, 2250, 2258, 2266, 2269, 2386, 2396, 2403, 2435, 2444, 2453, 2467, 2481, 2492, 2511, 2546, 2549, 2598, 2604, 2605, 2614, 2638, 2650, 2666, 2737, 2757, 2787, 2796, 2831, 2839], "y": [99.6, 99.1, 98.7, 98.2, 97.8, 97.3, 96.9, 96.4, 96.0, 95.5, 95.1, 94.6, 93.7, 93.3, 92.8, 92.4, 91.9, 91.5, 91.0, 90.5, 90.1, 89.6, 89.2, 88.7, 87.8, 87.4, 86.9, 86.5, 86.0, 85.6, 85.1, 84.7, 84.2, 83.8, 83.3, 82.9, 82.4, 82.0, 81.5, 81.0, 80.6, 80.1, 79.7, 79.2, 78.8, 78.3, 77.9, 77.4, 77.0, 76.5, 76.1, 75.6, 75.2, 74.7, 74.3, 73.8, 73.4, 72.9, 72.4, 71.5, 71.1, 70.6, 70.2, 69.7, 69.3, 68.8, 68.4, 67.9, 67.5, 66.6, 66.1, 65.7, 65.2, 64.8, 64.3, 63.9, 63.4, 62.9, 62.5, 62.0, 61.6, 61.1, 60.7, 60.2, 59.8, 59.3, 58.9, 58.4, 58.0, 57.1, 56.6, 55.7, 55.3, 53.9, 53.4, 53.0, 52.5, 52.1, 51.6, 51.2, 50.7, 49.8, 48.9, 48.5, 48.0, 47.6, 46.7, 46.2, 45.8, 45.3, 44.8, 44.4, 43.9, 43.5, 43.0, 42.6, 42.1, 41.7, 41.2, 40.8, 40.3, 39.9, 39.4, 39.0, 38.5, 38.1, 37.6, 37.2, 36.7, 35.8, 35.3, 34.900000000000006, 34.400000000000006, 33.5, 33.099999999999994, 32.599999999999994, 32.2, 31.700000000000003, 31.299999999999997, 30.799999999999997, 30.400000000000006, 29.900000000000006, 29.5, 28.599999999999994, 28.099999999999994, 27.700000000000003, 27.200000000000003, 26.700000000000003, 26.299999999999997, 25.799999999999997, 25.400000000000006, 24.900000000000006, 24.5, 24.0, 23.599999999999994, 23.099999999999994, 22.700000000000003, 22.200000000000003, 21.799999999999997, 21.299999999999997, 20.900000000000006, 20.400000000000006, 20.0, 19.5, 19.099999999999994, 18.599999999999994, 18.099999999999994, 17.700000000000003, 17.200000000000003, 16.799999999999997, 16.299999999999997, 15.900000000000006, 15.400000000000006, 15.0, 14.5, 14.099999999999994, 13.599999999999994, 13.200000000000003, 12.700000000000003, 12.299999999999997, 11.799999999999997, 11.400000000000006, 10.900000000000006, 10.0, 9.099999999999994, 8.599999999999994, 8.200000000000003, 7.700000000000003, 7.299999999999997, 6.799999999999997, 6.400000000000006, 5.900000000000006, 5.5, 5.0, 4.599999999999994, 4.099999999999994, 3.700000000000003, 3.200000000000003, 2.799999999999997, 2.299999999999997, 1.9000000000000057, 1.4000000000000057, 1.0, 0.0, -0.4000000000000057]}, "histogram": {"x": [465.0, 480.0, 495.0, 510.0, 525.0, 540.0, 555.0, 570.0, 585.0, 600.0, 615.0, 630.0, 645.0, 660.0, 675.0, 690.0, 705.0, 720.0, 735.0, 750.0, 765.0, 780.0, 795.0, 810.0, 825.0, 840.0, 855.0, 870.0, 885.0, 900.0, 915.0, 930.0, 945.0, 960.0, 975.0, 990.0, 1005.0, 1020.0, 1035.0, 1050.0, 1065.0, 1080.0, 1095.0, 1110.0, 1125.0, 1140.0, 1155.0, 1170.0, 1185.0, 1200.0, 1215.0, 1230.0, 1245.0, 1260.0, 1275.0, 1290.0, 1305.0, 1320.0, 1335.0, 1350.0, 1365.0, 1380.0, 1395.0, 1410.0, 1425.0, 1440.0, 1455.0, 1470.0, 1485.0, 1500.0, 1515.0, 1530.0, 1545.0, 1560.0, 1575.0, 1590.0, 1605.0, 1620.0, 1635.0, 1650.0, 1665.0, 1680.0, 1695.0, 1710.0, 1725.0, 1740.0, 1755.0, 1770.0, 1785.0, 1800.0, 1815.0, 1830.0, 1845.0, 1860.0, 1875.0, 1890.0, 1905.0, 1920.0, 1935.0, 1950.0, 1965.0, 1980.0, 1995.0, 2010.0, 2025.0, 2040.0, 2055.0, 2070.0, 2085.0, 2100.0, 2115.0, 2130.0, 2145.0, 2160.0, 2175.0, 2190.0, 2205.0, 2220.0, 2235.0, 2250.0, 2265.0, 2280.0, 2295.0, 2310.0, 2325.0, 2340.0, 2355.0, 2370.0, 2385.0, 2400.0, 2415.0, 2430.0, 2445.0, 2460.0, 2475.0, 2490.0, 2505.0, 2520.0, 2535.0, 2550.0, 2565.0, 2580.0, 2595.0, 2610.0, 2625.0, 2640.0, 2655.0, 2670.0, 2685.0, 2700.0, 2715.0, 2730.0, 2745.0, 2760.0, 2775.0, 2790.0, 2805.0, 2820.0, 2835.0], "y": [1, 0, 0, 1, 0, 1, 0, 0, 1, 1, 2, 2, 3, 0, 2, 4, 0, 2, 3, 4, 1, 0, 0, 2, 5, 2, 2, 1, 3, 3, 3, 2, 5, 2, 2, 4, 3, 3, 4, 4, 2, 2, 2, 2, 1, 3, 3, 5, 0, 1, 5, 4, 3, 4, 0, 1, 0, 3, 3, 0, 2, 0, 2, 0, 0, 0, 3, 1, 2, 3, 2, 2, 0, 0, 3, 5, 2, 1, 1, 2, 2, 1, 4, 1, 1, 2, 0, 1, 0, 0, 0, 0, 0, 1, 0, 3, 0, 3, 2, 0, 1, 2, 0, 1, 0, 1, 0, 0, 2, 1, 1, 0, 0, 3, 2, 0, 0, 2, 0, 2, 2, 0, 0, 0, 0, 0, 0, 0, 2, 1, 0, 4, 1, 1, 1, 1, 1, 0, 2, 0, 0, 0, 3, 1, 1, 1, 1, 0, 0, 0, 0, 1, 1, 0, 1, 1, 0, 2, 1]}}