{"histogram": {"y": [1, 0, 0, 0, 1, 2, 2, 3, 2, 4, 4, 4, 2, 2, 2, 4, 4, 5, 6, 4, 4, 7, 4, 1, 6, 1, 3, 0, 3, 4, 2, 5, 2, 4, 4, 0, 1, 2, 1, 1, 3, 0, 2, 2, 0, 2, 2, 0, 1, 2, 0, 1, 1, 0, 0, 1, 0, 0, 0, 0, 0, 0, 0, 0, 0, 0, 1, 0, 0, 0, 0, 0, 0, 0, 0, 0, 1, 0, 0, 0, 0, 1, 0, 0, 0, 0, 0, 1, 0, 0, 1, 0, 0, 0, 0, 1, 0, 0, 0, 0, 0, 0, 0, 0, 0, 0, 0, 0, 0, 0, 0, 0, 0, 0, 0, 0, 0, 0, 0, 0, 0, 0, 0, 0, 0, 0, 0, 0, 0, 0, 0, 0, 0, 0, 1, 0, 0, 0, 0, 0, 0, 0, 0, 0, 0, 0, 0, 0, 0, 0, 0, 0, 0, 0, 0, 0, 0, 0, 0, 0, 0, 0, 1, 0], "x": [390.0, 405.0, 420.0, 435.0, 450.0, 465.0, 480.0, 495.0, 510.0, 525.0, 540.0, 555.0, 570.0, 585.0, 600.0, 615.0, 630.0, 645.0, 660.0, 675.0, 690.0, 705.0, 720.0, 735.0, 750.0, 765.0, 780.0, 795.0, 810.0, 825.0, 840.0, 855.0, 870.0, 885.0, 900.0, 915.0, 930.0, 945.0, 960.0, 975.0, 990.0, 1005.0, 1020.0, 1035.0, 1050.0, 1065.0, 1080.0, 1095.0, 1110.0, 1125.0, 1140.0, 1155.0, 1170.0, 1185.0, 1200.0, 1215.0, 1230.0, 1245.0, 1260.0, 1275.0, 1290.0, 1305.0, 1320.0, 1335.0, 1350.0, 1365.0, 1380.0, 1395.0, 1410.0, 1425.0, 1440.0, 1455.0, 1470.0, 1485.0, 1500.0, 1515.0, 1530.0, 1545.0, 1560.0, 1575.0, 1590.0, 1605.0, 1620.0, 1635.0, 1650.0, 1665.0, 1680.0, 1695.0, 1710.0, 1725.0, 1740.0, 1755.0, 1770.0, 1785.0, 1800.0, 1815.0, 1830.0, 1845.0, 1860.0, 1875.0, 1890.0, 1905.0, 1920.0, 1935.0, 1950.0, 1965.0, 1980.0, 1995.0, 2010.0, 2025.0, 2040.0, 2055.0, 2070.0, 2085.0, 2100.0, 2115.0, 2130.0, 2145.0, 2160.0, 2175.0, 2190.0, 2205.0, 2220.0, 2235.0, 2250.0, 2265.0, 2280.0, 2295.0, 2310.0, 2325.0, 2340.0, 2355.0, 2370.0, 2385.0, 2400.0, 2415.0, 2430.0, 2445.0, 2460.0, 2475.0, 2490.0, 2505.0, 2520.0, 2535.0, 2550.0, 2565.0, 2580.0, 2595.0, 2610.0, 2625.0, 2640.0, 2655.0, 2670.0, 2685.0, 2700.0, 2715.0, 2730.0, 2745.0, 2760.0, 2775.0, 2790.0, 2805.0, 2820.0, 2835.0]}, "percentile": {"y": [99.3, 98.5, 97.8, 97.0, 96.2, 95.5, 94.7, 93.9, 93.2, 92.4, 91.7, 90.9, 90.1, 89.4, 88.6, 87.1, 85.5, 84.8, 84.0, 83.3, 82.5, 81.7, 81.0, 80.2, 79.4, 78.7, 77.9, 77.1, 76.4, 75.6, 74.9, 74.1, 73.3, 72.6, 71.8, 71.0, 70.3, 69.5, 68.8, 68.0, 66.5, 64.9, 64.2, 63.4, 62.6, 61.9, 60.4, 59.6, 58.8, 58.1, 57.3, 56.5, 55.8, 55.0, 54.2, 52.7, 52.0, 51.2, 50.4, 49.7, 48.9, 48.1, 47.4, 46.6, 45.9, 45.1, 43.6, 42.8, 42.0, 41.3, 40.5, 38.2, 36.7, 35.900000000000006, 35.2, 34.400000000000006, 33.599999999999994, 32.900000000000006, 32.099999999999994, 31.299999999999997, 30.599999999999994, 29.799999999999997, 29.099999999999994, 28.299999999999997, 27.5, 26.799999999999997, 26.0, 25.200000000000003, 24.5, 23.700000000000003, 23.0, 22.200000000000003, 21.400000000000006, 20.700000000000003, 19.900000000000006, 19.099999999999994, 18.400000000000006, 17.599999999999994, 16.799999999999997, 16.099999999999994, 15.299999999999997, 14.599999999999994, 13.799999999999997, 13.0, 12.299999999999997, 11.5, 10.700000000000003, 10.0, 9.200000000000003, 8.400000000000006, 7.700000000000003, 6.900000000000006, 6.200000000000003, 5.400000000000006, 4.599999999999994, 3.9000000000000057, 3.0999999999999943, 2.299999999999997, 1.5999999999999943, 0.7999999999999972, 0.0, -0.7000000000000028], "x": [392, 459, 471, 475, 480, 487, 499, 503, 507, 514, 515, 528, 534, 535, 539, 545, 553, 562, 563, 564, 566, 577, 584, 589, 595, 606, 611, 617, 619, 620, 624, 630, 636, 641, 643, 645, 648, 650, 652, 653, 663, 664, 665, 674, 675, 683, 689, 690, 693, 701, 703, 706, 709, 710, 712, 714, 717, 721, 724, 728, 733, 747, 750, 752, 755, 756, 762, 766, 782, 784, 793, 818, 827, 832, 834, 852, 853, 855, 860, 861, 863, 868, 872, 879, 891, 892, 893, 898, 900, 905, 906, 909, 933, 949, 955, 962, 988, 995, 996, 997, 1026, 1032, 1040, 1045, 1070, 1077, 1080, 1085, 1121, 1126, 1129, 1163, 1174, 1225, 1385, 1540, 1619, 1708, 1741, 1824, 2401, 2831]}}