{"histogram": {"x": [480.0, 495.0, 510.0, 525.0, 540.0, 555.0, 570.0, 585.0, 600.0, 615.0, 630.0, 645.0, 660.0, 675.0, 690.0, 705.0, 720.0, 735.0, 750.0, 765.0, 780.0, 795.0, 810.0, 825.0, 840.0, 855.0, 870.0, 885.0, 900.0, 915.0, 930.0, 945.0, 960.0, 975.0, 990.0, 1005.0, 1020.0, 1035.0, 1050.0, 1065.0, 1080.0, 1095.0, 1110.0, 1125.0, 1140.0, 1155.0, 1170.0, 1185.0, 1200.0, 1215.0, 1230.0, 1245.0, 1260.0, 1275.0, 1290.0, 1305.0, 1320.0, 1335.0, 1350.0, 1365.0, 1380.0, 1395.0, 1410.0, 1425.0, 1440.0, 1455.0, 1470.0, 1485.0, 1500.0, 1515.0, 1530.0, 1545.0, 1560.0, 1575.0, 1590.0, 1605.0, 1620.0], "y": [1, 0, 1, 0, 1, 1, 0, 0, 1, 4, 2, 0, 3, 1, 0, 1, 1, 3, 0, 1, 0, 0, 0, 0, 1, 0, 0, 0, 0, 2, 0, 0, 0, 0, 1, 0, 1, 0, 0, 1, 0, 1, 0, 0, 0, 0, 0, 0, 0, 0, 0, 1, 0, 0, 0, 0, 0, 0, 0, 1, 0, 0, 0, 0, 0, 0, 0, 0, 0, 0, 0, 0, 0, 0, 0, 1, 0]}, "percentile": {"x": [483, 514, 549, 569, 604, 617, 623, 624, 634, 643, 663, 671, 674, 680, 706, 722, 738, 743, 747, 766, 841, 917, 921, 1003, 1023, 1066, 1097, 1258, 1379, 1614], "y": [96.7, 93.4, 90.0, 86.7, 83.4, 80.0, 76.7, 70.0, 66.7, 63.4, 60.0, 56.7, 53.4, 50.0, 46.7, 43.4, 40.0, 36.7, 33.400000000000006, 30.0, 26.700000000000003, 23.400000000000006, 20.0, 16.700000000000003, 13.400000000000006, 10.0, 6.700000000000003, 3.4000000000000057, 0.0, -3.299999999999997]}}