{"percentile": {"x": [440, 501, 519, 520, 524, 526, 534, 537, 538, 555, 561, 573, 586, 587, 589, 590, 603, 604, 608, 624, 628, 629, 630, 636, 654, 667, 670, 674, 682, 686, 689, 702, 710, 715, 738, 746, 748, 775, 777, 778, 783, 793, 806, 839, 851, 857, 862, 863, 875, 877, 910, 918, 926, 942, 943, 946, 950, 968, 997, 1059, 1092, 1153, 1162, 1239, 1263, 1283, 1296, 1454, 1560], "y": [98.7, 97.3, 95.9, 94.5, 93.1, 91.7, 90.3, 88.9, 87.5, 86.2, 84.8, 83.4, 82.0, 79.2, 77.8, 76.4, 75.0, 73.7, 72.3, 70.9, 69.5, 68.1, 66.7, 65.3, 63.9, 62.5, 61.2, 59.8, 58.4, 57.0, 55.6, 54.2, 52.8, 51.4, 50.0, 47.3, 45.9, 44.5, 43.1, 41.7, 40.3, 38.9, 37.5, 36.2, 34.8, 33.400000000000006, 32.0, 30.599999999999994, 29.200000000000003, 26.400000000000006, 25.0, 23.700000000000003, 22.299999999999997, 20.900000000000006, 19.5, 18.099999999999994, 15.299999999999997, 13.900000000000006, 12.5, 11.200000000000003, 9.799999999999997, 8.400000000000006, 7.0, 5.599999999999994, 4.200000000000003, 2.799999999999997, 1.4000000000000057, 0.0, -1.2999999999999972]}, "histogram": {"x": [435.0, 450.0, 465.0, 480.0, 495.0, 510.0, 525.0, 540.0, 555.0, 570.0, 585.0, 600.0, 615.0, 630.0, 645.0, 660.0, 675.0, 690.0, 705.0, 720.0, 735.0, 750.0, 765.0, 780.0, 795.0, 810.0, 825.0, 840.0, 855.0, 870.0, 885.0, 900.0, 915.0, 930.0, 945.0, 960.0, 975.0, 990.0, 1005.0, 1020.0, 1035.0, 1050.0, 1065.0, 1080.0, 1095.0, 1110.0, 1125.0, 1140.0, 1155.0, 1170.0, 1185.0, 1200.0, 1215.0, 1230.0, 1245.0, 1260.0, 1275.0, 1290.0, 1305.0, 1320.0, 1335.0, 1350.0, 1365.0, 1380.0, 1395.0, 1410.0, 1425.0, 1440.0, 1455.0, 1470.0, 1485.0, 1500.0, 1515.0, 1530.0, 1545.0, 1560.0], "y": [1, 0, 0, 0, 1, 3, 4, 0, 2, 1, 5, 3, 3, 2, 1, 3, 3, 1, 2, 0, 4, 0, 3, 2, 1, 0, 1, 1, 3, 3, 0, 1, 2, 2, 3, 1, 0, 1, 0, 0, 0, 1, 0, 1, 0, 0, 0, 1, 1, 0, 0, 0, 0, 1, 0, 1, 1, 1, 0, 0, 0, 0, 0, 0, 0, 0, 0, 1, 0, 0, 0, 0, 0, 0, 0, 1]}}