{"percentile": {"y": [99.6, 99.2, 98.7, 98.3, 97.9, 97.4, 97.0, 96.5, 96.1, 95.7, 95.2, 94.8, 94.3, 93.9, 93.5, 93.0, 92.2, 91.7, 90.4, 90.0, 89.1, 88.6, 88.2, 87.8, 87.3, 86.5, 86.0, 85.1, 84.7, 84.3, 83.8, 83.4, 82.9, 82.5, 82.1, 81.6, 81.2, 80.8, 80.3, 79.9, 79.4, 79.0, 78.6, 78.1, 77.7, 77.2, 76.8, 76.4, 75.9, 75.5, 75.0, 74.6, 74.2, 73.7, 73.3, 72.9, 72.4, 72.0, 71.5, 71.1, 69.8, 68.9, 68.5, 68.0, 67.6, 67.2, 66.7, 66.3, 65.8, 65.4, 64.5, 64.1, 63.2, 62.8, 62.3, 61.9, 61.5, 61.0, 60.6, 59.7, 59.3, 58.8, 58.4, 57.5, 57.1, 56.6, 56.2, 55.8, 54.9, 54.4, 54.0, 53.6, 53.1, 52.7, 52.2, 51.8, 51.4, 50.9, 50.5, 50.0, 49.2, 48.7, 48.3, 47.9, 47.4, 47.0, 46.5, 46.1, 45.7, 45.2, 44.8, 44.3, 43.9, 43.5, 43.0, 42.6, 42.2, 41.7, 41.3, 40.4, 40.0, 39.5, 39.1, 38.6, 38.2, 37.8, 37.3, 36.9, 36.5, 36.0, 35.099999999999994, 34.7, 34.3, 33.8, 33.400000000000006, 32.900000000000006, 32.5, 32.099999999999994, 31.599999999999994, 31.200000000000003, 30.799999999999997, 30.299999999999997, 29.900000000000006, 29.400000000000006, 29.0, 28.599999999999994, 28.099999999999994, 27.700000000000003, 27.200000000000003, 26.799999999999997, 26.400000000000006, 25.900000000000006, 25.5, 25.0, 24.599999999999994, 24.200000000000003, 23.700000000000003, 23.299999999999997, 22.900000000000006, 22.400000000000006, 22.0, 21.5, 21.099999999999994, 20.700000000000003, 20.200000000000003, 19.799999999999997, 19.299999999999997, 18.900000000000006, 18.5, 18.0, 17.599999999999994, 17.200000000000003, 16.700000000000003, 16.299999999999997, 15.799999999999997, 15.400000000000006, 15.0, 14.5, 14.099999999999994, 13.599999999999994, 13.200000000000003, 12.799999999999997, 12.299999999999997, 11.900000000000006, 11.5, 11.0, 10.599999999999994, 10.099999999999994, 9.299999999999997, 8.799999999999997, 8.400000000000006, 7.900000000000006, 7.5, 7.099999999999994, 6.599999999999994, 6.200000000000003, 5.799999999999997, 5.299999999999997, 4.900000000000006, 4.400000000000006, 4.0, 3.5999999999999943, 3.0999999999999943, 2.700000000000003, 2.200000000000003, 1.7999999999999972, 1.4000000000000057, 0.9000000000000057, 0.5, -0.4000000000000057], "x": [593, 619, 695, 701, 704, 749, 757, 758, 785, 810, 821, 830, 834, 847, 865, 866, 868, 869, 878, 884, 888, 891, 899, 913, 918, 941, 951, 953, 959, 968, 971, 973, 974, 979, 993, 997, 1001, 1014, 1016, 1017, 1023, 1033, 1035, 1036, 1049, 1060, 1066, 1091, 1096, 1114, 1119, 1130, 1131, 1134, 1136, 1142, 1145, 1157, 1162, 1164, 1172, 1174, 1177, 1180, 1182, 1186, 1192, 1196, 1205, 1209, 1215, 1230, 1234, 1238, 1247, 1258, 1262, 1272, 1273, 1275, 1276, 1290, 1292, 1293, 1312, 1313, 1317, 1345, 1362, 1364, 1366, 1394, 1409, 1412, 1417, 1426, 1428, 1433, 1437, 1469, 1473, 1490, 1524, 1531, 1536, 1538, 1542, 1550, 1555, 1564, 1565, 1590, 1596, 1600, 1606, 1610, 1611, 1643, 1646, 1650, 1653, 1658, 1659, 1661, 1678, 1680, 1692, 1712, 1725, 1727, 1728, 1753, 1755, 1757, 1766, 1768, 1777, 1784, 1785, 1789, 1798, 1803, 1812, 1826, 1838, 1842, 1854, 1861, 1876, 1880, 1883, 1889, 1890, 1908, 1911, 1922, 1927, 1935, 1978, 1993, 1996, 2045, 2049, 2058, 2064, 2120, 2125, 2126, 2244, 2254, 2260, 2264, 2290, 2305, 2317, 2322, 2374, 2376, 2377, 2399, 2417, 2425, 2428, 2432, 2440, 2444, 2454, 2456, 2458, 2464, 2466, 2467, 2483, 2500, 2501, 2511, 2513, 2515, 2520, 2526, 2550, 2562, 2570, 2572, 2582, 2633, 2652, 2691, 2694, 2831]}, "histogram": {"y": [1, 0, 1, 0, 0, 0, 0, 3, 0, 0, 1, 2, 0, 1, 0, 2, 2, 1, 5, 4, 4, 1, 1, 2, 4, 4, 1, 3, 3, 2, 3, 1, 1, 1, 1, 2, 4, 2, 3, 8, 3, 2, 2, 4, 2, 3, 3, 4, 3, 0, 1, 3, 1, 1, 1, 2, 4, 0, 1, 2, 1, 0, 1, 4, 2, 2, 0, 3, 3, 0, 2, 6, 1, 2, 0, 1, 4, 1, 4, 2, 3, 2, 1, 2, 1, 1, 4, 1, 2, 2, 1, 0, 1, 1, 1, 0, 0, 2, 2, 0, 0, 0, 3, 0, 0, 0, 0, 0, 0, 0, 1, 3, 0, 1, 1, 2, 0, 0, 0, 3, 1, 0, 3, 3, 4, 3, 1, 2, 3, 2, 0, 2, 2, 1, 0, 0, 1, 1, 0, 0, 2, 0, 0, 0, 0, 0, 0, 0, 0, 2, 0], "x": [585.0, 600.0, 615.0, 630.0, 645.0, 660.0, 675.0, 690.0, 705.0, 720.0, 735.0, 750.0, 765.0, 780.0, 795.0, 810.0, 825.0, 840.0, 855.0, 870.0, 885.0, 900.0, 915.0, 930.0, 945.0, 960.0, 975.0, 990.0, 1005.0, 1020.0, 1035.0, 1050.0, 1065.0, 1080.0, 1095.0, 1110.0, 1125.0, 1140.0, 1155.0, 1170.0, 1185.0, 1200.0, 1215.0, 1230.0, 1245.0, 1260.0, 1275.0, 1290.0, 1305.0, 1320.0, 1335.0, 1350.0, 1365.0, 1380.0, 1395.0, 1410.0, 1425.0, 1440.0, 1455.0, 1470.0, 1485.0, 1500.0, 1515.0, 1530.0, 1545.0, 1560.0, 1575.0, 1590.0, 1605.0, 1620.0, 1635.0, 1650.0, 1665.0, 1680.0, 1695.0, 1710.0, 1725.0, 1740.0, 1755.0, 1770.0, 1785.0, 1800.0, 1815.0, 1830.0, 1845.0, 1860.0, 1875.0, 1890.0, 1905.0, 1920.0, 1935.0, 1950.0, 1965.0, 1980.0, 1995.0, 2010.0, 2025.0, 2040.0, 2055.0, 2070.0, 2085.0, 2100.0, 2115.0, 2130.0, 2145.0, 2160.0, 2175.0, 2190.0, 2205.0, 2220.0, 2235.0, 2250.0, 2265.0, 2280.0, 2295.0, 2310.0, 2325.0, 2340.0, 2355.0, 2370.0, 2385.0, 2400.0, 2415.0, 2430.0, 2445.0, 2460.0, 2475.0, 2490.0, 2505.0, 2520.0, 2535.0, 2550.0, 2565.0, 2580.0, 2595.0, 2610.0, 2625.0, 2640.0, 2655.0, 2670.0, 2685.0, 2700.0, 2715.0, 2730.0, 2745.0, 2760.0, 2775.0, 2790.0, 2805.0, 2820.0, 2835.0]}}