{"percentile": {"y": [99.7, 99.3, 98.9, 98.6, 98.2, 97.8, 97.4, 97.1, 96.7, 96.3, 95.2, 94.5, 94.1, 93.7, 93.3, 92.6, 92.2, 91.8, 91.5, 90.0, 89.2, 88.5, 88.1, 87.7, 87.4, 87.0, 86.6, 86.2, 85.9, 85.5, 84.8, 84.0, 83.6, 82.9, 82.1, 81.4, 81.0, 80.6, 80.3, 79.9, 79.5, 79.2, 78.8, 78.4, 78.0, 77.7, 77.3, 76.9, 76.5, 76.2, 75.8, 75.4, 75.0, 74.7, 74.3, 73.6, 72.8, 72.4, 72.1, 70.9, 70.6, 70.2, 69.8, 69.5, 69.1, 68.7, 68.3, 68.0, 67.6, 66.8, 66.5, 66.1, 65.7, 65.3, 64.6, 64.2, 63.9, 63.5, 63.1, 62.7, 62.4, 62.0, 61.2, 60.9, 60.5, 60.1, 59.8, 59.4, 59.0, 58.6, 58.3, 57.9, 57.5, 56.8, 56.0, 55.3, 54.9, 54.2, 53.8, 53.4, 53.0, 52.7, 52.3, 51.9, 51.2, 50.8, 50.4, 49.7, 48.9, 48.6, 48.2, 47.8, 47.4, 47.1, 46.7, 46.3, 45.9, 45.2, 44.5, 44.1, 43.7, 43.3, 43.0, 42.6, 42.2, 41.8, 41.5, 41.1, 40.7, 40.3, 39.6, 38.9, 38.5, 38.1, 37.4, 37.0, 36.6, 36.2, 35.900000000000006, 35.5, 35.099999999999994, 34.8, 34.400000000000006, 33.599999999999994, 32.900000000000006, 32.5, 32.099999999999994, 31.799999999999997, 31.400000000000006, 31.0, 30.599999999999994, 30.299999999999997, 29.5, 29.200000000000003, 28.799999999999997, 28.400000000000006, 28.0, 27.299999999999997, 26.900000000000006, 26.5, 26.200000000000003, 25.799999999999997, 25.400000000000006, 24.700000000000003, 23.599999999999994, 23.200000000000003, 22.799999999999997, 22.400000000000006, 22.099999999999994, 21.700000000000003, 21.299999999999997, 20.900000000000006, 20.599999999999994, 20.200000000000003, 19.799999999999997, 19.5, 19.099999999999994, 18.700000000000003, 17.599999999999994, 17.200000000000003, 16.799999999999997, 16.099999999999994, 15.700000000000003, 15.299999999999997, 15.0, 14.200000000000003, 13.900000000000006, 13.5, 13.099999999999994, 12.700000000000003, 12.400000000000006, 12.0, 11.599999999999994, 11.200000000000003, 10.900000000000006, 10.5, 10.099999999999994, 9.799999999999997, 9.400000000000006, 9.0, 8.599999999999994, 8.299999999999997, 7.900000000000006, 7.5, 7.099999999999994, 6.799999999999997, 6.400000000000006, 6.0, 5.599999999999994, 5.299999999999997, 4.900000000000006, 4.5, 4.200000000000003, 3.799999999999997, 3.4000000000000057, 3.0, 2.700000000000003, 2.299999999999997, 1.9000000000000057, 1.5, 1.2000000000000028, 0.7999999999999972, 0.4000000000000057, 0.0, -0.29999999999999716], "x": [471, 476, 487, 488, 494, 507, 512, 515, 528, 545, 550, 551, 554, 557, 560, 561, 562, 566, 567, 570, 572, 573, 575, 577, 579, 581, 583, 586, 587, 591, 593, 595, 596, 599, 603, 605, 615, 616, 618, 623, 625, 626, 627, 630, 631, 633, 634, 639, 640, 641, 645, 647, 648, 651, 652, 653, 654, 655, 658, 662, 665, 668, 669, 670, 672, 675, 678, 681, 685, 688, 689, 690, 691, 694, 696, 697, 698, 700, 701, 702, 703, 704, 706, 712, 713, 714, 718, 719, 722, 723, 724, 725, 727, 740, 741, 745, 746, 747, 751, 753, 754, 756, 757, 760, 762, 764, 766, 769, 770, 772, 773, 774, 775, 783, 785, 789, 790, 792, 793, 797, 799, 802, 804, 806, 808, 813, 814, 815, 818, 820, 823, 825, 826, 828, 832, 835, 839, 842, 847, 849, 854, 858, 860, 874, 881, 889, 890, 891, 895, 900, 902, 904, 907, 912, 913, 914, 915, 917, 918, 921, 922, 930, 935, 937, 938, 939, 943, 946, 950, 954, 955, 958, 961, 970, 971, 972, 979, 984, 986, 992, 995, 998, 1003, 1004, 1015, 1016, 1020, 1045, 1051, 1060, 1064, 1069, 1075, 1080, 1093, 1106, 1115, 1119, 1121, 1122, 1139, 1165, 1171, 1172, 1183, 1211, 1229, 1241, 1269, 1280, 1311, 1320, 1325, 1359, 1371, 1423, 1447, 1496, 1497, 1588, 1591, 1628, 2228, 2535, 2831]}, "histogram": {"y": [2, 3, 1, 2, 1, 7, 7, 13, 10, 4, 7, 7, 11, 8, 7, 12, 7, 5, 9, 9, 9, 8, 6, 7, 8, 4, 2, 4, 4, 8, 6, 9, 5, 4, 5, 6, 3, 1, 1, 3, 2, 2, 1, 4, 1, 0, 1, 3, 0, 1, 1, 1, 0, 1, 1, 0, 1, 2, 0, 1, 1, 0, 0, 1, 0, 1, 0, 0, 2, 0, 0, 0, 0, 0, 1, 1, 0, 1, 0, 0, 0, 0, 0, 0, 0, 0, 0, 0, 0, 0, 0, 0, 0, 0, 0, 0, 0, 0, 0, 0, 0, 0, 0, 0, 0, 0, 0, 0, 0, 0, 0, 0, 0, 0, 0, 0, 0, 1, 0, 0, 0, 0, 0, 0, 0, 0, 0, 0, 0, 0, 0, 0, 0, 0, 0, 0, 0, 0, 1, 0, 0, 0, 0, 0, 0, 0, 0, 0, 0, 0, 0, 0, 0, 0, 0, 0, 0, 1, 0], "x": [465.0, 480.0, 495.0, 510.0, 525.0, 540.0, 555.0, 570.0, 585.0, 600.0, 615.0, 630.0, 645.0, 660.0, 675.0, 690.0, 705.0, 720.0, 735.0, 750.0, 765.0, 780.0, 795.0, 810.0, 825.0, 840.0, 855.0, 870.0, 885.0, 900.0, 915.0, 930.0, 945.0, 960.0, 975.0, 990.0, 1005.0, 1020.0, 1035.0, 1050.0, 1065.0, 1080.0, 1095.0, 1110.0, 1125.0, 1140.0, 1155.0, 1170.0, 1185.0, 1200.0, 1215.0, 1230.0, 1245.0, 1260.0, 1275.0, 1290.0, 1305.0, 1320.0, 1335.0, 1350.0, 1365.0, 1380.0, 1395.0, 1410.0, 1425.0, 1440.0, 1455.0, 1470.0, 1485.0, 1500.0, 1515.0, 1530.0, 1545.0, 1560.0, 1575.0, 1590.0, 1605.0, 1620.0, 1635.0, 1650.0, 1665.0, 1680.0, 1695.0, 1710.0, 1725.0, 1740.0, 1755.0, 1770.0, 1785.0, 1800.0, 1815.0, 1830.0, 1845.0, 1860.0, 1875.0, 1890.0, 1905.0, 1920.0, 1935.0, 1950.0, 1965.0, 1980.0, 1995.0, 2010.0, 2025.0, 2040.0, 2055.0, 2070.0, 2085.0, 2100.0, 2115.0, 2130.0, 2145.0, 2160.0, 2175.0, 2190.0, 2205.0, 2220.0, 2235.0, 2250.0, 2265.0, 2280.0, 2295.0, 2310.0, 2325.0, 2340.0, 2355.0, 2370.0, 2385.0, 2400.0, 2415.0, 2430.0, 2445.0, 2460.0, 2475.0, 2490.0, 2505.0, 2520.0, 2535.0, 2550.0, 2565.0, 2580.0, 2595.0, 2610.0, 2625.0, 2640.0, 2655.0, 2670.0, 2685.0, 2700.0, 2715.0, 2730.0, 2745.0, 2760.0, 2775.0, 2790.0, 2805.0, 2820.0, 2835.0]}}