{"histogram": {"y": [1, 1, 2, 1, 1, 1, 3, 3, 3, 0, 1, 1, 3, 1, 2, 0, 0, 1, 4, 4, 2, 1, 2, 0, 2, 0, 0, 0, 1, 1, 2, 0, 0, 0, 1, 0, 0, 1, 1, 2, 0, 1, 1, 1, 0, 0, 1, 0, 0, 0, 0, 0, 0, 0, 0, 1, 1, 0, 0, 0, 1, 0, 0, 1, 0, 0, 1, 0, 0, 0, 0, 0, 1, 0, 1, 0, 0, 0, 0, 0, 0, 0, 0, 1, 0, 0, 0, 0, 0, 0, 0, 0, 1, 0, 0, 0, 0, 0, 0, 1, 0, 0, 0, 0, 0, 0, 0, 0, 0, 0, 1], "x": [420.0, 435.0, 450.0, 465.0, 480.0, 495.0, 510.0, 525.0, 540.0, 555.0, 570.0, 585.0, 600.0, 615.0, 630.0, 645.0, 660.0, 675.0, 690.0, 705.0, 720.0, 735.0, 750.0, 765.0, 780.0, 795.0, 810.0, 825.0, 840.0, 855.0, 870.0, 885.0, 900.0, 915.0, 930.0, 945.0, 960.0, 975.0, 990.0, 1005.0, 1020.0, 1035.0, 1050.0, 1065.0, 1080.0, 1095.0, 1110.0, 1125.0, 1140.0, 1155.0, 1170.0, 1185.0, 1200.0, 1215.0, 1230.0, 1245.0, 1260.0, 1275.0, 1290.0, 1305.0, 1320.0, 1335.0, 1350.0, 1365.0, 1380.0, 1395.0, 1410.0, 1425.0, 1440.0, 1455.0, 1470.0, 1485.0, 1500.0, 1515.0, 1530.0, 1545.0, 1560.0, 1575.0, 1590.0, 1605.0, 1620.0, 1635.0, 1650.0, 1665.0, 1680.0, 1695.0, 1710.0, 1725.0, 1740.0, 1755.0, 1770.0, 1785.0, 1800.0, 1815.0, 1830.0, 1845.0, 1860.0, 1875.0, 1890.0, 1905.0, 1920.0, 1935.0, 1950.0, 1965.0, 1980.0, 1995.0, 2010.0, 2025.0, 2040.0, 2055.0, 2070.0]}, "percentile": {"y": [98.5, 96.9, 95.3, 93.7, 92.1, 90.5, 88.9, 87.4, 85.8, 84.2, 82.6, 81.0, 79.4, 77.8, 76.2, 74.7, 73.1, 71.5, 69.9, 68.3, 66.7, 65.1, 62.0, 60.4, 58.8, 57.2, 55.6, 54.0, 52.4, 50.8, 49.3, 47.7, 46.1, 44.5, 42.9, 41.3, 39.7, 38.1, 36.6, 35.0, 33.400000000000006, 31.799999999999997, 30.200000000000003, 28.599999999999994, 27.0, 25.400000000000006, 23.900000000000006, 22.299999999999997, 20.700000000000003, 19.099999999999994, 17.5, 15.900000000000006, 14.299999999999997, 12.700000000000003, 11.200000000000003, 9.599999999999994, 8.0, 6.400000000000006, 4.799999999999997, 3.200000000000003, 1.5999999999999943, 0.0, -1.5], "x": [427, 435, 457, 463, 465, 493, 502, 512, 522, 524, 532, 534, 537, 543, 545, 550, 573, 597, 601, 607, 614, 627, 632, 687, 691, 693, 697, 704, 711, 717, 718, 719, 723, 729, 738, 755, 761, 780, 794, 845, 857, 877, 883, 932, 985, 1004, 1007, 1011, 1038, 1061, 1065, 1116, 1258, 1268, 1333, 1365, 1410, 1507, 1532, 1669, 1811, 1915, 2071]}}