{"histogram": {"y": [1, 0, 1, 1, 1, 0, 2, 4, 4, 2, 5, 5, 0, 1, 4, 3, 7, 0, 6, 1, 6, 5, 1, 3, 2, 2, 3, 1, 1, 2, 1, 2, 2, 3, 1, 1, 1, 1, 2, 0, 2, 0, 1, 2, 1, 2, 1, 2, 0, 0, 0, 0, 1, 0, 0, 0, 0, 0, 0, 0, 0, 0, 1, 0, 0, 0, 0, 0, 0, 0, 0, 1, 0, 0, 0, 0, 0, 0, 0, 0, 0, 0, 0, 0, 0, 0, 0, 0, 0, 0, 0, 0, 0, 0, 0, 0, 0, 0, 0, 0, 0, 0, 0, 0, 1, 0, 0, 0, 0, 0, 0, 0, 0, 0, 0, 0, 0, 0, 0, 0, 0, 0, 0, 0, 0, 0, 0, 0, 0, 0, 0, 0, 0, 0, 0, 0, 0, 0, 0, 0, 0, 0, 0, 0, 0, 0, 0, 0, 0, 0, 0, 1], "x": [435.0, 450.0, 465.0, 480.0, 495.0, 510.0, 525.0, 540.0, 555.0, 570.0, 585.0, 600.0, 615.0, 630.0, 645.0, 660.0, 675.0, 690.0, 705.0, 720.0, 735.0, 750.0, 765.0, 780.0, 795.0, 810.0, 825.0, 840.0, 855.0, 870.0, 885.0, 900.0, 915.0, 930.0, 945.0, 960.0, 975.0, 990.0, 1005.0, 1020.0, 1035.0, 1050.0, 1065.0, 1080.0, 1095.0, 1110.0, 1125.0, 1140.0, 1155.0, 1170.0, 1185.0, 1200.0, 1215.0, 1230.0, 1245.0, 1260.0, 1275.0, 1290.0, 1305.0, 1320.0, 1335.0, 1350.0, 1365.0, 1380.0, 1395.0, 1410.0, 1425.0, 1440.0, 1455.0, 1470.0, 1485.0, 1500.0, 1515.0, 1530.0, 1545.0, 1560.0, 1575.0, 1590.0, 1605.0, 1620.0, 1635.0, 1650.0, 1665.0, 1680.0, 1695.0, 1710.0, 1725.0, 1740.0, 1755.0, 1770.0, 1785.0, 1800.0, 1815.0, 1830.0, 1845.0, 1860.0, 1875.0, 1890.0, 1905.0, 1920.0, 1935.0, 1950.0, 1965.0, 1980.0, 1995.0, 2010.0, 2025.0, 2040.0, 2055.0, 2070.0, 2085.0, 2100.0, 2115.0, 2130.0, 2145.0, 2160.0, 2175.0, 2190.0, 2205.0, 2220.0, 2235.0, 2250.0, 2265.0, 2280.0, 2295.0, 2310.0, 2325.0, 2340.0, 2355.0, 2370.0, 2385.0, 2400.0, 2415.0, 2430.0, 2445.0, 2460.0, 2475.0, 2490.0, 2505.0, 2520.0, 2535.0, 2550.0, 2565.0, 2580.0, 2595.0, 2610.0, 2625.0, 2640.0, 2655.0, 2670.0, 2685.0, 2700.0]}, "percentile": {"y": [99.1, 98.1, 97.1, 96.2, 95.2, 94.2, 93.3, 91.3, 90.3, 88.4, 87.4, 86.5, 85.5, 84.5, 83.5, 82.6, 81.6, 80.6, 79.7, 78.7, 77.7, 76.7, 74.8, 73.8, 72.9, 70.9, 70.0, 69.0, 68.0, 67.0, 66.1, 65.1, 63.2, 62.2, 61.2, 60.2, 59.3, 58.3, 57.3, 56.4, 55.4, 54.4, 53.4, 52.5, 51.5, 50.5, 49.6, 47.6, 46.7, 45.7, 44.7, 43.7, 42.8, 41.8, 40.8, 39.9, 38.9, 36.9, 36.0, 35.0, 34.0, 33.099999999999994, 32.099999999999994, 31.099999999999994, 30.099999999999994, 29.200000000000003, 28.200000000000003, 27.200000000000003, 25.299999999999997, 24.299999999999997, 23.400000000000006, 22.400000000000006, 21.400000000000006, 20.400000000000006, 19.5, 18.5, 17.5, 16.599999999999994, 15.599999999999994, 14.599999999999994, 13.599999999999994, 12.700000000000003, 11.700000000000003, 10.700000000000003, 9.799999999999997, 8.799999999999997, 7.799999999999997, 6.799999999999997, 5.900000000000006, 4.900000000000006, 3.9000000000000057, 3.0, 2.0, 1.0, 0.0, -0.9000000000000057], "x": [449, 477, 483, 509, 533, 536, 544, 548, 554, 559, 562, 568, 576, 580, 585, 586, 589, 598, 599, 600, 607, 610, 612, 636, 646, 650, 655, 663, 665, 668, 675, 676, 680, 684, 688, 689, 705, 707, 708, 714, 716, 719, 720, 735, 736, 745, 747, 749, 750, 753, 754, 755, 760, 775, 780, 782, 785, 808, 810, 823, 829, 831, 832, 843, 857, 876, 877, 898, 912, 921, 923, 937, 939, 941, 946, 963, 987, 1000, 1007, 1017, 1036, 1037, 1074, 1080, 1089, 1106, 1114, 1120, 1128, 1145, 1154, 1228, 1377, 1507, 1997, 2708]}}