{"percentile": {"x": [395, 403, 459, 470, 478, 481, 483, 541, 550, 552, 553, 571, 573, 574, 583, 584, 588, 589, 593, 594, 595, 607, 610, 614, 637, 643, 654, 658, 663, 669, 678, 692, 698, 706, 708, 710, 716, 719, 725, 728, 738, 739, 758, 775, 781, 786, 791, 798, 800, 803, 827, 840, 842, 844, 855, 857, 868, 869, 878, 888, 889, 890, 911, 979, 982, 986, 1000, 1028, 1105, 1149, 1170, 1183, 1202, 1209, 1493, 1892], "y": [98.8, 97.6, 96.4, 95.2, 94.0, 92.7, 91.5, 90.3, 89.1, 87.9, 86.6, 85.4, 84.2, 83.0, 81.8, 80.5, 79.3, 78.1, 76.9, 75.7, 74.4, 73.2, 72.0, 70.8, 69.6, 65.9, 63.5, 62.2, 61.0, 59.8, 58.6, 57.4, 56.1, 54.9, 53.7, 52.5, 51.3, 50.0, 48.8, 47.6, 46.4, 45.2, 44.0, 40.3, 39.1, 37.9, 35.400000000000006, 34.2, 33.0, 31.799999999999997, 30.5, 29.299999999999997, 28.099999999999994, 26.900000000000006, 25.700000000000003, 24.400000000000006, 23.200000000000003, 22.0, 20.799999999999997, 18.299999999999997, 17.099999999999994, 15.900000000000006, 14.700000000000003, 13.5, 12.200000000000003, 11.0, 9.799999999999997, 8.599999999999994, 7.400000000000006, 6.099999999999994, 4.900000000000006, 3.700000000000003, 2.5, 1.2999999999999972, 0.0, -1.2000000000000028]}, "histogram": {"x": [390.0, 405.0, 420.0, 435.0, 450.0, 465.0, 480.0, 495.0, 510.0, 525.0, 540.0, 555.0, 570.0, 585.0, 600.0, 615.0, 630.0, 645.0, 660.0, 675.0, 690.0, 705.0, 720.0, 735.0, 750.0, 765.0, 780.0, 795.0, 810.0, 825.0, 840.0, 855.0, 870.0, 885.0, 900.0, 915.0, 930.0, 945.0, 960.0, 975.0, 990.0, 1005.0, 1020.0, 1035.0, 1050.0, 1065.0, 1080.0, 1095.0, 1110.0, 1125.0, 1140.0, 1155.0, 1170.0, 1185.0, 1200.0, 1215.0, 1230.0, 1245.0, 1260.0, 1275.0, 1290.0, 1305.0, 1320.0, 1335.0, 1350.0, 1365.0, 1380.0, 1395.0, 1410.0, 1425.0, 1440.0, 1455.0, 1470.0, 1485.0, 1500.0, 1515.0, 1530.0, 1545.0, 1560.0, 1575.0, 1590.0, 1605.0, 1620.0, 1635.0, 1650.0, 1665.0, 1680.0, 1695.0, 1710.0, 1725.0, 1740.0, 1755.0, 1770.0, 1785.0, 1800.0, 1815.0, 1830.0, 1845.0, 1860.0, 1875.0, 1890.0], "y": [2, 0, 0, 0, 1, 2, 2, 0, 0, 0, 4, 0, 5, 5, 3, 0, 4, 3, 2, 1, 2, 5, 2, 2, 1, 3, 4, 3, 0, 1, 3, 4, 1, 4, 1, 0, 0, 0, 0, 3, 1, 0, 1, 0, 0, 0, 0, 1, 0, 0, 1, 0, 2, 0, 2, 0, 0, 0, 0, 0, 0, 0, 0, 0, 0, 0, 0, 0, 0, 0, 0, 0, 0, 1, 0, 0, 0, 0, 0, 0, 0, 0, 0, 0, 0, 0, 0, 0, 0, 0, 0, 0, 0, 0, 0, 0, 0, 0, 0, 0, 1]}}