{"histogram": {"y": [1, 0, 2, 1, 0, 1, 0, 1, 0, 2, 3, 6, 3, 4, 3, 0, 0, 3, 4, 3, 1, 2, 6, 2, 3, 2, 2, 3, 2, 3, 3, 0, 5, 2, 1, 0, 1, 4, 4, 3, 1, 2, 2, 3, 0, 0, 1, 0, 1, 1, 0, 2, 1, 2, 0, 1, 0, 1, 0, 0, 0, 0, 0, 0, 1, 1, 2, 0, 0, 0, 0, 2, 0, 0, 0, 1, 0, 1, 0, 1, 1, 0, 0, 0, 0, 2, 0, 0, 0, 0, 0, 0, 0, 0, 0, 0, 0, 0, 0, 0, 0, 0, 0, 0, 0, 0, 0, 0, 0, 0, 1, 0, 0, 0, 0, 0, 0, 0, 0, 0, 0, 0, 0, 0, 0, 0, 0, 0, 0, 0, 0, 0, 0, 0, 0, 0, 0, 0, 0, 0, 0, 0, 1, 0, 0, 0, 0, 0, 0, 0, 0, 0, 0, 0, 0, 0, 0, 2, 0, 0, 1], "x": [390.0, 405.0, 420.0, 435.0, 450.0, 465.0, 480.0, 495.0, 510.0, 525.0, 540.0, 555.0, 570.0, 585.0, 600.0, 615.0, 630.0, 645.0, 660.0, 675.0, 690.0, 705.0, 720.0, 735.0, 750.0, 765.0, 780.0, 795.0, 810.0, 825.0, 840.0, 855.0, 870.0, 885.0, 900.0, 915.0, 930.0, 945.0, 960.0, 975.0, 990.0, 1005.0, 1020.0, 1035.0, 1050.0, 1065.0, 1080.0, 1095.0, 1110.0, 1125.0, 1140.0, 1155.0, 1170.0, 1185.0, 1200.0, 1215.0, 1230.0, 1245.0, 1260.0, 1275.0, 1290.0, 1305.0, 1320.0, 1335.0, 1350.0, 1365.0, 1380.0, 1395.0, 1410.0, 1425.0, 1440.0, 1455.0, 1470.0, 1485.0, 1500.0, 1515.0, 1530.0, 1545.0, 1560.0, 1575.0, 1590.0, 1605.0, 1620.0, 1635.0, 1650.0, 1665.0, 1680.0, 1695.0, 1710.0, 1725.0, 1740.0, 1755.0, 1770.0, 1785.0, 1800.0, 1815.0, 1830.0, 1845.0, 1860.0, 1875.0, 1890.0, 1905.0, 1920.0, 1935.0, 1950.0, 1965.0, 1980.0, 1995.0, 2010.0, 2025.0, 2040.0, 2055.0, 2070.0, 2085.0, 2100.0, 2115.0, 2130.0, 2145.0, 2160.0, 2175.0, 2190.0, 2205.0, 2220.0, 2235.0, 2250.0, 2265.0, 2280.0, 2295.0, 2310.0, 2325.0, 2340.0, 2355.0, 2370.0, 2385.0, 2400.0, 2415.0, 2430.0, 2445.0, 2460.0, 2475.0, 2490.0, 2505.0, 2520.0, 2535.0, 2550.0, 2565.0, 2580.0, 2595.0, 2610.0, 2625.0, 2640.0, 2655.0, 2670.0, 2685.0, 2700.0, 2715.0, 2730.0, 2745.0, 2760.0, 2775.0, 2790.0]}, "percentile": {"y": [99.2, 98.4, 97.5, 96.7, 95.9, 95.0, 94.2, 93.4, 92.5, 91.7, 90.9, 89.2, 87.5, 86.7, 85.9, 85.0, 84.2, 83.4, 82.5, 81.7, 80.9, 80.0, 79.2, 77.5, 76.7, 75.0, 74.2, 72.5, 71.7, 70.9, 69.2, 68.4, 67.5, 66.7, 65.9, 65.0, 64.2, 63.4, 61.7, 60.9, 60.0, 59.2, 58.4, 57.5, 56.7, 55.9, 55.0, 54.2, 53.4, 52.5, 51.7, 50.9, 50.0, 49.2, 47.5, 45.9, 45.0, 44.2, 43.4, 42.5, 41.7, 40.9, 40.0, 39.2, 38.4, 37.5, 36.7, 35.900000000000006, 35.0, 34.2, 33.400000000000006, 32.5, 31.700000000000003, 30.900000000000006, 30.0, 29.200000000000003, 28.400000000000006, 27.5, 26.700000000000003, 25.900000000000006, 25.0, 24.200000000000003, 23.400000000000006, 22.5, 21.700000000000003, 20.900000000000006, 20.0, 19.200000000000003, 18.400000000000006, 17.5, 16.700000000000003, 15.900000000000006, 15.0, 14.200000000000003, 13.400000000000006, 12.5, 11.700000000000003, 10.900000000000006, 10.0, 9.200000000000003, 8.400000000000006, 7.5, 6.700000000000003, 5.900000000000006, 5.0, 4.200000000000003, 3.4000000000000057, 2.5, 1.7000000000000028, 0.9000000000000057, 0.0, -0.7999999999999972], "x": [404, 433, 434, 448, 472, 506, 526, 536, 544, 550, 554, 558, 560, 567, 569, 572, 581, 584, 585, 590, 592, 593, 600, 614, 655, 656, 665, 666, 674, 676, 688, 699, 706, 714, 720, 721, 722, 732, 734, 738, 740, 757, 758, 764, 770, 772, 786, 793, 799, 804, 805, 815, 818, 828, 829, 848, 853, 872, 873, 874, 881, 883, 895, 899, 906, 944, 949, 952, 953, 956, 967, 970, 972, 974, 975, 981, 986, 998, 1005, 1016, 1020, 1027, 1040, 1041, 1042, 1092, 1113, 1138, 1161, 1169, 1184, 1189, 1190, 1225, 1254, 1350, 1379, 1385, 1391, 1457, 1465, 1519, 1554, 1586, 1593, 1667, 1668, 2047, 2532, 2749, 2752, 2796]}}