{"histogram": {"y": [1, 1, 0, 1, 0, 2, 1, 0, 0, 3, 0, 1, 3, 2, 2, 1, 3, 0, 1, 0, 2, 0, 1, 1, 0, 2, 2, 1, 3, 2, 0, 1, 0, 1, 1, 0, 0, 0, 0, 2, 0, 1, 0, 1, 0, 1, 0, 0, 1, 0, 0, 1, 1, 1, 0, 0, 0, 1], "x": [435.0, 450.0, 465.0, 480.0, 495.0, 510.0, 525.0, 540.0, 555.0, 570.0, 585.0, 600.0, 615.0, 630.0, 645.0, 660.0, 675.0, 690.0, 705.0, 720.0, 735.0, 750.0, 765.0, 780.0, 795.0, 810.0, 825.0, 840.0, 855.0, 870.0, 885.0, 900.0, 915.0, 930.0, 945.0, 960.0, 975.0, 990.0, 1005.0, 1020.0, 1035.0, 1050.0, 1065.0, 1080.0, 1095.0, 1110.0, 1125.0, 1140.0, 1155.0, 1170.0, 1185.0, 1200.0, 1215.0, 1230.0, 1245.0, 1260.0, 1275.0, 1290.0]}, "percentile": {"y": [98.0, 95.9, 93.8, 91.7, 89.6, 87.5, 85.5, 83.4, 81.3, 79.2, 77.1, 75.0, 73.0, 70.9, 68.8, 64.6, 62.5, 60.5, 58.4, 56.3, 54.2, 52.1, 50.0, 48.0, 45.9, 43.8, 41.7, 39.6, 37.5, 35.5, 33.400000000000006, 31.299999999999997, 29.200000000000003, 27.099999999999994, 25.0, 23.0, 20.900000000000006, 18.799999999999997, 16.700000000000003, 14.599999999999994, 12.5, 10.5, 8.400000000000006, 6.299999999999997, 4.200000000000003, 2.0999999999999943, 0.0, -2.0], "x": [448, 451, 482, 511, 517, 530, 577, 579, 583, 603, 615, 625, 627, 638, 644, 658, 663, 677, 682, 687, 705, 746, 749, 779, 783, 813, 822, 828, 838, 851, 859, 862, 865, 871, 875, 913, 938, 956, 1021, 1033, 1055, 1084, 1110, 1168, 1200, 1224, 1238, 1293]}}