{"percentile": {"x": [439, 488, 499, 500, 530, 540, 547, 550, 553, 555, 557, 559, 570, 571, 583, 588, 592, 593, 595, 601, 608, 610, 615, 619, 624, 626, 628, 635, 638, 646, 649, 650, 652, 656, 660, 666, 667, 671, 674, 679, 688, 692, 698, 700, 702, 704, 706, 707, 725, 733, 734, 736, 742, 754, 757, 759, 773, 774, 775, 781, 782, 785, 786, 788, 789, 792, 803, 805, 806, 820, 830, 833, 838, 855, 862, 863, 868, 877, 892, 898, 900, 909, 917, 926, 944, 947, 954, 956, 962, 965, 980, 1000, 1008, 1056, 1078, 1086, 1100, 1113, 1178, 1213, 1230, 1245, 1254, 1264, 1286, 1300, 1312, 1320, 1332, 1336, 1344, 1377, 1408, 1760, 1967, 2596, 2661], "y": [99.3, 98.5, 97.7, 96.9, 96.1, 95.3, 94.5, 93.8, 93.0, 91.4, 90.6, 89.8, 88.2, 87.5, 86.7, 85.9, 85.1, 84.3, 83.5, 82.7, 81.9, 80.4, 79.6, 78.8, 78.0, 77.2, 76.4, 75.6, 74.9, 74.1, 73.3, 72.5, 71.7, 70.9, 70.1, 69.3, 68.6, 67.8, 67.0, 66.2, 65.4, 63.8, 63.0, 61.5, 60.7, 59.9, 59.1, 58.3, 57.5, 56.7, 55.2, 54.4, 53.6, 52.8, 52.0, 50.4, 49.7, 48.1, 47.3, 46.5, 45.7, 44.9, 44.1, 43.4, 42.6, 41.8, 41.0, 40.2, 39.4, 38.6, 37.8, 37.1, 36.3, 34.7, 33.900000000000006, 33.099999999999994, 32.3, 31.5, 30.799999999999997, 30.0, 29.200000000000003, 28.400000000000006, 27.599999999999994, 26.799999999999997, 25.200000000000003, 24.5, 23.700000000000003, 22.900000000000006, 22.099999999999994, 21.299999999999997, 20.5, 19.700000000000003, 18.900000000000006, 18.200000000000003, 17.400000000000006, 16.599999999999994, 15.0, 14.200000000000003, 13.400000000000006, 12.599999999999994, 11.900000000000006, 11.099999999999994, 10.299999999999997, 9.5, 8.700000000000003, 7.900000000000006, 7.099999999999994, 6.299999999999997, 5.599999999999994, 4.799999999999997, 4.0, 3.200000000000003, 2.4000000000000057, 1.5999999999999943, 0.7999999999999972, 0.0, -0.7000000000000028]}, "histogram": {"x": [435.0, 450.0, 465.0, 480.0, 495.0, 510.0, 525.0, 540.0, 555.0, 570.0, 585.0, 600.0, 615.0, 630.0, 645.0, 660.0, 675.0, 690.0, 705.0, 720.0, 735.0, 750.0, 765.0, 780.0, 795.0, 810.0, 825.0, 840.0, 855.0, 870.0, 885.0, 900.0, 915.0, 930.0, 945.0, 960.0, 975.0, 990.0, 1005.0, 1020.0, 1035.0, 1050.0, 1065.0, 1080.0, 1095.0, 1110.0, 1125.0, 1140.0, 1155.0, 1170.0, 1185.0, 1200.0, 1215.0, 1230.0, 1245.0, 1260.0, 1275.0, 1290.0, 1305.0, 1320.0, 1335.0, 1350.0, 1365.0, 1380.0, 1395.0, 1410.0, 1425.0, 1440.0, 1455.0, 1470.0, 1485.0, 1500.0, 1515.0, 1530.0, 1545.0, 1560.0, 1575.0, 1590.0, 1605.0, 1620.0, 1635.0, 1650.0, 1665.0, 1680.0, 1695.0, 1710.0, 1725.0, 1740.0, 1755.0, 1770.0, 1785.0, 1800.0, 1815.0, 1830.0, 1845.0, 1860.0, 1875.0, 1890.0, 1905.0, 1920.0, 1935.0, 1950.0, 1965.0, 1980.0, 1995.0, 2010.0, 2025.0, 2040.0, 2055.0, 2070.0, 2085.0, 2100.0, 2115.0, 2130.0, 2145.0, 2160.0, 2175.0, 2190.0, 2205.0, 2220.0, 2235.0, 2250.0, 2265.0, 2280.0, 2295.0, 2310.0, 2325.0, 2340.0, 2355.0, 2370.0, 2385.0, 2400.0, 2415.0, 2430.0, 2445.0, 2460.0, 2475.0, 2490.0, 2505.0, 2520.0, 2535.0, 2550.0, 2565.0, 2580.0, 2595.0, 2610.0, 2625.0, 2640.0, 2655.0, 2670.0], "y": [1, 0, 0, 1, 2, 0, 1, 4, 4, 4, 4, 4, 5, 2, 5, 5, 2, 7, 2, 4, 2, 4, 4, 7, 3, 1, 3, 0, 5, 1, 2, 2, 2, 2, 3, 2, 1, 1, 1, 0, 0, 1, 1, 1, 2, 1, 0, 0, 0, 1, 0, 1, 0, 1, 2, 1, 1, 1, 1, 2, 2, 0, 1, 0, 1, 0, 0, 0, 0, 0, 0, 0, 0, 0, 0, 0, 0, 0, 0, 0, 0, 0, 0, 0, 0, 0, 0, 0, 1, 0, 0, 0, 0, 0, 0, 0, 0, 0, 0, 0, 0, 0, 1, 0, 0, 0, 0, 0, 0, 0, 0, 0, 0, 0, 0, 0, 0, 0, 0, 0, 0, 0, 0, 0, 0, 0, 0, 0, 0, 0, 0, 0, 0, 0, 0, 0, 0, 0, 0, 0, 0, 0, 0, 0, 1, 0, 0, 0, 1, 0]}}