{"percentile": {"x": [612, 624, 645, 660, 670, 704, 706, 710, 719, 737, 748, 765, 777, 778, 804, 805, 812, 826, 838, 840, 841, 846, 858, 866, 869, 878, 882, 886, 892, 898, 902, 911, 918, 921, 923, 924, 927, 929, 931, 935, 937, 944, 950, 954, 957, 960, 964, 975, 976, 979, 981, 984, 994, 998, 999, 1008, 1010, 1015, 1023, 1025, 1026, 1035, 1050, 1060, 1064, 1068, 1079, 1085, 1094, 1096, 1097, 1099, 1112, 1115, 1123, 1126, 1127, 1128, 1136, 1138, 1139, 1146, 1147, 1153, 1156, 1164, 1167, 1170, 1187, 1198, 1202, 1212, 1216, 1229, 1236, 1250, 1254, 1276, 1278, 1290, 1292, 1295, 1310, 1317, 1325, 1338, 1352, 1360, 1363, 1364, 1373, 1379, 1382, 1383, 1394, 1403, 1415, 1432, 1433, 1448, 1454, 1480, 1485, 1490, 1497, 1500, 1507, 1519, 1521, 1548, 1565, 1591, 1633, 1634, 1638, 1679, 1692, 1749, 1750, 1770, 1776, 1794, 1799, 1800, 1813, 1832, 1864, 1883, 1897, 1906, 1913, 1924, 1936, 1939, 1959, 1963, 1966, 1984, 1985, 1997, 1998, 2011, 2014, 2028, 2041, 2060, 2069, 2073, 2078, 2117, 2139, 2162, 2191, 2229, 2235, 2257, 2263, 2285, 2290, 2291, 2365, 2369, 2411, 2420, 2428, 2434, 2439, 2441, 2444, 2445, 2457, 2468, 2471, 2473, 2475, 2478, 2482, 2484, 2488, 2496, 2518, 2539, 2541, 2542, 2560, 2567, 2597, 2604, 2607, 2620, 2735, 2762, 2787, 2796, 2839], "y": [99.6, 99.2, 98.7, 98.3, 97.9, 97.4, 97.0, 96.6, 96.1, 95.7, 95.2, 94.8, 94.4, 93.9, 93.5, 93.1, 92.6, 92.2, 90.9, 90.4, 90.0, 89.6, 89.1, 88.7, 88.3, 87.8, 87.4, 86.9, 86.5, 86.1, 85.6, 85.2, 84.8, 84.3, 83.9, 83.5, 83.0, 82.6, 82.1, 81.7, 81.3, 80.8, 80.4, 80.0, 79.5, 79.1, 78.7, 78.2, 77.8, 77.3, 76.5, 76.0, 75.6, 75.2, 74.7, 74.3, 73.8, 73.4, 73.0, 72.5, 71.7, 71.2, 70.4, 69.9, 69.5, 68.6, 68.2, 67.7, 67.3, 66.4, 66.0, 65.1, 64.7, 64.2, 63.8, 63.4, 62.9, 62.5, 62.1, 61.2, 60.7, 60.3, 59.9, 59.4, 58.6, 58.1, 57.7, 57.3, 56.8, 56.4, 55.9, 55.5, 54.6, 54.2, 53.8, 53.3, 52.9, 52.5, 52.0, 51.6, 50.7, 50.3, 49.8, 49.4, 49.0, 48.1, 47.6, 47.2, 46.8, 46.3, 45.9, 45.5, 45.0, 44.6, 44.2, 43.7, 43.3, 42.8, 42.4, 42.0, 41.1, 40.7, 40.2, 39.8, 39.4, 38.9, 38.5, 38.0, 37.6, 37.2, 36.7, 36.3, 35.900000000000006, 35.400000000000006, 35.0, 34.5, 34.099999999999994, 33.7, 33.2, 32.8, 32.400000000000006, 31.900000000000006, 31.5, 31.099999999999994, 30.599999999999994, 30.200000000000003, 29.700000000000003, 29.299999999999997, 28.900000000000006, 28.400000000000006, 28.0, 27.599999999999994, 27.099999999999994, 26.700000000000003, 26.299999999999997, 25.799999999999997, 25.400000000000006, 24.900000000000006, 24.5, 24.099999999999994, 23.599999999999994, 23.200000000000003, 22.799999999999997, 22.299999999999997, 21.900000000000006, 21.400000000000006, 21.0, 20.599999999999994, 20.099999999999994, 19.700000000000003, 19.299999999999997, 18.799999999999997, 18.400000000000006, 18.0, 17.5, 17.099999999999994, 16.599999999999994, 16.200000000000003, 15.799999999999997, 15.299999999999997, 14.900000000000006, 14.5, 14.0, 13.599999999999994, 13.200000000000003, 12.700000000000003, 12.299999999999997, 11.799999999999997, 11.400000000000006, 11.0, 10.5, 10.099999999999994, 9.700000000000003, 9.200000000000003, 8.299999999999997, 7.900000000000006, 7.5, 7.0, 6.599999999999994, 6.200000000000003, 5.700000000000003, 5.299999999999997, 4.900000000000006, 4.400000000000006, 4.0, 3.5, 3.0999999999999943, 2.700000000000003, 2.200000000000003, 1.7999999999999972, 1.4000000000000057, 0.9000000000000057, 0.5, 0.0, -0.4000000000000057]}, "histogram": {"x": [600.0, 615.0, 630.0, 645.0, 660.0, 675.0, 690.0, 705.0, 720.0, 735.0, 750.0, 765.0, 780.0, 795.0, 810.0, 825.0, 840.0, 855.0, 870.0, 885.0, 900.0, 915.0, 930.0, 945.0, 960.0, 975.0, 990.0, 1005.0, 1020.0, 1035.0, 1050.0, 1065.0, 1080.0, 1095.0, 1110.0, 1125.0, 1140.0, 1155.0, 1170.0, 1185.0, 1200.0, 1215.0, 1230.0, 1245.0, 1260.0, 1275.0, 1290.0, 1305.0, 1320.0, 1335.0, 1350.0, 1365.0, 1380.0, 1395.0, 1410.0, 1425.0, 1440.0, 1455.0, 1470.0, 1485.0, 1500.0, 1515.0, 1530.0, 1545.0, 1560.0, 1575.0, 1590.0, 1605.0, 1620.0, 1635.0, 1650.0, 1665.0, 1680.0, 1695.0, 1710.0, 1725.0, 1740.0, 1755.0, 1770.0, 1785.0, 1800.0, 1815.0, 1830.0, 1845.0, 1860.0, 1875.0, 1890.0, 1905.0, 1920.0, 1935.0, 1950.0, 1965.0, 1980.0, 1995.0, 2010.0, 2025.0, 2040.0, 2055.0, 2070.0, 2085.0, 2100.0, 2115.0, 2130.0, 2145.0, 2160.0, 2175.0, 2190.0, 2205.0, 2220.0, 2235.0, 2250.0, 2265.0, 2280.0, 2295.0, 2310.0, 2325.0, 2340.0, 2355.0, 2370.0, 2385.0, 2400.0, 2415.0, 2430.0, 2445.0, 2460.0, 2475.0, 2490.0, 2505.0, 2520.0, 2535.0, 2550.0, 2565.0, 2580.0, 2595.0, 2610.0, 2625.0, 2640.0, 2655.0, 2670.0, 2685.0, 2700.0, 2715.0, 2730.0, 2745.0, 2760.0, 2775.0, 2790.0, 2805.0, 2820.0, 2835.0], "y": [1, 1, 0, 1, 2, 0, 1, 3, 0, 2, 0, 3, 0, 2, 1, 4, 3, 3, 2, 3, 2, 6, 4, 3, 2, 6, 3, 3, 4, 1, 4, 3, 2, 5, 3, 7, 3, 4, 1, 2, 2, 3, 1, 2, 0, 2, 4, 2, 1, 2, 4, 2, 3, 1, 1, 2, 3, 0, 1, 3, 2, 2, 0, 1, 1, 0, 1, 0, 2, 1, 0, 1, 1, 0, 0, 0, 2, 0, 2, 2, 2, 0, 1, 0, 1, 1, 1, 2, 1, 2, 2, 1, 2, 2, 2, 1, 1, 2, 2, 0, 0, 1, 1, 0, 1, 0, 1, 0, 1, 1, 2, 0, 3, 0, 0, 0, 0, 2, 0, 0, 1, 2, 4, 2, 3, 6, 1, 1, 0, 3, 1, 1, 0, 3, 1, 0, 0, 0, 0, 0, 0, 0, 1, 0, 1, 1, 1, 0, 0, 1]}}