{"percentile": {"x": [451, 511, 525, 544, 552, 555, 564, 569, 572, 580, 592, 605, 612, 619, 622, 627, 628, 637, 641, 642, 645, 655, 659, 662, 665, 690, 694, 705, 714, 722, 724, 729, 736, 739, 743, 758, 769, 774, 806, 855, 860, 864, 883, 885, 898, 908, 912, 981, 996, 1025, 1065, 1067, 1069, 1077, 1078, 1159, 1293, 1301, 1365], "y": [98.5, 97.0, 93.9, 92.4, 90.8, 89.3, 87.7, 86.2, 84.7, 83.1, 81.6, 80.0, 78.5, 77.0, 75.4, 73.9, 72.4, 70.8, 69.3, 67.7, 66.2, 64.7, 63.1, 61.6, 57.0, 55.4, 53.9, 52.4, 50.8, 47.7, 44.7, 43.1, 41.6, 40.0, 38.5, 37.0, 33.900000000000006, 32.400000000000006, 30.799999999999997, 29.299999999999997, 27.700000000000003, 26.200000000000003, 24.700000000000003, 23.099999999999994, 21.599999999999994, 20.0, 17.0, 15.400000000000006, 13.900000000000006, 12.400000000000006, 10.799999999999997, 9.299999999999997, 7.700000000000003, 6.200000000000003, 4.700000000000003, 3.0999999999999943, 1.5999999999999943, 0.0, -1.5]}, "histogram": {"x": [450.0, 465.0, 480.0, 495.0, 510.0, 525.0, 540.0, 555.0, 570.0, 585.0, 600.0, 615.0, 630.0, 645.0, 660.0, 675.0, 690.0, 705.0, 720.0, 735.0, 750.0, 765.0, 780.0, 795.0, 810.0, 825.0, 840.0, 855.0, 870.0, 885.0, 900.0, 915.0, 930.0, 945.0, 960.0, 975.0, 990.0, 1005.0, 1020.0, 1035.0, 1050.0, 1065.0, 1080.0, 1095.0, 1110.0, 1125.0, 1140.0, 1155.0, 1170.0, 1185.0, 1200.0, 1215.0, 1230.0, 1245.0, 1260.0, 1275.0, 1290.0, 1305.0, 1320.0, 1335.0, 1350.0, 1365.0], "y": [1, 0, 0, 0, 1, 2, 2, 3, 2, 1, 2, 4, 3, 3, 4, 0, 2, 2, 5, 3, 1, 3, 0, 1, 0, 0, 0, 3, 1, 2, 3, 0, 0, 0, 0, 1, 1, 0, 1, 0, 0, 5, 0, 0, 0, 0, 0, 1, 0, 0, 0, 0, 0, 0, 0, 0, 2, 0, 0, 0, 0, 1]}}