{"percentile": {"y": [98.6, 97.2, 95.8, 94.3, 92.9, 91.5, 90.0, 88.6, 87.2, 85.8, 84.3, 82.9, 81.5, 80.0, 78.6, 77.2, 75.8, 72.9, 71.5, 70.0, 68.6, 67.2, 65.8, 64.3, 62.9, 61.5, 60.0, 58.6, 57.2, 55.8, 54.3, 52.9, 51.5, 50.0, 48.6, 47.2, 45.8, 44.3, 42.9, 41.5, 40.0, 38.6, 37.2, 35.8, 34.3, 32.900000000000006, 31.5, 30.0, 28.599999999999994, 27.200000000000003, 25.799999999999997, 24.299999999999997, 22.900000000000006, 21.5, 20.0, 18.599999999999994, 17.200000000000003, 15.799999999999997, 14.299999999999997, 12.900000000000006, 11.5, 10.0, 8.599999999999994, 7.200000000000003, 5.799999999999997, 4.299999999999997, 2.9000000000000057, 1.5, 0.0, -1.4000000000000057], "x": [530, 598, 600, 613, 618, 650, 663, 703, 706, 709, 726, 733, 763, 813, 823, 846, 857, 860, 877, 892, 902, 920, 948, 950, 953, 1009, 1015, 1028, 1035, 1041, 1056, 1060, 1074, 1115, 1146, 1192, 1230, 1247, 1334, 1354, 1356, 1359, 1362, 1388, 1454, 1457, 1483, 1491, 1524, 1556, 1580, 1887, 1936, 1937, 1942, 2036, 2071, 2155, 2258, 2366, 2374, 2448, 2455, 2459, 2479, 2507, 2520, 2567, 2698, 2839]}, "histogram": {"y": [1, 0, 0, 0, 1, 2, 1, 0, 1, 1, 0, 1, 2, 2, 0, 1, 0, 0, 0, 2, 0, 1, 3, 1, 1, 1, 1, 0, 3, 0, 0, 0, 2, 1, 2, 2, 1, 0, 0, 1, 0, 1, 0, 0, 1, 0, 0, 1, 1, 0, 0, 0, 0, 1, 0, 4, 0, 1, 0, 0, 0, 1, 1, 1, 1, 0, 1, 0, 1, 0, 1, 0, 0, 0, 0, 0, 0, 0, 0, 0, 0, 0, 0, 0, 0, 0, 0, 0, 0, 0, 1, 0, 0, 0, 3, 0, 0, 0, 0, 0, 1, 0, 0, 1, 0, 0, 0, 0, 1, 0, 0, 0, 0, 0, 0, 1, 0, 0, 0, 0, 0, 0, 1, 1, 0, 0, 0, 0, 3, 0, 1, 0, 1, 1, 0, 0, 1, 0, 0, 0, 0, 0, 0, 0, 1, 0, 0, 0, 0, 0, 0, 0, 0, 0, 1], "x": [525.0, 540.0, 555.0, 570.0, 585.0, 600.0, 615.0, 630.0, 645.0, 660.0, 675.0, 690.0, 705.0, 720.0, 735.0, 750.0, 765.0, 780.0, 795.0, 810.0, 825.0, 840.0, 855.0, 870.0, 885.0, 900.0, 915.0, 930.0, 945.0, 960.0, 975.0, 990.0, 1005.0, 1020.0, 1035.0, 1050.0, 1065.0, 1080.0, 1095.0, 1110.0, 1125.0, 1140.0, 1155.0, 1170.0, 1185.0, 1200.0, 1215.0, 1230.0, 1245.0, 1260.0, 1275.0, 1290.0, 1305.0, 1320.0, 1335.0, 1350.0, 1365.0, 1380.0, 1395.0, 1410.0, 1425.0, 1440.0, 1455.0, 1470.0, 1485.0, 1500.0, 1515.0, 1530.0, 1545.0, 1560.0, 1575.0, 1590.0, 1605.0, 1620.0, 1635.0, 1650.0, 1665.0, 1680.0, 1695.0, 1710.0, 1725.0, 1740.0, 1755.0, 1770.0, 1785.0, 1800.0, 1815.0, 1830.0, 1845.0, 1860.0, 1875.0, 1890.0, 1905.0, 1920.0, 1935.0, 1950.0, 1965.0, 1980.0, 1995.0, 2010.0, 2025.0, 2040.0, 2055.0, 2070.0, 2085.0, 2100.0, 2115.0, 2130.0, 2145.0, 2160.0, 2175.0, 2190.0, 2205.0, 2220.0, 2235.0, 2250.0, 2265.0, 2280.0, 2295.0, 2310.0, 2325.0, 2340.0, 2355.0, 2370.0, 2385.0, 2400.0, 2415.0, 2430.0, 2445.0, 2460.0, 2475.0, 2490.0, 2505.0, 2520.0, 2535.0, 2550.0, 2565.0, 2580.0, 2595.0, 2610.0, 2625.0, 2640.0, 2655.0, 2670.0, 2685.0, 2700.0, 2715.0, 2730.0, 2745.0, 2760.0, 2775.0, 2790.0, 2805.0, 2820.0, 2835.0]}}