{"percentile": {"y": [97.5, 94.9, 92.4, 89.8, 87.2, 84.7, 82.1, 79.5, 77.0, 74.4, 71.8, 69.3, 66.7, 64.2, 61.6, 59.0, 56.5, 53.9, 51.3, 48.8, 46.2, 43.6, 41.1, 38.5, 35.900000000000006, 33.400000000000006, 30.799999999999997, 28.299999999999997, 25.700000000000003, 23.099999999999994, 20.599999999999994, 18.0, 15.400000000000006, 12.900000000000006, 10.299999999999997, 7.700000000000003, 5.200000000000003, 2.5999999999999943, 0.0, -2.5], "x": [463, 499, 535, 561, 577, 580, 590, 593, 598, 648, 673, 743, 749, 755, 762, 779, 803, 821, 823, 891, 906, 927, 992, 998, 1005, 1039, 1046, 1072, 1158, 1237, 1247, 1294, 1317, 1353, 1425, 1445, 1474, 1537, 1565, 1566]}, "histogram": {"y": [1, 0, 0, 1, 0, 1, 0, 1, 2, 3, 0, 0, 0, 1, 1, 0, 0, 0, 0, 2, 2, 1, 0, 1, 2, 0, 0, 0, 0, 1, 1, 1, 0, 0, 0, 0, 2, 1, 0, 2, 0, 1, 0, 0, 0, 0, 0, 1, 0, 0, 0, 0, 1, 1, 0, 0, 1, 1, 0, 0, 1, 0, 0, 0, 0, 1, 1, 0, 1, 0, 0, 0, 1, 0, 2], "x": [450.0, 465.0, 480.0, 495.0, 510.0, 525.0, 540.0, 555.0, 570.0, 585.0, 600.0, 615.0, 630.0, 645.0, 660.0, 675.0, 690.0, 705.0, 720.0, 735.0, 750.0, 765.0, 780.0, 795.0, 810.0, 825.0, 840.0, 855.0, 870.0, 885.0, 900.0, 915.0, 930.0, 945.0, 960.0, 975.0, 990.0, 1005.0, 1020.0, 1035.0, 1050.0, 1065.0, 1080.0, 1095.0, 1110.0, 1125.0, 1140.0, 1155.0, 1170.0, 1185.0, 1200.0, 1215.0, 1230.0, 1245.0, 1260.0, 1275.0, 1290.0, 1305.0, 1320.0, 1335.0, 1350.0, 1365.0, 1380.0, 1395.0, 1410.0, 1425.0, 1440.0, 1455.0, 1470.0, 1485.0, 1500.0, 1515.0, 1530.0, 1545.0, 1560.0]}}