{"histogram": {"y": [4, 1, 2, 2, 3, 4, 0, 4, 3, 7, 9, 4, 3, 6, 4, 8, 8, 5, 6, 6, 4, 8, 9, 7, 6, 5, 9, 3, 7, 2, 2, 3, 2, 4, 2, 0, 1, 1, 2, 1, 0, 4, 1, 2, 2, 2, 2, 2, 1, 2, 1, 1, 3, 0, 0, 1, 0, 1, 0, 0, 0, 0, 0, 0, 0, 0, 0, 0, 0, 1, 0, 0, 0, 0, 1, 0, 0, 0, 0, 0, 0, 0, 0, 0, 0, 0, 0, 0, 0, 0, 0, 0, 0, 0, 0, 0, 0, 0, 0, 0, 0, 0, 0, 0, 0, 0, 0, 0, 0, 0, 0, 0, 0, 0, 0, 0, 0, 0, 0, 0, 0, 0, 0, 1, 0, 0, 0, 0, 0, 0, 0, 0, 0, 0, 0, 0, 0, 0, 0, 0, 0, 0, 0, 1, 0], "x": [420.0, 435.0, 450.0, 465.0, 480.0, 495.0, 510.0, 525.0, 540.0, 555.0, 570.0, 585.0, 600.0, 615.0, 630.0, 645.0, 660.0, 675.0, 690.0, 705.0, 720.0, 735.0, 750.0, 765.0, 780.0, 795.0, 810.0, 825.0, 840.0, 855.0, 870.0, 885.0, 900.0, 915.0, 930.0, 945.0, 960.0, 975.0, 990.0, 1005.0, 1020.0, 1035.0, 1050.0, 1065.0, 1080.0, 1095.0, 1110.0, 1125.0, 1140.0, 1155.0, 1170.0, 1185.0, 1200.0, 1215.0, 1230.0, 1245.0, 1260.0, 1275.0, 1290.0, 1305.0, 1320.0, 1335.0, 1350.0, 1365.0, 1380.0, 1395.0, 1410.0, 1425.0, 1440.0, 1455.0, 1470.0, 1485.0, 1500.0, 1515.0, 1530.0, 1545.0, 1560.0, 1575.0, 1590.0, 1605.0, 1620.0, 1635.0, 1650.0, 1665.0, 1680.0, 1695.0, 1710.0, 1725.0, 1740.0, 1755.0, 1770.0, 1785.0, 1800.0, 1815.0, 1830.0, 1845.0, 1860.0, 1875.0, 1890.0, 1905.0, 1920.0, 1935.0, 1950.0, 1965.0, 1980.0, 1995.0, 2010.0, 2025.0, 2040.0, 2055.0, 2070.0, 2085.0, 2100.0, 2115.0, 2130.0, 2145.0, 2160.0, 2175.0, 2190.0, 2205.0, 2220.0, 2235.0, 2250.0, 2265.0, 2280.0, 2295.0, 2310.0, 2325.0, 2340.0, 2355.0, 2370.0, 2385.0, 2400.0, 2415.0, 2430.0, 2445.0, 2460.0, 2475.0, 2490.0, 2505.0, 2520.0, 2535.0, 2550.0, 2565.0, 2580.0]}, "percentile": {"y": [99.5, 99.0, 98.5, 98.0, 97.5, 96.5, 95.9, 95.4, 94.9, 94.4, 93.9, 93.4, 92.9, 92.4, 91.8, 91.3, 90.8, 90.3, 89.8, 88.8, 88.3, 87.7, 86.7, 86.2, 85.7, 85.2, 84.7, 83.1, 82.6, 82.1, 81.6, 80.6, 80.0, 79.5, 79.0, 78.0, 76.5, 75.9, 74.9, 74.4, 73.9, 73.4, 72.9, 72.4, 71.3, 70.3, 69.8, 68.8, 68.3, 67.7, 67.2, 66.7, 66.2, 65.7, 64.7, 64.2, 63.6, 63.1, 62.6, 62.1, 61.6, 61.1, 60.6, 59.5, 58.5, 58.0, 57.5, 57.0, 56.5, 55.9, 54.9, 54.4, 53.9, 53.4, 52.9, 52.4, 51.8, 50.8, 49.3, 48.8, 48.3, 47.7, 47.2, 46.2, 45.7, 45.2, 44.7, 44.2, 43.6, 43.1, 42.6, 42.1, 41.6, 40.6, 40.0, 39.5, 39.0, 38.0, 37.5, 37.0, 36.5, 35.900000000000006, 35.400000000000006, 34.900000000000006, 34.400000000000006, 33.900000000000006, 32.900000000000006, 32.400000000000006, 31.799999999999997, 30.799999999999997, 30.299999999999997, 29.799999999999997, 28.799999999999997, 28.299999999999997, 27.700000000000003, 27.200000000000003, 25.700000000000003, 25.200000000000003, 24.700000000000003, 24.200000000000003, 23.599999999999994, 23.099999999999994, 22.599999999999994, 22.099999999999994, 21.599999999999994, 21.099999999999994, 20.599999999999994, 20.0, 19.5, 18.5, 18.0, 17.0, 16.5, 15.900000000000006, 15.400000000000006, 14.900000000000006, 14.400000000000006, 13.900000000000006, 13.400000000000006, 12.900000000000006, 12.400000000000006, 11.799999999999997, 11.299999999999997, 10.799999999999997, 10.299999999999997, 9.799999999999997, 8.799999999999997, 8.299999999999997, 7.700000000000003, 7.200000000000003, 6.700000000000003, 6.200000000000003, 5.700000000000003, 5.200000000000003, 4.700000000000003, 4.200000000000003, 3.5999999999999943, 3.0999999999999943, 2.5999999999999943, 2.0999999999999943, 1.5999999999999943, 1.0999999999999943, 0.5999999999999943, 0.0, -0.5], "x": [420, 427, 431, 433, 435, 464, 469, 478, 489, 490, 492, 500, 502, 506, 507, 531, 533, 534, 536, 540, 548, 555, 556, 557, 558, 562, 563, 571, 576, 577, 578, 579, 580, 587, 593, 598, 609, 615, 619, 626, 627, 629, 631, 637, 640, 650, 651, 654, 655, 656, 659, 660, 661, 662, 663, 665, 667, 669, 677, 680, 684, 686, 689, 690, 692, 695, 703, 707, 710, 713, 718, 719, 720, 730, 731, 733, 737, 742, 743, 744, 747, 750, 751, 752, 754, 757, 758, 760, 763, 767, 771, 772, 775, 778, 779, 783, 786, 787, 788, 791, 795, 799, 800, 803, 804, 812, 814, 816, 817, 820, 823, 824, 826, 834, 848, 849, 850, 851, 852, 861, 864, 870, 875, 888, 890, 894, 908, 914, 924, 928, 929, 937, 971, 983, 999, 1000, 1008, 1040, 1042, 1046, 1047, 1063, 1075, 1076, 1085, 1088, 1106, 1119, 1120, 1126, 1136, 1149, 1163, 1168, 1175, 1193, 1200, 1201, 1214, 1247, 1289, 1465, 1542, 2265, 2576]}}