{"histogram": {"y": [1, 0, 0, 0, 1, 0, 0, 0, 1, 2, 1, 2, 1, 0, 0, 2, 1, 4, 2, 2, 1, 3, 1, 2, 1, 2, 2, 0, 2, 0, 1, 0, 2, 3, 3, 1, 0, 1, 1, 3, 3, 1, 0, 0, 0, 2, 1, 5, 2, 0, 0, 2, 2, 5, 1, 0, 1, 1, 5, 1, 1, 1, 0, 1, 1, 1, 0, 1, 1, 1, 1, 2, 1, 0, 1, 1, 1, 2, 4, 0, 1, 0, 1, 0, 0, 1, 1, 0, 2, 0, 1, 1, 1, 1, 1, 0, 0, 2, 0, 0, 0, 1, 1, 1, 0, 0, 0, 1, 0, 1, 0, 0, 1, 4, 0, 0, 0, 1, 1, 0, 0, 2, 1, 6, 3, 3, 6, 0, 1, 3, 5, 2, 2, 1, 1, 1, 3, 1, 1, 0, 4, 0, 0, 0, 1, 1, 0, 1, 2, 0, 3, 4, 0], "x": [555.0, 570.0, 585.0, 600.0, 615.0, 630.0, 645.0, 660.0, 675.0, 690.0, 705.0, 720.0, 735.0, 750.0, 765.0, 780.0, 795.0, 810.0, 825.0, 840.0, 855.0, 870.0, 885.0, 900.0, 915.0, 930.0, 945.0, 960.0, 975.0, 990.0, 1005.0, 1020.0, 1035.0, 1050.0, 1065.0, 1080.0, 1095.0, 1110.0, 1125.0, 1140.0, 1155.0, 1170.0, 1185.0, 1200.0, 1215.0, 1230.0, 1245.0, 1260.0, 1275.0, 1290.0, 1305.0, 1320.0, 1335.0, 1350.0, 1365.0, 1380.0, 1395.0, 1410.0, 1425.0, 1440.0, 1455.0, 1470.0, 1485.0, 1500.0, 1515.0, 1530.0, 1545.0, 1560.0, 1575.0, 1590.0, 1605.0, 1620.0, 1635.0, 1650.0, 1665.0, 1680.0, 1695.0, 1710.0, 1725.0, 1740.0, 1755.0, 1770.0, 1785.0, 1800.0, 1815.0, 1830.0, 1845.0, 1860.0, 1875.0, 1890.0, 1905.0, 1920.0, 1935.0, 1950.0, 1965.0, 1980.0, 1995.0, 2010.0, 2025.0, 2040.0, 2055.0, 2070.0, 2085.0, 2100.0, 2115.0, 2130.0, 2145.0, 2160.0, 2175.0, 2190.0, 2205.0, 2220.0, 2235.0, 2250.0, 2265.0, 2280.0, 2295.0, 2310.0, 2325.0, 2340.0, 2355.0, 2370.0, 2385.0, 2400.0, 2415.0, 2430.0, 2445.0, 2460.0, 2475.0, 2490.0, 2505.0, 2520.0, 2535.0, 2550.0, 2565.0, 2580.0, 2595.0, 2610.0, 2625.0, 2640.0, 2655.0, 2670.0, 2685.0, 2700.0, 2715.0, 2730.0, 2745.0, 2760.0, 2775.0, 2790.0, 2805.0, 2820.0, 2835.0]}, "percentile": {"y": [99.5, 99.0, 98.4, 97.9, 97.3, 96.8, 96.2, 95.7, 95.2, 94.6, 94.1, 93.5, 93.0, 92.4, 91.9, 91.4, 90.8, 90.3, 89.7, 89.2, 88.6, 88.1, 87.5, 87.0, 86.5, 85.9, 85.4, 84.8, 84.3, 83.7, 83.2, 82.7, 82.1, 81.6, 81.0, 80.5, 79.9, 79.4, 78.3, 77.8, 77.2, 76.7, 76.1, 75.6, 75.0, 74.5, 73.4, 72.9, 72.3, 71.8, 71.2, 70.7, 70.2, 69.6, 68.5, 68.0, 67.4, 66.9, 65.8, 65.3, 64.7, 64.2, 63.6, 63.1, 62.0, 61.5, 60.9, 60.4, 59.8, 59.3, 58.7, 58.2, 57.7, 57.1, 56.6, 56.0, 55.5, 54.9, 54.4, 53.9, 53.3, 52.8, 52.2, 51.7, 51.1, 50.6, 50.0, 49.5, 49.0, 48.4, 47.9, 47.3, 46.8, 46.2, 45.7, 45.2, 44.6, 44.1, 43.5, 43.0, 42.4, 41.9, 41.4, 40.8, 40.3, 39.7, 39.2, 38.6, 38.1, 37.5, 37.0, 36.5, 35.900000000000006, 35.400000000000006, 34.8, 34.3, 33.7, 33.2, 32.7, 32.099999999999994, 31.599999999999994, 31.0, 30.5, 29.900000000000006, 29.400000000000006, 28.900000000000006, 28.299999999999997, 27.799999999999997, 27.200000000000003, 26.700000000000003, 26.099999999999994, 25.599999999999994, 25.0, 24.5, 24.0, 22.900000000000006, 22.299999999999997, 21.799999999999997, 21.200000000000003, 20.700000000000003, 20.200000000000003, 19.599999999999994, 19.099999999999994, 18.5, 18.0, 17.400000000000006, 16.900000000000006, 16.400000000000006, 15.799999999999997, 15.299999999999997, 14.700000000000003, 14.200000000000003, 13.599999999999994, 13.099999999999994, 12.5, 12.0, 11.5, 10.900000000000006, 10.400000000000006, 9.799999999999997, 9.299999999999997, 8.700000000000003, 8.200000000000003, 7.099999999999994, 6.599999999999994, 6.0, 5.5, 4.900000000000006, 4.400000000000006, 3.299999999999997, 2.200000000000003, 1.7000000000000028, 1.0999999999999943, -0.5], "x": [561, 621, 685, 690, 700, 716, 724, 734, 746, 782, 785, 805, 812, 815, 820, 822, 835, 838, 849, 851, 867, 879, 881, 884, 886, 900, 901, 927, 939, 942, 946, 951, 978, 985, 1015, 1037, 1045, 1051, 1060, 1065, 1067, 1072, 1088, 1115, 1132, 1142, 1151, 1163, 1165, 1166, 1175, 1233, 1239, 1253, 1262, 1266, 1269, 1273, 1286, 1322, 1328, 1346, 1349, 1350, 1353, 1359, 1364, 1369, 1401, 1416, 1425, 1430, 1433, 1438, 1439, 1443, 1455, 1481, 1512, 1518, 1540, 1562, 1581, 1592, 1613, 1620, 1626, 1641, 1673, 1686, 1702, 1714, 1716, 1725, 1727, 1729, 1738, 1767, 1787, 1838, 1847, 1884, 1888, 1905, 1933, 1948, 1962, 1973, 2012, 2018, 2073, 2094, 2101, 2162, 2190, 2238, 2253, 2257, 2258, 2259, 2323, 2334, 2371, 2377, 2399, 2402, 2406, 2407, 2409, 2411, 2414, 2419, 2422, 2424, 2435, 2439, 2446, 2448, 2450, 2456, 2457, 2458, 2483, 2492, 2493, 2504, 2506, 2507, 2510, 2512, 2517, 2523, 2530, 2538, 2542, 2550, 2567, 2584, 2595, 2596, 2604, 2620, 2626, 2655, 2664, 2667, 2726, 2741, 2774, 2787, 2806, 2813, 2821, 2831]}}