{"percentile": {"y": [98.8, 97.6, 96.4, 95.2, 94.0, 92.7, 91.5, 90.3, 89.1, 87.9, 86.6, 85.4, 84.2, 83.0, 81.8, 80.5, 79.3, 78.1, 76.9, 75.7, 74.4, 73.2, 72.0, 70.8, 69.6, 68.3, 67.1, 65.9, 64.7, 63.5, 62.2, 61.0, 59.8, 58.6, 57.4, 56.1, 54.9, 53.7, 52.5, 51.3, 50.0, 48.8, 47.6, 46.4, 45.2, 44.0, 42.7, 40.3, 39.1, 37.9, 36.6, 35.400000000000006, 34.2, 33.0, 31.799999999999997, 30.5, 29.299999999999997, 28.099999999999994, 26.900000000000006, 25.700000000000003, 24.400000000000006, 23.200000000000003, 22.0, 20.799999999999997, 18.299999999999997, 17.099999999999994, 15.900000000000006, 14.700000000000003, 13.5, 12.200000000000003, 11.0, 9.799999999999997, 8.599999999999994, 7.400000000000006, 6.099999999999994, 4.900000000000006, 3.700000000000003, 2.5, 1.2999999999999972, 0.0, -1.2000000000000028], "x": [690, 696, 858, 893, 909, 951, 955, 957, 976, 980, 1026, 1031, 1065, 1076, 1077, 1088, 1122, 1150, 1151, 1162, 1164, 1165, 1190, 1232, 1234, 1239, 1282, 1304, 1308, 1310, 1313, 1318, 1322, 1329, 1343, 1361, 1366, 1389, 1402, 1477, 1483, 1511, 1516, 1518, 1541, 1546, 1609, 1617, 1677, 1790, 1836, 1843, 1900, 1964, 2076, 2113, 2164, 2209, 2320, 2342, 2403, 2417, 2418, 2426, 2435, 2455, 2457, 2477, 2485, 2520, 2537, 2573, 2595, 2600, 2617, 2641, 2643, 2698, 2796, 2828, 2837]}, "histogram": {"y": [2, 0, 0, 0, 0, 0, 0, 0, 0, 0, 0, 1, 0, 1, 1, 0, 0, 3, 0, 2, 0, 0, 2, 0, 0, 3, 1, 0, 1, 0, 2, 3, 0, 1, 0, 0, 3, 0, 0, 1, 1, 4, 2, 1, 1, 1, 1, 1, 0, 0, 0, 0, 2, 0, 1, 2, 1, 1, 0, 0, 0, 3, 0, 0, 0, 1, 0, 0, 0, 0, 0, 0, 0, 1, 0, 0, 2, 0, 0, 0, 1, 0, 0, 0, 1, 0, 0, 0, 0, 0, 0, 0, 1, 0, 1, 0, 0, 0, 1, 0, 0, 1, 0, 0, 0, 0, 0, 0, 1, 0, 1, 0, 0, 0, 1, 3, 2, 2, 0, 2, 0, 0, 1, 1, 0, 1, 0, 2, 1, 0, 2, 0, 0, 1, 0, 0, 0, 0, 0, 0, 1, 0, 1, 1, 0], "x": [690.0, 705.0, 720.0, 735.0, 750.0, 765.0, 780.0, 795.0, 810.0, 825.0, 840.0, 855.0, 870.0, 885.0, 900.0, 915.0, 930.0, 945.0, 960.0, 975.0, 990.0, 1005.0, 1020.0, 1035.0, 1050.0, 1065.0, 1080.0, 1095.0, 1110.0, 1125.0, 1140.0, 1155.0, 1170.0, 1185.0, 1200.0, 1215.0, 1230.0, 1245.0, 1260.0, 1275.0, 1290.0, 1305.0, 1320.0, 1335.0, 1350.0, 1365.0, 1380.0, 1395.0, 1410.0, 1425.0, 1440.0, 1455.0, 1470.0, 1485.0, 1500.0, 1515.0, 1530.0, 1545.0, 1560.0, 1575.0, 1590.0, 1605.0, 1620.0, 1635.0, 1650.0, 1665.0, 1680.0, 1695.0, 1710.0, 1725.0, 1740.0, 1755.0, 1770.0, 1785.0, 1800.0, 1815.0, 1830.0, 1845.0, 1860.0, 1875.0, 1890.0, 1905.0, 1920.0, 1935.0, 1950.0, 1965.0, 1980.0, 1995.0, 2010.0, 2025.0, 2040.0, 2055.0, 2070.0, 2085.0, 2100.0, 2115.0, 2130.0, 2145.0, 2160.0, 2175.0, 2190.0, 2205.0, 2220.0, 2235.0, 2250.0, 2265.0, 2280.0, 2295.0, 2310.0, 2325.0, 2340.0, 2355.0, 2370.0, 2385.0, 2400.0, 2415.0, 2430.0, 2445.0, 2460.0, 2475.0, 2490.0, 2505.0, 2520.0, 2535.0, 2550.0, 2565.0, 2580.0, 2595.0, 2610.0, 2625.0, 2640.0, 2655.0, 2670.0, 2685.0, 2700.0, 2715.0, 2730.0, 2745.0, 2760.0, 2775.0, 2790.0, 2805.0, 2820.0, 2835.0, 2850.0]}}