{"percentile": {"y": [97.9, 95.7, 93.5, 91.4, 89.2, 87.0, 84.8, 82.7, 80.5, 78.3, 76.1, 71.8, 69.6, 67.4, 65.3, 63.1, 60.9, 58.7, 56.6, 54.4, 52.2, 50.0, 47.9, 45.7, 43.5, 41.4, 39.2, 37.0, 34.8, 32.7, 30.5, 28.299999999999997, 26.099999999999994, 24.0, 21.799999999999997, 19.599999999999994, 17.400000000000006, 15.299999999999997, 13.099999999999994, 10.900000000000006, 8.700000000000003, 6.599999999999994, 4.400000000000006, 2.200000000000003, 0.0, -2.0999999999999943], "x": [449, 493, 496, 534, 535, 546, 547, 573, 577, 581, 589, 594, 595, 613, 622, 626, 650, 658, 660, 662, 707, 709, 712, 713, 717, 724, 777, 799, 805, 854, 859, 862, 910, 926, 942, 951, 975, 1000, 1083, 1101, 1133, 1376, 1399, 1622, 1745, 2167]}, "histogram": {"y": [1, 0, 0, 1, 1, 0, 2, 2, 0, 3, 4, 1, 2, 0, 2, 2, 0, 0, 5, 1, 0, 0, 1, 0, 2, 0, 0, 1, 2, 0, 0, 1, 1, 1, 1, 0, 1, 1, 0, 0, 0, 0, 0, 1, 1, 0, 1, 0, 0, 0, 0, 0, 0, 0, 0, 0, 0, 0, 0, 0, 0, 0, 1, 0, 1, 0, 0, 0, 0, 0, 0, 0, 0, 0, 0, 0, 0, 0, 0, 1, 0, 0, 0, 0, 0, 0, 0, 1, 0, 0, 0, 0, 0, 0, 0, 0, 0, 0, 0, 0, 0, 0, 0, 0, 0, 0, 0, 0, 0, 0, 0, 0, 0, 0, 0, 1], "x": [435.0, 450.0, 465.0, 480.0, 495.0, 510.0, 525.0, 540.0, 555.0, 570.0, 585.0, 600.0, 615.0, 630.0, 645.0, 660.0, 675.0, 690.0, 705.0, 720.0, 735.0, 750.0, 765.0, 780.0, 795.0, 810.0, 825.0, 840.0, 855.0, 870.0, 885.0, 900.0, 915.0, 930.0, 945.0, 960.0, 975.0, 990.0, 1005.0, 1020.0, 1035.0, 1050.0, 1065.0, 1080.0, 1095.0, 1110.0, 1125.0, 1140.0, 1155.0, 1170.0, 1185.0, 1200.0, 1215.0, 1230.0, 1245.0, 1260.0, 1275.0, 1290.0, 1305.0, 1320.0, 1335.0, 1350.0, 1365.0, 1380.0, 1395.0, 1410.0, 1425.0, 1440.0, 1455.0, 1470.0, 1485.0, 1500.0, 1515.0, 1530.0, 1545.0, 1560.0, 1575.0, 1590.0, 1605.0, 1620.0, 1635.0, 1650.0, 1665.0, 1680.0, 1695.0, 1710.0, 1725.0, 1740.0, 1755.0, 1770.0, 1785.0, 1800.0, 1815.0, 1830.0, 1845.0, 1860.0, 1875.0, 1890.0, 1905.0, 1920.0, 1935.0, 1950.0, 1965.0, 1980.0, 1995.0, 2010.0, 2025.0, 2040.0, 2055.0, 2070.0, 2085.0, 2100.0, 2115.0, 2130.0, 2145.0, 2160.0]}}