{"percentile": {"x": [440, 532, 534, 557, 571, 582, 585, 592, 623, 629, 636, 637, 650, 664, 666, 678, 679, 718, 725, 733, 735, 744, 761, 768, 772, 783, 785, 787, 789, 792, 800, 803, 816, 817, 821, 825, 826, 835, 839, 843, 844, 847, 854, 857, 858, 878, 881, 886, 890, 896, 897, 899, 901, 903, 904, 913, 914, 915, 916, 917, 920, 923, 926, 930, 932, 936, 940, 945, 953, 962, 972, 975, 976, 978, 985, 990, 995, 999, 1000, 1001, 1011, 1016, 1019, 1025, 1028, 1033, 1035, 1041, 1047, 1051, 1054, 1058, 1061, 1062, 1067, 1069, 1075, 1080, 1081, 1085, 1088, 1091, 1094, 1097, 1099, 1100, 1104, 1114, 1122, 1123, 1138, 1140, 1145, 1146, 1149, 1150, 1160, 1164, 1167, 1183, 1186, 1189, 1194, 1196, 1202, 1204, 1215, 1217, 1233, 1234, 1235, 1238, 1239, 1241, 1243, 1244, 1248, 1255, 1256, 1258, 1264, 1272, 1283, 1295, 1298, 1309, 1318, 1319, 1325, 1330, 1335, 1338, 1339, 1343, 1356, 1364, 1372, 1417, 1418, 1419, 1427, 1428, 1438, 1440, 1459, 1466, 1471, 1489, 1500, 1513, 1521, 1536, 1537, 1543, 1549, 1555, 1562, 1570, 1585, 1594, 1601, 1608, 1632, 1655, 1662, 1696, 1698, 1725, 1729, 1731, 1740, 1767, 1770, 1775, 1794, 1798, 1799, 1813, 1833, 1847, 1915, 1951, 2053, 2075, 2105, 2134, 2216, 2258, 2262, 2326, 2329, 2330, 2350, 2351, 2381, 2399, 2415, 2427, 2428, 2440, 2459, 2463, 2471, 2472, 2474, 2475, 2479, 2480, 2484, 2488, 2497, 2506, 2523, 2534, 2541, 2545, 2547, 2554, 2572, 2591, 2606, 2609, 2615, 2620, 2662, 2690, 2699, 2787, 2794, 2821, 2825, 2831, 2839], "y": [99.7, 99.3, 99.0, 98.6, 98.2, 97.9, 97.5, 97.1, 96.8, 96.4, 96.0, 95.7, 95.3, 94.9, 94.6, 94.2, 93.8, 93.5, 92.7, 92.4, 92.0, 91.6, 91.3, 90.9, 90.5, 90.2, 89.4, 89.1, 88.7, 88.3, 88.0, 87.6, 87.2, 86.9, 86.5, 86.1, 85.8, 85.0, 84.7, 84.3, 83.9, 83.6, 83.2, 82.8, 82.5, 81.7, 81.4, 80.6, 80.3, 79.9, 79.5, 78.8, 78.4, 78.1, 77.7, 77.3, 77.0, 76.6, 76.2, 75.9, 75.5, 75.1, 74.8, 74.4, 74.0, 73.7, 73.3, 72.9, 72.6, 72.2, 71.8, 71.5, 71.1, 70.7, 70.4, 70.0, 69.6, 69.3, 68.9, 68.5, 68.2, 67.8, 67.4, 67.1, 66.7, 66.0, 65.6, 64.9, 64.5, 64.2, 63.8, 63.4, 63.1, 62.7, 62.3, 62.0, 60.9, 60.1, 59.8, 59.4, 59.0, 58.3, 57.9, 57.6, 57.2, 56.8, 56.5, 56.1, 55.7, 55.4, 55.0, 54.6, 54.3, 53.9, 53.5, 53.2, 52.8, 52.4, 52.1, 51.7, 51.3, 51.0, 50.6, 49.9, 49.5, 49.1, 48.8, 48.4, 48.0, 47.7, 47.3, 46.9, 46.6, 46.2, 45.8, 45.5, 45.1, 44.7, 44.4, 44.0, 43.6, 43.3, 42.9, 42.5, 42.2, 41.8, 41.4, 41.1, 40.7, 40.3, 40.0, 39.6, 39.2, 38.9, 38.5, 38.1, 37.8, 37.4, 37.0, 36.7, 35.900000000000006, 35.599999999999994, 35.2, 34.8, 34.5, 34.099999999999994, 33.7, 33.400000000000006, 33.0, 32.7, 32.3, 31.900000000000006, 31.599999999999994, 31.200000000000003, 30.5, 30.099999999999994, 29.700000000000003, 29.400000000000006, 29.0, 28.599999999999994, 27.900000000000006, 27.5, 27.200000000000003, 26.799999999999997, 26.099999999999994, 25.700000000000003, 25.299999999999997, 25.0, 24.599999999999994, 24.200000000000003, 23.900000000000006, 23.5, 23.099999999999994, 22.799999999999997, 22.0, 21.700000000000003, 21.299999999999997, 20.900000000000006, 20.599999999999994, 20.200000000000003, 19.799999999999997, 19.099999999999994, 18.700000000000003, 18.400000000000006, 18.0, 17.599999999999994, 17.299999999999997, 16.900000000000006, 16.5, 16.200000000000003, 15.799999999999997, 15.400000000000006, 15.099999999999994, 14.700000000000003, 14.299999999999997, 14.0, 13.599999999999994, 13.200000000000003, 12.5, 12.099999999999994, 11.799999999999997, 11.400000000000006, 11.0, 10.700000000000003, 10.299999999999997, 9.900000000000006, 9.599999999999994, 9.200000000000003, 8.799999999999997, 8.099999999999994, 7.700000000000003, 7.400000000000006, 7.0, 6.599999999999994, 6.299999999999997, 5.900000000000006, 5.5, 5.200000000000003, 4.799999999999997, 4.400000000000006, 4.099999999999994, 3.700000000000003, 3.299999999999997, 3.0, 2.5999999999999943, 2.200000000000003, 1.9000000000000057, 1.5, 1.0999999999999943, 0.7999999999999972, 0.4000000000000057, 0.0, -0.29999999999999716]}, "histogram": {"x": [435.0, 450.0, 465.0, 480.0, 495.0, 510.0, 525.0, 540.0, 555.0, 570.0, 585.0, 600.0, 615.0, 630.0, 645.0, 660.0, 675.0, 690.0, 705.0, 720.0, 735.0, 750.0, 765.0, 780.0, 795.0, 810.0, 825.0, 840.0, 855.0, 870.0, 885.0, 900.0, 915.0, 930.0, 945.0, 960.0, 975.0, 990.0, 1005.0, 1020.0, 1035.0, 1050.0, 1065.0, 1080.0, 1095.0, 1110.0, 1125.0, 1140.0, 1155.0, 1170.0, 1185.0, 1200.0, 1215.0, 1230.0, 1245.0, 1260.0, 1275.0, 1290.0, 1305.0, 1320.0, 1335.0, 1350.0, 1365.0, 1380.0, 1395.0, 1410.0, 1425.0, 1440.0, 1455.0, 1470.0, 1485.0, 1500.0, 1515.0, 1530.0, 1545.0, 1560.0, 1575.0, 1590.0, 1605.0, 1620.0, 1635.0, 1650.0, 1665.0, 1680.0, 1695.0, 1710.0, 1725.0, 1740.0, 1755.0, 1770.0, 1785.0, 1800.0, 1815.0, 1830.0, 1845.0, 1860.0, 1875.0, 1890.0, 1905.0, 1920.0, 1935.0, 1950.0, 1965.0, 1980.0, 1995.0, 2010.0, 2025.0, 2040.0, 2055.0, 2070.0, 2085.0, 2100.0, 2115.0, 2130.0, 2145.0, 2160.0, 2175.0, 2190.0, 2205.0, 2220.0, 2235.0, 2250.0, 2265.0, 2280.0, 2295.0, 2310.0, 2325.0, 2340.0, 2355.0, 2370.0, 2385.0, 2400.0, 2415.0, 2430.0, 2445.0, 2460.0, 2475.0, 2490.0, 2505.0, 2520.0, 2535.0, 2550.0, 2565.0, 2580.0, 2595.0, 2610.0, 2625.0, 2640.0, 2655.0, 2670.0, 2685.0, 2700.0, 2715.0, 2730.0, 2745.0, 2760.0, 2775.0, 2790.0, 2805.0, 2820.0, 2835.0], "y": [1, 0, 0, 0, 0, 0, 2, 0, 1, 2, 2, 0, 2, 2, 1, 2, 2, 0, 1, 3, 2, 1, 2, 6, 2, 3, 5, 4, 2, 3, 7, 5, 6, 4, 2, 2, 4, 5, 3, 4, 4, 5, 5, 8, 4, 3, 1, 5, 3, 1, 5, 2, 2, 8, 4, 2, 1, 2, 3, 2, 4, 2, 1, 0, 0, 3, 4, 1, 2, 1, 1, 2, 1, 3, 3, 2, 1, 3, 1, 1, 0, 3, 0, 0, 2, 0, 3, 1, 1, 2, 4, 1, 0, 1, 1, 0, 0, 0, 1, 0, 0, 2, 0, 0, 0, 0, 0, 1, 0, 1, 0, 1, 0, 1, 0, 0, 0, 0, 1, 0, 0, 2, 0, 0, 0, 0, 3, 2, 0, 1, 1, 0, 4, 1, 1, 4, 6, 1, 1, 2, 3, 1, 1, 1, 2, 2, 0, 0, 1, 0, 2, 0, 0, 0, 0, 0, 1, 1, 0, 3, 1]}}