{"histogram": {"y": [1, 0, 1, 0, 2, 0, 1, 2, 0, 2, 0, 4, 4, 3, 0, 1, 3, 0, 3, 0, 2, 2, 1, 1, 2, 0, 1, 1, 2, 2, 0, 0, 0, 1, 0, 1, 0, 0, 0, 0, 0, 1, 0, 2, 0, 0, 0, 2, 1, 0, 0, 0, 0, 0, 0, 0, 0, 0, 0, 1, 0, 0, 1, 0, 0, 0, 0, 0, 0, 0, 1, 0, 0, 0, 0, 0, 0, 0, 0, 0, 0, 0, 0, 0, 1, 0, 0, 0, 0, 0, 0, 0, 0, 0, 0, 1, 0, 0, 0, 0, 0, 0, 0, 0, 0, 0, 0, 0, 0, 0, 0, 1, 0], "x": [465.0, 480.0, 495.0, 510.0, 525.0, 540.0, 555.0, 570.0, 585.0, 600.0, 615.0, 630.0, 645.0, 660.0, 675.0, 690.0, 705.0, 720.0, 735.0, 750.0, 765.0, 780.0, 795.0, 810.0, 825.0, 840.0, 855.0, 870.0, 885.0, 900.0, 915.0, 930.0, 945.0, 960.0, 975.0, 990.0, 1005.0, 1020.0, 1035.0, 1050.0, 1065.0, 1080.0, 1095.0, 1110.0, 1125.0, 1140.0, 1155.0, 1170.0, 1185.0, 1200.0, 1215.0, 1230.0, 1245.0, 1260.0, 1275.0, 1290.0, 1305.0, 1320.0, 1335.0, 1350.0, 1365.0, 1380.0, 1395.0, 1410.0, 1425.0, 1440.0, 1455.0, 1470.0, 1485.0, 1500.0, 1515.0, 1530.0, 1545.0, 1560.0, 1575.0, 1590.0, 1605.0, 1620.0, 1635.0, 1650.0, 1665.0, 1680.0, 1695.0, 1710.0, 1725.0, 1740.0, 1755.0, 1770.0, 1785.0, 1800.0, 1815.0, 1830.0, 1845.0, 1860.0, 1875.0, 1890.0, 1905.0, 1920.0, 1935.0, 1950.0, 1965.0, 1980.0, 1995.0, 2010.0, 2025.0, 2040.0, 2055.0, 2070.0, 2085.0, 2100.0, 2115.0, 2130.0, 2145.0]}, "percentile": {"y": [98.2, 96.3, 94.5, 92.6, 90.8, 88.9, 87.1, 85.2, 83.4, 81.5, 79.7, 76.0, 74.1, 72.3, 70.4, 68.6, 64.9, 63.0, 61.2, 59.3, 57.5, 55.6, 53.8, 51.9, 50.0, 48.2, 46.3, 44.5, 42.6, 40.8, 38.9, 35.2, 33.400000000000006, 31.5, 29.700000000000003, 27.799999999999997, 26.0, 24.099999999999994, 22.299999999999997, 20.400000000000006, 18.599999999999994, 16.700000000000003, 14.900000000000006, 13.0, 11.200000000000003, 9.299999999999997, 7.5, 5.599999999999994, 3.799999999999997, 1.9000000000000057, 0.0, -1.7999999999999972], "x": [465, 506, 526, 527, 556, 576, 577, 609, 612, 630, 631, 644, 646, 653, 654, 657, 666, 674, 701, 707, 714, 715, 736, 740, 747, 765, 766, 791, 794, 796, 823, 828, 859, 878, 888, 895, 908, 912, 960, 992, 1090, 1123, 1124, 1180, 1184, 1186, 1350, 1406, 1521, 1738, 1895, 2138]}}