{"percentile": {"x": [554, 573, 614, 623, 670, 684, 704, 710, 720, 726, 731, 747, 748, 757, 764, 775, 783, 792, 796, 798, 801, 818, 835, 836, 840, 848, 852, 855, 859, 871, 881, 888, 893, 898, 913, 925, 930, 935, 936, 943, 947, 948, 954, 955, 959, 961, 968, 971, 972, 973, 974, 979, 980, 986, 990, 992, 1001, 1007, 1013, 1015, 1016, 1019, 1020, 1021, 1022, 1027, 1030, 1032, 1037, 1038, 1053, 1055, 1058, 1062, 1063, 1067, 1069, 1070, 1072, 1075, 1079, 1091, 1093, 1094, 1095, 1097, 1101, 1110, 1117, 1120, 1123, 1138, 1140, 1147, 1149, 1150, 1153, 1163, 1165, 1172, 1174, 1190, 1196, 1197, 1202, 1210, 1214, 1218, 1219, 1220, 1225, 1240, 1245, 1246, 1251, 1252, 1253, 1257, 1258, 1260, 1261, 1267, 1271, 1274, 1277, 1278, 1285, 1291, 1292, 1293, 1306, 1309, 1312, 1316, 1317, 1320, 1321, 1324, 1326, 1330, 1331, 1336, 1342, 1344, 1359, 1367, 1370, 1378, 1380, 1381, 1384, 1398, 1403, 1407, 1414, 1420, 1433, 1442, 1444, 1452, 1459, 1461, 1464, 1466, 1473, 1496, 1508, 1517, 1524, 1529, 1536, 1543, 1555, 1568, 1570, 1576, 1583, 1614, 1622, 1625, 1636, 1644, 1651, 1677, 1681, 1705, 1707, 1711, 1715, 1734, 1749, 1753, 1754, 1758, 1762, 1772, 1775, 1798, 1823, 1851, 1870, 1879, 1891, 1922, 1951, 2044, 2059, 2066, 2068, 2082, 2089, 2105, 2117, 2129, 2154, 2161, 2168, 2226, 2230, 2305, 2310, 2345, 2348, 2364, 2417, 2436, 2443, 2444, 2451, 2453, 2463, 2468, 2471, 2473, 2483, 2489, 2519, 2523, 2524, 2530, 2545, 2553, 2576, 2615, 2620, 2664, 2749, 2750, 2776], "y": [99.7, 99.3, 98.9, 98.6, 98.2, 97.8, 97.4, 97.1, 96.7, 96.3, 95.9, 95.6, 94.8, 94.4, 94.1, 93.7, 93.3, 92.9, 92.2, 91.8, 91.4, 91.1, 90.7, 90.3, 89.9, 89.6, 89.2, 88.4, 88.1, 87.3, 86.9, 86.6, 86.2, 85.8, 85.4, 85.1, 84.7, 84.3, 83.9, 83.6, 83.2, 82.8, 82.4, 82.1, 81.7, 81.3, 80.9, 80.6, 80.2, 79.8, 79.5, 79.1, 78.7, 78.3, 78.0, 77.6, 77.2, 76.8, 76.5, 76.1, 75.7, 75.3, 75.0, 74.6, 74.2, 73.8, 73.5, 73.1, 72.7, 72.0, 71.6, 70.8, 70.5, 69.7, 69.3, 69.0, 68.6, 68.2, 67.8, 67.5, 67.1, 66.7, 66.3, 66.0, 65.2, 64.8, 64.5, 64.1, 63.7, 63.3, 63.0, 62.2, 61.8, 61.1, 60.3, 60.0, 59.6, 59.2, 58.9, 58.5, 58.1, 57.7, 57.4, 57.0, 56.6, 56.2, 55.9, 55.5, 55.1, 54.7, 54.4, 54.0, 53.6, 53.2, 52.9, 52.5, 52.1, 51.7, 51.4, 51.0, 50.6, 50.2, 49.9, 49.5, 49.1, 48.7, 48.4, 48.0, 47.6, 47.2, 46.9, 46.5, 46.1, 45.7, 45.4, 45.0, 44.6, 44.2, 43.9, 43.5, 43.1, 42.7, 42.4, 42.0, 41.6, 40.9, 40.5, 40.1, 39.8, 39.4, 39.0, 38.6, 38.3, 37.9, 37.5, 37.1, 36.8, 36.4, 36.0, 35.599999999999994, 34.900000000000006, 34.5, 34.099999999999994, 33.8, 33.400000000000006, 33.0, 32.599999999999994, 31.900000000000006, 31.099999999999994, 30.799999999999997, 30.400000000000006, 30.0, 29.599999999999994, 29.299999999999997, 28.900000000000006, 28.5, 28.099999999999994, 27.799999999999997, 27.400000000000006, 27.0, 26.599999999999994, 26.299999999999997, 25.900000000000006, 25.5, 25.099999999999994, 24.799999999999997, 24.400000000000006, 24.0, 23.599999999999994, 23.299999999999997, 22.900000000000006, 22.5, 22.099999999999994, 21.400000000000006, 21.0, 20.599999999999994, 20.299999999999997, 19.900000000000006, 19.5, 19.200000000000003, 18.799999999999997, 18.400000000000006, 18.0, 17.700000000000003, 17.299999999999997, 16.900000000000006, 16.5, 16.200000000000003, 15.799999999999997, 15.400000000000006, 15.0, 14.700000000000003, 14.299999999999997, 13.900000000000006, 13.5, 13.200000000000003, 12.799999999999997, 12.400000000000006, 12.0, 11.700000000000003, 11.299999999999997, 10.900000000000006, 10.5, 9.799999999999997, 9.400000000000006, 9.0, 8.700000000000003, 8.299999999999997, 7.900000000000006, 7.5, 7.200000000000003, 6.799999999999997, 6.400000000000006, 6.0, 5.700000000000003, 5.299999999999997, 4.5, 4.200000000000003, 3.799999999999997, 3.4000000000000057, 3.0, 2.700000000000003, 2.299999999999997, 1.9000000000000057, 1.2000000000000028, 0.7999999999999972, 0.4000000000000057, 0.0, -0.29999999999999716]}, "histogram": {"x": [540.0, 555.0, 570.0, 585.0, 600.0, 615.0, 630.0, 645.0, 660.0, 675.0, 690.0, 705.0, 720.0, 735.0, 750.0, 765.0, 780.0, 795.0, 810.0, 825.0, 840.0, 855.0, 870.0, 885.0, 900.0, 915.0, 930.0, 945.0, 960.0, 975.0, 990.0, 1005.0, 1020.0, 1035.0, 1050.0, 1065.0, 1080.0, 1095.0, 1110.0, 1125.0, 1140.0, 1155.0, 1170.0, 1185.0, 1200.0, 1215.0, 1230.0, 1245.0, 1260.0, 1275.0, 1290.0, 1305.0, 1320.0, 1335.0, 1350.0, 1365.0, 1380.0, 1395.0, 1410.0, 1425.0, 1440.0, 1455.0, 1470.0, 1485.0, 1500.0, 1515.0, 1530.0, 1545.0, 1560.0, 1575.0, 1590.0, 1605.0, 1620.0, 1635.0, 1650.0, 1665.0, 1680.0, 1695.0, 1710.0, 1725.0, 1740.0, 1755.0, 1770.0, 1785.0, 1800.0, 1815.0, 1830.0, 1845.0, 1860.0, 1875.0, 1890.0, 1905.0, 1920.0, 1935.0, 1950.0, 1965.0, 1980.0, 1995.0, 2010.0, 2025.0, 2040.0, 2055.0, 2070.0, 2085.0, 2100.0, 2115.0, 2130.0, 2145.0, 2160.0, 2175.0, 2190.0, 2205.0, 2220.0, 2235.0, 2250.0, 2265.0, 2280.0, 2295.0, 2310.0, 2325.0, 2340.0, 2355.0, 2370.0, 2385.0, 2400.0, 2415.0, 2430.0, 2445.0, 2460.0, 2475.0, 2490.0, 2505.0, 2520.0, 2535.0, 2550.0, 2565.0, 2580.0, 2595.0, 2610.0, 2625.0, 2640.0, 2655.0, 2670.0, 2685.0, 2700.0, 2715.0, 2730.0, 2745.0, 2760.0, 2775.0], "y": [1, 0, 1, 0, 1, 1, 0, 0, 1, 1, 1, 1, 3, 3, 2, 1, 2, 4, 1, 2, 3, 3, 3, 3, 1, 1, 4, 5, 6, 3, 3, 5, 6, 3, 7, 6, 3, 4, 4, 2, 7, 2, 2, 3, 3, 4, 1, 7, 5, 3, 3, 5, 6, 3, 1, 4, 3, 3, 2, 1, 3, 5, 1, 1, 1, 5, 2, 1, 2, 2, 0, 1, 2, 2, 1, 1, 1, 2, 2, 1, 3, 3, 2, 1, 0, 1, 0, 1, 1, 1, 1, 0, 1, 0, 1, 0, 0, 0, 0, 0, 1, 3, 1, 1, 1, 2, 0, 1, 2, 0, 0, 0, 2, 0, 0, 0, 0, 1, 1, 0, 2, 2, 0, 0, 0, 1, 3, 2, 4, 2, 0, 2, 3, 1, 1, 1, 0, 0, 3, 0, 0, 1, 0, 0, 0, 0, 0, 2, 0, 1]}}