{"histogram": {"y": [1, 0, 0, 0, 0, 0, 1, 0, 1, 1, 0, 1, 1, 0, 0, 0, 1, 0, 1, 0, 0, 0, 0, 0, 2, 0, 1, 0, 1, 1, 1, 0, 1, 0, 0, 1, 0, 1, 2, 0, 0, 0, 1, 2, 2, 0, 0, 0, 0, 0, 0, 1, 0, 0, 0, 0, 1, 0, 1, 0, 1, 0, 2, 1, 0, 0, 0, 0, 0, 0, 2, 0, 0, 0, 0, 0, 0, 0, 0, 1, 0, 1, 1, 1, 0, 0, 0, 0, 0, 0, 0, 0, 0, 0, 0, 1, 0, 0, 0, 0, 0, 0, 1, 0, 1, 1, 1, 0, 1, 1, 0, 1, 1, 1, 2, 2, 1, 3, 2, 1, 2, 2, 2, 2, 1, 1, 1, 0, 1, 2, 1, 0, 0, 1, 0, 0, 1, 0, 0, 7, 0], "x": [735.0, 750.0, 765.0, 780.0, 795.0, 810.0, 825.0, 840.0, 855.0, 870.0, 885.0, 900.0, 915.0, 930.0, 945.0, 960.0, 975.0, 990.0, 1005.0, 1020.0, 1035.0, 1050.0, 1065.0, 1080.0, 1095.0, 1110.0, 1125.0, 1140.0, 1155.0, 1170.0, 1185.0, 1200.0, 1215.0, 1230.0, 1245.0, 1260.0, 1275.0, 1290.0, 1305.0, 1320.0, 1335.0, 1350.0, 1365.0, 1380.0, 1395.0, 1410.0, 1425.0, 1440.0, 1455.0, 1470.0, 1485.0, 1500.0, 1515.0, 1530.0, 1545.0, 1560.0, 1575.0, 1590.0, 1605.0, 1620.0, 1635.0, 1650.0, 1665.0, 1680.0, 1695.0, 1710.0, 1725.0, 1740.0, 1755.0, 1770.0, 1785.0, 1800.0, 1815.0, 1830.0, 1845.0, 1860.0, 1875.0, 1890.0, 1905.0, 1920.0, 1935.0, 1950.0, 1965.0, 1980.0, 1995.0, 2010.0, 2025.0, 2040.0, 2055.0, 2070.0, 2085.0, 2100.0, 2115.0, 2130.0, 2145.0, 2160.0, 2175.0, 2190.0, 2205.0, 2220.0, 2235.0, 2250.0, 2265.0, 2280.0, 2295.0, 2310.0, 2325.0, 2340.0, 2355.0, 2370.0, 2385.0, 2400.0, 2415.0, 2430.0, 2445.0, 2460.0, 2475.0, 2490.0, 2505.0, 2520.0, 2535.0, 2550.0, 2565.0, 2580.0, 2595.0, 2610.0, 2625.0, 2640.0, 2655.0, 2670.0, 2685.0, 2700.0, 2715.0, 2730.0, 2745.0, 2760.0, 2775.0, 2790.0, 2805.0, 2820.0, 2835.0]}, "percentile": {"y": [98.8, 97.6, 96.3, 95.1, 93.9, 92.6, 91.4, 90.2, 88.9, 87.7, 86.5, 85.2, 84.0, 82.8, 81.5, 80.3, 79.1, 77.8, 76.6, 75.4, 74.1, 72.9, 71.7, 70.4, 69.2, 68.0, 66.7, 65.5, 64.2, 63.0, 61.8, 60.5, 59.3, 58.1, 56.8, 55.6, 54.4, 53.1, 51.9, 50.7, 49.4, 48.2, 47.0, 45.7, 44.5, 43.3, 42.0, 40.8, 39.6, 38.3, 37.1, 35.900000000000006, 34.599999999999994, 33.400000000000006, 32.099999999999994, 29.700000000000003, 28.400000000000006, 27.200000000000003, 26.0, 24.700000000000003, 23.5, 22.299999999999997, 21.0, 19.799999999999997, 18.599999999999994, 17.299999999999997, 16.099999999999994, 14.900000000000006, 13.599999999999994, 12.400000000000006, 11.200000000000003, 9.900000000000006, 8.700000000000003, 7.5, 6.200000000000003, 5.0, 3.799999999999997, -1.2000000000000028], "x": [743, 836, 860, 881, 902, 927, 985, 1007, 1100, 1102, 1125, 1157, 1172, 1197, 1224, 1270, 1292, 1312, 1316, 1369, 1384, 1394, 1395, 1408, 1508, 1582, 1605, 1646, 1676, 1677, 1694, 1790, 1799, 1921, 1951, 1968, 1993, 2172, 2278, 2302, 2316, 2334, 2363, 2371, 2412, 2415, 2439, 2449, 2453, 2470, 2471, 2482, 2497, 2500, 2504, 2519, 2526, 2537, 2547, 2550, 2564, 2565, 2566, 2586, 2593, 2608, 2620, 2637, 2655, 2680, 2683, 2698, 2743, 2779, 2824, 2829, 2830, 2831]}}