{"percentile": {"y": [99.7, 99.3, 98.9, 98.5, 98.2, 97.8, 97.4, 97.0, 96.6, 96.3, 95.9, 95.5, 94.7, 94.4, 94.0, 93.6, 92.9, 92.5, 92.1, 91.7, 91.0, 90.2, 89.8, 89.4, 89.1, 88.7, 88.3, 87.9, 87.5, 87.2, 86.8, 86.4, 86.0, 85.7, 85.3, 84.9, 84.5, 84.1, 83.8, 83.4, 83.0, 82.6, 82.2, 81.9, 81.5, 81.1, 80.7, 80.4, 80.0, 79.6, 79.2, 78.5, 78.1, 77.7, 77.3, 76.6, 76.2, 75.8, 75.4, 75.0, 74.7, 74.3, 73.5, 73.2, 72.4, 72.0, 71.6, 71.3, 70.9, 70.5, 70.1, 69.7, 69.0, 68.6, 68.2, 67.9, 67.5, 67.1, 66.7, 65.6, 65.2, 64.8, 64.4, 64.1, 63.7, 63.3, 62.9, 62.5, 62.2, 61.8, 61.4, 61.0, 60.7, 60.3, 59.5, 59.1, 58.8, 58.4, 58.0, 57.6, 57.2, 56.5, 56.1, 55.4, 55.0, 54.6, 53.8, 53.1, 52.7, 52.3, 51.9, 51.6, 51.2, 50.8, 50.4, 50.0, 49.7, 49.3, 48.9, 48.5, 48.2, 47.8, 47.4, 46.6, 46.3, 45.9, 45.5, 45.1, 44.7, 44.4, 44.0, 43.2, 42.9, 42.5, 42.1, 41.3, 41.0, 40.6, 40.2, 39.8, 39.4, 39.1, 38.7, 38.3, 37.9, 37.5, 37.2, 36.8, 36.4, 36.0, 35.3, 34.900000000000006, 34.5, 34.099999999999994, 33.8, 33.400000000000006, 33.0, 32.599999999999994, 31.900000000000006, 31.5, 31.099999999999994, 30.700000000000003, 30.400000000000006, 30.0, 29.599999999999994, 29.200000000000003, 28.799999999999997, 28.099999999999994, 27.700000000000003, 27.299999999999997, 26.900000000000006, 26.599999999999994, 26.200000000000003, 25.799999999999997, 25.400000000000006, 25.0, 24.700000000000003, 24.299999999999997, 23.900000000000006, 23.5, 23.200000000000003, 22.799999999999997, 22.0, 21.599999999999994, 21.299999999999997, 20.900000000000006, 20.5, 20.099999999999994, 19.700000000000003, 19.400000000000006, 19.0, 18.599999999999994, 17.900000000000006, 17.5, 17.099999999999994, 16.700000000000003, 16.299999999999997, 16.0, 15.599999999999994, 15.200000000000003, 14.799999999999997, 14.400000000000006, 14.099999999999994, 13.700000000000003, 12.900000000000006, 12.5, 12.200000000000003, 11.799999999999997, 11.400000000000006, 11.0, 10.700000000000003, 10.299999999999997, 9.900000000000006, 8.799999999999997, 8.400000000000006, 8.0, 7.599999999999994, 7.200000000000003, 6.900000000000006, 6.5, 6.099999999999994, 5.700000000000003, 5.400000000000006, 4.599999999999994, 4.200000000000003, 3.5, 3.0999999999999943, 2.700000000000003, 2.299999999999997, 1.9000000000000057, 1.5999999999999943, 1.2000000000000028, 0.7999999999999972, 0.4000000000000057, 0.0, -0.29999999999999716], "x": [477, 537, 556, 572, 622, 630, 670, 679, 685, 703, 709, 716, 726, 742, 761, 762, 771, 805, 811, 818, 820, 821, 826, 828, 842, 854, 861, 862, 866, 870, 872, 873, 874, 876, 884, 887, 890, 891, 892, 893, 900, 911, 930, 933, 934, 938, 944, 950, 953, 963, 964, 967, 970, 978, 980, 989, 992, 993, 994, 997, 999, 1004, 1005, 1010, 1015, 1019, 1021, 1022, 1031, 1034, 1035, 1037, 1040, 1044, 1045, 1048, 1051, 1055, 1056, 1065, 1075, 1077, 1079, 1080, 1081, 1084, 1085, 1087, 1090, 1091, 1092, 1103, 1110, 1115, 1116, 1119, 1122, 1134, 1149, 1153, 1154, 1155, 1159, 1166, 1167, 1170, 1173, 1177, 1185, 1188, 1190, 1195, 1198, 1199, 1201, 1205, 1206, 1207, 1208, 1223, 1230, 1231, 1232, 1235, 1240, 1246, 1247, 1258, 1260, 1266, 1271, 1272, 1275, 1280, 1294, 1307, 1315, 1323, 1326, 1331, 1336, 1338, 1343, 1344, 1355, 1359, 1360, 1364, 1387, 1388, 1394, 1401, 1409, 1426, 1428, 1429, 1441, 1444, 1446, 1459, 1468, 1472, 1477, 1479, 1487, 1511, 1524, 1527, 1540, 1544, 1551, 1554, 1559, 1569, 1590, 1635, 1655, 1660, 1661, 1662, 1678, 1679, 1699, 1725, 1803, 1865, 1900, 1958, 1966, 1974, 1977, 1995, 2001, 2020, 2027, 2039, 2067, 2102, 2118, 2135, 2136, 2139, 2159, 2249, 2297, 2299, 2321, 2355, 2370, 2384, 2394, 2432, 2442, 2444, 2449, 2452, 2454, 2457, 2477, 2482, 2487, 2488, 2517, 2518, 2523, 2532, 2563, 2566, 2572, 2574, 2575, 2611, 2655, 2723, 2767, 2796]}, "histogram": {"y": [1, 0, 0, 0, 1, 0, 1, 1, 0, 0, 1, 1, 0, 1, 2, 1, 2, 2, 1, 2, 2, 0, 1, 6, 2, 2, 3, 6, 5, 2, 0, 5, 2, 5, 4, 6, 6, 4, 7, 3, 6, 8, 1, 6, 1, 3, 6, 5, 6, 5, 1, 6, 3, 5, 2, 1, 3, 3, 4, 4, 0, 4, 2, 0, 3, 4, 2, 3, 1, 1, 3, 2, 3, 1, 0, 1, 0, 0, 1, 4, 2, 0, 2, 0, 1, 0, 0, 0, 0, 1, 0, 0, 0, 1, 0, 1, 0, 0, 0, 1, 3, 0, 3, 1, 2, 0, 1, 0, 0, 1, 1, 3, 1, 0, 0, 0, 0, 0, 1, 0, 0, 0, 3, 1, 0, 0, 1, 2, 1, 0, 0, 5, 4, 0, 4, 0, 3, 3, 0, 1, 4, 0, 0, 1, 0, 0, 1, 0, 0, 0, 1, 0, 0, 1, 0, 1], "x": [465.0, 480.0, 495.0, 510.0, 525.0, 540.0, 555.0, 570.0, 585.0, 600.0, 615.0, 630.0, 645.0, 660.0, 675.0, 690.0, 705.0, 720.0, 735.0, 750.0, 765.0, 780.0, 795.0, 810.0, 825.0, 840.0, 855.0, 870.0, 885.0, 900.0, 915.0, 930.0, 945.0, 960.0, 975.0, 990.0, 1005.0, 1020.0, 1035.0, 1050.0, 1065.0, 1080.0, 1095.0, 1110.0, 1125.0, 1140.0, 1155.0, 1170.0, 1185.0, 1200.0, 1215.0, 1230.0, 1245.0, 1260.0, 1275.0, 1290.0, 1305.0, 1320.0, 1335.0, 1350.0, 1365.0, 1380.0, 1395.0, 1410.0, 1425.0, 1440.0, 1455.0, 1470.0, 1485.0, 1500.0, 1515.0, 1530.0, 1545.0, 1560.0, 1575.0, 1590.0, 1605.0, 1620.0, 1635.0, 1650.0, 1665.0, 1680.0, 1695.0, 1710.0, 1725.0, 1740.0, 1755.0, 1770.0, 1785.0, 1800.0, 1815.0, 1830.0, 1845.0, 1860.0, 1875.0, 1890.0, 1905.0, 1920.0, 1935.0, 1950.0, 1965.0, 1980.0, 1995.0, 2010.0, 2025.0, 2040.0, 2055.0, 2070.0, 2085.0, 2100.0, 2115.0, 2130.0, 2145.0, 2160.0, 2175.0, 2190.0, 2205.0, 2220.0, 2235.0, 2250.0, 2265.0, 2280.0, 2295.0, 2310.0, 2325.0, 2340.0, 2355.0, 2370.0, 2385.0, 2400.0, 2415.0, 2430.0, 2445.0, 2460.0, 2475.0, 2490.0, 2505.0, 2520.0, 2535.0, 2550.0, 2565.0, 2580.0, 2595.0, 2610.0, 2625.0, 2640.0, 2655.0, 2670.0, 2685.0, 2700.0, 2715.0, 2730.0, 2745.0, 2760.0, 2775.0, 2790.0]}}