{"percentile": {"x": [437, 454, 462, 463, 469, 471, 477, 478, 482, 486, 501, 505, 506, 507, 508, 510, 511, 514, 516, 519, 522, 537, 539, 540, 546, 549, 550, 552, 553, 564, 567, 568, 570, 572, 573, 575, 577, 578, 579, 580, 582, 583, 585, 586, 587, 588, 594, 595, 596, 600, 601, 603, 608, 610, 611, 614, 615, 620, 621, 622, 624, 635, 636, 637, 641, 643, 644, 645, 649, 656, 657, 659, 660, 663, 664, 666, 667, 670, 672, 674, 675, 681, 686, 687, 691, 693, 696, 699, 700, 701, 702, 706, 707, 709, 712, 713, 714, 716, 717, 719, 720, 721, 722, 723, 726, 731, 733, 735, 738, 740, 741, 748, 750, 754, 760, 762, 765, 768, 769, 770, 773, 776, 780, 782, 785, 802, 803, 808, 816, 822, 826, 829, 839, 840, 843, 844, 847, 854, 859, 861, 869, 870, 871, 875, 881, 883, 884, 885, 892, 899, 909, 910, 915, 916, 935, 937, 939, 943, 956, 958, 967, 973, 977, 985, 987, 988, 992, 993, 1019, 1023, 1028, 1057, 1074, 1075, 1127, 1128, 1160, 1186, 1198, 1216, 1227, 1245, 1254, 1272, 1286, 1288, 1316, 1380, 1431, 1496, 1550, 1722, 1992, 2485, 2664], "y": [99.6, 99.1, 98.7, 98.2, 97.8, 97.3, 96.4, 96.0, 95.5, 95.0, 94.6, 94.1, 93.7, 93.2, 92.3, 91.9, 91.4, 91.0, 90.5, 90.0, 89.6, 89.1, 88.2, 87.3, 86.9, 86.4, 86.0, 85.5, 85.0, 84.6, 84.1, 83.2, 82.8, 82.3, 81.9, 81.4, 81.0, 80.5, 80.0, 79.6, 78.7, 77.8, 77.3, 76.9, 76.4, 76.0, 75.5, 75.0, 74.6, 74.1, 73.2, 72.8, 72.3, 71.9, 71.4, 71.0, 70.0, 69.6, 69.1, 68.7, 68.2, 67.8, 67.3, 66.9, 66.4, 66.0, 65.5, 65.0, 64.6, 63.7, 63.2, 62.3, 61.4, 60.5, 60.0, 59.6, 59.1, 58.2, 57.3, 56.9, 56.4, 56.0, 55.0, 54.6, 54.1, 53.7, 53.2, 52.8, 52.3, 51.9, 51.4, 51.0, 50.5, 50.0, 49.6, 49.1, 48.7, 48.2, 47.8, 47.3, 46.9, 46.4, 46.0, 45.0, 44.6, 43.7, 43.2, 42.8, 42.3, 41.4, 41.0, 40.5, 40.0, 39.6, 39.1, 38.7, 38.2, 37.8, 37.3, 36.9, 36.4, 35.5, 35.0, 34.599999999999994, 34.099999999999994, 33.7, 33.2, 32.8, 32.3, 31.900000000000006, 31.400000000000006, 31.0, 30.5, 30.0, 29.599999999999994, 29.099999999999994, 28.700000000000003, 27.799999999999997, 27.299999999999997, 26.900000000000006, 26.400000000000006, 26.0, 25.5, 25.0, 24.599999999999994, 24.099999999999994, 23.700000000000003, 23.200000000000003, 22.799999999999997, 22.299999999999997, 21.400000000000006, 21.0, 20.0, 19.599999999999994, 19.099999999999994, 18.700000000000003, 17.799999999999997, 17.299999999999997, 16.900000000000006, 16.400000000000006, 16.0, 15.5, 15.0, 14.599999999999994, 14.099999999999994, 13.700000000000003, 13.200000000000003, 12.799999999999997, 12.299999999999997, 11.400000000000006, 11.0, 10.5, 10.0, 9.099999999999994, 8.700000000000003, 8.200000000000003, 7.799999999999997, 7.299999999999997, 6.900000000000006, 6.400000000000006, 6.0, 5.5, 5.0, 4.599999999999994, 4.099999999999994, 3.700000000000003, 3.200000000000003, 2.799999999999997, 2.299999999999997, 1.9000000000000057, 1.4000000000000057, 1.0, 0.5, 0.0, -0.4000000000000057]}, "histogram": {"x": [435.0, 450.0, 465.0, 480.0, 495.0, 510.0, 525.0, 540.0, 555.0, 570.0, 585.0, 600.0, 615.0, 630.0, 645.0, 660.0, 675.0, 690.0, 705.0, 720.0, 735.0, 750.0, 765.0, 780.0, 795.0, 810.0, 825.0, 840.0, 855.0, 870.0, 885.0, 900.0, 915.0, 930.0, 945.0, 960.0, 975.0, 990.0, 1005.0, 1020.0, 1035.0, 1050.0, 1065.0, 1080.0, 1095.0, 1110.0, 1125.0, 1140.0, 1155.0, 1170.0, 1185.0, 1200.0, 1215.0, 1230.0, 1245.0, 1260.0, 1275.0, 1290.0, 1305.0, 1320.0, 1335.0, 1350.0, 1365.0, 1380.0, 1395.0, 1410.0, 1425.0, 1440.0, 1455.0, 1470.0, 1485.0, 1500.0, 1515.0, 1530.0, 1545.0, 1560.0, 1575.0, 1590.0, 1605.0, 1620.0, 1635.0, 1650.0, 1665.0, 1680.0, 1695.0, 1710.0, 1725.0, 1740.0, 1755.0, 1770.0, 1785.0, 1800.0, 1815.0, 1830.0, 1845.0, 1860.0, 1875.0, 1890.0, 1905.0, 1920.0, 1935.0, 1950.0, 1965.0, 1980.0, 1995.0, 2010.0, 2025.0, 2040.0, 2055.0, 2070.0, 2085.0, 2100.0, 2115.0, 2130.0, 2145.0, 2160.0, 2175.0, 2190.0, 2205.0, 2220.0, 2235.0, 2250.0, 2265.0, 2280.0, 2295.0, 2310.0, 2325.0, 2340.0, 2355.0, 2370.0, 2385.0, 2400.0, 2415.0, 2430.0, 2445.0, 2460.0, 2475.0, 2490.0, 2505.0, 2520.0, 2535.0, 2550.0, 2565.0, 2580.0, 2595.0, 2610.0, 2625.0, 2640.0, 2655.0, 2670.0], "y": [1, 3, 5, 2, 6, 6, 3, 7, 4, 12, 7, 8, 6, 6, 7, 12, 5, 7, 9, 9, 6, 4, 7, 3, 3, 2, 3, 6, 3, 6, 3, 3, 3, 5, 2, 2, 4, 2, 1, 3, 0, 1, 3, 0, 0, 0, 2, 0, 1, 0, 2, 0, 2, 0, 2, 1, 2, 0, 1, 0, 0, 0, 0, 1, 0, 0, 1, 0, 0, 0, 1, 0, 0, 0, 1, 0, 0, 0, 0, 0, 0, 0, 0, 0, 0, 1, 0, 0, 0, 0, 0, 0, 0, 0, 0, 0, 0, 0, 0, 0, 0, 0, 0, 1, 0, 0, 0, 0, 0, 0, 0, 0, 0, 0, 0, 0, 0, 0, 0, 0, 0, 0, 0, 0, 0, 0, 0, 0, 0, 0, 0, 0, 0, 0, 0, 0, 1, 0, 0, 0, 0, 0, 0, 0, 0, 0, 0, 0, 1, 0]}}