{"histogram": {"y": [1, 0, 0, 1, 0, 0, 1, 2, 2, 1, 4, 1, 0, 1, 2, 1, 2, 0, 1, 0, 3, 3, 1, 1, 0, 1, 1, 1, 1, 1, 1, 1, 0, 1, 1, 0, 1, 0, 1, 0, 1, 0, 1, 1, 1, 2, 0, 2, 0, 0, 0, 0, 0, 0, 0, 0, 0, 0, 0, 0, 0, 0, 1, 0, 0, 0, 0, 0, 0, 0, 0, 1, 0, 0, 0, 0, 0, 0, 0, 0, 0, 0, 0, 0, 0, 0, 0, 0, 0, 0, 0, 0, 0, 0, 0, 0, 0, 0, 0, 0, 0, 0, 0, 0, 1], "x": [435.0, 450.0, 465.0, 480.0, 495.0, 510.0, 525.0, 540.0, 555.0, 570.0, 585.0, 600.0, 615.0, 630.0, 645.0, 660.0, 675.0, 690.0, 705.0, 720.0, 735.0, 750.0, 765.0, 780.0, 795.0, 810.0, 825.0, 840.0, 855.0, 870.0, 885.0, 900.0, 915.0, 930.0, 945.0, 960.0, 975.0, 990.0, 1005.0, 1020.0, 1035.0, 1050.0, 1065.0, 1080.0, 1095.0, 1110.0, 1125.0, 1140.0, 1155.0, 1170.0, 1185.0, 1200.0, 1215.0, 1230.0, 1245.0, 1260.0, 1275.0, 1290.0, 1305.0, 1320.0, 1335.0, 1350.0, 1365.0, 1380.0, 1395.0, 1410.0, 1425.0, 1440.0, 1455.0, 1470.0, 1485.0, 1500.0, 1515.0, 1530.0, 1545.0, 1560.0, 1575.0, 1590.0, 1605.0, 1620.0, 1635.0, 1650.0, 1665.0, 1680.0, 1695.0, 1710.0, 1725.0, 1740.0, 1755.0, 1770.0, 1785.0, 1800.0, 1815.0, 1830.0, 1845.0, 1860.0, 1875.0, 1890.0, 1905.0, 1920.0, 1935.0, 1950.0, 1965.0, 1980.0, 1995.0]}, "percentile": {"y": [98.0, 96.0, 93.9, 91.9, 89.8, 87.8, 85.8, 83.7, 81.7, 79.6, 77.6, 75.6, 73.5, 71.5, 69.4, 67.4, 65.4, 63.3, 61.3, 59.2, 57.2, 55.2, 53.1, 51.1, 49.0, 47.0, 44.9, 42.9, 40.9, 38.8, 36.8, 34.7, 32.7, 30.700000000000003, 28.599999999999994, 26.599999999999994, 24.5, 22.5, 20.5, 18.400000000000006, 16.400000000000006, 14.299999999999997, 12.299999999999997, 10.299999999999997, 8.200000000000003, 6.200000000000003, 4.099999999999994, 2.0999999999999943, 0.0, -2.0], "x": [449, 483, 536, 548, 554, 559, 568, 580, 586, 589, 598, 599, 610, 636, 646, 655, 668, 675, 688, 705, 745, 747, 749, 753, 754, 755, 775, 780, 810, 831, 843, 857, 877, 898, 912, 941, 946, 987, 1017, 1037, 1074, 1080, 1106, 1114, 1120, 1145, 1154, 1377, 1507, 1997]}}