{"histogram": {"y": [1, 1, 0, 0, 1, 0, 0, 0, 0, 0, 0, 1, 1, 1, 0, 1, 1, 0, 2, 1, 2, 0, 0, 0, 0, 0, 0, 1, 1, 1, 0, 0, 0, 0, 0, 0, 0, 0, 0, 0, 0, 0, 0, 0, 0, 0, 0, 0, 0, 0, 0, 0, 1, 0, 1, 0], "x": [555.0, 570.0, 585.0, 600.0, 615.0, 630.0, 645.0, 660.0, 675.0, 690.0, 705.0, 720.0, 735.0, 750.0, 765.0, 780.0, 795.0, 810.0, 825.0, 840.0, 855.0, 870.0, 885.0, 900.0, 915.0, 930.0, 945.0, 960.0, 975.0, 990.0, 1005.0, 1020.0, 1035.0, 1050.0, 1065.0, 1080.0, 1095.0, 1110.0, 1125.0, 1140.0, 1155.0, 1170.0, 1185.0, 1200.0, 1215.0, 1230.0, 1245.0, 1260.0, 1275.0, 1290.0, 1305.0, 1320.0, 1335.0, 1350.0, 1365.0, 1380.0]}, "percentile": {"y": [94.2, 88.3, 82.4, 76.5, 70.6, 64.8, 58.9, 53.0, 47.1, 41.2, 35.3, 29.5, 23.599999999999994, 17.700000000000003, 11.799999999999997, 5.900000000000006, 0.0, -5.799999999999997], "x": [557, 570, 626, 729, 744, 757, 784, 804, 829, 831, 848, 859, 862, 961, 978, 998, 1337, 1370]}}