{"percentile": {"x": [721, 734, 736, 752, 759, 770, 783, 789, 809, 825, 870, 872, 894, 904, 956, 968, 986, 991, 1011, 1034, 1036, 1040, 1085, 1102, 1108, 1127, 1131, 1153, 1156, 1170, 1182, 1191, 1194, 1197, 1202, 1211, 1213, 1214, 1215, 1216, 1227, 1276, 1313, 1315, 1368, 1369, 1379, 1386, 1396, 1420, 1432, 1436, 1444, 1447, 1450, 1458, 1466, 1484, 1485, 1491, 1492, 1515, 1522, 1540, 1559, 1560, 1562, 1564, 1587, 1604, 1620, 1627, 1674, 1695, 1703, 1704, 1709, 1721, 1722, 1744, 1751, 1766, 1769, 1791, 1792, 1800, 1804, 1851, 1910, 1919, 1920, 1931, 1951, 1975, 1978, 1990, 1994, 2013, 2023, 2044, 2060, 2075, 2085, 2127, 2158, 2185, 2195, 2199, 2223, 2230, 2245, 2268, 2316, 2370, 2404, 2409, 2412, 2431, 2433, 2436, 2439, 2444, 2447, 2468, 2469, 2479, 2483, 2489, 2620, 2632, 2652, 2796, 2826, 2827], "y": [99.3, 98.6, 97.9, 97.1, 96.4, 95.7, 94.9, 94.2, 93.5, 92.8, 92.0, 91.3, 90.6, 89.8, 89.1, 88.4, 87.6, 86.9, 86.2, 85.5, 84.7, 84.0, 83.3, 82.5, 81.8, 81.1, 80.3, 79.6, 78.9, 78.2, 77.4, 76.7, 76.0, 75.2, 74.5, 73.8, 73.0, 72.3, 71.6, 70.9, 70.1, 69.4, 68.7, 67.9, 67.2, 66.5, 65.7, 65.0, 63.6, 62.8, 62.1, 61.4, 60.6, 59.9, 59.2, 58.4, 57.0, 56.3, 55.5, 54.8, 54.1, 53.3, 52.6, 51.9, 51.1, 50.4, 49.7, 49.0, 48.2, 47.5, 46.8, 46.0, 45.3, 44.6, 43.8, 43.1, 42.4, 41.7, 40.9, 40.2, 39.5, 38.7, 38.0, 36.5, 35.8, 35.099999999999994, 34.400000000000006, 33.599999999999994, 32.900000000000006, 32.2, 31.400000000000006, 30.700000000000003, 30.0, 29.200000000000003, 28.5, 27.799999999999997, 27.099999999999994, 26.299999999999997, 25.599999999999994, 24.900000000000006, 24.099999999999994, 23.400000000000006, 22.700000000000003, 21.900000000000006, 21.200000000000003, 20.5, 19.799999999999997, 19.0, 18.299999999999997, 17.599999999999994, 16.799999999999997, 16.099999999999994, 15.400000000000006, 14.599999999999994, 13.900000000000006, 13.200000000000003, 12.5, 11.700000000000003, 11.0, 10.299999999999997, 9.5, 8.799999999999997, 8.099999999999994, 7.299999999999997, 6.599999999999994, 5.900000000000006, 5.200000000000003, 4.400000000000006, 3.0, 2.200000000000003, 1.5, 0.7999999999999972, 0.0, -0.7000000000000028]}, "histogram": {"x": [720.0, 735.0, 750.0, 765.0, 780.0, 795.0, 810.0, 825.0, 840.0, 855.0, 870.0, 885.0, 900.0, 915.0, 930.0, 945.0, 960.0, 975.0, 990.0, 1005.0, 1020.0, 1035.0, 1050.0, 1065.0, 1080.0, 1095.0, 1110.0, 1125.0, 1140.0, 1155.0, 1170.0, 1185.0, 1200.0, 1215.0, 1230.0, 1245.0, 1260.0, 1275.0, 1290.0, 1305.0, 1320.0, 1335.0, 1350.0, 1365.0, 1380.0, 1395.0, 1410.0, 1425.0, 1440.0, 1455.0, 1470.0, 1485.0, 1500.0, 1515.0, 1530.0, 1545.0, 1560.0, 1575.0, 1590.0, 1605.0, 1620.0, 1635.0, 1650.0, 1665.0, 1680.0, 1695.0, 1710.0, 1725.0, 1740.0, 1755.0, 1770.0, 1785.0, 1800.0, 1815.0, 1830.0, 1845.0, 1860.0, 1875.0, 1890.0, 1905.0, 1920.0, 1935.0, 1950.0, 1965.0, 1980.0, 1995.0, 2010.0, 2025.0, 2040.0, 2055.0, 2070.0, 2085.0, 2100.0, 2115.0, 2130.0, 2145.0, 2160.0, 2175.0, 2190.0, 2205.0, 2220.0, 2235.0, 2250.0, 2265.0, 2280.0, 2295.0, 2310.0, 2325.0, 2340.0, 2355.0, 2370.0, 2385.0, 2400.0, 2415.0, 2430.0, 2445.0, 2460.0, 2475.0, 2490.0, 2505.0, 2520.0, 2535.0, 2550.0, 2565.0, 2580.0, 2595.0, 2610.0, 2625.0, 2640.0, 2655.0, 2670.0, 2685.0, 2700.0, 2715.0, 2730.0, 2745.0, 2760.0, 2775.0, 2790.0, 2805.0, 2820.0, 2835.0], "y": [2, 1, 2, 1, 2, 1, 0, 1, 0, 0, 2, 1, 1, 0, 0, 1, 1, 1, 1, 1, 1, 2, 0, 0, 1, 2, 0, 2, 1, 1, 2, 3, 4, 3, 0, 0, 0, 1, 0, 2, 0, 0, 0, 3, 1, 2, 1, 2, 3, 3, 1, 3, 0, 2, 1, 1, 3, 1, 1, 0, 2, 0, 0, 1, 0, 4, 2, 0, 2, 2, 0, 3, 2, 0, 0, 1, 0, 0, 0, 2, 2, 0, 1, 2, 2, 0, 2, 0, 1, 1, 1, 1, 0, 1, 0, 1, 0, 1, 2, 0, 2, 1, 0, 1, 0, 0, 1, 0, 0, 0, 1, 0, 3, 0, 5, 1, 2, 3, 0, 0, 0, 0, 0, 0, 0, 0, 2, 1, 1, 0, 0, 0, 0, 0, 0, 0, 0, 0, 1, 0, 2, 0]}}