{"histogram": {"x": [420.0, 435.0, 450.0, 465.0, 480.0, 495.0, 510.0, 525.0, 540.0, 555.0, 570.0, 585.0, 600.0, 615.0, 630.0, 645.0, 660.0, 675.0, 690.0, 705.0, 720.0, 735.0, 750.0, 765.0, 780.0, 795.0, 810.0, 825.0, 840.0, 855.0, 870.0, 885.0, 900.0, 915.0, 930.0, 945.0, 960.0, 975.0, 990.0, 1005.0, 1020.0, 1035.0, 1050.0, 1065.0, 1080.0, 1095.0, 1110.0, 1125.0, 1140.0, 1155.0, 1170.0, 1185.0, 1200.0, 1215.0, 1230.0, 1245.0, 1260.0, 1275.0, 1290.0, 1305.0, 1320.0, 1335.0, 1350.0, 1365.0, 1380.0, 1395.0, 1410.0, 1425.0, 1440.0, 1455.0, 1470.0, 1485.0], "y": [1, 1, 0, 0, 0, 0, 1, 0, 1, 1, 0, 0, 3, 1, 0, 0, 1, 0, 1, 0, 2, 2, 0, 1, 0, 0, 0, 0, 1, 0, 0, 0, 0, 1, 0, 0, 0, 0, 0, 1, 0, 0, 1, 0, 0, 0, 0, 0, 0, 1, 0, 0, 0, 0, 0, 0, 0, 0, 0, 0, 0, 0, 0, 0, 0, 0, 0, 0, 0, 0, 1, 0]}, "percentile": {"x": [428, 449, 523, 546, 560, 606, 610, 612, 623, 664, 700, 722, 734, 748, 749, 766, 840, 925, 1011, 1058, 1166, 1480], "y": [95.3, 90.5, 85.8, 81.0, 76.2, 71.5, 66.7, 62.0, 57.2, 52.4, 47.7, 42.9, 38.1, 33.400000000000006, 28.599999999999994, 23.900000000000006, 19.099999999999994, 14.299999999999997, 9.599999999999994, 4.799999999999997, 0.0, -4.700000000000003]}}