{"percentile": {"x": [789, 808, 826, 832, 873, 875, 909, 945, 971, 973, 986, 1006, 1010, 1013, 1059, 1066, 1069, 1071, 1098, 1110, 1115, 1116, 1122, 1127, 1130, 1136, 1141, 1152, 1173, 1175, 1176, 1192, 1199, 1217, 1239, 1244, 1270, 1281, 1306, 1308, 1324, 1332, 1334, 1337, 1344, 1355, 1361, 1368, 1373, 1381, 1382, 1395, 1400, 1408, 1422, 1423, 1451, 1463, 1465, 1469, 1477, 1479, 1488, 1496, 1499, 1509, 1526, 1534, 1552, 1555, 1572, 1595, 1634, 1680, 1705, 1708, 1717, 1727, 1729, 1738, 1739, 1761, 1764, 1825, 1920, 1922, 1928, 1946, 2019, 2121, 2163, 2175, 2181, 2222, 2232, 2252, 2306, 2349, 2375, 2389, 2405, 2430, 2434, 2439, 2441, 2450, 2482, 2490, 2498, 2512, 2520, 2523, 2527, 2529, 2532, 2561, 2584, 2589, 2601, 2602, 2637, 2645, 2664, 2780, 2831], "y": [99.3, 98.5, 97.7, 96.9, 96.1, 95.3, 94.5, 93.7, 92.9, 92.1, 91.3, 90.5, 89.7, 88.9, 88.1, 87.4, 86.6, 85.8, 85.0, 84.2, 83.4, 82.6, 81.8, 81.0, 80.2, 79.4, 78.6, 77.8, 77.0, 76.2, 75.4, 74.7, 73.9, 73.1, 72.3, 71.5, 70.7, 69.9, 69.1, 68.3, 67.5, 66.7, 65.9, 65.1, 64.3, 63.5, 62.7, 62.0, 61.2, 60.4, 59.6, 58.8, 58.0, 57.2, 56.4, 55.6, 54.8, 54.0, 53.2, 52.4, 51.6, 50.8, 50.0, 49.3, 48.5, 47.7, 46.9, 46.1, 45.3, 44.5, 43.7, 42.9, 42.1, 41.3, 40.5, 39.7, 38.9, 38.1, 37.4, 36.6, 35.8, 35.0, 34.2, 33.400000000000006, 32.599999999999994, 31.799999999999997, 31.0, 30.200000000000003, 29.400000000000006, 28.599999999999994, 27.799999999999997, 27.0, 26.200000000000003, 25.400000000000006, 24.700000000000003, 23.900000000000006, 23.099999999999994, 22.299999999999997, 21.5, 20.700000000000003, 19.900000000000006, 19.099999999999994, 18.299999999999997, 17.5, 16.700000000000003, 15.900000000000006, 14.299999999999997, 13.5, 12.700000000000003, 12.0, 11.200000000000003, 10.400000000000006, 9.599999999999994, 8.799999999999997, 8.0, 7.200000000000003, 6.400000000000006, 5.599999999999994, 4.799999999999997, 4.0, 3.200000000000003, 2.4000000000000057, 1.5999999999999943, 0.0, -0.7000000000000028]}, "histogram": {"x": [780.0, 795.0, 810.0, 825.0, 840.0, 855.0, 870.0, 885.0, 900.0, 915.0, 930.0, 945.0, 960.0, 975.0, 990.0, 1005.0, 1020.0, 1035.0, 1050.0, 1065.0, 1080.0, 1095.0, 1110.0, 1125.0, 1140.0, 1155.0, 1170.0, 1185.0, 1200.0, 1215.0, 1230.0, 1245.0, 1260.0, 1275.0, 1290.0, 1305.0, 1320.0, 1335.0, 1350.0, 1365.0, 1380.0, 1395.0, 1410.0, 1425.0, 1440.0, 1455.0, 1470.0, 1485.0, 1500.0, 1515.0, 1530.0, 1545.0, 1560.0, 1575.0, 1590.0, 1605.0, 1620.0, 1635.0, 1650.0, 1665.0, 1680.0, 1695.0, 1710.0, 1725.0, 1740.0, 1755.0, 1770.0, 1785.0, 1800.0, 1815.0, 1830.0, 1845.0, 1860.0, 1875.0, 1890.0, 1905.0, 1920.0, 1935.0, 1950.0, 1965.0, 1980.0, 1995.0, 2010.0, 2025.0, 2040.0, 2055.0, 2070.0, 2085.0, 2100.0, 2115.0, 2130.0, 2145.0, 2160.0, 2175.0, 2190.0, 2205.0, 2220.0, 2235.0, 2250.0, 2265.0, 2280.0, 2295.0, 2310.0, 2325.0, 2340.0, 2355.0, 2370.0, 2385.0, 2400.0, 2415.0, 2430.0, 2445.0, 2460.0, 2475.0, 2490.0, 2505.0, 2520.0, 2535.0, 2550.0, 2565.0, 2580.0, 2595.0, 2610.0, 2625.0, 2640.0, 2655.0, 2670.0, 2685.0, 2700.0, 2715.0, 2730.0, 2745.0, 2760.0, 2775.0, 2790.0, 2805.0, 2820.0, 2835.0], "y": [1, 1, 0, 2, 0, 0, 2, 0, 1, 0, 0, 1, 2, 1, 0, 3, 0, 0, 1, 3, 0, 1, 4, 3, 2, 0, 3, 2, 0, 1, 2, 0, 1, 1, 0, 2, 3, 2, 2, 2, 2, 3, 2, 0, 1, 3, 2, 3, 1, 1, 1, 2, 1, 0, 1, 0, 1, 0, 0, 0, 1, 2, 1, 4, 0, 2, 0, 0, 0, 1, 0, 0, 0, 0, 0, 0, 3, 1, 0, 0, 0, 0, 1, 0, 0, 0, 0, 0, 0, 1, 0, 0, 1, 2, 0, 0, 2, 0, 1, 0, 0, 1, 0, 0, 1, 0, 1, 1, 1, 0, 4, 1, 0, 2, 2, 1, 5, 0, 1, 0, 2, 2, 0, 1, 1, 1, 0, 0, 0, 0, 0, 0, 0, 2, 0, 0, 1, 0]}}