{"histogram": {"y": [1, 0, 0, 0, 0, 0, 0, 3, 1, 1, 4, 2, 0, 1, 3, 0, 1, 0, 2, 3, 1, 3, 0, 2, 0, 3, 0, 2, 0, 3, 2, 1, 0, 1, 0, 2, 2, 1, 0, 2, 1, 0, 2, 1, 0, 0, 2, 1, 0, 1, 0, 0, 0, 1, 2, 1, 0, 0, 0, 2, 3, 2, 0, 1, 0, 0, 0, 0, 3, 2, 1, 1, 0, 0, 1, 0, 0, 1, 0, 0, 1, 1, 0, 0, 0, 1, 0, 0, 0, 0, 0, 1, 2, 1, 0, 0, 0, 0, 0, 0, 0, 0, 0, 2, 0, 0, 0, 0, 0, 0, 0, 0, 0, 0, 0, 0, 0, 0, 0, 0, 0, 0, 0, 1, 1, 1, 1, 0, 1, 0, 1, 0, 2, 0, 3, 1, 0, 2, 0, 2, 2, 0, 0, 1, 0, 1, 1, 0, 0, 0, 0, 0, 0, 0, 0, 0, 0, 1, 1, 0], "x": [465.0, 480.0, 495.0, 510.0, 525.0, 540.0, 555.0, 570.0, 585.0, 600.0, 615.0, 630.0, 645.0, 660.0, 675.0, 690.0, 705.0, 720.0, 735.0, 750.0, 765.0, 780.0, 795.0, 810.0, 825.0, 840.0, 855.0, 870.0, 885.0, 900.0, 915.0, 930.0, 945.0, 960.0, 975.0, 990.0, 1005.0, 1020.0, 1035.0, 1050.0, 1065.0, 1080.0, 1095.0, 1110.0, 1125.0, 1140.0, 1155.0, 1170.0, 1185.0, 1200.0, 1215.0, 1230.0, 1245.0, 1260.0, 1275.0, 1290.0, 1305.0, 1320.0, 1335.0, 1350.0, 1365.0, 1380.0, 1395.0, 1410.0, 1425.0, 1440.0, 1455.0, 1470.0, 1485.0, 1500.0, 1515.0, 1530.0, 1545.0, 1560.0, 1575.0, 1590.0, 1605.0, 1620.0, 1635.0, 1650.0, 1665.0, 1680.0, 1695.0, 1710.0, 1725.0, 1740.0, 1755.0, 1770.0, 1785.0, 1800.0, 1815.0, 1830.0, 1845.0, 1860.0, 1875.0, 1890.0, 1905.0, 1920.0, 1935.0, 1950.0, 1965.0, 1980.0, 1995.0, 2010.0, 2025.0, 2040.0, 2055.0, 2070.0, 2085.0, 2100.0, 2115.0, 2130.0, 2145.0, 2160.0, 2175.0, 2190.0, 2205.0, 2220.0, 2235.0, 2250.0, 2265.0, 2280.0, 2295.0, 2310.0, 2325.0, 2340.0, 2355.0, 2370.0, 2385.0, 2400.0, 2415.0, 2430.0, 2445.0, 2460.0, 2475.0, 2490.0, 2505.0, 2520.0, 2535.0, 2550.0, 2565.0, 2580.0, 2595.0, 2610.0, 2625.0, 2640.0, 2655.0, 2670.0, 2685.0, 2700.0, 2715.0, 2730.0, 2745.0, 2760.0, 2775.0, 2790.0, 2805.0, 2820.0, 2835.0, 2850.0]}, "percentile": {"y": [99.1, 98.2, 97.2, 96.3, 95.4, 94.4, 93.5, 92.6, 90.7, 89.8, 88.8, 87.9, 87.0, 86.0, 85.1, 84.2, 83.2, 82.3, 81.4, 80.4, 79.5, 78.6, 77.6, 76.7, 75.8, 74.8, 73.9, 72.9, 72.0, 71.1, 70.1, 69.2, 68.3, 67.3, 66.4, 64.5, 63.6, 62.7, 61.7, 60.8, 59.9, 58.9, 58.0, 57.1, 56.1, 55.2, 54.3, 53.3, 52.4, 51.5, 50.5, 49.6, 48.6, 47.7, 46.8, 45.8, 44.9, 44.0, 43.0, 42.1, 41.2, 40.2, 39.3, 38.4, 37.4, 36.5, 35.599999999999994, 34.599999999999994, 32.8, 31.799999999999997, 30.900000000000006, 30.0, 29.0, 28.099999999999994, 27.200000000000003, 26.200000000000003, 25.299999999999997, 24.299999999999997, 23.400000000000006, 22.5, 21.5, 20.599999999999994, 19.700000000000003, 18.700000000000003, 17.799999999999997, 16.900000000000006, 15.900000000000006, 15.0, 14.099999999999994, 13.099999999999994, 12.200000000000003, 11.299999999999997, 10.299999999999997, 9.400000000000006, 8.5, 7.5, 6.599999999999994, 5.700000000000003, 4.700000000000003, 3.799999999999997, 2.9000000000000057, 1.9000000000000057, 1.0, 0.0, -0.9000000000000057], "x": [466, 575, 580, 584, 585, 604, 615, 620, 621, 633, 637, 667, 681, 683, 686, 711, 739, 744, 750, 755, 764, 766, 780, 781, 794, 814, 815, 843, 850, 852, 870, 871, 905, 908, 909, 922, 940, 965, 998, 1004, 1011, 1014, 1022, 1063, 1064, 1079, 1095, 1109, 1111, 1159, 1162, 1178, 1205, 1274, 1279, 1289, 1303, 1353, 1360, 1365, 1372, 1377, 1385, 1389, 1412, 1485, 1493, 1499, 1502, 1523, 1542, 1579, 1626, 1675, 1689, 1744, 1839, 1845, 1853, 1862, 2010, 2020, 2310, 2326, 2342, 2362, 2395, 2418, 2454, 2459, 2479, 2482, 2485, 2493, 2523, 2532, 2559, 2564, 2568, 2576, 2620, 2649, 2664, 2830, 2839]}}