{"percentile": {"y": [98.5, 97.0, 95.4, 93.9, 92.4, 90.8, 89.3, 87.7, 86.2, 84.7, 83.1, 81.6, 80.0, 78.5, 77.0, 75.4, 73.9, 72.4, 70.8, 69.3, 67.7, 66.2, 64.7, 63.1, 60.0, 58.5, 57.0, 53.9, 52.4, 50.8, 49.3, 47.7, 46.2, 44.7, 43.1, 41.6, 38.5, 37.0, 35.400000000000006, 33.900000000000006, 32.400000000000006, 30.799999999999997, 29.299999999999997, 27.700000000000003, 26.200000000000003, 24.700000000000003, 23.099999999999994, 21.599999999999994, 20.0, 18.5, 17.0, 15.400000000000006, 13.900000000000006, 12.400000000000006, 10.799999999999997, 9.299999999999997, 7.700000000000003, 6.200000000000003, 3.0999999999999943, 1.5999999999999943, 0.0, -1.5], "x": [522, 546, 550, 567, 591, 614, 617, 643, 667, 669, 673, 685, 686, 688, 692, 693, 700, 706, 723, 749, 792, 796, 800, 802, 806, 810, 812, 817, 831, 835, 838, 847, 881, 883, 884, 888, 907, 935, 940, 949, 967, 982, 998, 1043, 1047, 1089, 1108, 1109, 1122, 1139, 1155, 1175, 1176, 1267, 1315, 1414, 1622, 1667, 1856, 2137, 2522, 2708]}, "histogram": {"y": [1, 0, 2, 1, 0, 1, 1, 1, 1, 0, 3, 3, 3, 1, 1, 1, 0, 0, 1, 5, 4, 3, 1, 0, 3, 1, 2, 0, 2, 1, 1, 1, 1, 0, 0, 2, 0, 0, 1, 2, 1, 1, 0, 1, 2, 0, 0, 0, 0, 0, 1, 0, 0, 1, 0, 0, 0, 0, 0, 0, 1, 0, 0, 0, 0, 0, 0, 0, 0, 0, 0, 0, 0, 0, 1, 0, 0, 1, 0, 0, 0, 0, 0, 0, 0, 0, 0, 0, 0, 2, 0, 0, 0, 0, 0, 0, 0, 0, 0, 0, 0, 0, 0, 0, 0, 0, 0, 0, 1, 0, 0, 0, 0, 0, 0, 0, 0, 0, 0, 0, 0, 0, 0, 0, 0, 0, 0, 0, 0, 0, 0, 0, 0, 0, 1, 0, 0, 0, 0, 0, 0, 0, 0, 0, 0, 0, 1], "x": [510.0, 525.0, 540.0, 555.0, 570.0, 585.0, 600.0, 615.0, 630.0, 645.0, 660.0, 675.0, 690.0, 705.0, 720.0, 735.0, 750.0, 765.0, 780.0, 795.0, 810.0, 825.0, 840.0, 855.0, 870.0, 885.0, 900.0, 915.0, 930.0, 945.0, 960.0, 975.0, 990.0, 1005.0, 1020.0, 1035.0, 1050.0, 1065.0, 1080.0, 1095.0, 1110.0, 1125.0, 1140.0, 1155.0, 1170.0, 1185.0, 1200.0, 1215.0, 1230.0, 1245.0, 1260.0, 1275.0, 1290.0, 1305.0, 1320.0, 1335.0, 1350.0, 1365.0, 1380.0, 1395.0, 1410.0, 1425.0, 1440.0, 1455.0, 1470.0, 1485.0, 1500.0, 1515.0, 1530.0, 1545.0, 1560.0, 1575.0, 1590.0, 1605.0, 1620.0, 1635.0, 1650.0, 1665.0, 1680.0, 1695.0, 1710.0, 1725.0, 1740.0, 1755.0, 1770.0, 1785.0, 1800.0, 1815.0, 1830.0, 1845.0, 1860.0, 1875.0, 1890.0, 1905.0, 1920.0, 1935.0, 1950.0, 1965.0, 1980.0, 1995.0, 2010.0, 2025.0, 2040.0, 2055.0, 2070.0, 2085.0, 2100.0, 2115.0, 2130.0, 2145.0, 2160.0, 2175.0, 2190.0, 2205.0, 2220.0, 2235.0, 2250.0, 2265.0, 2280.0, 2295.0, 2310.0, 2325.0, 2340.0, 2355.0, 2370.0, 2385.0, 2400.0, 2415.0, 2430.0, 2445.0, 2460.0, 2475.0, 2490.0, 2505.0, 2520.0, 2535.0, 2550.0, 2565.0, 2580.0, 2595.0, 2610.0, 2625.0, 2640.0, 2655.0, 2670.0, 2685.0, 2700.0]}}