{"histogram": {"y": [2, 0, 0, 2, 4, 4, 1, 5, 5, 3, 3, 7, 1, 2, 0, 0, 4, 1, 7, 3, 1, 3, 3, 3, 3, 3, 1, 0, 1, 1, 0, 0, 0, 1, 0, 1, 1, 1, 0, 0, 0, 0, 1, 0, 0, 2, 0, 0, 0, 0, 1, 0, 0, 0, 0, 0, 0, 0, 0, 1, 0, 1, 1, 0, 1, 0, 0, 0, 0, 0, 0, 0, 0, 0, 0, 0, 0, 0, 0, 0, 0, 0, 0, 0, 1], "x": [465.0, 480.0, 495.0, 510.0, 525.0, 540.0, 555.0, 570.0, 585.0, 600.0, 615.0, 630.0, 645.0, 660.0, 675.0, 690.0, 705.0, 720.0, 735.0, 750.0, 765.0, 780.0, 795.0, 810.0, 825.0, 840.0, 855.0, 870.0, 885.0, 900.0, 915.0, 930.0, 945.0, 960.0, 975.0, 990.0, 1005.0, 1020.0, 1035.0, 1050.0, 1065.0, 1080.0, 1095.0, 1110.0, 1125.0, 1140.0, 1155.0, 1170.0, 1185.0, 1200.0, 1215.0, 1230.0, 1245.0, 1260.0, 1275.0, 1290.0, 1305.0, 1320.0, 1335.0, 1350.0, 1365.0, 1380.0, 1395.0, 1410.0, 1425.0, 1440.0, 1455.0, 1470.0, 1485.0, 1500.0, 1515.0, 1530.0, 1545.0, 1560.0, 1575.0, 1590.0, 1605.0, 1620.0, 1635.0, 1650.0, 1665.0, 1680.0, 1695.0, 1710.0, 1725.0]}, "percentile": {"y": [98.9, 97.7, 96.5, 95.3, 91.8, 90.6, 88.3, 87.1, 85.9, 84.8, 83.6, 82.4, 81.2, 80.0, 78.9, 77.7, 76.5, 75.3, 74.2, 73.0, 71.8, 70.6, 69.5, 68.3, 65.9, 64.8, 63.6, 61.2, 60.0, 58.9, 57.7, 56.5, 55.3, 54.2, 53.0, 50.6, 49.5, 48.3, 47.1, 45.9, 44.8, 42.4, 41.2, 40.0, 38.9, 37.7, 36.5, 35.3, 34.2, 33.0, 31.799999999999997, 30.599999999999994, 29.5, 28.299999999999997, 27.099999999999994, 25.900000000000006, 24.799999999999997, 23.599999999999994, 22.400000000000006, 21.200000000000003, 20.0, 17.700000000000003, 16.5, 15.299999999999997, 14.200000000000003, 13.0, 11.799999999999997, 10.599999999999994, 9.5, 8.299999999999997, 7.099999999999994, 5.900000000000006, 4.799999999999997, 3.5999999999999943, 2.4000000000000057, 1.2000000000000028, 0.0, -1.0999999999999943], "x": [473, 477, 512, 517, 533, 535, 540, 543, 550, 559, 571, 573, 574, 580, 582, 586, 588, 590, 596, 599, 600, 608, 612, 619, 627, 632, 633, 634, 638, 641, 642, 653, 669, 671, 705, 706, 708, 729, 737, 739, 742, 743, 745, 746, 754, 762, 763, 778, 780, 782, 786, 797, 799, 804, 814, 815, 821, 826, 830, 839, 840, 846, 860, 890, 911, 968, 1004, 1013, 1028, 1102, 1143, 1152, 1220, 1352, 1392, 1407, 1431, 1725]}}