{"histogram": {"y": [1, 0, 0, 1, 0, 1, 1, 0, 0, 2, 1, 1, 0, 1, 3, 0, 0, 1, 4, 0, 1, 0, 0, 2, 2, 1, 1, 0, 1, 0, 0, 0, 2, 1, 0, 2, 0, 1, 2, 1, 1, 0, 3, 1, 1, 0, 0, 2, 0, 0, 0, 0, 0, 1, 0, 1, 0, 0, 0, 1, 0, 1, 2, 1, 0, 0, 1, 0, 0, 1, 0, 0, 0, 2, 0, 0, 1, 0, 0, 0, 0, 0, 0, 0, 1, 2, 0, 0, 2, 0, 0, 1, 2, 0, 1, 1, 0, 1, 0, 0, 0, 1, 0, 0, 0, 0, 0, 0, 0, 0, 0, 0, 0, 0, 0, 0, 0, 0, 0, 0, 0, 0, 0, 0, 0, 1, 0, 1, 2, 0, 0, 1, 0, 0, 5, 0, 0, 3, 0, 0, 0, 0, 0, 0, 0, 0, 1], "x": [555.0, 570.0, 585.0, 600.0, 615.0, 630.0, 645.0, 660.0, 675.0, 690.0, 705.0, 720.0, 735.0, 750.0, 765.0, 780.0, 795.0, 810.0, 825.0, 840.0, 855.0, 870.0, 885.0, 900.0, 915.0, 930.0, 945.0, 960.0, 975.0, 990.0, 1005.0, 1020.0, 1035.0, 1050.0, 1065.0, 1080.0, 1095.0, 1110.0, 1125.0, 1140.0, 1155.0, 1170.0, 1185.0, 1200.0, 1215.0, 1230.0, 1245.0, 1260.0, 1275.0, 1290.0, 1305.0, 1320.0, 1335.0, 1350.0, 1365.0, 1380.0, 1395.0, 1410.0, 1425.0, 1440.0, 1455.0, 1470.0, 1485.0, 1500.0, 1515.0, 1530.0, 1545.0, 1560.0, 1575.0, 1590.0, 1605.0, 1620.0, 1635.0, 1650.0, 1665.0, 1680.0, 1695.0, 1710.0, 1725.0, 1740.0, 1755.0, 1770.0, 1785.0, 1800.0, 1815.0, 1830.0, 1845.0, 1860.0, 1875.0, 1890.0, 1905.0, 1920.0, 1935.0, 1950.0, 1965.0, 1980.0, 1995.0, 2010.0, 2025.0, 2040.0, 2055.0, 2070.0, 2085.0, 2100.0, 2115.0, 2130.0, 2145.0, 2160.0, 2175.0, 2190.0, 2205.0, 2220.0, 2235.0, 2250.0, 2265.0, 2280.0, 2295.0, 2310.0, 2325.0, 2340.0, 2355.0, 2370.0, 2385.0, 2400.0, 2415.0, 2430.0, 2445.0, 2460.0, 2475.0, 2490.0, 2505.0, 2520.0, 2535.0, 2550.0, 2565.0, 2580.0, 2595.0, 2610.0, 2625.0, 2640.0, 2655.0, 2670.0, 2685.0, 2700.0, 2715.0, 2730.0, 2745.0]}, "percentile": {"y": [98.8, 97.5, 96.3, 95.0, 93.7, 92.5, 91.2, 89.9, 88.7, 87.4, 86.1, 84.9, 83.6, 82.3, 81.1, 79.8, 78.5, 77.3, 76.0, 74.7, 73.5, 72.2, 70.9, 69.7, 68.4, 67.1, 65.9, 64.6, 62.1, 60.8, 59.5, 58.3, 57.0, 55.7, 54.5, 53.2, 51.9, 50.7, 49.4, 48.2, 46.9, 45.6, 44.4, 43.1, 41.8, 40.6, 39.3, 38.0, 36.8, 35.5, 34.2, 33.0, 31.700000000000003, 30.400000000000006, 29.200000000000003, 27.900000000000006, 26.599999999999994, 25.400000000000006, 24.099999999999994, 22.799999999999997, 21.599999999999994, 20.299999999999997, 19.0, 17.799999999999997, 16.5, 15.200000000000003, 14.0, 12.700000000000003, 11.400000000000006, 10.200000000000003, 8.900000000000006, 5.099999999999994, 3.799999999999997, 2.5999999999999943, 1.2999999999999972, 0.0, -1.2000000000000028], "x": [565, 607, 632, 654, 701, 703, 711, 733, 751, 766, 772, 777, 821, 827, 829, 830, 836, 866, 906, 909, 918, 929, 931, 954, 988, 1036, 1046, 1054, 1086, 1121, 1126, 1135, 1148, 1165, 1188, 1190, 1191, 1208, 1224, 1270, 1273, 1358, 1389, 1446, 1483, 1494, 1495, 1504, 1556, 1603, 1650, 1657, 1700, 1816, 1835, 1842, 1877, 1887, 1933, 1935, 1945, 1979, 1980, 2010, 2077, 2444, 2465, 2480, 2486, 2530, 2567, 2571, 2576, 2612, 2619, 2620, 2752]}}