{"histogram": {"y": [1, 0, 0, 0, 2, 1, 2, 0, 3, 2, 2, 4, 0, 3, 4, 2, 0, 2, 2, 0, 5, 2, 1, 4, 2, 4, 3, 2, 2, 5, 4, 5, 5, 2, 1, 4, 0, 3, 2, 1, 4, 3, 5, 1, 1, 4, 2, 1, 1, 2, 2, 0, 1, 5, 0, 2, 3, 3, 5, 2, 3, 0, 1, 2, 2, 1, 0, 4, 4, 1, 0, 1, 1, 2, 1, 2, 1, 0, 0, 1, 0, 1, 1, 1, 2, 2, 1, 0, 1, 1, 1, 0, 0, 1, 1, 0, 1, 0, 0, 0, 0, 0, 1, 0, 1, 0, 0, 0, 1, 1, 0, 0, 0, 1, 1, 1, 3, 0, 2, 1, 0, 0, 1, 1, 0, 0, 1, 1, 2, 3, 1, 1, 1, 2, 2, 0, 1, 1, 2, 0, 0, 1], "x": [495.0, 510.0, 525.0, 540.0, 555.0, 570.0, 585.0, 600.0, 615.0, 630.0, 645.0, 660.0, 675.0, 690.0, 705.0, 720.0, 735.0, 750.0, 765.0, 780.0, 795.0, 810.0, 825.0, 840.0, 855.0, 870.0, 885.0, 900.0, 915.0, 930.0, 945.0, 960.0, 975.0, 990.0, 1005.0, 1020.0, 1035.0, 1050.0, 1065.0, 1080.0, 1095.0, 1110.0, 1125.0, 1140.0, 1155.0, 1170.0, 1185.0, 1200.0, 1215.0, 1230.0, 1245.0, 1260.0, 1275.0, 1290.0, 1305.0, 1320.0, 1335.0, 1350.0, 1365.0, 1380.0, 1395.0, 1410.0, 1425.0, 1440.0, 1455.0, 1470.0, 1485.0, 1500.0, 1515.0, 1530.0, 1545.0, 1560.0, 1575.0, 1590.0, 1605.0, 1620.0, 1635.0, 1650.0, 1665.0, 1680.0, 1695.0, 1710.0, 1725.0, 1740.0, 1755.0, 1770.0, 1785.0, 1800.0, 1815.0, 1830.0, 1845.0, 1860.0, 1875.0, 1890.0, 1905.0, 1920.0, 1935.0, 1950.0, 1965.0, 1980.0, 1995.0, 2010.0, 2025.0, 2040.0, 2055.0, 2070.0, 2085.0, 2100.0, 2115.0, 2130.0, 2145.0, 2160.0, 2175.0, 2190.0, 2205.0, 2220.0, 2235.0, 2250.0, 2265.0, 2280.0, 2295.0, 2310.0, 2325.0, 2340.0, 2355.0, 2370.0, 2385.0, 2400.0, 2415.0, 2430.0, 2445.0, 2460.0, 2475.0, 2490.0, 2505.0, 2520.0, 2535.0, 2550.0, 2565.0, 2580.0, 2595.0, 2610.0]}, "percentile": {"y": [99.6, 98.6, 98.1, 97.6, 97.2, 96.7, 96.2, 95.7, 94.8, 94.3, 93.8, 93.3, 92.8, 92.4, 91.9, 91.4, 90.9, 90.4, 90.0, 89.5, 89.0, 88.5, 88.0, 87.5, 87.1, 86.6, 86.1, 85.6, 85.1, 84.7, 84.2, 83.7, 83.2, 82.7, 82.3, 81.8, 80.8, 80.3, 79.9, 79.4, 78.9, 78.4, 77.9, 77.5, 77.0, 76.5, 76.0, 75.5, 75.0, 74.6, 74.1, 73.6, 73.1, 72.2, 71.7, 71.2, 70.7, 69.8, 69.3, 68.8, 68.3, 67.8, 67.4, 66.9, 66.4, 65.9, 65.4, 65.0, 64.5, 64.0, 63.5, 63.0, 62.1, 61.1, 60.6, 60.1, 59.7, 59.2, 58.7, 58.2, 57.7, 57.3, 56.8, 56.3, 55.8, 55.3, 54.9, 54.4, 53.4, 52.9, 52.5, 52.0, 51.5, 51.0, 50.5, 50.0, 49.6, 49.1, 48.6, 48.1, 47.6, 47.2, 46.7, 46.2, 45.7, 45.2, 44.8, 44.3, 43.8, 43.3, 42.8, 42.4, 41.9, 41.4, 40.9, 40.4, 40.0, 39.5, 39.0, 38.5, 38.0, 37.5, 37.1, 36.6, 36.1, 35.599999999999994, 35.099999999999994, 34.7, 34.2, 33.7, 32.7, 32.3, 31.799999999999997, 31.299999999999997, 30.299999999999997, 29.900000000000006, 29.400000000000006, 28.900000000000006, 28.400000000000006, 27.900000000000006, 27.5, 27.0, 26.5, 26.0, 25.5, 25.0, 24.599999999999994, 24.099999999999994, 23.599999999999994, 23.099999999999994, 22.599999999999994, 22.200000000000003, 21.700000000000003, 21.200000000000003, 20.700000000000003, 20.200000000000003, 19.799999999999997, 19.299999999999997, 18.799999999999997, 18.299999999999997, 17.799999999999997, 17.400000000000006, 16.900000000000006, 16.400000000000006, 15.900000000000006, 15.400000000000006, 15.0, 14.5, 14.0, 13.5, 13.0, 12.5, 11.599999999999994, 11.099999999999994, 10.599999999999994, 10.099999999999994, 9.700000000000003, 9.200000000000003, 8.700000000000003, 8.200000000000003, 7.700000000000003, 7.299999999999997, 6.799999999999997, 6.299999999999997, 5.799999999999997, 5.299999999999997, 4.900000000000006, 4.400000000000006, 3.9000000000000057, 3.4000000000000057, 2.9000000000000057, 2.5, 2.0, 1.5, 1.0, 0.5, 0.0, -0.4000000000000057], "x": [506, 569, 577, 589, 593, 615, 620, 627, 642, 649, 658, 661, 668, 669, 671, 690, 693, 697, 705, 715, 717, 718, 723, 729, 754, 760, 767, 776, 795, 797, 798, 801, 808, 822, 824, 826, 842, 844, 846, 859, 867, 873, 874, 875, 881, 895, 896, 899, 902, 905, 921, 923, 930, 938, 942, 944, 954, 955, 957, 961, 962, 970, 972, 973, 977, 981, 983, 985, 988, 992, 996, 1012, 1022, 1032, 1050, 1052, 1063, 1069, 1070, 1080, 1098, 1099, 1102, 1103, 1110, 1122, 1123, 1126, 1130, 1133, 1137, 1141, 1162, 1173, 1176, 1180, 1182, 1197, 1199, 1206, 1220, 1230, 1236, 1245, 1250, 1286, 1290, 1292, 1293, 1294, 1302, 1320, 1325, 1340, 1346, 1347, 1350, 1361, 1363, 1365, 1367, 1369, 1373, 1375, 1388, 1394, 1396, 1399, 1408, 1427, 1446, 1458, 1465, 1475, 1510, 1511, 1514, 1516, 1519, 1526, 1528, 1538, 1572, 1576, 1593, 1604, 1618, 1632, 1634, 1637, 1691, 1718, 1735, 1749, 1755, 1759, 1778, 1781, 1792, 1827, 1841, 1855, 1894, 1912, 1946, 2025, 2065, 2120, 2136, 2197, 2210, 2234, 2236, 2244, 2270, 2274, 2290, 2337, 2351, 2387, 2408, 2415, 2418, 2430, 2438, 2444, 2452, 2463, 2475, 2501, 2503, 2507, 2511, 2543, 2557, 2572, 2576, 2620]}}