{"percentile": {"y": [96.2, 92.4, 88.5, 84.7, 77.0, 73.1, 69.3, 65.4, 61.6, 57.7, 53.9, 50.0, 46.2, 42.4, 38.5, 34.7, 30.799999999999997, 27.0, 23.099999999999994, 19.299999999999997, 15.400000000000006, 11.599999999999994, 7.700000000000003, 3.9000000000000057, 0.0, -3.799999999999997], "x": [527, 561, 568, 582, 598, 616, 621, 665, 706, 711, 756, 788, 791, 804, 817, 827, 844, 968, 992, 1008, 1018, 1153, 1162, 1239, 1318, 1464]}, "histogram": {"y": [1, 0, 2, 1, 2, 0, 2, 0, 0, 1, 0, 0, 2, 0, 0, 1, 0, 2, 1, 1, 1, 1, 0, 0, 0, 0, 0, 0, 0, 1, 0, 1, 2, 0, 0, 0, 0, 0, 0, 0, 0, 1, 1, 0, 0, 0, 0, 1, 0, 0, 0, 0, 1, 0, 0, 0, 0, 0, 0, 0, 0, 0, 1, 0], "x": [525.0, 540.0, 555.0, 570.0, 585.0, 600.0, 615.0, 630.0, 645.0, 660.0, 675.0, 690.0, 705.0, 720.0, 735.0, 750.0, 765.0, 780.0, 795.0, 810.0, 825.0, 840.0, 855.0, 870.0, 885.0, 900.0, 915.0, 930.0, 945.0, 960.0, 975.0, 990.0, 1005.0, 1020.0, 1035.0, 1050.0, 1065.0, 1080.0, 1095.0, 1110.0, 1125.0, 1140.0, 1155.0, 1170.0, 1185.0, 1200.0, 1215.0, 1230.0, 1245.0, 1260.0, 1275.0, 1290.0, 1305.0, 1320.0, 1335.0, 1350.0, 1365.0, 1380.0, 1395.0, 1410.0, 1425.0, 1440.0, 1455.0, 1470.0]}}