{"histogram": {"y": [1, 0, 1, 1, 0, 1, 2, 2, 4, 3, 5, 8, 5, 5, 6, 7, 2, 8, 10, 4, 7, 7, 6, 8, 8, 3, 2, 2, 7, 6, 2, 2, 5, 2, 5, 2, 4, 2, 5, 4, 4, 5, 5, 2, 2, 1, 3, 2, 1, 7, 2, 1, 4, 2, 2, 0, 0, 1, 1, 0, 0, 0, 0, 1, 1, 1, 1, 0, 1, 0, 0, 0, 1, 0, 0, 0, 0, 0, 1, 0, 0, 0, 0, 0, 0, 0, 0, 0, 0, 0, 0, 0, 1, 0, 0, 0, 0, 0, 0, 0, 0, 0, 0, 0, 0, 0, 0, 0, 0, 0, 0, 0, 0, 0, 0, 0, 0, 0, 0, 0, 0, 0, 0, 0, 0, 0, 0, 0, 0, 0, 0, 0, 0, 0, 0, 0, 0, 0, 0, 0, 0, 0, 0, 0, 0, 0, 0, 0, 1], "x": [390.0, 405.0, 420.0, 435.0, 450.0, 465.0, 480.0, 495.0, 510.0, 525.0, 540.0, 555.0, 570.0, 585.0, 600.0, 615.0, 630.0, 645.0, 660.0, 675.0, 690.0, 705.0, 720.0, 735.0, 750.0, 765.0, 780.0, 795.0, 810.0, 825.0, 840.0, 855.0, 870.0, 885.0, 900.0, 915.0, 930.0, 945.0, 960.0, 975.0, 990.0, 1005.0, 1020.0, 1035.0, 1050.0, 1065.0, 1080.0, 1095.0, 1110.0, 1125.0, 1140.0, 1155.0, 1170.0, 1185.0, 1200.0, 1215.0, 1230.0, 1245.0, 1260.0, 1275.0, 1290.0, 1305.0, 1320.0, 1335.0, 1350.0, 1365.0, 1380.0, 1395.0, 1410.0, 1425.0, 1440.0, 1455.0, 1470.0, 1485.0, 1500.0, 1515.0, 1530.0, 1545.0, 1560.0, 1575.0, 1590.0, 1605.0, 1620.0, 1635.0, 1650.0, 1665.0, 1680.0, 1695.0, 1710.0, 1725.0, 1740.0, 1755.0, 1770.0, 1785.0, 1800.0, 1815.0, 1830.0, 1845.0, 1860.0, 1875.0, 1890.0, 1905.0, 1920.0, 1935.0, 1950.0, 1965.0, 1980.0, 1995.0, 2010.0, 2025.0, 2040.0, 2055.0, 2070.0, 2085.0, 2100.0, 2115.0, 2130.0, 2145.0, 2160.0, 2175.0, 2190.0, 2205.0, 2220.0, 2235.0, 2250.0, 2265.0, 2280.0, 2295.0, 2310.0, 2325.0, 2340.0, 2355.0, 2370.0, 2385.0, 2400.0, 2415.0, 2430.0, 2445.0, 2460.0, 2475.0, 2490.0, 2505.0, 2520.0, 2535.0, 2550.0, 2565.0, 2580.0, 2595.0, 2610.0]}, "percentile": {"y": [99.6, 99.1, 98.7, 98.2, 97.7, 97.3, 96.8, 96.4, 95.9, 95.4, 95.0, 94.5, 94.1, 93.6, 93.1, 92.7, 92.2, 91.8, 90.8, 89.9, 89.0, 88.5, 87.1, 86.2, 85.8, 85.3, 84.8, 84.4, 83.9, 83.0, 82.5, 82.1, 81.6, 81.2, 80.7, 80.2, 79.8, 79.3, 78.9, 77.9, 77.5, 77.0, 76.5, 76.1, 75.6, 75.2, 74.7, 74.2, 73.8, 73.3, 72.9, 72.4, 71.9, 71.5, 71.0, 70.1, 69.2, 68.7, 68.3, 67.8, 67.3, 66.9, 66.4, 65.9, 65.5, 65.0, 64.6, 64.1, 63.6, 63.2, 62.3, 61.8, 61.3, 60.4, 60.0, 59.5, 59.0, 58.6, 58.1, 57.7, 57.2, 56.7, 56.3, 55.8, 55.3, 54.9, 54.0, 53.0, 52.6, 51.7, 51.2, 50.3, 49.4, 48.9, 48.4, 48.0, 47.5, 47.1, 46.6, 46.1, 45.7, 45.2, 44.8, 44.3, 43.8, 43.4, 42.9, 42.4, 41.5, 40.6, 40.1, 39.7, 39.2, 38.8, 38.3, 37.8, 36.9, 36.5, 36.0, 35.5, 35.099999999999994, 34.599999999999994, 34.2, 33.7, 33.2, 32.3, 31.799999999999997, 31.400000000000006, 30.900000000000006, 30.5, 29.5, 29.099999999999994, 28.599999999999994, 28.200000000000003, 27.700000000000003, 27.200000000000003, 26.799999999999997, 26.299999999999997, 25.900000000000006, 25.400000000000006, 24.900000000000006, 24.5, 24.0, 23.599999999999994, 23.099999999999994, 22.599999999999994, 22.200000000000003, 21.700000000000003, 20.799999999999997, 20.299999999999997, 19.900000000000006, 19.400000000000006, 18.900000000000006, 18.5, 18.0, 17.599999999999994, 17.099999999999994, 16.599999999999994, 16.200000000000003, 15.700000000000003, 15.299999999999997, 14.799999999999997, 14.299999999999997, 13.900000000000006, 13.400000000000006, 13.0, 12.5, 11.599999999999994, 11.099999999999994, 10.200000000000003, 9.700000000000003, 9.299999999999997, 8.799999999999997, 8.299999999999997, 7.900000000000006, 7.400000000000006, 7.0, 6.5, 6.0, 5.599999999999994, 5.099999999999994, 4.700000000000003, 4.200000000000003, 3.700000000000003, 3.299999999999997, 2.799999999999997, 2.4000000000000057, 1.9000000000000057, 1.4000000000000057, 1.0, 0.5, 0.0, -0.4000000000000057], "x": [401, 428, 436, 478, 483, 487, 498, 506, 512, 515, 520, 524, 525, 531, 535, 548, 551, 552, 554, 560, 564, 565, 568, 570, 580, 581, 582, 589, 596, 598, 599, 603, 604, 605, 608, 609, 614, 615, 617, 619, 622, 625, 628, 637, 644, 646, 648, 653, 655, 656, 657, 658, 659, 660, 662, 663, 665, 667, 668, 671, 673, 680, 684, 685, 689, 690, 694, 696, 699, 703, 704, 707, 708, 710, 712, 714, 716, 720, 721, 722, 730, 732, 733, 735, 738, 739, 740, 743, 748, 750, 754, 755, 759, 761, 770, 778, 779, 785, 786, 797, 798, 811, 813, 816, 817, 819, 820, 822, 828, 830, 838, 839, 848, 854, 859, 863, 870, 872, 876, 878, 889, 890, 900, 907, 911, 913, 920, 926, 930, 933, 943, 949, 955, 960, 961, 964, 973, 974, 975, 978, 979, 985, 990, 992, 994, 997, 1008, 1013, 1015, 1016, 1022, 1023, 1025, 1028, 1029, 1035, 1040, 1055, 1058, 1073, 1086, 1090, 1094, 1100, 1101, 1124, 1126, 1130, 1133, 1136, 1137, 1141, 1145, 1165, 1170, 1174, 1180, 1181, 1187, 1191, 1203, 1213, 1250, 1270, 1345, 1363, 1375, 1394, 1417, 1471, 1568, 1776, 2620]}}