{"percentile": {"y": [98.4, 96.7, 95.0, 93.4, 91.7, 90.0, 88.4, 86.7, 85.0, 83.4, 81.7, 80.0, 78.4, 76.7, 75.0, 73.4, 71.7, 70.0, 68.4, 66.7, 65.0, 63.4, 61.7, 60.0, 58.4, 56.7, 55.0, 53.4, 51.7, 50.0, 48.4, 46.7, 45.0, 43.4, 41.7, 40.0, 38.4, 36.7, 35.0, 33.400000000000006, 31.700000000000003, 30.0, 28.400000000000006, 26.700000000000003, 25.0, 23.400000000000006, 21.700000000000003, 20.0, 18.400000000000006, 16.700000000000003, 13.400000000000006, 11.700000000000003, 10.0, 8.400000000000006, 6.700000000000003, 5.0, 3.4000000000000057, 1.7000000000000028, 0.0, -1.5999999999999943], "x": [576, 584, 704, 758, 773, 805, 812, 860, 871, 873, 923, 940, 960, 996, 1000, 1040, 1074, 1080, 1106, 1111, 1117, 1125, 1155, 1158, 1200, 1256, 1260, 1328, 1373, 1442, 1457, 1460, 1478, 1504, 1547, 1620, 1673, 1675, 1730, 1758, 1767, 1845, 1951, 2102, 2137, 2195, 2354, 2457, 2463, 2479, 2484, 2491, 2558, 2573, 2574, 2575, 2607, 2642, 2749, 2799]}, "histogram": {"y": [2, 0, 0, 0, 0, 0, 0, 0, 1, 0, 0, 0, 1, 1, 0, 1, 1, 0, 0, 1, 2, 0, 0, 1, 1, 0, 1, 0, 2, 0, 0, 1, 0, 1, 1, 1, 2, 1, 0, 2, 0, 0, 1, 0, 0, 1, 1, 0, 0, 0, 1, 0, 0, 1, 0, 0, 0, 0, 1, 2, 1, 0, 1, 0, 0, 1, 0, 0, 0, 0, 1, 0, 0, 2, 0, 0, 0, 1, 0, 2, 0, 0, 0, 0, 0, 1, 0, 0, 0, 0, 0, 0, 1, 0, 0, 0, 0, 0, 0, 0, 0, 0, 1, 0, 1, 0, 0, 0, 1, 0, 0, 0, 0, 0, 0, 0, 0, 0, 1, 0, 0, 0, 0, 0, 0, 1, 1, 3, 1, 0, 0, 0, 1, 3, 0, 1, 0, 0, 1, 0, 0, 0, 0, 0, 0, 1, 0, 0, 1, 0], "x": [570.0, 585.0, 600.0, 615.0, 630.0, 645.0, 660.0, 675.0, 690.0, 705.0, 720.0, 735.0, 750.0, 765.0, 780.0, 795.0, 810.0, 825.0, 840.0, 855.0, 870.0, 885.0, 900.0, 915.0, 930.0, 945.0, 960.0, 975.0, 990.0, 1005.0, 1020.0, 1035.0, 1050.0, 1065.0, 1080.0, 1095.0, 1110.0, 1125.0, 1140.0, 1155.0, 1170.0, 1185.0, 1200.0, 1215.0, 1230.0, 1245.0, 1260.0, 1275.0, 1290.0, 1305.0, 1320.0, 1335.0, 1350.0, 1365.0, 1380.0, 1395.0, 1410.0, 1425.0, 1440.0, 1455.0, 1470.0, 1485.0, 1500.0, 1515.0, 1530.0, 1545.0, 1560.0, 1575.0, 1590.0, 1605.0, 1620.0, 1635.0, 1650.0, 1665.0, 1680.0, 1695.0, 1710.0, 1725.0, 1740.0, 1755.0, 1770.0, 1785.0, 1800.0, 1815.0, 1830.0, 1845.0, 1860.0, 1875.0, 1890.0, 1905.0, 1920.0, 1935.0, 1950.0, 1965.0, 1980.0, 1995.0, 2010.0, 2025.0, 2040.0, 2055.0, 2070.0, 2085.0, 2100.0, 2115.0, 2130.0, 2145.0, 2160.0, 2175.0, 2190.0, 2205.0, 2220.0, 2235.0, 2250.0, 2265.0, 2280.0, 2295.0, 2310.0, 2325.0, 2340.0, 2355.0, 2370.0, 2385.0, 2400.0, 2415.0, 2430.0, 2445.0, 2460.0, 2475.0, 2490.0, 2505.0, 2520.0, 2535.0, 2550.0, 2565.0, 2580.0, 2595.0, 2610.0, 2625.0, 2640.0, 2655.0, 2670.0, 2685.0, 2700.0, 2715.0, 2730.0, 2745.0, 2760.0, 2775.0, 2790.0, 2805.0]}}