{"percentile": {"x": [601, 620, 650, 672, 687, 699, 700, 758, 768, 793, 796, 801, 808, 842, 845, 856, 860, 895, 908, 915, 922, 928, 931, 940, 942, 944, 954, 960, 1005, 1010, 1016, 1020, 1032, 1036, 1050, 1057, 1059, 1061, 1070, 1074, 1078, 1087, 1093, 1107, 1110, 1120, 1122, 1133, 1153, 1156, 1166, 1168, 1178, 1180, 1181, 1182, 1188, 1194, 1197, 1198, 1201, 1225, 1227, 1232, 1255, 1266, 1292, 1293, 1298, 1335, 1336, 1342, 1365, 1376, 1401, 1409, 1418, 1421, 1454, 1472, 1497, 1507, 1510, 1516, 1523, 1528, 1546, 1613, 1626, 1639, 1641, 1721, 1747, 1786, 1798, 1808, 1856, 1899, 1900, 1924, 1999, 2012, 2017, 2022, 2030, 2115, 2119, 2127, 2128, 2174, 2189, 2227, 2228, 2258, 2262, 2317, 2386, 2405, 2406, 2407, 2435, 2444, 2453, 2469, 2491, 2500, 2510, 2511, 2512, 2523, 2530, 2531, 2532, 2539, 2555, 2620, 2787, 2796, 2831], "y": [99.4, 98.7, 98.0, 97.3, 96.6, 95.9, 95.2, 94.5, 93.1, 92.4, 91.7, 91.0, 90.3, 88.9, 88.2, 87.5, 86.9, 86.2, 85.5, 84.8, 84.1, 83.4, 82.7, 82.0, 81.3, 80.6, 79.9, 79.2, 78.5, 77.1, 76.4, 75.7, 75.0, 74.4, 73.7, 73.0, 72.3, 71.6, 70.9, 70.2, 69.5, 68.8, 68.1, 67.4, 66.7, 66.0, 65.3, 64.6, 63.9, 63.2, 62.5, 61.9, 61.2, 60.5, 59.8, 59.1, 58.4, 57.7, 57.0, 56.3, 55.6, 54.9, 54.2, 53.5, 52.8, 52.1, 51.4, 50.7, 50.0, 49.4, 48.7, 48.0, 47.3, 46.6, 45.9, 45.2, 44.5, 43.8, 43.1, 42.4, 41.7, 41.0, 40.3, 39.6, 38.9, 38.2, 37.5, 36.9, 36.2, 35.5, 34.8, 34.099999999999994, 33.400000000000006, 32.7, 32.0, 31.299999999999997, 30.599999999999994, 29.900000000000006, 29.200000000000003, 28.5, 27.099999999999994, 26.400000000000006, 25.700000000000003, 25.0, 24.400000000000006, 23.700000000000003, 23.0, 22.299999999999997, 21.599999999999994, 20.900000000000006, 20.200000000000003, 19.5, 18.799999999999997, 18.099999999999994, 17.400000000000006, 16.700000000000003, 16.0, 15.299999999999997, 14.599999999999994, 13.900000000000006, 13.200000000000003, 12.5, 11.900000000000006, 11.200000000000003, 10.5, 9.799999999999997, 9.099999999999994, 8.400000000000006, 7.700000000000003, 6.299999999999997, 5.599999999999994, 4.900000000000006, 4.200000000000003, 3.5, 2.799999999999997, 2.0999999999999943, 1.4000000000000057, 0.7000000000000028, -0.5999999999999943]}, "histogram": {"x": [600.0, 615.0, 630.0, 645.0, 660.0, 675.0, 690.0, 705.0, 720.0, 735.0, 750.0, 765.0, 780.0, 795.0, 810.0, 825.0, 840.0, 855.0, 870.0, 885.0, 900.0, 915.0, 930.0, 945.0, 960.0, 975.0, 990.0, 1005.0, 1020.0, 1035.0, 1050.0, 1065.0, 1080.0, 1095.0, 1110.0, 1125.0, 1140.0, 1155.0, 1170.0, 1185.0, 1200.0, 1215.0, 1230.0, 1245.0, 1260.0, 1275.0, 1290.0, 1305.0, 1320.0, 1335.0, 1350.0, 1365.0, 1380.0, 1395.0, 1410.0, 1425.0, 1440.0, 1455.0, 1470.0, 1485.0, 1500.0, 1515.0, 1530.0, 1545.0, 1560.0, 1575.0, 1590.0, 1605.0, 1620.0, 1635.0, 1650.0, 1665.0, 1680.0, 1695.0, 1710.0, 1725.0, 1740.0, 1755.0, 1770.0, 1785.0, 1800.0, 1815.0, 1830.0, 1845.0, 1860.0, 1875.0, 1890.0, 1905.0, 1920.0, 1935.0, 1950.0, 1965.0, 1980.0, 1995.0, 2010.0, 2025.0, 2040.0, 2055.0, 2070.0, 2085.0, 2100.0, 2115.0, 2130.0, 2145.0, 2160.0, 2175.0, 2190.0, 2205.0, 2220.0, 2235.0, 2250.0, 2265.0, 2280.0, 2295.0, 2310.0, 2325.0, 2340.0, 2355.0, 2370.0, 2385.0, 2400.0, 2415.0, 2430.0, 2445.0, 2460.0, 2475.0, 2490.0, 2505.0, 2520.0, 2535.0, 2550.0, 2565.0, 2580.0, 2595.0, 2610.0, 2625.0, 2640.0, 2655.0, 2670.0, 2685.0, 2700.0, 2715.0, 2730.0, 2745.0, 2760.0, 2775.0, 2790.0, 2805.0, 2820.0, 2835.0], "y": [1, 1, 0, 1, 1, 1, 2, 0, 0, 0, 1, 2, 1, 3, 0, 0, 3, 2, 0, 1, 1, 3, 4, 1, 1, 0, 0, 4, 2, 1, 4, 3, 2, 1, 3, 1, 1, 3, 4, 4, 1, 2, 1, 1, 1, 0, 3, 0, 0, 3, 0, 2, 0, 2, 2, 0, 1, 0, 1, 1, 2, 3, 0, 1, 0, 0, 0, 1, 1, 2, 0, 0, 0, 0, 1, 0, 1, 0, 0, 2, 1, 0, 0, 1, 0, 0, 2, 0, 1, 0, 0, 0, 0, 2, 3, 1, 0, 0, 0, 0, 0, 4, 0, 0, 1, 1, 0, 0, 2, 0, 2, 0, 0, 0, 1, 0, 0, 0, 0, 1, 3, 0, 2, 1, 1, 0, 2, 3, 5, 1, 1, 0, 0, 0, 1, 0, 0, 0, 0, 0, 0, 0, 0, 0, 0, 1, 1, 0, 2, 0]}}