{"histogram": {"y": [1, 0, 0, 0, 0, 0, 1, 1, 1, 1, 1, 1, 1, 3, 5, 1, 3, 0, 0, 0, 1, 1, 4, 0, 4, 1, 0, 0, 1, 1, 1, 1, 1, 0, 1, 0, 1, 1, 1, 0, 2, 0, 0, 0, 0, 0, 0, 0, 0, 3, 1, 0, 0, 1, 0, 2, 0, 1, 1, 0, 1, 0, 0, 0, 0, 0, 0, 0, 0, 0, 1, 0, 0, 0, 0, 0, 0, 0, 2, 0, 0, 0, 0, 0, 0, 0, 0, 1, 0, 0, 0, 0, 0, 0, 0, 0, 0, 0, 1], "x": [435.0, 450.0, 465.0, 480.0, 495.0, 510.0, 525.0, 540.0, 555.0, 570.0, 585.0, 600.0, 615.0, 630.0, 645.0, 660.0, 675.0, 690.0, 705.0, 720.0, 735.0, 750.0, 765.0, 780.0, 795.0, 810.0, 825.0, 840.0, 855.0, 870.0, 885.0, 900.0, 915.0, 930.0, 945.0, 960.0, 975.0, 990.0, 1005.0, 1020.0, 1035.0, 1050.0, 1065.0, 1080.0, 1095.0, 1110.0, 1125.0, 1140.0, 1155.0, 1170.0, 1185.0, 1200.0, 1215.0, 1230.0, 1245.0, 1260.0, 1275.0, 1290.0, 1305.0, 1320.0, 1335.0, 1350.0, 1365.0, 1380.0, 1395.0, 1410.0, 1425.0, 1440.0, 1455.0, 1470.0, 1485.0, 1500.0, 1515.0, 1530.0, 1545.0, 1560.0, 1575.0, 1590.0, 1605.0, 1620.0, 1635.0, 1650.0, 1665.0, 1680.0, 1695.0, 1710.0, 1725.0, 1740.0, 1755.0, 1770.0, 1785.0, 1800.0, 1815.0, 1830.0, 1845.0, 1860.0, 1875.0, 1890.0, 1905.0]}, "percentile": {"y": [98.3, 96.5, 94.7, 92.9, 91.1, 89.3, 87.5, 85.8, 84.0, 82.2, 80.4, 78.6, 75.0, 73.3, 71.5, 69.7, 67.9, 66.1, 64.3, 62.5, 60.8, 59.0, 57.2, 55.4, 53.6, 51.8, 50.0, 48.3, 46.5, 44.7, 42.9, 41.1, 39.3, 37.5, 35.8, 34.0, 32.2, 30.400000000000006, 28.599999999999994, 26.799999999999997, 25.0, 21.5, 19.700000000000003, 17.900000000000006, 16.099999999999994, 14.299999999999997, 12.5, 10.799999999999997, 9.0, 7.200000000000003, 5.400000000000006, 3.5999999999999943, 1.7999999999999972, 0.0, -1.7000000000000028], "x": [442, 525, 551, 556, 570, 594, 603, 626, 630, 632, 640, 645, 651, 653, 658, 662, 678, 682, 686, 739, 755, 766, 772, 773, 778, 795, 796, 799, 809, 810, 868, 872, 885, 905, 924, 946, 979, 1000, 1012, 1047, 1048, 1170, 1177, 1192, 1234, 1268, 1271, 1303, 1310, 1340, 1487, 1608, 1614, 1744, 1910]}}