{"percentile": {"y": [99.6, 99.2, 98.8, 98.4, 97.9, 97.5, 97.1, 96.7, 95.8, 95.4, 95.0, 94.5, 94.1, 93.7, 93.3, 92.4, 92.0, 91.6, 90.7, 90.3, 89.9, 89.5, 89.0, 88.6, 88.2, 87.8, 87.3, 86.9, 86.5, 85.6, 85.2, 84.8, 84.4, 83.9, 83.5, 83.1, 82.7, 82.3, 81.8, 81.4, 81.0, 80.1, 79.7, 79.3, 78.4, 78.0, 77.6, 77.2, 75.9, 75.5, 75.0, 74.6, 74.2, 73.8, 73.4, 72.9, 72.5, 70.8, 70.4, 70.0, 69.5, 69.1, 68.7, 68.3, 67.4, 67.0, 66.2, 65.7, 65.3, 64.9, 64.5, 64.0, 63.6, 63.2, 62.8, 62.3, 61.5, 61.1, 60.6, 60.2, 59.8, 59.4, 58.9, 58.1, 57.7, 57.3, 56.8, 56.4, 56.0, 54.7, 54.3, 53.9, 53.4, 53.0, 52.6, 52.2, 51.7, 51.3, 50.9, 50.5, 50.0, 49.6, 49.2, 48.8, 48.4, 47.9, 47.5, 47.1, 46.7, 46.2, 45.8, 45.4, 45.0, 44.5, 44.1, 43.7, 43.3, 42.8, 42.4, 42.0, 41.6, 41.2, 40.7, 40.3, 39.9, 39.5, 39.0, 38.6, 38.2, 37.8, 37.3, 36.9, 36.5, 36.1, 35.599999999999994, 35.2, 34.8, 34.400000000000006, 33.900000000000006, 33.5, 33.099999999999994, 32.7, 32.3, 31.799999999999997, 31.400000000000006, 31.0, 30.599999999999994, 30.099999999999994, 29.700000000000003, 29.299999999999997, 28.900000000000006, 28.400000000000006, 28.0, 27.599999999999994, 27.200000000000003, 26.299999999999997, 25.900000000000006, 25.5, 25.0, 24.599999999999994, 24.200000000000003, 23.799999999999997, 23.400000000000006, 22.900000000000006, 22.5, 22.099999999999994, 21.700000000000003, 21.200000000000003, 20.799999999999997, 20.400000000000006, 20.0, 19.5, 19.099999999999994, 18.700000000000003, 18.299999999999997, 17.799999999999997, 17.400000000000006, 17.0, 16.599999999999994, 16.200000000000003, 15.700000000000003, 15.299999999999997, 14.900000000000006, 14.5, 13.599999999999994, 13.200000000000003, 12.799999999999997, 12.299999999999997, 11.900000000000006, 10.599999999999994, 10.200000000000003, 9.799999999999997, 9.400000000000006, 8.900000000000006, 8.5, 8.099999999999994, 7.299999999999997, 6.799999999999997, 6.400000000000006, 6.0, 5.599999999999994, 4.700000000000003, 4.299999999999997, 3.9000000000000057, 3.4000000000000057, 3.0, 2.5999999999999943, 2.200000000000003, 1.7000000000000028, 1.2999999999999972, 0.9000000000000057, 0.5, -0.4000000000000057], "x": [562, 632, 675, 693, 695, 710, 720, 736, 746, 762, 770, 783, 786, 793, 804, 807, 810, 820, 821, 823, 828, 837, 840, 841, 852, 856, 858, 859, 862, 872, 873, 886, 890, 896, 901, 915, 916, 923, 931, 932, 934, 935, 944, 958, 959, 962, 965, 966, 974, 981, 984, 994, 995, 996, 997, 1000, 1005, 1007, 1008, 1013, 1014, 1018, 1022, 1037, 1038, 1040, 1042, 1064, 1070, 1073, 1076, 1089, 1095, 1099, 1103, 1104, 1106, 1110, 1114, 1118, 1124, 1133, 1138, 1150, 1159, 1169, 1172, 1175, 1188, 1198, 1199, 1201, 1211, 1214, 1220, 1225, 1227, 1230, 1232, 1238, 1246, 1250, 1251, 1253, 1260, 1275, 1280, 1297, 1304, 1308, 1320, 1323, 1338, 1340, 1345, 1346, 1350, 1351, 1371, 1380, 1383, 1389, 1399, 1403, 1440, 1457, 1459, 1462, 1465, 1485, 1487, 1488, 1489, 1494, 1500, 1504, 1522, 1528, 1545, 1563, 1601, 1611, 1617, 1620, 1632, 1640, 1646, 1666, 1667, 1668, 1674, 1694, 1733, 1742, 1761, 1780, 1781, 1788, 1794, 1808, 1809, 1814, 1883, 1935, 1952, 1970, 1980, 2044, 2057, 2091, 2097, 2131, 2155, 2160, 2192, 2196, 2230, 2252, 2264, 2265, 2315, 2319, 2398, 2429, 2435, 2436, 2438, 2441, 2450, 2482, 2483, 2486, 2488, 2492, 2505, 2514, 2525, 2532, 2541, 2569, 2575, 2576, 2581, 2600, 2612, 2620, 2625, 2626, 2635, 2646, 2655, 2694, 2752]}, "histogram": {"y": [1, 0, 0, 0, 0, 1, 0, 0, 1, 2, 1, 1, 3, 1, 1, 3, 3, 5, 2, 3, 4, 3, 3, 1, 3, 6, 3, 6, 2, 5, 9, 1, 6, 1, 3, 1, 6, 4, 2, 2, 2, 2, 5, 3, 3, 3, 4, 1, 2, 2, 1, 2, 4, 2, 1, 3, 2, 0, 0, 1, 4, 0, 5, 2, 2, 0, 1, 1, 0, 1, 2, 2, 2, 0, 4, 1, 0, 0, 1, 1, 1, 3, 2, 3, 0, 0, 0, 0, 1, 0, 0, 0, 1, 1, 1, 1, 0, 0, 0, 1, 1, 0, 2, 0, 0, 1, 1, 1, 0, 2, 0, 1, 0, 2, 1, 0, 0, 2, 0, 0, 0, 0, 1, 0, 1, 5, 1, 0, 6, 1, 2, 3, 1, 0, 4, 1, 1, 2, 3, 1, 1, 0, 1, 0, 0, 0, 2, 0], "x": [555.0, 570.0, 585.0, 600.0, 615.0, 630.0, 645.0, 660.0, 675.0, 690.0, 705.0, 720.0, 735.0, 750.0, 765.0, 780.0, 795.0, 810.0, 825.0, 840.0, 855.0, 870.0, 885.0, 900.0, 915.0, 930.0, 945.0, 960.0, 975.0, 990.0, 1005.0, 1020.0, 1035.0, 1050.0, 1065.0, 1080.0, 1095.0, 1110.0, 1125.0, 1140.0, 1155.0, 1170.0, 1185.0, 1200.0, 1215.0, 1230.0, 1245.0, 1260.0, 1275.0, 1290.0, 1305.0, 1320.0, 1335.0, 1350.0, 1365.0, 1380.0, 1395.0, 1410.0, 1425.0, 1440.0, 1455.0, 1470.0, 1485.0, 1500.0, 1515.0, 1530.0, 1545.0, 1560.0, 1575.0, 1590.0, 1605.0, 1620.0, 1635.0, 1650.0, 1665.0, 1680.0, 1695.0, 1710.0, 1725.0, 1740.0, 1755.0, 1770.0, 1785.0, 1800.0, 1815.0, 1830.0, 1845.0, 1860.0, 1875.0, 1890.0, 1905.0, 1920.0, 1935.0, 1950.0, 1965.0, 1980.0, 1995.0, 2010.0, 2025.0, 2040.0, 2055.0, 2070.0, 2085.0, 2100.0, 2115.0, 2130.0, 2145.0, 2160.0, 2175.0, 2190.0, 2205.0, 2220.0, 2235.0, 2250.0, 2265.0, 2280.0, 2295.0, 2310.0, 2325.0, 2340.0, 2355.0, 2370.0, 2385.0, 2400.0, 2415.0, 2430.0, 2445.0, 2460.0, 2475.0, 2490.0, 2505.0, 2520.0, 2535.0, 2550.0, 2565.0, 2580.0, 2595.0, 2610.0, 2625.0, 2640.0, 2655.0, 2670.0, 2685.0, 2700.0, 2715.0, 2730.0, 2745.0, 2760.0]}}