{"percentile": {"x": [567, 635, 692, 715, 738, 740, 791, 796, 817, 818, 829, 834, 835, 846, 864, 877, 880, 884, 887, 895, 897, 902, 912, 919, 930, 943, 970, 973, 976, 978, 999, 1007, 1015, 1026, 1029, 1032, 1045, 1048, 1050, 1053, 1063, 1067, 1068, 1070, 1078, 1079, 1081, 1084, 1095, 1105, 1109, 1138, 1148, 1149, 1151, 1157, 1166, 1169, 1176, 1179, 1183, 1190, 1192, 1197, 1199, 1221, 1230, 1236, 1250, 1262, 1264, 1266, 1268, 1272, 1274, 1279, 1280, 1284, 1287, 1291, 1294, 1296, 1300, 1310, 1342, 1346, 1349, 1350, 1352, 1358, 1362, 1368, 1369, 1385, 1403, 1418, 1429, 1445, 1459, 1475, 1486, 1488, 1493, 1522, 1535, 1540, 1548, 1562, 1567, 1573, 1592, 1620, 1653, 1711, 1712, 1740, 1741, 1752, 1756, 1864, 1870, 1888, 1890, 1917, 1928, 1931, 1936, 1953, 1963, 2004, 2030, 2055, 2101, 2171, 2190, 2336, 2341, 2372, 2400, 2410, 2430, 2440, 2441, 2479, 2488, 2523, 2549, 2564, 2576, 2606, 2638, 2645, 2831], "y": [99.4, 98.8, 98.2, 97.6, 97.0, 96.4, 95.8, 95.2, 94.6, 94.0, 93.4, 92.8, 92.2, 91.6, 91.0, 90.4, 89.8, 89.2, 88.6, 88.0, 87.4, 86.8, 86.2, 85.6, 84.4, 83.8, 83.2, 82.6, 82.0, 81.4, 80.8, 80.2, 79.6, 79.0, 78.4, 77.8, 77.2, 76.6, 76.0, 74.7, 74.1, 73.5, 72.9, 72.3, 71.1, 70.5, 69.9, 69.3, 68.7, 68.1, 67.5, 66.3, 65.7, 65.1, 64.5, 63.9, 63.3, 62.1, 61.5, 60.9, 60.3, 59.7, 59.1, 58.5, 57.3, 56.7, 56.1, 55.5, 54.9, 54.3, 53.7, 53.1, 52.5, 51.9, 51.3, 50.7, 50.0, 49.4, 48.8, 48.2, 47.0, 46.4, 45.8, 45.2, 44.6, 44.0, 43.4, 42.8, 41.6, 41.0, 40.4, 39.8, 39.2, 38.6, 38.0, 37.4, 36.8, 36.2, 35.599999999999994, 35.0, 34.400000000000006, 33.8, 33.2, 32.599999999999994, 32.0, 31.400000000000006, 30.799999999999997, 30.200000000000003, 29.599999999999994, 29.0, 28.400000000000006, 27.799999999999997, 27.200000000000003, 26.599999999999994, 26.0, 25.400000000000006, 24.700000000000003, 23.5, 22.900000000000006, 22.299999999999997, 21.700000000000003, 21.099999999999994, 20.5, 19.900000000000006, 19.299999999999997, 17.5, 16.900000000000006, 16.299999999999997, 15.700000000000003, 15.099999999999994, 14.5, 13.900000000000006, 13.299999999999997, 12.700000000000003, 12.099999999999994, 11.5, 10.900000000000006, 10.299999999999997, 9.700000000000003, 9.099999999999994, 8.5, 7.900000000000006, 7.299999999999997, 6.099999999999994, 5.5, 4.900000000000006, 4.299999999999997, 3.700000000000003, 3.0999999999999943, 2.5, 1.9000000000000057, 1.2999999999999972, -0.5999999999999943]}, "histogram": {"x": [555.0, 570.0, 585.0, 600.0, 615.0, 630.0, 645.0, 660.0, 675.0, 690.0, 705.0, 720.0, 735.0, 750.0, 765.0, 780.0, 795.0, 810.0, 825.0, 840.0, 855.0, 870.0, 885.0, 900.0, 915.0, 930.0, 945.0, 960.0, 975.0, 990.0, 1005.0, 1020.0, 1035.0, 1050.0, 1065.0, 1080.0, 1095.0, 1110.0, 1125.0, 1140.0, 1155.0, 1170.0, 1185.0, 1200.0, 1215.0, 1230.0, 1245.0, 1260.0, 1275.0, 1290.0, 1305.0, 1320.0, 1335.0, 1350.0, 1365.0, 1380.0, 1395.0, 1410.0, 1425.0, 1440.0, 1455.0, 1470.0, 1485.0, 1500.0, 1515.0, 1530.0, 1545.0, 1560.0, 1575.0, 1590.0, 1605.0, 1620.0, 1635.0, 1650.0, 1665.0, 1680.0, 1695.0, 1710.0, 1725.0, 1740.0, 1755.0, 1770.0, 1785.0, 1800.0, 1815.0, 1830.0, 1845.0, 1860.0, 1875.0, 1890.0, 1905.0, 1920.0, 1935.0, 1950.0, 1965.0, 1980.0, 1995.0, 2010.0, 2025.0, 2040.0, 2055.0, 2070.0, 2085.0, 2100.0, 2115.0, 2130.0, 2145.0, 2160.0, 2175.0, 2190.0, 2205.0, 2220.0, 2235.0, 2250.0, 2265.0, 2280.0, 2295.0, 2310.0, 2325.0, 2340.0, 2355.0, 2370.0, 2385.0, 2400.0, 2415.0, 2430.0, 2445.0, 2460.0, 2475.0, 2490.0, 2505.0, 2520.0, 2535.0, 2550.0, 2565.0, 2580.0, 2595.0, 2610.0, 2625.0, 2640.0, 2655.0, 2670.0, 2685.0, 2700.0, 2715.0, 2730.0, 2745.0, 2760.0, 2775.0, 2790.0, 2805.0, 2820.0], "y": [1, 0, 0, 0, 0, 1, 0, 0, 0, 1, 1, 0, 2, 0, 0, 1, 1, 2, 3, 1, 1, 3, 3, 2, 1, 3, 0, 2, 2, 1, 2, 3, 2, 4, 6, 2, 3, 0, 2, 3, 4, 3, 5, 0, 1, 2, 1, 6, 4, 5, 1, 0, 3, 5, 2, 1, 1, 1, 1, 1, 1, 1, 3, 0, 1, 2, 1, 3, 0, 1, 0, 1, 0, 1, 0, 0, 0, 2, 0, 4, 1, 0, 0, 0, 0, 0, 0, 2, 1, 1, 1, 4, 1, 2, 0, 0, 1, 0, 1, 0, 1, 0, 0, 1, 0, 0, 0, 1, 0, 1, 0, 0, 0, 0, 0, 0, 0, 0, 1, 1, 0, 1, 0, 2, 0, 3, 0, 0, 3, 0, 0, 1, 1, 1, 1, 0, 1, 0, 1, 1, 0, 0, 0, 0, 0, 0, 0, 0, 0, 0, 0, 3]}}