{"histogram": {"y": [2, 0, 1, 3, 4, 1, 4, 3, 3, 7, 4, 2, 7, 3, 0, 1, 3, 4, 2, 3, 0, 9, 2, 0, 3, 2, 2, 1, 2, 2, 0, 0, 0, 0, 3, 0, 2, 2, 2, 0, 1, 0, 0, 2, 0, 0, 0, 1, 0, 0, 0, 0, 0, 0, 0, 0, 1, 1, 0, 0, 0, 0, 0, 0, 0, 1, 0, 0, 0, 0, 0, 0, 0, 0, 0, 1, 0, 0, 0, 0, 0, 0, 0, 0, 0, 0, 0, 0, 0, 0, 0, 0, 0, 0, 0, 0, 0, 0, 0, 0, 0, 0, 0, 0, 0, 0, 0, 0, 0, 0, 0, 0, 0, 0, 0, 0, 0, 0, 0, 0, 0, 0, 0, 0, 0, 0, 0, 0, 0, 0, 0, 0, 0, 1, 0, 0, 0, 0, 0, 0, 0, 0, 0, 0, 0, 0, 0, 0, 0, 0, 0, 0, 0, 1, 0], "x": [435.0, 450.0, 465.0, 480.0, 495.0, 510.0, 525.0, 540.0, 555.0, 570.0, 585.0, 600.0, 615.0, 630.0, 645.0, 660.0, 675.0, 690.0, 705.0, 720.0, 735.0, 750.0, 765.0, 780.0, 795.0, 810.0, 825.0, 840.0, 855.0, 870.0, 885.0, 900.0, 915.0, 930.0, 945.0, 960.0, 975.0, 990.0, 1005.0, 1020.0, 1035.0, 1050.0, 1065.0, 1080.0, 1095.0, 1110.0, 1125.0, 1140.0, 1155.0, 1170.0, 1185.0, 1200.0, 1215.0, 1230.0, 1245.0, 1260.0, 1275.0, 1290.0, 1305.0, 1320.0, 1335.0, 1350.0, 1365.0, 1380.0, 1395.0, 1410.0, 1425.0, 1440.0, 1455.0, 1470.0, 1485.0, 1500.0, 1515.0, 1530.0, 1545.0, 1560.0, 1575.0, 1590.0, 1605.0, 1620.0, 1635.0, 1650.0, 1665.0, 1680.0, 1695.0, 1710.0, 1725.0, 1740.0, 1755.0, 1770.0, 1785.0, 1800.0, 1815.0, 1830.0, 1845.0, 1860.0, 1875.0, 1890.0, 1905.0, 1920.0, 1935.0, 1950.0, 1965.0, 1980.0, 1995.0, 2010.0, 2025.0, 2040.0, 2055.0, 2070.0, 2085.0, 2100.0, 2115.0, 2130.0, 2145.0, 2160.0, 2175.0, 2190.0, 2205.0, 2220.0, 2235.0, 2250.0, 2265.0, 2280.0, 2295.0, 2310.0, 2325.0, 2340.0, 2355.0, 2370.0, 2385.0, 2400.0, 2415.0, 2430.0, 2445.0, 2460.0, 2475.0, 2490.0, 2505.0, 2520.0, 2535.0, 2550.0, 2565.0, 2580.0, 2595.0, 2610.0, 2625.0, 2640.0, 2655.0, 2670.0, 2685.0, 2700.0, 2715.0, 2730.0, 2745.0]}, "percentile": {"y": [99.0, 98.0, 97.0, 96.0, 94.9, 93.9, 92.9, 90.9, 89.8, 88.8, 87.8, 86.8, 85.8, 84.7, 83.7, 82.7, 81.7, 80.7, 79.6, 78.6, 77.6, 76.6, 75.6, 74.5, 73.5, 72.5, 71.5, 70.5, 69.4, 68.4, 67.4, 66.4, 65.4, 64.3, 63.3, 62.3, 61.3, 59.2, 58.2, 57.2, 56.2, 55.2, 54.1, 52.1, 51.1, 50.0, 49.0, 47.0, 46.0, 44.9, 43.9, 42.9, 41.9, 40.9, 38.8, 37.8, 35.8, 34.7, 33.7, 32.7, 31.700000000000003, 30.700000000000003, 29.599999999999994, 28.599999999999994, 27.599999999999994, 26.599999999999994, 25.599999999999994, 24.5, 23.5, 22.5, 21.5, 20.5, 19.400000000000006, 18.400000000000006, 17.400000000000006, 16.400000000000006, 15.400000000000006, 14.299999999999997, 13.299999999999997, 12.299999999999997, 11.299999999999997, 10.299999999999997, 9.200000000000003, 8.200000000000003, 7.200000000000003, 6.200000000000003, 5.200000000000003, 4.099999999999994, 3.0999999999999943, 2.0999999999999943, 1.0999999999999943, 0.0, -1.0], "x": [436, 441, 477, 480, 488, 493, 496, 506, 507, 522, 530, 535, 537, 539, 541, 543, 546, 564, 566, 569, 571, 574, 575, 576, 577, 579, 581, 588, 589, 593, 594, 600, 614, 615, 616, 617, 626, 628, 629, 633, 637, 638, 665, 683, 689, 692, 698, 701, 705, 717, 726, 732, 733, 752, 757, 759, 760, 761, 762, 764, 768, 778, 799, 805, 808, 817, 824, 831, 839, 840, 863, 864, 875, 882, 945, 947, 956, 979, 985, 991, 1003, 1010, 1018, 1040, 1092, 1094, 1141, 1277, 1296, 1413, 1565, 2444, 2743]}}