{"histogram": {"y": [1, 0, 0, 1, 0, 0, 0, 0, 0, 0, 0, 1, 2, 1, 0, 1, 0, 0, 1, 0, 0, 0, 0, 0, 0, 0, 0, 0, 2, 0, 1, 3, 0, 2, 0, 0, 0, 0, 0, 0, 1, 0, 0, 0, 0, 0, 1, 1, 1, 0, 0, 0, 1, 1, 1, 0, 1, 1, 1, 0, 1, 0, 0, 0, 0, 0, 0, 1, 0, 0, 0, 0, 0, 0, 1, 0, 0, 0, 0, 1, 0, 0, 1, 0, 0, 0, 0, 0, 1, 0, 0, 0, 0, 0, 1, 0, 0, 0, 0, 0, 1, 0, 0, 0, 0, 0, 1, 1, 0, 0, 0, 0, 0, 0, 0, 0, 0, 0, 0, 0, 0, 0, 0, 0, 0, 0, 0, 2, 1, 0, 0, 0, 0, 2, 0, 0, 0, 0, 0, 0, 0, 0, 1, 0, 0, 1], "x": [495.0, 510.0, 525.0, 540.0, 555.0, 570.0, 585.0, 600.0, 615.0, 630.0, 645.0, 660.0, 675.0, 690.0, 705.0, 720.0, 735.0, 750.0, 765.0, 780.0, 795.0, 810.0, 825.0, 840.0, 855.0, 870.0, 885.0, 900.0, 915.0, 930.0, 945.0, 960.0, 975.0, 990.0, 1005.0, 1020.0, 1035.0, 1050.0, 1065.0, 1080.0, 1095.0, 1110.0, 1125.0, 1140.0, 1155.0, 1170.0, 1185.0, 1200.0, 1215.0, 1230.0, 1245.0, 1260.0, 1275.0, 1290.0, 1305.0, 1320.0, 1335.0, 1350.0, 1365.0, 1380.0, 1395.0, 1410.0, 1425.0, 1440.0, 1455.0, 1470.0, 1485.0, 1500.0, 1515.0, 1530.0, 1545.0, 1560.0, 1575.0, 1590.0, 1605.0, 1620.0, 1635.0, 1650.0, 1665.0, 1680.0, 1695.0, 1710.0, 1725.0, 1740.0, 1755.0, 1770.0, 1785.0, 1800.0, 1815.0, 1830.0, 1845.0, 1860.0, 1875.0, 1890.0, 1905.0, 1920.0, 1935.0, 1950.0, 1965.0, 1980.0, 1995.0, 2010.0, 2025.0, 2040.0, 2055.0, 2070.0, 2085.0, 2100.0, 2115.0, 2130.0, 2145.0, 2160.0, 2175.0, 2190.0, 2205.0, 2220.0, 2235.0, 2250.0, 2265.0, 2280.0, 2295.0, 2310.0, 2325.0, 2340.0, 2355.0, 2370.0, 2385.0, 2400.0, 2415.0, 2430.0, 2445.0, 2460.0, 2475.0, 2490.0, 2505.0, 2520.0, 2535.0, 2550.0, 2565.0, 2580.0, 2595.0, 2610.0, 2625.0, 2640.0, 2655.0, 2670.0]}, "percentile": {"y": [97.7, 95.3, 92.9, 90.5, 88.1, 85.8, 83.4, 81.0, 78.6, 76.2, 73.9, 71.5, 69.1, 66.7, 64.3, 62.0, 59.6, 57.2, 54.8, 52.4, 50.0, 47.7, 45.3, 42.9, 40.5, 38.1, 35.8, 33.400000000000006, 31.0, 28.599999999999994, 26.200000000000003, 23.900000000000006, 21.5, 19.099999999999994, 16.700000000000003, 14.299999999999997, 9.599999999999994, 7.200000000000003, 4.799999999999997, 2.4000000000000057, 0.0, -2.299999999999997], "x": [507, 545, 673, 678, 684, 695, 724, 779, 919, 925, 953, 966, 972, 974, 998, 1000, 1106, 1188, 1213, 1229, 1285, 1295, 1309, 1335, 1351, 1371, 1406, 1509, 1611, 1692, 1728, 1817, 1914, 2007, 2090, 2106, 2410, 2426, 2501, 2502, 2634, 2679]}}