{"percentile": {"x": [504, 574, 641, 653, 662, 670, 672, 709, 721, 726, 739, 751, 752, 775, 778, 785, 795, 804, 808, 810, 830, 859, 879, 882, 884, 895, 897, 898, 901, 919, 921, 924, 948, 957, 960, 961, 970, 975, 994, 1003, 1014, 1036, 1042, 1043, 1053, 1056, 1063, 1067, 1078, 1082, 1104, 1106, 1110, 1123, 1125, 1150, 1159, 1183, 1191, 1193, 1204, 1205, 1220, 1266, 1280, 1294, 1295, 1303, 1306, 1313, 1347, 1399, 1403, 1407, 1415, 1429, 1473, 1512, 1513, 1518, 1602, 1639, 1640, 1658, 1665, 1672, 1693, 1695, 1704, 1711, 1727, 1744, 1754, 1786, 1788, 1804, 1831, 1861, 1869, 1947, 2006, 2109, 2192, 2249, 2343, 2374, 2385, 2421, 2438, 2453, 2483, 2510, 2520, 2528, 2569, 2576, 2591, 2634, 2637, 2674, 2676, 2796, 2831], "y": [99.3, 98.5, 97.7, 96.9, 96.1, 95.4, 94.6, 93.8, 93.0, 92.2, 91.5, 90.7, 89.9, 89.1, 88.3, 87.5, 86.8, 86.0, 83.6, 82.9, 82.1, 81.3, 80.5, 79.7, 79.0, 78.2, 77.4, 76.6, 75.8, 75.0, 74.3, 73.5, 72.7, 71.9, 71.1, 70.4, 69.6, 68.8, 68.0, 67.2, 66.5, 65.7, 64.9, 64.1, 63.3, 62.5, 61.8, 61.0, 60.2, 59.4, 58.6, 57.9, 57.1, 56.3, 55.5, 54.7, 52.4, 51.6, 50.8, 50.0, 49.3, 48.5, 47.7, 46.9, 46.1, 45.4, 44.6, 43.8, 43.0, 42.2, 41.5, 40.7, 39.9, 39.1, 38.3, 37.5, 36.8, 36.0, 35.2, 34.400000000000006, 33.599999999999994, 32.900000000000006, 32.099999999999994, 31.299999999999997, 30.5, 29.700000000000003, 29.0, 28.200000000000003, 27.400000000000006, 26.599999999999994, 25.799999999999997, 25.0, 24.299999999999997, 23.5, 22.700000000000003, 21.900000000000006, 21.099999999999994, 20.400000000000006, 19.599999999999994, 18.799999999999997, 18.0, 17.200000000000003, 16.5, 15.700000000000003, 14.900000000000006, 14.099999999999994, 13.299999999999997, 12.5, 11.799999999999997, 11.0, 10.200000000000003, 9.400000000000006, 8.599999999999994, 7.900000000000006, 7.099999999999994, 6.299999999999997, 5.5, 4.700000000000003, 3.200000000000003, 2.4000000000000057, 1.5999999999999943, 0.7999999999999972, -0.7000000000000028]}, "histogram": {"x": [495.0, 510.0, 525.0, 540.0, 555.0, 570.0, 585.0, 600.0, 615.0, 630.0, 645.0, 660.0, 675.0, 690.0, 705.0, 720.0, 735.0, 750.0, 765.0, 780.0, 795.0, 810.0, 825.0, 840.0, 855.0, 870.0, 885.0, 900.0, 915.0, 930.0, 945.0, 960.0, 975.0, 990.0, 1005.0, 1020.0, 1035.0, 1050.0, 1065.0, 1080.0, 1095.0, 1110.0, 1125.0, 1140.0, 1155.0, 1170.0, 1185.0, 1200.0, 1215.0, 1230.0, 1245.0, 1260.0, 1275.0, 1290.0, 1305.0, 1320.0, 1335.0, 1350.0, 1365.0, 1380.0, 1395.0, 1410.0, 1425.0, 1440.0, 1455.0, 1470.0, 1485.0, 1500.0, 1515.0, 1530.0, 1545.0, 1560.0, 1575.0, 1590.0, 1605.0, 1620.0, 1635.0, 1650.0, 1665.0, 1680.0, 1695.0, 1710.0, 1725.0, 1740.0, 1755.0, 1770.0, 1785.0, 1800.0, 1815.0, 1830.0, 1845.0, 1860.0, 1875.0, 1890.0, 1905.0, 1920.0, 1935.0, 1950.0, 1965.0, 1980.0, 1995.0, 2010.0, 2025.0, 2040.0, 2055.0, 2070.0, 2085.0, 2100.0, 2115.0, 2130.0, 2145.0, 2160.0, 2175.0, 2190.0, 2205.0, 2220.0, 2235.0, 2250.0, 2265.0, 2280.0, 2295.0, 2310.0, 2325.0, 2340.0, 2355.0, 2370.0, 2385.0, 2400.0, 2415.0, 2430.0, 2445.0, 2460.0, 2475.0, 2490.0, 2505.0, 2520.0, 2535.0, 2550.0, 2565.0, 2580.0, 2595.0, 2610.0, 2625.0, 2640.0, 2655.0, 2670.0, 2685.0, 2700.0, 2715.0, 2730.0, 2745.0, 2760.0, 2775.0, 2790.0, 2805.0, 2820.0, 2835.0], "y": [1, 0, 0, 0, 0, 1, 0, 0, 0, 1, 1, 3, 0, 0, 1, 2, 1, 2, 2, 1, 5, 1, 1, 0, 1, 3, 3, 1, 3, 0, 2, 3, 1, 2, 1, 0, 3, 3, 2, 1, 2, 2, 1, 1, 3, 1, 2, 2, 1, 0, 0, 1, 1, 3, 2, 0, 1, 0, 0, 0, 3, 1, 1, 0, 0, 1, 0, 2, 1, 0, 0, 0, 0, 1, 0, 0, 2, 1, 2, 1, 2, 1, 1, 2, 0, 0, 2, 1, 0, 1, 0, 2, 0, 0, 0, 0, 1, 0, 0, 0, 1, 0, 0, 0, 0, 0, 0, 1, 0, 0, 0, 0, 0, 1, 0, 0, 1, 0, 0, 0, 0, 0, 0, 1, 0, 1, 1, 0, 1, 1, 1, 0, 1, 0, 1, 2, 0, 0, 2, 1, 0, 0, 3, 0, 0, 2, 0, 0, 0, 0, 0, 0, 0, 1, 0, 2, 0]}}