{"histogram": {"y": [1, 1, 3, 4, 4, 3, 1, 5, 6, 4, 3, 2, 6, 5, 4, 5, 5, 3, 2, 7, 6, 1, 1, 4, 2, 3, 2, 2, 0, 1, 4, 1, 4, 0, 2, 1, 2, 2, 2, 1, 1, 1, 2, 0, 2, 1, 0, 0, 2, 0, 1, 0, 0, 0, 0, 0, 0, 0, 0, 0, 1, 0, 1, 1, 0, 0, 0, 0, 1, 0, 1, 0, 1, 1, 0, 0, 0, 1, 0, 0, 0, 0, 0, 0, 0, 0, 0, 0, 0, 0, 0, 0, 0, 0, 0, 0, 0, 0, 0, 0, 0, 0, 0, 0, 0, 0, 0, 0, 0, 0, 0, 0, 0, 0, 0, 0, 0, 0, 0, 0, 0, 0, 0, 0, 0, 0, 0, 0, 0, 0, 0, 0, 0, 0, 1, 0, 0, 1, 0, 0, 0, 0, 0, 0, 0, 0, 0, 0, 0, 0, 0, 0, 0, 0, 0, 0, 0, 0, 1, 0], "x": [465.0, 480.0, 495.0, 510.0, 525.0, 540.0, 555.0, 570.0, 585.0, 600.0, 615.0, 630.0, 645.0, 660.0, 675.0, 690.0, 705.0, 720.0, 735.0, 750.0, 765.0, 780.0, 795.0, 810.0, 825.0, 840.0, 855.0, 870.0, 885.0, 900.0, 915.0, 930.0, 945.0, 960.0, 975.0, 990.0, 1005.0, 1020.0, 1035.0, 1050.0, 1065.0, 1080.0, 1095.0, 1110.0, 1125.0, 1140.0, 1155.0, 1170.0, 1185.0, 1200.0, 1215.0, 1230.0, 1245.0, 1260.0, 1275.0, 1290.0, 1305.0, 1320.0, 1335.0, 1350.0, 1365.0, 1380.0, 1395.0, 1410.0, 1425.0, 1440.0, 1455.0, 1470.0, 1485.0, 1500.0, 1515.0, 1530.0, 1545.0, 1560.0, 1575.0, 1590.0, 1605.0, 1620.0, 1635.0, 1650.0, 1665.0, 1680.0, 1695.0, 1710.0, 1725.0, 1740.0, 1755.0, 1770.0, 1785.0, 1800.0, 1815.0, 1830.0, 1845.0, 1860.0, 1875.0, 1890.0, 1905.0, 1920.0, 1935.0, 1950.0, 1965.0, 1980.0, 1995.0, 2010.0, 2025.0, 2040.0, 2055.0, 2070.0, 2085.0, 2100.0, 2115.0, 2130.0, 2145.0, 2160.0, 2175.0, 2190.0, 2205.0, 2220.0, 2235.0, 2250.0, 2265.0, 2280.0, 2295.0, 2310.0, 2325.0, 2340.0, 2355.0, 2370.0, 2385.0, 2400.0, 2415.0, 2430.0, 2445.0, 2460.0, 2475.0, 2490.0, 2505.0, 2520.0, 2535.0, 2550.0, 2565.0, 2580.0, 2595.0, 2610.0, 2625.0, 2640.0, 2655.0, 2670.0, 2685.0, 2700.0, 2715.0, 2730.0, 2745.0, 2760.0, 2775.0, 2790.0, 2805.0, 2820.0, 2835.0, 2850.0]}, "percentile": {"y": [99.3, 98.6, 97.8, 97.1, 96.3, 95.6, 94.9, 94.1, 93.4, 92.6, 91.9, 91.2, 90.4, 89.7, 88.9, 88.2, 87.5, 86.7, 86.0, 85.2, 84.5, 83.8, 83.0, 82.3, 80.8, 80.0, 79.3, 78.6, 77.8, 77.1, 76.3, 75.6, 74.9, 74.1, 73.4, 72.6, 71.9, 71.2, 69.7, 68.9, 68.2, 67.5, 66.7, 66.0, 65.2, 64.5, 63.8, 63.0, 61.5, 60.8, 60.0, 59.3, 58.6, 57.8, 57.1, 56.3, 55.6, 54.9, 54.1, 53.4, 52.6, 51.9, 51.2, 50.4, 49.7, 48.9, 48.2, 47.5, 46.7, 46.0, 45.2, 44.5, 43.8, 43.0, 42.3, 41.5, 40.8, 40.0, 39.3, 38.6, 37.8, 37.1, 36.3, 35.599999999999994, 34.900000000000006, 34.099999999999994, 33.400000000000006, 32.599999999999994, 31.900000000000006, 31.200000000000003, 30.400000000000006, 29.700000000000003, 28.900000000000006, 28.200000000000003, 27.5, 26.700000000000003, 26.0, 25.200000000000003, 24.5, 23.799999999999997, 23.0, 22.299999999999997, 21.5, 20.799999999999997, 20.0, 19.299999999999997, 18.599999999999994, 17.799999999999997, 17.099999999999994, 16.299999999999997, 15.599999999999994, 14.900000000000006, 14.099999999999994, 13.400000000000006, 12.599999999999994, 11.900000000000006, 11.200000000000003, 10.400000000000006, 9.700000000000003, 8.900000000000006, 8.200000000000003, 7.5, 6.700000000000003, 6.0, 5.200000000000003, 4.5, 3.799999999999997, 3.0, 2.299999999999997, 1.5, 0.7999999999999972, 0.0, -0.7000000000000028], "x": [465, 484, 501, 504, 506, 514, 515, 522, 524, 526, 532, 536, 537, 542, 549, 550, 565, 572, 575, 576, 582, 583, 585, 586, 590, 591, 593, 601, 603, 604, 605, 620, 625, 628, 635, 639, 647, 648, 655, 656, 659, 662, 666, 670, 672, 673, 681, 684, 688, 690, 696, 697, 700, 703, 706, 709, 710, 711, 719, 727, 733, 734, 741, 745, 750, 751, 755, 758, 759, 760, 764, 765, 769, 774, 777, 778, 779, 780, 796, 814, 816, 817, 820, 828, 831, 842, 848, 851, 855, 864, 871, 875, 908, 917, 922, 923, 928, 937, 946, 949, 955, 959, 982, 989, 991, 1005, 1008, 1030, 1034, 1041, 1048, 1058, 1071, 1085, 1101, 1105, 1130, 1131, 1140, 1197, 1198, 1216, 1371, 1401, 1412, 1490, 1516, 1550, 1574, 1622, 2488, 2523, 2838]}}