{"percentile": {"x": [540, 541, 713, 717, 760, 789, 796, 819, 850, 888, 892, 915, 921, 925, 927, 945, 955, 1026, 1032, 1053, 1057, 1100, 1109, 1117, 1125, 1147, 1161, 1167, 1179, 1189, 1195, 1198, 1225, 1280, 1292, 1298, 1299, 1306, 1325, 1336, 1337, 1346, 1420, 1445, 1494, 1511, 1645, 1667, 1668, 1670, 1679, 1698, 1714, 1813, 1831, 1855, 1950, 1971, 2187, 2197, 2231, 2375, 2409, 2429, 2440, 2454, 2479, 2482, 2483, 2485, 2514, 2525, 2532, 2546, 2576, 2613, 2754, 2831], "y": [98.8, 97.5, 96.2, 94.9, 93.6, 92.4, 91.1, 89.8, 88.5, 87.2, 85.9, 84.7, 83.4, 82.1, 80.8, 79.5, 78.3, 77.0, 75.7, 74.4, 73.1, 71.8, 70.6, 69.3, 68.0, 66.7, 65.4, 64.2, 62.9, 61.6, 60.3, 59.0, 57.7, 56.5, 55.2, 53.9, 52.6, 51.3, 50.0, 48.8, 46.2, 44.9, 43.6, 42.4, 41.1, 39.8, 38.5, 37.2, 35.900000000000006, 34.7, 33.400000000000006, 32.099999999999994, 30.799999999999997, 29.5, 28.299999999999997, 27.0, 25.700000000000003, 24.400000000000006, 23.099999999999994, 21.799999999999997, 20.599999999999994, 19.299999999999997, 18.0, 16.700000000000003, 15.400000000000006, 14.200000000000003, 12.900000000000006, 11.599999999999994, 10.299999999999997, 9.0, 7.700000000000003, 6.5, 5.200000000000003, 3.9000000000000057, 2.5999999999999943, 1.2999999999999972, 0.0, -1.2000000000000028]}, "histogram": {"x": [540.0, 555.0, 570.0, 585.0, 600.0, 615.0, 630.0, 645.0, 660.0, 675.0, 690.0, 705.0, 720.0, 735.0, 750.0, 765.0, 780.0, 795.0, 810.0, 825.0, 840.0, 855.0, 870.0, 885.0, 900.0, 915.0, 930.0, 945.0, 960.0, 975.0, 990.0, 1005.0, 1020.0, 1035.0, 1050.0, 1065.0, 1080.0, 1095.0, 1110.0, 1125.0, 1140.0, 1155.0, 1170.0, 1185.0, 1200.0, 1215.0, 1230.0, 1245.0, 1260.0, 1275.0, 1290.0, 1305.0, 1320.0, 1335.0, 1350.0, 1365.0, 1380.0, 1395.0, 1410.0, 1425.0, 1440.0, 1455.0, 1470.0, 1485.0, 1500.0, 1515.0, 1530.0, 1545.0, 1560.0, 1575.0, 1590.0, 1605.0, 1620.0, 1635.0, 1650.0, 1665.0, 1680.0, 1695.0, 1710.0, 1725.0, 1740.0, 1755.0, 1770.0, 1785.0, 1800.0, 1815.0, 1830.0, 1845.0, 1860.0, 1875.0, 1890.0, 1905.0, 1920.0, 1935.0, 1950.0, 1965.0, 1980.0, 1995.0, 2010.0, 2025.0, 2040.0, 2055.0, 2070.0, 2085.0, 2100.0, 2115.0, 2130.0, 2145.0, 2160.0, 2175.0, 2190.0, 2205.0, 2220.0, 2235.0, 2250.0, 2265.0, 2280.0, 2295.0, 2310.0, 2325.0, 2340.0, 2355.0, 2370.0, 2385.0, 2400.0, 2415.0, 2430.0, 2445.0, 2460.0, 2475.0, 2490.0, 2505.0, 2520.0, 2535.0, 2550.0, 2565.0, 2580.0, 2595.0, 2610.0, 2625.0, 2640.0, 2655.0, 2670.0, 2685.0, 2700.0, 2715.0, 2730.0, 2745.0, 2760.0, 2775.0, 2790.0, 2805.0, 2820.0, 2835.0], "y": [2, 0, 0, 0, 0, 0, 0, 0, 0, 0, 0, 2, 0, 0, 1, 0, 1, 1, 1, 0, 1, 0, 0, 2, 0, 4, 0, 2, 0, 0, 0, 0, 2, 0, 2, 0, 0, 2, 1, 1, 1, 2, 1, 3, 0, 1, 0, 0, 0, 1, 3, 1, 1, 4, 0, 0, 0, 0, 1, 0, 1, 0, 0, 1, 1, 0, 0, 0, 0, 0, 0, 0, 0, 1, 0, 4, 0, 1, 1, 0, 0, 0, 0, 0, 1, 0, 1, 1, 0, 0, 0, 0, 0, 0, 1, 1, 0, 0, 0, 0, 0, 0, 0, 0, 0, 0, 0, 0, 0, 1, 1, 0, 1, 0, 0, 0, 0, 0, 0, 0, 0, 0, 1, 0, 1, 1, 1, 1, 0, 4, 0, 1, 2, 1, 0, 1, 0, 0, 1, 0, 0, 0, 0, 0, 0, 0, 0, 1, 0, 0, 0, 0, 1, 0]}}