{"histogram": {"y": [2, 0, 1, 0, 1, 0, 2, 1, 1, 1, 3, 4, 0, 2, 4, 0, 2, 6, 2, 2, 3, 3, 1, 1, 6, 2, 2, 4, 1, 1, 1, 1, 4, 3, 0, 2, 1, 1, 2, 0, 1, 1, 0, 1, 1, 0, 0, 0, 2, 1, 1, 0, 0, 1, 0, 0, 0, 0, 0, 1, 1, 0, 0, 0, 0, 0, 0, 0, 0, 2, 0, 0, 0, 0, 0, 0, 0, 0, 0, 0, 0, 0, 0, 0, 0, 0, 0, 0, 0, 0, 0, 0, 0, 0, 0, 0, 0, 0, 0, 0, 0, 0, 0, 0, 0, 0, 0, 0, 0, 0, 0, 0, 0, 0, 0, 0, 0, 0, 0, 0, 0, 0, 0, 0, 0, 0, 0, 0, 0, 0, 0, 0, 0, 0, 0, 0, 0, 0, 1, 0], "x": [405.0, 420.0, 435.0, 450.0, 465.0, 480.0, 495.0, 510.0, 525.0, 540.0, 555.0, 570.0, 585.0, 600.0, 615.0, 630.0, 645.0, 660.0, 675.0, 690.0, 705.0, 720.0, 735.0, 750.0, 765.0, 780.0, 795.0, 810.0, 825.0, 840.0, 855.0, 870.0, 885.0, 900.0, 915.0, 930.0, 945.0, 960.0, 975.0, 990.0, 1005.0, 1020.0, 1035.0, 1050.0, 1065.0, 1080.0, 1095.0, 1110.0, 1125.0, 1140.0, 1155.0, 1170.0, 1185.0, 1200.0, 1215.0, 1230.0, 1245.0, 1260.0, 1275.0, 1290.0, 1305.0, 1320.0, 1335.0, 1350.0, 1365.0, 1380.0, 1395.0, 1410.0, 1425.0, 1440.0, 1455.0, 1470.0, 1485.0, 1500.0, 1515.0, 1530.0, 1545.0, 1560.0, 1575.0, 1590.0, 1605.0, 1620.0, 1635.0, 1650.0, 1665.0, 1680.0, 1695.0, 1710.0, 1725.0, 1740.0, 1755.0, 1770.0, 1785.0, 1800.0, 1815.0, 1830.0, 1845.0, 1860.0, 1875.0, 1890.0, 1905.0, 1920.0, 1935.0, 1950.0, 1965.0, 1980.0, 1995.0, 2010.0, 2025.0, 2040.0, 2055.0, 2070.0, 2085.0, 2100.0, 2115.0, 2130.0, 2145.0, 2160.0, 2175.0, 2190.0, 2205.0, 2220.0, 2235.0, 2250.0, 2265.0, 2280.0, 2295.0, 2310.0, 2325.0, 2340.0, 2355.0, 2370.0, 2385.0, 2400.0, 2415.0, 2430.0, 2445.0, 2460.0, 2475.0, 2490.0]}, "percentile": {"y": [98.9, 97.7, 96.6, 95.4, 94.2, 93.1, 91.9, 90.7, 89.6, 87.3, 86.1, 84.9, 83.8, 82.6, 81.4, 79.1, 78.0, 76.8, 75.6, 74.5, 73.3, 72.1, 71.0, 68.7, 67.5, 66.3, 65.2, 64.0, 62.8, 61.7, 60.5, 59.4, 58.2, 57.0, 55.9, 54.7, 53.5, 52.4, 51.2, 50.0, 48.9, 47.7, 44.2, 43.1, 41.9, 40.7, 39.6, 38.4, 36.1, 34.900000000000006, 33.8, 32.599999999999994, 31.400000000000006, 30.299999999999997, 29.099999999999994, 28.0, 26.799999999999997, 25.599999999999994, 23.299999999999997, 22.099999999999994, 21.0, 19.799999999999997, 18.700000000000003, 17.5, 16.299999999999997, 15.200000000000003, 14.0, 12.799999999999997, 11.700000000000003, 10.5, 9.400000000000006, 8.200000000000003, 7.0, 5.900000000000006, 4.700000000000003, 3.5, 2.4000000000000057, 1.2000000000000028, 0.0, -1.0999999999999943], "x": [413, 415, 449, 471, 500, 509, 516, 534, 553, 560, 561, 574, 579, 580, 581, 601, 616, 624, 625, 628, 647, 648, 661, 662, 663, 666, 673, 677, 683, 698, 704, 708, 710, 716, 724, 727, 730, 749, 757, 766, 771, 774, 776, 780, 789, 797, 809, 810, 813, 823, 832, 851, 860, 870, 885, 896, 897, 898, 904, 906, 935, 943, 954, 968, 981, 987, 1017, 1022, 1060, 1075, 1131, 1139, 1148, 1159, 1205, 1292, 1315, 1440, 1446, 2488]}}