{"histogram": {"y": [1, 1, 8, 2, 1, 5, 6, 9, 9, 8, 7, 7, 8, 2, 5, 2, 4, 3, 2, 3, 2, 4, 1, 5, 2, 4, 5, 2, 2, 3, 1, 1, 1, 3, 2, 2, 3, 1, 0, 0, 1, 0, 0, 0, 0, 0, 1, 0, 0, 0, 1, 0, 1, 1, 2, 0, 1, 0, 0, 1, 0, 1], "x": [450.0, 465.0, 480.0, 495.0, 510.0, 525.0, 540.0, 555.0, 570.0, 585.0, 600.0, 615.0, 630.0, 645.0, 660.0, 675.0, 690.0, 705.0, 720.0, 735.0, 750.0, 765.0, 780.0, 795.0, 810.0, 825.0, 840.0, 855.0, 870.0, 885.0, 900.0, 915.0, 930.0, 945.0, 960.0, 975.0, 990.0, 1005.0, 1020.0, 1035.0, 1050.0, 1065.0, 1080.0, 1095.0, 1110.0, 1125.0, 1140.0, 1155.0, 1170.0, 1185.0, 1200.0, 1215.0, 1230.0, 1245.0, 1260.0, 1275.0, 1290.0, 1305.0, 1320.0, 1335.0, 1350.0, 1365.0]}, "percentile": {"y": [99.4, 98.7, 98.0, 96.6, 94.6, 93.9, 93.2, 92.5, 91.8, 91.1, 90.5, 89.1, 88.4, 87.7, 87.0, 86.4, 85.7, 85.0, 84.3, 83.6, 82.9, 82.2, 81.6, 80.9, 80.2, 79.5, 78.8, 78.1, 77.4, 76.8, 76.1, 74.7, 73.3, 71.3, 70.6, 69.9, 68.5, 67.9, 67.2, 65.8, 65.1, 63.7, 61.7, 61.0, 60.3, 59.6, 59.0, 58.3, 56.9, 56.2, 55.5, 54.8, 52.8, 52.1, 51.4, 50.7, 50.0, 49.4, 48.7, 48.0, 47.3, 46.6, 45.9, 45.3, 44.6, 43.9, 42.5, 41.8, 41.1, 40.5, 39.8, 39.1, 38.4, 37.7, 37.0, 36.4, 35.7, 35.0, 34.3, 33.599999999999994, 32.900000000000006, 32.2, 31.599999999999994, 30.900000000000006, 30.200000000000003, 29.5, 28.099999999999994, 27.400000000000006, 26.799999999999997, 25.400000000000006, 24.700000000000003, 24.0, 23.299999999999997, 22.700000000000003, 22.0, 21.299999999999997, 20.599999999999994, 19.900000000000006, 19.200000000000003, 18.5, 17.900000000000006, 17.200000000000003, 16.5, 15.799999999999997, 15.099999999999994, 14.400000000000006, 13.700000000000003, 13.099999999999994, 12.400000000000006, 11.700000000000003, 11.0, 10.299999999999997, 9.599999999999994, 9.0, 8.299999999999997, 6.900000000000006, 6.200000000000003, 5.5, 4.799999999999997, 4.200000000000003, 3.5, 2.799999999999997, 2.0999999999999943, 1.4000000000000057, 0.7000000000000028, 0.0, -0.5999999999999943], "x": [464, 472, 481, 487, 488, 490, 492, 501, 506, 514, 527, 530, 534, 535, 540, 545, 546, 547, 550, 551, 555, 556, 557, 558, 563, 564, 565, 567, 568, 571, 574, 577, 580, 581, 586, 587, 589, 593, 597, 599, 600, 605, 607, 608, 615, 620, 624, 625, 626, 629, 636, 640, 641, 642, 643, 644, 649, 656, 664, 667, 669, 670, 671, 680, 689, 690, 695, 700, 705, 710, 714, 720, 725, 741, 744, 749, 751, 752, 767, 772, 777, 779, 788, 796, 798, 801, 806, 812, 814, 831, 834, 837, 840, 842, 850, 851, 853, 859, 865, 874, 875, 890, 891, 894, 906, 915, 940, 946, 956, 959, 960, 970, 976, 982, 998, 1000, 1005, 1064, 1154, 1200, 1244, 1255, 1261, 1264, 1295, 1338, 1370]}}