{"histogram": {"y": [1, 0, 2, 0, 1, 1, 1, 3, 2, 5, 3, 6, 7, 9, 7, 5, 2, 4, 4, 2, 5, 4, 1, 6, 4, 4, 3, 2, 3, 4, 5, 3, 3, 4, 2, 4, 1, 2, 4, 2, 1, 3, 1, 3, 4, 3, 4, 1, 0, 0, 2, 0, 0, 2, 0, 1, 0, 1, 1, 1, 0, 0, 0, 0, 0, 1, 1, 0, 3, 0, 0, 0, 0, 0, 0, 0, 0, 0, 0, 0, 0, 0, 1, 0, 0, 0, 2, 0, 0, 0, 0, 0, 1, 0, 0, 0, 0, 0, 0, 0, 0, 0, 0, 1, 0, 0, 0, 0, 0, 0, 0, 0, 0, 0, 0, 0, 0, 0, 0, 0, 0, 0, 0, 0, 0, 0, 0, 0, 0, 0, 0, 0, 0, 0, 0, 0, 0, 0, 0, 0, 0, 0, 0, 0, 0, 0, 0, 0, 0, 0, 0, 0, 1, 0, 1, 0, 0, 0, 0, 0, 0, 2], "x": [420.0, 435.0, 450.0, 465.0, 480.0, 495.0, 510.0, 525.0, 540.0, 555.0, 570.0, 585.0, 600.0, 615.0, 630.0, 645.0, 660.0, 675.0, 690.0, 705.0, 720.0, 735.0, 750.0, 765.0, 780.0, 795.0, 810.0, 825.0, 840.0, 855.0, 870.0, 885.0, 900.0, 915.0, 930.0, 945.0, 960.0, 975.0, 990.0, 1005.0, 1020.0, 1035.0, 1050.0, 1065.0, 1080.0, 1095.0, 1110.0, 1125.0, 1140.0, 1155.0, 1170.0, 1185.0, 1200.0, 1215.0, 1230.0, 1245.0, 1260.0, 1275.0, 1290.0, 1305.0, 1320.0, 1335.0, 1350.0, 1365.0, 1380.0, 1395.0, 1410.0, 1425.0, 1440.0, 1455.0, 1470.0, 1485.0, 1500.0, 1515.0, 1530.0, 1545.0, 1560.0, 1575.0, 1590.0, 1605.0, 1620.0, 1635.0, 1650.0, 1665.0, 1680.0, 1695.0, 1710.0, 1725.0, 1740.0, 1755.0, 1770.0, 1785.0, 1800.0, 1815.0, 1830.0, 1845.0, 1860.0, 1875.0, 1890.0, 1905.0, 1920.0, 1935.0, 1950.0, 1965.0, 1980.0, 1995.0, 2010.0, 2025.0, 2040.0, 2055.0, 2070.0, 2085.0, 2100.0, 2115.0, 2130.0, 2145.0, 2160.0, 2175.0, 2190.0, 2205.0, 2220.0, 2235.0, 2250.0, 2265.0, 2280.0, 2295.0, 2310.0, 2325.0, 2340.0, 2355.0, 2370.0, 2385.0, 2400.0, 2415.0, 2430.0, 2445.0, 2460.0, 2475.0, 2490.0, 2505.0, 2520.0, 2535.0, 2550.0, 2565.0, 2580.0, 2595.0, 2610.0, 2625.0, 2640.0, 2655.0, 2670.0, 2685.0, 2700.0, 2715.0, 2730.0, 2745.0, 2760.0, 2775.0, 2790.0, 2805.0, 2820.0, 2835.0]}, "percentile": {"y": [99.5, 98.9, 98.3, 97.7, 97.1, 96.6, 96.0, 95.4, 94.8, 94.2, 93.7, 93.1, 92.5, 91.9, 91.3, 90.7, 90.2, 89.6, 89.0, 88.4, 86.7, 86.1, 85.5, 84.9, 84.4, 83.8, 83.2, 82.6, 82.0, 81.4, 80.9, 79.7, 79.1, 78.5, 77.4, 76.8, 76.2, 75.6, 75.0, 74.5, 73.9, 73.3, 72.7, 72.1, 71.0, 69.8, 69.2, 68.7, 68.1, 67.5, 66.9, 66.3, 65.7, 65.2, 64.6, 64.0, 63.4, 62.8, 62.3, 61.7, 61.1, 60.5, 59.9, 59.4, 58.8, 58.2, 57.6, 57.0, 56.4, 55.3, 54.7, 54.1, 53.0, 52.4, 51.8, 51.2, 50.6, 50.0, 49.5, 48.9, 48.3, 47.7, 47.1, 46.6, 46.0, 45.4, 44.8, 43.7, 43.1, 42.5, 41.9, 41.3, 40.2, 39.6, 39.0, 38.4, 37.8, 37.3, 36.7, 36.1, 35.5, 34.900000000000006, 34.400000000000006, 33.8, 33.2, 32.599999999999994, 32.0, 31.400000000000006, 30.900000000000006, 30.299999999999997, 29.700000000000003, 29.099999999999994, 28.5, 28.0, 27.400000000000006, 26.200000000000003, 25.599999999999994, 25.0, 24.5, 23.900000000000006, 23.299999999999997, 22.700000000000003, 22.099999999999994, 21.599999999999994, 21.0, 20.400000000000006, 19.799999999999997, 19.200000000000003, 18.700000000000003, 18.099999999999994, 17.5, 16.900000000000006, 16.299999999999997, 15.700000000000003, 15.200000000000003, 14.599999999999994, 14.0, 13.400000000000006, 12.799999999999997, 12.299999999999997, 11.700000000000003, 11.099999999999994, 10.5, 9.900000000000006, 9.400000000000006, 8.799999999999997, 8.200000000000003, 7.599999999999994, 7.0, 6.400000000000006, 5.900000000000006, 5.299999999999997, 4.700000000000003, 4.099999999999994, 3.5, 3.0, 2.4000000000000057, 1.7999999999999972, 1.2000000000000028, 0.5999999999999943, -0.5], "x": [433, 453, 455, 481, 502, 514, 526, 527, 533, 540, 548, 556, 558, 566, 567, 569, 571, 576, 582, 587, 589, 590, 592, 602, 603, 604, 605, 607, 612, 614, 617, 618, 619, 622, 624, 627, 629, 632, 633, 634, 638, 639, 643, 644, 647, 657, 659, 666, 669, 675, 677, 679, 689, 694, 696, 700, 701, 706, 708, 721, 728, 730, 733, 734, 735, 744, 745, 748, 755, 769, 771, 776, 779, 783, 785, 787, 793, 796, 797, 799, 805, 810, 814, 824, 830, 832, 842, 853, 855, 856, 861, 865, 870, 878, 880, 881, 894, 896, 897, 906, 912, 913, 918, 919, 920, 923, 931, 940, 948, 952, 955, 958, 967, 976, 985, 990, 998, 1003, 1005, 1019, 1023, 1038, 1040, 1046, 1055, 1068, 1074, 1079, 1083, 1087, 1089, 1094, 1097, 1104, 1108, 1110, 1112, 1116, 1121, 1127, 1179, 1180, 1220, 1227, 1250, 1281, 1296, 1318, 1404, 1420, 1440, 1449, 1453, 1653, 1719, 1724, 1800, 1978, 2703, 2732, 2839]}}