{"percentile": {"y": [99.1, 98.1, 97.2, 95.2, 94.3, 93.3, 92.4, 91.4, 90.4, 89.5, 88.5, 87.5, 86.6, 85.6, 84.7, 83.7, 82.7, 81.8, 80.8, 79.9, 78.9, 77.9, 77.0, 76.0, 75.0, 74.1, 73.1, 72.2, 71.2, 70.2, 69.3, 68.3, 67.4, 66.4, 65.4, 64.5, 63.5, 62.5, 61.6, 60.6, 59.7, 58.7, 57.7, 56.8, 55.8, 54.9, 53.9, 52.9, 52.0, 51.0, 50.0, 49.1, 48.1, 47.2, 46.2, 45.2, 44.3, 43.3, 42.4, 41.4, 40.4, 39.5, 38.5, 37.5, 36.6, 35.599999999999994, 34.7, 33.7, 32.7, 31.799999999999997, 30.799999999999997, 29.900000000000006, 28.900000000000006, 27.900000000000006, 27.0, 26.0, 25.0, 24.099999999999994, 23.099999999999994, 21.200000000000003, 20.200000000000003, 19.299999999999997, 18.299999999999997, 16.400000000000006, 15.400000000000006, 14.5, 13.5, 12.5, 11.599999999999994, 10.599999999999994, 9.700000000000003, 7.700000000000003, 6.799999999999997, 5.799999999999997, 4.900000000000006, 3.9000000000000057, 2.9000000000000057, 0.0, -0.9000000000000057], "x": [556, 701, 763, 772, 773, 788, 819, 843, 882, 921, 950, 960, 982, 994, 1018, 1047, 1050, 1061, 1073, 1078, 1104, 1110, 1131, 1132, 1134, 1139, 1161, 1179, 1181, 1193, 1214, 1230, 1236, 1252, 1292, 1327, 1342, 1353, 1372, 1380, 1423, 1458, 1460, 1461, 1474, 1484, 1502, 1507, 1527, 1542, 1543, 1568, 1655, 1669, 1675, 1686, 1726, 1756, 1777, 1856, 1903, 1954, 1955, 1958, 2060, 2068, 2135, 2198, 2383, 2412, 2435, 2444, 2454, 2462, 2483, 2503, 2516, 2518, 2520, 2523, 2526, 2529, 2546, 2548, 2560, 2564, 2570, 2571, 2575, 2602, 2603, 2642, 2677, 2736, 2775, 2796, 2829, 2831, 2839]}, "histogram": {"y": [1, 0, 0, 0, 0, 0, 0, 0, 0, 1, 0, 0, 0, 1, 3, 1, 0, 1, 0, 1, 0, 1, 0, 0, 1, 0, 1, 1, 1, 1, 1, 0, 1, 2, 2, 0, 1, 1, 4, 0, 1, 2, 1, 1, 0, 2, 1, 0, 0, 1, 0, 1, 1, 1, 1, 1, 0, 1, 0, 0, 3, 2, 0, 2, 1, 2, 0, 1, 0, 0, 0, 0, 0, 1, 2, 1, 0, 0, 1, 0, 1, 1, 0, 0, 0, 0, 1, 0, 0, 1, 0, 0, 0, 3, 0, 0, 0, 0, 0, 0, 2, 0, 0, 0, 0, 1, 0, 0, 0, 1, 0, 0, 0, 0, 0, 0, 0, 0, 0, 0, 0, 1, 0, 1, 0, 2, 1, 1, 1, 1, 2, 5, 3, 2, 3, 0, 2, 0, 0, 2, 0, 1, 0, 0, 0, 1, 0, 0, 1, 1, 0, 4, 1, 0], "x": [555.0, 570.0, 585.0, 600.0, 615.0, 630.0, 645.0, 660.0, 675.0, 690.0, 705.0, 720.0, 735.0, 750.0, 765.0, 780.0, 795.0, 810.0, 825.0, 840.0, 855.0, 870.0, 885.0, 900.0, 915.0, 930.0, 945.0, 960.0, 975.0, 990.0, 1005.0, 1020.0, 1035.0, 1050.0, 1065.0, 1080.0, 1095.0, 1110.0, 1125.0, 1140.0, 1155.0, 1170.0, 1185.0, 1200.0, 1215.0, 1230.0, 1245.0, 1260.0, 1275.0, 1290.0, 1305.0, 1320.0, 1335.0, 1350.0, 1365.0, 1380.0, 1395.0, 1410.0, 1425.0, 1440.0, 1455.0, 1470.0, 1485.0, 1500.0, 1515.0, 1530.0, 1545.0, 1560.0, 1575.0, 1590.0, 1605.0, 1620.0, 1635.0, 1650.0, 1665.0, 1680.0, 1695.0, 1710.0, 1725.0, 1740.0, 1755.0, 1770.0, 1785.0, 1800.0, 1815.0, 1830.0, 1845.0, 1860.0, 1875.0, 1890.0, 1905.0, 1920.0, 1935.0, 1950.0, 1965.0, 1980.0, 1995.0, 2010.0, 2025.0, 2040.0, 2055.0, 2070.0, 2085.0, 2100.0, 2115.0, 2130.0, 2145.0, 2160.0, 2175.0, 2190.0, 2205.0, 2220.0, 2235.0, 2250.0, 2265.0, 2280.0, 2295.0, 2310.0, 2325.0, 2340.0, 2355.0, 2370.0, 2385.0, 2400.0, 2415.0, 2430.0, 2445.0, 2460.0, 2475.0, 2490.0, 2505.0, 2520.0, 2535.0, 2550.0, 2565.0, 2580.0, 2595.0, 2610.0, 2625.0, 2640.0, 2655.0, 2670.0, 2685.0, 2700.0, 2715.0, 2730.0, 2745.0, 2760.0, 2775.0, 2790.0, 2805.0, 2820.0, 2835.0, 2850.0]}}