{"histogram": {"y": [1, 0, 1, 1, 1, 1, 4, 1, 3, 2, 7, 2, 2, 7, 2, 2, 5, 4, 6, 6, 5, 4, 3, 0, 2, 2, 4, 1, 5, 2, 0, 2, 1, 1, 3, 1, 0, 3, 0, 1, 0, 2, 1, 3, 0, 0, 1, 0, 0, 1, 4, 1, 1, 0, 0, 2, 0, 0, 1, 0, 0, 0, 0, 1, 0, 0, 0, 0, 0, 0, 0, 0, 0, 0, 0, 0, 0, 0, 0, 0, 0, 0, 0, 0, 0, 0, 0, 0, 1], "x": [390.0, 405.0, 420.0, 435.0, 450.0, 465.0, 480.0, 495.0, 510.0, 525.0, 540.0, 555.0, 570.0, 585.0, 600.0, 615.0, 630.0, 645.0, 660.0, 675.0, 690.0, 705.0, 720.0, 735.0, 750.0, 765.0, 780.0, 795.0, 810.0, 825.0, 840.0, 855.0, 870.0, 885.0, 900.0, 915.0, 930.0, 945.0, 960.0, 975.0, 990.0, 1005.0, 1020.0, 1035.0, 1050.0, 1065.0, 1080.0, 1095.0, 1110.0, 1125.0, 1140.0, 1155.0, 1170.0, 1185.0, 1200.0, 1215.0, 1230.0, 1245.0, 1260.0, 1275.0, 1290.0, 1305.0, 1320.0, 1335.0, 1350.0, 1365.0, 1380.0, 1395.0, 1410.0, 1425.0, 1440.0, 1455.0, 1470.0, 1485.0, 1500.0, 1515.0, 1530.0, 1545.0, 1560.0, 1575.0, 1590.0, 1605.0, 1620.0, 1635.0, 1650.0, 1665.0, 1680.0, 1695.0, 1710.0]}, "percentile": {"y": [99.2, 98.3, 97.5, 96.6, 95.7, 94.0, 93.2, 92.3, 91.4, 90.6, 89.7, 88.8, 88.0, 87.1, 86.3, 84.5, 83.7, 82.8, 81.9, 81.1, 80.2, 79.4, 78.5, 77.6, 76.8, 75.9, 75.0, 73.3, 72.5, 71.6, 70.7, 69.9, 69.0, 68.2, 67.3, 65.6, 64.7, 63.8, 63.0, 61.3, 60.4, 59.5, 58.7, 57.8, 56.9, 56.1, 55.2, 54.4, 53.5, 52.6, 51.8, 50.9, 50.0, 49.2, 47.5, 45.7, 44.9, 44.0, 43.2, 42.3, 41.4, 40.6, 39.7, 38.8, 38.0, 37.1, 36.3, 35.400000000000006, 34.5, 32.8, 31.900000000000006, 31.099999999999994, 30.200000000000003, 29.400000000000006, 27.599999999999994, 26.799999999999997, 25.900000000000006, 25.0, 24.200000000000003, 23.299999999999997, 22.5, 20.700000000000003, 19.900000000000006, 19.0, 18.200000000000003, 16.400000000000006, 15.599999999999994, 14.700000000000003, 13.799999999999997, 13.0, 12.099999999999994, 11.299999999999997, 10.400000000000006, 9.5, 8.700000000000003, 7.799999999999997, 6.900000000000006, 5.200000000000003, 4.400000000000006, 3.5, 1.7999999999999972, 0.9000000000000057, 0.0, -0.7999999999999972], "x": [397, 423, 439, 460, 468, 481, 484, 492, 508, 513, 520, 522, 531, 534, 541, 543, 545, 550, 552, 553, 560, 566, 572, 584, 586, 587, 591, 595, 597, 598, 603, 607, 616, 628, 635, 636, 637, 642, 645, 648, 652, 660, 663, 664, 665, 671, 674, 677, 678, 679, 680, 681, 689, 691, 692, 700, 707, 714, 715, 719, 727, 731, 734, 760, 761, 777, 778, 784, 789, 791, 805, 812, 814, 819, 824, 825, 830, 866, 869, 877, 890, 902, 905, 918, 951, 955, 977, 1017, 1019, 1029, 1040, 1041, 1048, 1094, 1129, 1140, 1142, 1150, 1168, 1184, 1220, 1264, 1339, 1714]}}