{"percentile": {"x": [380, 406, 423, 428, 445, 446, 454, 456, 461, 464, 475, 478, 479, 484, 486, 488, 491, 492, 493, 505, 507, 510, 513, 517, 519, 525, 527, 534, 545, 547, 548, 549, 566, 568, 569, 574, 576, 578, 581, 583, 584, 586, 589, 590, 593, 596, 597, 598, 599, 600, 602, 604, 607, 608, 610, 611, 612, 613, 620, 625, 627, 630, 631, 634, 639, 645, 647, 648, 649, 650, 651, 653, 656, 660, 661, 662, 663, 669, 670, 674, 676, 677, 678, 679, 680, 681, 684, 688, 690, 692, 695, 696, 698, 701, 702, 703, 707, 712, 713, 714, 715, 717, 718, 720, 722, 727, 733, 734, 735, 738, 742, 749, 753, 755, 762, 764, 767, 768, 769, 777, 780, 782, 784, 786, 789, 790, 791, 793, 800, 803, 804, 814, 818, 819, 820, 824, 826, 829, 831, 833, 834, 836, 840, 841, 842, 848, 849, 850, 851, 854, 857, 859, 861, 862, 864, 866, 870, 872, 873, 875, 878, 879, 893, 898, 901, 903, 915, 929, 934, 939, 944, 959, 964, 970, 976, 977, 983, 986, 987, 995, 1016, 1017, 1024, 1060, 1083, 1101, 1120, 1121, 1131, 1141, 1142, 1159, 1175, 1185, 1192, 1199, 1204, 1266, 1279, 1303, 1320, 1325, 1492, 1529, 1645, 1775, 1787, 1920, 2166, 2234, 2444], "y": [99.7, 99.3, 98.9, 98.1, 97.7, 97.3, 96.9, 96.5, 96.1, 95.7, 95.3, 94.9, 94.1, 93.7, 93.3, 92.5, 92.1, 91.7, 91.3, 90.9, 90.5, 90.1, 89.7, 89.3, 88.9, 88.1, 87.7, 87.0, 86.6, 85.8, 85.4, 85.0, 84.2, 83.4, 83.0, 82.6, 81.8, 80.6, 80.2, 79.8, 79.4, 79.0, 78.6, 77.8, 77.4, 76.2, 75.8, 75.4, 74.3, 73.9, 73.5, 73.1, 72.7, 72.3, 71.9, 70.7, 70.3, 69.9, 69.5, 69.1, 68.3, 67.9, 67.5, 66.7, 66.3, 65.9, 65.1, 64.7, 64.3, 63.5, 63.1, 62.7, 62.0, 61.6, 60.8, 60.4, 60.0, 59.6, 59.2, 58.8, 58.0, 57.6, 56.8, 56.4, 56.0, 55.6, 54.8, 54.0, 53.6, 53.2, 52.8, 52.4, 52.0, 51.6, 51.2, 50.4, 50.0, 49.7, 49.3, 48.9, 48.5, 48.1, 47.3, 46.5, 45.7, 45.3, 44.9, 44.1, 43.7, 43.3, 42.9, 42.5, 42.1, 41.7, 41.3, 40.9, 40.5, 40.1, 39.7, 39.3, 38.9, 38.5, 38.1, 37.7, 37.4, 37.0, 36.6, 36.2, 35.8, 35.0, 34.599999999999994, 34.2, 33.8, 33.400000000000006, 32.599999999999994, 32.2, 31.799999999999997, 31.0, 30.599999999999994, 30.200000000000003, 29.799999999999997, 29.0, 28.599999999999994, 28.200000000000003, 27.799999999999997, 27.400000000000006, 27.0, 26.599999999999994, 25.799999999999997, 25.0, 24.700000000000003, 24.299999999999997, 23.5, 23.099999999999994, 22.700000000000003, 22.299999999999997, 21.900000000000006, 21.5, 21.099999999999994, 20.299999999999997, 19.900000000000006, 19.5, 19.099999999999994, 18.700000000000003, 18.299999999999997, 17.900000000000006, 17.5, 17.099999999999994, 16.700000000000003, 16.299999999999997, 15.900000000000006, 15.5, 15.099999999999994, 14.700000000000003, 14.299999999999997, 13.900000000000006, 13.5, 13.099999999999994, 12.400000000000006, 12.0, 11.599999999999994, 11.200000000000003, 10.799999999999997, 10.400000000000006, 10.0, 9.599999999999994, 9.200000000000003, 8.799999999999997, 8.400000000000006, 8.0, 7.599999999999994, 7.200000000000003, 6.799999999999997, 6.400000000000006, 6.0, 5.599999999999994, 5.200000000000003, 4.799999999999997, 4.400000000000006, 4.0, 3.5999999999999943, 3.200000000000003, 2.799999999999997, 2.4000000000000057, 2.0, 1.5999999999999943, 1.2000000000000028, 0.7999999999999972, 0.4000000000000057, 0.0, -0.29999999999999716]}, "histogram": {"x": [375.0, 390.0, 405.0, 420.0, 435.0, 450.0, 465.0, 480.0, 495.0, 510.0, 525.0, 540.0, 555.0, 570.0, 585.0, 600.0, 615.0, 630.0, 645.0, 660.0, 675.0, 690.0, 705.0, 720.0, 735.0, 750.0, 765.0, 780.0, 795.0, 810.0, 825.0, 840.0, 855.0, 870.0, 885.0, 900.0, 915.0, 930.0, 945.0, 960.0, 975.0, 990.0, 1005.0, 1020.0, 1035.0, 1050.0, 1065.0, 1080.0, 1095.0, 1110.0, 1125.0, 1140.0, 1155.0, 1170.0, 1185.0, 1200.0, 1215.0, 1230.0, 1245.0, 1260.0, 1275.0, 1290.0, 1305.0, 1320.0, 1335.0, 1350.0, 1365.0, 1380.0, 1395.0, 1410.0, 1425.0, 1440.0, 1455.0, 1470.0, 1485.0, 1500.0, 1515.0, 1530.0, 1545.0, 1560.0, 1575.0, 1590.0, 1605.0, 1620.0, 1635.0, 1650.0, 1665.0, 1680.0, 1695.0, 1710.0, 1725.0, 1740.0, 1755.0, 1770.0, 1785.0, 1800.0, 1815.0, 1830.0, 1845.0, 1860.0, 1875.0, 1890.0, 1905.0, 1920.0, 1935.0, 1950.0, 1965.0, 1980.0, 1995.0, 2010.0, 2025.0, 2040.0, 2055.0, 2070.0, 2085.0, 2100.0, 2115.0, 2130.0, 2145.0, 2160.0, 2175.0, 2190.0, 2205.0, 2220.0, 2235.0, 2250.0, 2265.0, 2280.0, 2295.0, 2310.0, 2325.0, 2340.0, 2355.0, 2370.0, 2385.0, 2400.0, 2415.0, 2430.0, 2445.0], "y": [1, 0, 1, 3, 2, 4, 4, 7, 2, 4, 5, 5, 5, 9, 13, 11, 4, 5, 11, 8, 12, 9, 8, 8, 4, 4, 4, 8, 4, 6, 8, 10, 7, 7, 2, 2, 2, 3, 1, 2, 6, 1, 2, 1, 0, 1, 0, 1, 1, 2, 1, 2, 1, 1, 3, 1, 0, 0, 0, 1, 1, 1, 0, 2, 0, 0, 0, 0, 0, 0, 0, 0, 0, 0, 1, 0, 1, 0, 0, 0, 0, 0, 0, 0, 1, 0, 0, 0, 0, 0, 0, 0, 0, 1, 1, 0, 0, 0, 0, 0, 0, 0, 0, 1, 0, 0, 0, 0, 0, 0, 0, 0, 0, 0, 0, 0, 0, 0, 0, 1, 0, 0, 0, 1, 0, 0, 0, 0, 0, 0, 0, 0, 0, 0, 0, 0, 0, 1, 0]}}